SID,BASIN,SEASON,NAME,max_wind_kt,min_pressure_hpa,max_category,record_count,first_time,last_time,intensity_class
1842298N11080,NI,1842,UNNAMED,,,-5,65,1842-10-25 03:00:00,1842-11-02 03:00:00,Unknown
1845336N10074,NI,1845,UNNAMED,,,-5,25,1845-12-02 03:00:00,1845-12-05 03:00:00,Unknown
1848011S09079,SI,1848,UNNAMED,,,-5,49,1848-01-11 06:00:00,1848-01-17 06:00:00,Unknown
1848011S09080,SI,1848,UNNAMED,,,-5,89,1848-01-11 06:00:00,1848-01-22 06:00:00,Unknown
1848011S15057,SI,1848,UNNAMED,,,-5,41,1848-01-11 06:00:00,1848-01-16 06:00:00,Unknown
1848011S16057,SI,1848,UNNAMED,,,-5,17,1848-01-11 06:00:00,1848-01-13 06:00:00,Unknown
1848061S12075,SI,1848,UNNAMED,,,-5,53,1848-02-29 18:00:00,1848-03-07 06:00:00,Unknown
1848112S07084,SI,1848,UNNAMED,,,-5,41,1848-04-21 06:00:00,1848-04-26 06:00:00,Unknown
1848112S07444,SI,1848,UNNAMED,,,-5,29,1848-04-20 18:00:00,1848-04-24 06:00:00,Unknown
1851080S15062,SI,1851,UNNAMED,,,-5,45,1851-03-20 18:00:00,1851-03-26 06:00:00,Unknown
1851080S15063,SI,1851,UNNAMED,,,-5,57,1851-03-21 06:00:00,1851-03-28 06:00:00,Unknown
1851080S21060,SI,1851,UNNAMED,,,-5,17,1851-03-21 06:00:00,1851-03-23 06:00:00,Unknown
1851080S21420,SI,1851,UNNAMED,,,-5,13,1851-03-20 18:00:00,1851-03-22 06:00:00,Unknown
1851305S08089,SI,1852,UNNAMED,,,-5,49,1851-11-01 06:00:00,1851-11-07 06:00:00,Unknown
1852001S12077,SI,1852,UNNAMED,,,-5,73,1852-01-01 06:00:00,1852-01-10 06:00:00,Unknown
1852001S13076,SI,1852,UNNAMED,,,-5,57,1852-01-01 06:00:00,1852-01-08 06:00:00,Unknown
1852021S14075,SI,1852,UNNAMED,,,-5,73,1852-01-21 06:00:00,1852-01-30 06:00:00,Unknown
1854032S17059,SI,1854,UNNAMED,,,-5,25,1854-02-01 06:00:00,1854-02-04 06:00:00,Unknown
1854039S18060,SI,1854,UNNAMED,,,-5,13,1854-02-07 18:00:00,1854-02-09 06:00:00,Unknown
1854060S15069,SI,1854,UNNAMED,,,-5,25,1854-03-01 06:00:00,1854-03-04 06:00:00,Unknown
1854060S16069,SI,1854,UNNAMED,,,-5,13,1854-02-28 18:00:00,1854-03-02 06:00:00,Unknown
1854303N14072,NI,1854,UNNAMED,,,-5,25,1854-10-30 03:00:00,1854-11-02 03:00:00,Unknown
1854305S10073,SI,1855,UNNAMED,,,-5,37,1854-10-31 18:00:00,1854-11-05 06:00:00,Unknown
1854325S10073,SI,1855,UNNAMED,,,-5,49,1854-11-21 06:00:00,1854-11-27 06:00:00,Unknown
1855021S14076,SI,1855,UNNAMED,,,-5,57,1855-01-21 06:00:00,1855-01-28 06:00:00,Unknown
1855021S15057,SI,1855,UNNAMED,,,-5,57,1855-01-21 06:00:00,1855-01-28 06:00:00,Unknown
1855121S08073,SI,1855,UNNAMED,,,-5,37,1855-04-30 18:00:00,1855-05-05 06:00:00,Unknown
1855131S08073,SI,1855,UNNAMED,,,-5,49,1855-05-11 06:00:00,1855-05-17 06:00:00,Unknown
1856032S17058,SI,1856,UNNAMED,,,-5,57,1856-02-01 06:00:00,1856-02-08 06:00:00,Unknown
1856092S16060,SI,1856,UNNAMED,,,-5,25,1856-04-01 06:00:00,1856-04-04 06:00:00,Unknown
1856092S16420,SI,1856,UNNAMED,,,-5,13,1856-03-31 18:00:00,1856-04-02 06:00:00,Unknown
1857021S17059,SI,1857,UNNAMED,,,-5,41,1857-01-21 06:00:00,1857-01-26 06:00:00,Unknown
1857032S15066,SI,1857,UNNAMED,,,-5,33,1857-02-01 06:00:00,1857-02-05 06:00:00,Unknown
1857039S15066,SI,1857,UNNAMED,,,-5,21,1857-02-07 18:00:00,1857-02-10 06:00:00,Unknown
1857335S15062,SI,1858,UNNAMED,,,-5,41,1857-12-01 06:00:00,1857-12-06 06:00:00,Unknown
1857335S15422,SI,1858,UNNAMED,,,-5,29,1857-11-30 18:00:00,1857-12-04 06:00:00,Unknown
1857355S06086,SI,1858,UNNAMED,,,-5,57,1857-12-21 06:00:00,1857-12-28 06:00:00,Unknown
1858011S09058,SI,1858,UNNAMED,,,-5,81,1858-01-11 06:00:00,1858-01-21 06:00:00,Unknown
1858052S12061,SI,1858,UNNAMED,,,-5,49,1858-02-21 06:00:00,1858-02-27 06:00:00,Unknown
1858060S12078,SI,1858,UNNAMED,,,-5,37,1858-02-28 18:00:00,1858-03-05 06:00:00,Unknown
1858060S12079,SI,1858,UNNAMED,,,-5,49,1858-03-01 06:00:00,1858-03-07 06:00:00,Unknown
1858091S12048,SI,1858,UNNAMED,,,-5,33,1858-04-01 06:00:00,1858-04-05 06:00:00,Unknown
1858091S12408,SI,1858,UNNAMED,,,-5,21,1858-03-31 18:00:00,1858-04-03 06:00:00,Unknown
1858305S26053,SI,1859,UNNAMED,,,-5,21,1858-10-31 18:00:00,1858-11-03 06:00:00,Unknown
1858325S25052,SI,1859,UNNAMED,,,-5,41,1858-11-21 06:00:00,1858-11-26 06:00:00,Unknown
1858345S08093,SI,1859,UNNAMED,,,-5,13,1858-12-10 18:00:00,1858-12-12 06:00:00,Unknown
1858345S08094,SI,1859,UNNAMED,,,-5,25,1858-12-11 06:00:00,1858-12-14 06:00:00,Unknown
1859021S14077,SI,1859,UNNAMED,,,-5,33,1859-01-21 06:00:00,1859-01-25 06:00:00,Unknown
1859021S14078,SI,1859,UNNAMED,,,-5,49,1859-01-21 06:00:00,1859-01-27 06:00:00,Unknown
1859042S32050,SI,1859,UNNAMED,,,-5,49,1859-02-11 06:00:00,1859-02-17 06:00:00,Unknown
1859046S32051,SI,1859,UNNAMED,,,-5,37,1859-02-14 18:00:00,1859-02-19 06:00:00,Unknown
1859060S08057,SI,1859,UNNAMED,,,-5,57,1859-03-01 06:00:00,1859-03-08 06:00:00,Unknown
1859060S09057,SI,1859,UNNAMED,,,-5,45,1859-02-28 18:00:00,1859-03-06 06:00:00,Unknown
1859070S05088,SI,1859,UNNAMED,,,-5,49,1859-03-11 06:00:00,1859-03-17 06:00:00,Unknown
1859070S05448,SI,1859,UNNAMED,,,-5,37,1859-03-10 18:00:00,1859-03-15 06:00:00,Unknown
1859101S10091,SI,1859,UNNAMED,,,-5,33,1859-04-11 06:00:00,1859-04-15 06:00:00,Unknown
1859101S10451,SI,1859,UNNAMED,,,-5,21,1859-04-10 18:00:00,1859-04-13 06:00:00,Unknown
1859152S05087,SI,1859,UNNAMED,,,-5,21,1859-05-31 18:00:00,1859-06-03 06:00:00,Unknown
1859162S04088,SI,1859,UNNAMED,,,-5,33,1859-06-11 06:00:00,1859-06-15 06:00:00,Unknown
1859335S05090,SI,1860,UNNAMED,,,-5,37,1859-11-30 18:00:00,1859-12-05 06:00:00,Unknown
1859335S05091,SI,1860,UNNAMED,,,-5,49,1859-12-01 06:00:00,1859-12-07 06:00:00,Unknown
1859335S14043,SI,1860,UNNAMED,,,-5,37,1859-11-30 18:00:00,1859-12-05 06:00:00,Unknown
1860011S13068,SI,1860,UNNAMED,,,-5,65,1860-01-11 06:00:00,1860-01-19 06:00:00,Unknown
1860011S14067,SI,1860,UNNAMED,,,-5,41,1860-01-11 06:00:00,1860-01-16 06:00:00,Unknown
1860011S15076,SI,1860,UNNAMED,,,-5,41,1860-01-11 06:00:00,1860-01-16 06:00:00,Unknown
1860021S16057,SI,1860,UNNAMED,,,-5,41,1860-01-21 06:00:00,1860-01-26 06:00:00,Unknown
1860039S17057,SI,1860,UNNAMED,,,-5,37,1860-02-07 18:00:00,1860-02-12 06:00:00,Unknown
1860042S17057,SI,1860,UNNAMED,,,-5,49,1860-02-11 06:00:00,1860-02-17 06:00:00,Unknown
1860052S10081,SI,1860,UNNAMED,,,-5,57,1860-02-21 06:00:00,1860-02-28 06:00:00,Unknown
1860052S12105,SI,1860,UNNAMED,,,-5,25,1860-02-21 06:00:00,1860-02-24 06:00:00,Unknown
1860052S14057,SI,1860,UNNAMED,,,-5,57,1860-02-21 06:00:00,1860-02-28 06:00:00,Unknown
1860061S13085,SI,1860,UNNAMED,,,-5,57,1860-03-01 06:00:00,1860-03-08 06:00:00,Unknown
1860061S13445,SI,1860,UNNAMED,,,-5,37,1860-02-29 18:00:00,1860-03-05 06:00:00,Unknown
1860081S14069,SI,1860,UNNAMED,,,-5,81,1860-03-21 06:00:00,1860-03-31 06:00:00,Unknown
1860081S14429,SI,1860,UNNAMED,,,-5,69,1860-03-20 18:00:00,1860-03-29 06:00:00,Unknown
1860112S11085,SI,1860,UNNAMED,,,-5,13,1860-04-20 18:00:00,1860-04-22 06:00:00,Unknown
1860112S11086,SI,1860,UNNAMED,,,-5,25,1860-04-21 06:00:00,1860-04-24 06:00:00,Unknown
1860122S07087,SI,1860,UNNAMED,,,-5,49,1860-05-01 06:00:00,1860-05-07 06:00:00,Unknown
1860122S07447,SI,1860,UNNAMED,,,-5,37,1860-04-30 18:00:00,1860-05-05 06:00:00,Unknown
1860336S08087,SI,1861,UNNAMED,,,-5,49,1860-12-01 06:00:00,1860-12-07 06:00:00,Unknown
1860336S09086,SI,1861,UNNAMED,,,-5,33,1860-12-01 06:00:00,1860-12-05 06:00:00,Unknown
1861011S17051,SI,1861,UNNAMED,,,-5,49,1861-01-11 06:00:00,1861-01-17 06:00:00,Unknown
1861011S17411,SI,1861,UNNAMED,,,-5,33,1861-01-11 06:00:00,1861-01-15 06:00:00,Unknown
1861021S13086,SI,1861,UNNAMED,,,-5,57,1861-01-21 06:00:00,1861-01-28 06:00:00,Unknown
1861021S13446,SI,1861,UNNAMED,,,-5,33,1861-01-21 06:00:00,1861-01-25 06:00:00,Unknown
1861039S10077,SI,1861,UNNAMED,,,-5,85,1861-02-07 18:00:00,1861-02-18 06:00:00,Unknown
1861042S10077,SI,1861,UNNAMED,,,-5,105,1861-02-11 06:00:00,1861-02-24 06:00:00,Unknown
1861042S16062,SI,1861,UNNAMED,,,-5,81,1861-02-11 06:00:00,1861-02-21 06:00:00,Unknown
1861046S16062,SI,1861,UNNAMED,,,-5,53,1861-02-14 18:00:00,1861-02-21 06:00:00,Unknown
1861052S08069,SI,1861,UNNAMED,,,-5,65,1861-02-21 06:00:00,1861-03-01 06:00:00,Unknown
1861070S11100,SI,1861,UNNAMED,,,-5,41,1861-03-11 06:00:00,1861-03-16 06:00:00,Unknown
1861091S07085,SI,1861,UNNAMED,,,-5,37,1861-03-31 18:00:00,1861-04-05 06:00:00,Unknown
1861101S09083,SI,1861,UNNAMED,,,-5,53,1861-04-10 18:00:00,1861-04-17 06:00:00,Unknown
1861101S09084,SI,1861,UNNAMED,,,-5,65,1861-04-11 06:00:00,1861-04-19 06:00:00,Unknown
1861305S10085,SI,1862,UNNAMED,,,-5,21,1861-10-31 18:00:00,1861-11-03 06:00:00,Unknown
1861315S10085,SI,1862,UNNAMED,,,-5,33,1861-11-11 06:00:00,1861-11-15 06:00:00,Unknown
1861355S05087,SI,1862,UNNAMED,,,-5,49,1861-12-21 06:00:00,1861-12-27 06:00:00,Unknown
1861355S06087,SI,1862,UNNAMED,,,-5,37,1861-12-20 18:00:00,1861-12-25 06:00:00,Unknown
1861355S11068,SI,1862,UNNAMED,,,-5,85,1861-12-20 18:00:00,1861-12-31 06:00:00,Unknown
1862001S12081,SI,1862,UNNAMED,,,-5,65,1862-01-01 06:00:00,1862-01-09 06:00:00,Unknown
1862001S12104,SI,1862,UNNAMED,,,-5,33,1862-01-01 06:00:00,1862-01-05 06:00:00,Unknown
1862001S13103,SI,1862,UNNAMED,,,-5,17,1862-01-01 06:00:00,1862-01-03 06:00:00,Unknown
1862011S21051,SI,1862,UNNAMED,,,-5,41,1862-01-11 06:00:00,1862-01-16 06:00:00,Unknown
1862021S12055,SI,1862,UNNAMED,,,-5,33,1862-01-21 06:00:00,1862-01-25 06:00:00,Unknown
1862052S08080,SI,1862,UNNAMED,,,-5,65,1862-02-21 06:00:00,1862-03-01 06:00:00,Unknown
1862052S23092,SI,1862,UNNAMED,,,-5,25,1862-02-21 06:00:00,1862-02-24 06:00:00,Unknown
1862060S19101,SI,1862,UNNAMED,,,-5,35,1862-03-01 00:00:00,1862-03-05 06:00:00,Unknown
1862070S15063,SI,1862,UNNAMED,,,-5,37,1862-03-10 18:00:00,1862-03-15 06:00:00,Unknown
1862080S09082,SI,1862,UNNAMED,,,-5,49,1862-03-21 06:00:00,1862-03-27 06:00:00,Unknown
1862080S09442,SI,1862,UNNAMED,,,-5,37,1862-03-20 18:00:00,1862-03-25 06:00:00,Unknown
1862274S04058,SI,1863,UNNAMED,,,-5,13,1862-09-30 18:00:00,1862-10-02 06:00:00,Unknown
1862284S04059,SI,1863,UNNAMED,,,-5,25,1862-10-11 06:00:00,1862-10-14 06:00:00,Unknown
1862305S12062,SI,1863,UNNAMED,,,-5,29,1862-10-31 18:00:00,1862-11-04 06:00:00,Unknown
1862315S12062,SI,1863,UNNAMED,,,-5,41,1862-11-11 06:00:00,1862-11-16 06:00:00,Unknown
1862345S07089,SI,1863,UNNAMED,,,-5,37,1862-12-10 18:00:00,1862-12-15 06:00:00,Unknown
1862345S07090,SI,1863,UNNAMED,,,-5,49,1862-12-11 06:00:00,1862-12-17 06:00:00,Unknown
1863011S11055,SI,1863,UNNAMED,,,-5,57,1863-01-11 06:00:00,1863-01-18 06:00:00,Unknown
1863011S12055,SI,1863,UNNAMED,,,-5,41,1863-01-11 06:00:00,1863-01-16 06:00:00,Unknown
1863032S12059,SI,1863,UNNAMED,,,-5,65,1863-02-01 06:00:00,1863-02-09 06:00:00,Unknown
1863032S13061,SI,1863,UNNAMED,,,-5,41,1863-02-01 06:00:00,1863-02-06 06:00:00,Unknown
1863032S14058,SI,1863,UNNAMED,,,-5,41,1863-02-01 06:00:00,1863-02-06 06:00:00,Unknown
1863039S13061,SI,1863,UNNAMED,,,-5,29,1863-02-07 18:00:00,1863-02-11 06:00:00,Unknown
1863042S15073,SI,1863,UNNAMED,,,-5,65,1863-02-11 06:00:00,1863-02-19 06:00:00,Unknown
1863046S15073,SI,1863,UNNAMED,,,-5,53,1863-02-14 18:00:00,1863-02-21 06:00:00,Unknown
1863111S13081,SI,1863,UNNAMED,,,-5,53,1863-04-20 18:00:00,1863-04-27 06:00:00,Unknown
1863121S07089,SI,1863,UNNAMED,,,-5,61,1863-04-30 18:00:00,1863-05-08 06:00:00,Unknown
1863141S07089,SI,1863,UNNAMED,,,-5,73,1863-05-21 06:00:00,1863-05-30 06:00:00,Unknown
1863305S12086,SI,1864,UNNAMED,,,-5,21,1863-10-31 18:00:00,1863-11-03 06:00:00,Unknown
1863325S12086,SI,1864,UNNAMED,,,-5,33,1863-11-21 06:00:00,1863-11-25 06:00:00,Unknown
1863335S17067,SI,1864,UNNAMED,,,-5,45,1863-11-30 18:00:00,1863-12-06 06:00:00,Unknown
1864011S06081,SI,1864,UNNAMED,,,-5,81,1864-01-11 06:00:00,1864-01-21 06:00:00,Unknown
1864011S07080,SI,1864,UNNAMED,,,-5,57,1864-01-11 06:00:00,1864-01-18 06:00:00,Unknown
1864052S14079,SI,1864,UNNAMED,,,-5,73,1864-02-21 06:00:00,1864-03-01 06:00:00,Unknown
1864052S15067,SI,1864,UNNAMED,,,-5,49,1864-02-21 06:00:00,1864-02-27 06:00:00,Unknown
1864102S07069,SI,1864,UNNAMED,,,-5,69,1864-04-10 18:00:00,1864-04-19 06:00:00,Unknown
1864112S09075,SI,1864,UNNAMED,,,-5,65,1864-04-21 06:00:00,1864-04-29 06:00:00,Unknown
1864112S10075,SI,1864,UNNAMED,,,-5,53,1864-04-20 18:00:00,1864-04-27 06:00:00,Unknown
1865011S14057,SI,1865,UNNAMED,,,-5,17,1865-01-11 06:00:00,1865-01-13 06:00:00,Unknown
1865011S14058,SI,1865,UNNAMED,,,-5,33,1865-01-11 06:00:00,1865-01-15 06:00:00,Unknown
1865021S32056,SI,1865,UNNAMED,,,-5,25,1865-01-21 06:00:00,1865-01-24 06:00:00,Unknown
1865021S32057,SI,1865,UNNAMED,,,-5,9,1865-01-21 06:00:00,1865-01-22 06:00:00,Unknown
1865042S12095,SI,1865,UNNAMED,,,-5,49,1865-02-11 06:00:00,1865-02-17 06:00:00,Unknown
1865046S12094,SI,1865,UNNAMED,,,-5,45,1865-02-14 18:00:00,1865-02-20 06:00:00,Unknown
1865052S13058,SI,1865,UNNAMED,,,-5,33,1865-02-21 06:00:00,1865-02-25 06:00:00,Unknown
1865080S11085,SI,1865,UNNAMED,,,-5,29,1865-03-20 18:00:00,1865-03-24 06:00:00,Unknown
1865080S11086,SI,1865,UNNAMED,,,-5,41,1865-03-21 06:00:00,1865-03-26 06:00:00,Unknown
1865101S09076,SI,1865,UNNAMED,,,-5,41,1865-04-11 06:00:00,1865-04-16 06:00:00,Unknown
1865335S13061,SI,1866,UNNAMED,,,-5,45,1865-11-30 18:00:00,1865-12-06 06:00:00,Unknown
1866001S13066,SI,1866,UNNAMED,,,-5,65,1866-01-01 06:00:00,1866-01-09 06:00:00,Unknown
1866032S19072,SI,1866,UNNAMED,,,-5,33,1866-02-01 06:00:00,1866-02-05 06:00:00,Unknown
1866032S20072,SI,1866,UNNAMED,,,-5,21,1866-01-31 18:00:00,1866-02-03 06:00:00,Unknown
1866060S13091,SI,1866,UNNAMED,,,-5,61,1866-02-28 18:00:00,1866-03-08 06:00:00,Unknown
1866080S14080,SI,1866,UNNAMED,,,-5,29,1866-03-20 18:00:00,1866-03-24 06:00:00,Unknown
1866091S11082,SI,1866,UNNAMED,,,-5,37,1866-03-31 18:00:00,1866-04-05 06:00:00,Unknown
1866101S07089,SI,1866,UNNAMED,,,-5,43,1866-04-11 00:00:00,1866-04-16 06:00:00,Unknown
1866101S13073,SI,1866,UNNAMED,,,-5,37,1866-04-10 18:00:00,1866-04-15 06:00:00,Unknown
1866101S14051,SI,1866,UNNAMED,,,-5,33,1866-04-11 06:00:00,1866-04-15 06:00:00,Unknown
1866101S15051,SI,1866,UNNAMED,,,-5,21,1866-04-10 18:00:00,1866-04-13 06:00:00,Unknown
1866101S16054,SI,1866,UNNAMED,,,-5,18,1866-04-11 00:00:00,1866-04-13 03:00:00,Unknown
1866101S16060,SI,1866,UNNAMED,,,-5,41,1866-04-11 06:00:00,1866-04-16 06:00:00,Unknown
1866305S09073,SI,1867,UNNAMED,,,-5,37,1866-10-31 18:00:00,1866-11-05 06:00:00,Unknown
1867011S11072,SI,1867,UNNAMED,,,-5,57,1867-01-11 06:00:00,1867-01-18 06:00:00,Unknown
1867032S15081,SI,1867,UNNAMED,,,-5,25,1867-02-01 06:00:00,1867-02-04 06:00:00,Unknown
1867032S15441,SI,1867,UNNAMED,,,-5,13,1867-01-31 18:00:00,1867-02-02 06:00:00,Unknown
1867042S15071,SI,1867,UNNAMED,,,-5,65,1867-02-11 06:00:00,1867-02-19 06:00:00,Unknown
1867046S15071,SI,1867,UNNAMED,,,-5,53,1867-02-14 18:00:00,1867-02-21 06:00:00,Unknown
1867121S13069,SI,1867,UNNAMED,,,-5,37,1867-04-30 18:00:00,1867-05-05 06:00:00,Unknown
1867121S13070,SI,1867,UNNAMED,,,-5,49,1867-05-01 06:00:00,1867-05-07 06:00:00,Unknown
1867345S19059,SI,1868,UNNAMED,,,-5,43,1867-12-11 00:00:00,1867-12-16 06:00:00,Unknown
1868001S17055,SI,1868,UNNAMED,,,-5,41,1868-01-01 06:00:00,1868-01-06 06:00:00,Unknown
1868001S18055,SI,1868,UNNAMED,,,-5,25,1868-01-01 06:00:00,1868-01-04 06:00:00,Unknown
1868011S17062,SI,1868,UNNAMED,,,-5,33,1868-01-11 06:00:00,1868-01-15 06:00:00,Unknown
1868032S17081,SI,1868,UNNAMED,,,-5,65,1868-02-01 06:00:00,1868-02-09 06:00:00,Unknown
1868032S17441,SI,1868,UNNAMED,,,-5,53,1868-01-31 18:00:00,1868-02-07 06:00:00,Unknown
1868071S15066,SI,1868,UNNAMED,,,-5,57,1868-03-11 06:00:00,1868-03-18 06:00:00,Unknown
1868071S15426,SI,1868,UNNAMED,,,-5,45,1868-03-10 18:00:00,1868-03-16 06:00:00,Unknown
1868306S08077,SI,1869,UNNAMED,,,-5,37,1868-10-31 18:00:00,1868-11-05 06:00:00,Unknown
1868316S08077,SI,1869,UNNAMED,,,-5,49,1868-11-11 06:00:00,1868-11-17 06:00:00,Unknown
1869021S21053,SI,1869,UNNAMED,,,-5,49,1869-01-21 06:00:00,1869-01-27 06:00:00,Unknown
1869039S19053,SI,1869,UNNAMED,,,-5,33,1869-02-08 06:00:00,1869-02-12 06:00:00,Unknown
1869042S18054,SI,1869,UNNAMED,,,-5,49,1869-02-11 06:00:00,1869-02-17 06:00:00,Unknown
1869042S20072,SI,1869,UNNAMED,,,-5,33,1869-02-11 06:00:00,1869-02-15 06:00:00,Unknown
1869046S20071,SI,1869,UNNAMED,,,-5,21,1869-02-14 18:00:00,1869-02-17 06:00:00,Unknown
1869052S19084,SI,1869,UNNAMED,,,-5,25,1869-02-21 06:00:00,1869-02-24 06:00:00,Unknown
1869091S11073,SI,1869,UNNAMED,,,-5,33,1869-04-01 06:00:00,1869-04-05 06:00:00,Unknown
1869091S11433,SI,1869,UNNAMED,,,-5,21,1869-03-31 18:00:00,1869-04-03 06:00:00,Unknown
1869305S06092,SI,1870,UNNAMED,,,-5,61,1869-10-31 18:00:00,1869-11-08 06:00:00,Unknown
1869345S18073,SI,1870,UNNAMED,,,-5,41,1869-12-11 06:00:00,1869-12-16 06:00:00,Unknown
1869345S18074,SI,1870,UNNAMED,,,-5,29,1869-12-10 18:00:00,1869-12-14 06:00:00,Unknown
1870001S31048,SI,1870,UNNAMED,,,-5,33,1870-01-01 06:00:00,1870-01-05 06:00:00,Unknown
1870001S32049,SI,1870,UNNAMED,,,-5,17,1870-01-01 06:00:00,1870-01-03 06:00:00,Unknown
1870021S10057,SI,1870,UNNAMED,,,-5,33,1870-01-21 06:00:00,1870-01-25 06:00:00,Unknown
1870021S11056,SI,1870,UNNAMED,,,-5,17,1870-01-21 06:00:00,1870-01-23 06:00:00,Unknown
1870042S15066,SI,1870,UNNAMED,,,-5,49,1870-02-11 06:00:00,1870-02-17 06:00:00,Unknown
1870046S16066,SI,1870,UNNAMED,,,-5,37,1870-02-14 18:00:00,1870-02-19 06:00:00,Unknown
1870052S20109,SI,1870,UNNAMED,,,-5,65,1870-02-21 06:00:00,1870-03-01 06:00:00,Unknown
1870101S07108,SI,1870,UNNAMED,,,-5,69,1870-04-10 18:00:00,1870-04-19 06:00:00,Unknown
1870101S09087,SI,1870,UNNAMED,,,-5,89,1870-04-11 06:00:00,1870-04-22 06:00:00,Unknown
1870101S09447,SI,1870,UNNAMED,,,-5,77,1870-04-10 18:00:00,1870-04-20 06:00:00,Unknown
1871001S12089,SI,1871,UNNAMED,,,-5,57,1871-01-01 06:00:00,1871-01-08 06:00:00,Unknown
1871001S16061,SI,1871,UNNAMED,,,-5,65,1871-01-01 06:00:00,1871-01-09 06:00:00,Unknown
1871021S09087,SI,1871,UNNAMED,,,-5,57,1871-01-21 06:00:00,1871-01-28 06:00:00,Unknown
1871052S11095,SI,1871,UNNAMED,,,-5,33,1871-02-21 06:00:00,1871-02-25 06:00:00,Unknown
1871080S15108,SI,1871,UNNAMED,,,-5,37,1871-03-20 18:00:00,1871-03-25 06:00:00,Unknown
1871080S16068,SI,1871,UNNAMED,,,-5,37,1871-03-20 18:00:00,1871-03-25 06:00:00,Unknown
1871182S04095,SI,1872,UNNAMED,,,-5,33,1871-07-01 06:00:00,1871-07-05 06:00:00,Unknown
1871192S04095,SI,1872,UNNAMED,,,-5,49,1871-07-11 06:00:00,1871-07-17 06:00:00,Unknown
1871305S04100,SI,1872,UNNAMED,,,-5,41,1871-11-01 06:00:00,1871-11-06 06:00:00,Unknown
1871305S04460,SI,1872,UNNAMED,,,-5,29,1871-10-31 18:00:00,1871-11-04 06:00:00,Unknown
1872021S18054,SI,1872,UNNAMED,,,-5,41,1872-01-21 06:00:00,1872-01-26 06:00:00,Unknown
1872021S19053,SI,1872,UNNAMED,,,-5,25,1872-01-21 06:00:00,1872-01-24 06:00:00,Unknown
1872032S12085,SI,1872,UNNAMED,,,-5,105,1872-02-01 06:00:00,1872-02-14 06:00:00,Unknown
1872032S15074,SI,1872,UNNAMED,,,-5,49,1872-02-01 06:00:00,1872-02-07 06:00:00,Unknown
1872032S15434,SI,1872,UNNAMED,,,-5,37,1872-01-31 18:00:00,1872-02-05 06:00:00,Unknown
1872039S12085,SI,1872,UNNAMED,,,-5,93,1872-02-07 18:00:00,1872-02-19 06:00:00,Unknown
1872042S13104,SI,1872,UNNAMED,,,-5,41,1872-02-11 06:00:00,1872-02-16 06:00:00,Unknown
1872046S13104,SI,1872,UNNAMED,,,-5,29,1872-02-14 18:00:00,1872-02-18 06:00:00,Unknown
1872071S05087,SI,1872,UNNAMED,,,-5,45,1872-03-10 18:00:00,1872-03-16 06:00:00,Unknown
1872071S05088,SI,1872,UNNAMED,,,-5,57,1872-03-11 06:00:00,1872-03-18 06:00:00,Unknown
1872071S17051,SI,1872,UNNAMED,,,-5,37,1872-03-10 18:00:00,1872-03-15 06:00:00,Unknown
1872092S23053,SI,1872,UNNAMED,,,-5,33,1872-04-01 06:00:00,1872-04-05 06:00:00,Unknown
1872092S24053,SI,1872,UNNAMED,,,-5,21,1872-03-31 18:00:00,1872-04-03 06:00:00,Unknown
1872122S14066,SI,1872,UNNAMED,,,-5,33,1872-05-01 06:00:00,1872-05-05 06:00:00,Unknown
1872122S14426,SI,1872,UNNAMED,,,-5,21,1872-04-30 18:00:00,1872-05-03 06:00:00,Unknown
1872275S14070,SI,1873,UNNAMED,,,-5,45,1872-09-30 18:00:00,1872-10-06 06:00:00,Unknown
1872306S15069,SI,1873,UNNAMED,,,-5,29,1872-10-31 18:00:00,1872-11-04 06:00:00,Unknown
1873001S16058,SI,1873,UNNAMED,,,-5,65,1873-01-01 06:00:00,1873-01-09 06:00:00,Unknown
1873001S17058,SI,1873,UNNAMED,,,-5,49,1873-01-01 06:00:00,1873-01-07 06:00:00,Unknown
1873021S17054,SI,1873,UNNAMED,,,-5,65,1873-01-21 06:00:00,1873-01-29 06:00:00,Unknown
1873032S12076,SI,1873,UNNAMED,,,-5,73,1873-02-01 06:00:00,1873-02-10 06:00:00,Unknown
1873032S12436,SI,1873,UNNAMED,,,-5,53,1873-01-31 18:00:00,1873-02-07 06:00:00,Unknown
1873042S14056,SI,1873,UNNAMED,,,-5,57,1873-02-11 06:00:00,1873-02-18 06:00:00,Unknown
1873046S15056,SI,1873,UNNAMED,,,-5,45,1873-02-14 18:00:00,1873-02-20 06:00:00,Unknown
1873060S16067,SI,1873,UNNAMED,,,-5,57,1873-03-01 06:00:00,1873-03-08 06:00:00,Unknown
1873070S10088,SI,1873,UNNAMED,,,-5,41,1873-03-11 06:00:00,1873-03-16 06:00:00,Unknown
1873070S10448,SI,1873,UNNAMED,,,-5,29,1873-03-10 18:00:00,1873-03-14 06:00:00,Unknown
1874011S14064,SI,1874,UNNAMED,,,-5,57,1874-01-11 06:00:00,1874-01-18 06:00:00,Unknown
1874011S15064,SI,1874,UNNAMED,,,-5,41,1874-01-11 06:00:00,1874-01-16 06:00:00,Unknown
1874021S19055,SI,1874,UNNAMED,,,-5,41,1874-01-21 06:00:00,1874-01-26 06:00:00,Unknown
1874042S13080,SI,1874,UNNAMED,,,-5,49,1874-02-11 06:00:00,1874-02-17 06:00:00,Unknown
1874046S13079,SI,1874,UNNAMED,,,-5,37,1874-02-14 18:00:00,1874-02-19 06:00:00,Unknown
1874070S13045,SI,1874,UNNAMED,,,-5,45,1874-03-10 18:00:00,1874-03-16 06:00:00,Unknown
1874080S13072,SI,1874,UNNAMED,,,-5,73,1874-03-21 06:00:00,1874-03-30 06:00:00,Unknown
1874080S13073,SI,1874,UNNAMED,,,-5,89,1874-03-21 06:00:00,1874-04-01 06:00:00,Unknown
1875011S13061,SI,1875,UNNAMED,,,-5,57,1875-01-11 06:00:00,1875-01-18 06:00:00,Unknown
1875011S14076,SI,1875,UNNAMED,,,-5,73,1875-01-11 06:00:00,1875-01-20 06:00:00,Unknown
1875060S17082,SI,1875,UNNAMED,,,-5,33,1875-03-01 06:00:00,1875-03-05 06:00:00,Unknown
1875060S17088,SI,1875,UNNAMED,,,-5,33,1875-03-01 06:00:00,1875-03-05 06:00:00,Unknown
1875060S17448,SI,1875,UNNAMED,,,-5,21,1875-02-28 18:00:00,1875-03-03 06:00:00,Unknown
1875355S19065,SI,1876,UNNAMED,,,-5,25,1875-12-21 06:00:00,1875-12-24 06:00:00,Unknown
1876001S17061,SI,1876,UNNAMED,,,-5,33,1876-01-01 06:00:00,1876-01-05 06:00:00,Unknown
1876032S17059,SI,1876,UNNAMED,,,-5,29,1876-01-31 18:00:00,1876-02-04 06:00:00,Unknown
1876046S18062,SI,1876,UNNAMED,,,-5,29,1876-02-14 18:00:00,1876-02-18 06:00:00,Unknown
1876052S14066,SI,1876,UNNAMED,,,-5,41,1876-02-21 06:00:00,1876-02-26 06:00:00,Unknown
1876052S18062,SI,1876,UNNAMED,,,-5,41,1876-02-21 06:00:00,1876-02-26 06:00:00,Unknown
1876071S16083,SI,1876,UNNAMED,,,-5,29,1876-03-10 18:00:00,1876-03-14 06:00:00,Unknown
1876336S15075,SI,1877,UNNAMED,,,-5,37,1876-11-30 18:00:00,1876-12-05 06:00:00,Unknown
1877001S12055,SI,1877,UNNAMED,,,-5,25,1877-01-01 06:00:00,1877-01-04 06:00:00,Unknown
1877001S13054,SI,1877,UNNAMED,,,-5,9,1877-01-01 06:00:00,1877-01-02 06:00:00,Unknown
1877009S13054,SI,1877,UNNAMED,,,-5,9,1877-01-09 00:00:00,1877-01-10 00:00:00,Unknown
1877039S19059,SI,1877,UNNAMED,,,-5,45,1877-02-07 18:00:00,1877-02-13 06:00:00,Unknown
1877041S20059,SI,1877,UNNAMED,,,-5,41,1877-02-10 00:00:00,1877-02-15 00:00:00,Unknown
1877042S14078,SI,1877,UNNAMED,,,-5,43,1877-02-11 00:00:00,1877-02-16 06:00:00,Unknown
1877042S18059,SI,1877,UNNAMED,,,-5,57,1877-02-11 06:00:00,1877-02-18 06:00:00,Unknown
1877046S12079,SI,1877,UNNAMED,,,-5,37,1877-02-14 18:00:00,1877-02-19 06:00:00,Unknown
1877101S15062,SI,1877,UNNAMED,,,-5,17,1877-04-11 00:00:00,1877-04-13 00:00:00,Unknown
1877111S15063,SI,1877,UNNAMED,,,-5,37,1877-04-20 18:00:00,1877-04-25 06:00:00,Unknown
1877121S07090,SI,1877,UNNAMED,,,-5,37,1877-04-30 18:00:00,1877-05-05 06:00:00,Unknown
1877129S08088,SI,1877,UNNAMED,,,-5,33,1877-05-09 00:00:00,1877-05-13 00:00:00,Unknown
1877131S07090,SI,1877,UNNAMED,,,-5,49,1877-05-11 06:00:00,1877-05-17 06:00:00,Unknown
1877135N10083,NI,1877,UNNAMED,,,-5,58,1877-05-15 00:00:00,1877-05-22 03:00:00,Unknown
1877192N21090,NI,1877,UNNAMED,,,-5,34,1877-07-11 00:00:00,1877-07-15 03:00:00,Unknown
1877218N21090,NI,1877,UNNAMED,,,-5,18,1877-08-06 00:00:00,1877-08-08 03:00:00,Unknown
1877220N22092,NI,1877,UNNAMED,,,-5,10,1877-08-08 00:00:00,1877-08-09 03:00:00,Unknown
1877226N21089,NI,1877,UNNAMED,,,-5,18,1877-08-14 00:00:00,1877-08-16 03:00:00,Unknown
1877230N20091,NI,1877,UNNAMED,,,-5,18,1877-08-18 00:00:00,1877-08-20 03:00:00,Unknown
1877241N20088,NI,1877,UNNAMED,,,-5,18,1877-08-29 00:00:00,1877-08-31 03:00:00,Unknown
1877249N20088,NI,1877,UNNAMED,,,-5,42,1877-09-06 00:00:00,1877-09-11 03:00:00,Unknown
1877307N18091,NI,1877,UNNAMED,,,-5,18,1877-11-03 00:00:00,1877-11-05 03:00:00,Unknown
1878010S19054,SI,1878,UNNAMED,,,-5,33,1878-01-10 00:00:00,1878-01-14 00:00:00,Unknown
1878011S18054,SI,1878,UNNAMED,,,-5,49,1878-01-11 06:00:00,1878-01-17 06:00:00,Unknown
1878011S19054,SI,1878,UNNAMED,,,-5,33,1878-01-11 06:00:00,1878-01-15 06:00:00,Unknown
1878100S12066,SI,1878,UNNAMED,,,-5,25,1878-04-10 00:00:00,1878-04-13 00:00:00,Unknown
1878101S10066,SI,1878,UNNAMED,,,-5,29,1878-04-10 18:00:00,1878-04-14 06:00:00,Unknown
1878101S10067,SI,1878,UNNAMED,,,-5,41,1878-04-11 06:00:00,1878-04-16 06:00:00,Unknown
1878202N18087,NI,1878,UNNAMED,,,-5,74,1878-07-21 00:00:00,1878-07-30 03:00:00,Unknown
1878215N20086,NI,1878,UNNAMED,,,-5,10,1878-08-03 00:00:00,1878-08-04 03:00:00,Unknown
1878218N20089,NI,1878,UNNAMED,,,-5,18,1878-08-06 00:00:00,1878-08-08 03:00:00,Unknown
1878256N19090,NI,1878,UNNAMED,,,-5,58,1878-09-13 00:00:00,1878-09-20 03:00:00,Unknown
1878261N18090,NI,1878,UNNAMED,,,-5,42,1878-09-18 00:00:00,1878-09-23 03:00:00,Unknown
1878287N16084,NI,1878,UNNAMED,,,-5,10,1878-10-14 00:00:00,1878-10-15 03:00:00,Unknown
1878301N15084,NI,1878,UNNAMED,,,-5,18,1878-10-28 00:00:00,1878-10-30 03:00:00,Unknown
1878308N16084,NI,1878,UNNAMED,,,-5,18,1878-11-04 00:00:00,1878-11-06 03:00:00,Unknown
1878339N17087,NI,1878,UNNAMED,,,-5,26,1878-12-05 00:00:00,1878-12-08 03:00:00,Unknown
1878344S11071,SI,1879,UNNAMED,,,-5,33,1878-12-10 00:00:00,1878-12-14 00:00:00,Unknown
1878345S09072,SI,1879,UNNAMED,,,-5,49,1878-12-11 06:00:00,1878-12-17 06:00:00,Unknown
1878345S09432,SI,1879,UNNAMED,,,-5,37,1878-12-10 18:00:00,1878-12-15 06:00:00,Unknown
1879011S24062,SI,1879,UNNAMED,,,-5,17,1879-01-11 00:00:00,1879-01-13 00:00:00,Unknown
1879021S24062,SI,1879,UNNAMED,,,-5,33,1879-01-21 06:00:00,1879-01-25 06:00:00,Unknown
1879043S13058,SI,1879,UNNAMED,,,-5,25,1879-02-12 00:00:00,1879-02-15 00:00:00,Unknown
1879052S11057,SI,1879,UNNAMED,,,-5,41,1879-02-21 06:00:00,1879-02-26 06:00:00,Unknown
1879070S11063,SI,1879,UNNAMED,,,-5,73,1879-03-11 00:00:00,1879-03-20 00:00:00,Unknown
1879080S11064,SI,1879,UNNAMED,,,-5,93,1879-03-20 18:00:00,1879-04-01 06:00:00,Unknown
1879140N13081,NI,1879,UNNAMED,,,-5,10,1879-05-20 00:00:00,1879-05-21 03:00:00,Unknown
1879141N12073,NI,1879,UNNAMED,,,-5,26,1879-05-21 00:00:00,1879-05-24 03:00:00,Unknown
1879149N21087,NI,1879,UNNAMED,,,-5,26,1879-05-29 00:00:00,1879-06-01 03:00:00,Unknown
1879220N21088,NI,1879,UNNAMED,,,-5,42,1879-08-08 00:00:00,1879-08-13 03:00:00,Unknown
1879256N21090,NI,1879,UNNAMED,,,-5,34,1879-09-13 00:00:00,1879-09-17 03:00:00,Unknown
1879265N20089,NI,1879,UNNAMED,,,-5,50,1879-09-22 00:00:00,1879-09-28 03:00:00,Unknown
1879284N19092,NI,1879,UNNAMED,,,-5,34,1879-10-11 00:00:00,1879-10-15 03:00:00,Unknown
1879299N20092,NI,1879,UNNAMED,,,-5,10,1879-10-26 00:00:00,1879-10-27 03:00:00,Unknown
1879305N15097,NI,1879,UNNAMED,,,-5,34,1879-11-01 00:00:00,1879-11-05 03:00:00,Unknown
1879322N13081,NI,1879,UNNAMED,,,-5,10,1879-11-18 00:00:00,1879-11-19 03:00:00,Unknown
1879344S16059,SI,1880,UNNAMED,,,-5,17,1879-12-10 00:00:00,1879-12-12 00:00:00,Unknown
1879345S15060,SI,1880,UNNAMED,,,-5,33,1879-12-11 06:00:00,1879-12-15 06:00:00,Unknown
1879345S16054,SI,1880,UNNAMED,,,-5,25,1879-12-11 00:00:00,1879-12-14 00:00:00,Unknown
1879345S16059,SI,1880,UNNAMED,,,-5,21,1879-12-10 18:00:00,1879-12-13 06:00:00,Unknown
1879355S15054,SI,1880,UNNAMED,,,-5,45,1879-12-20 18:00:00,1879-12-26 06:00:00,Unknown
1880001S08060,SI,1880,UNNAMED,,,-5,65,1880-01-01 06:00:00,1880-01-09 06:00:00,Unknown
1880043S13088,SI,1880,UNNAMED,,,-5,41,1880-02-12 00:00:00,1880-02-17 00:00:00,Unknown
1880052S11089,SI,1880,UNNAMED,,,-5,57,1880-02-21 06:00:00,1880-02-28 06:00:00,Unknown
1880153N20089,NI,1880,UNNAMED,,,-5,26,1880-06-01 00:00:00,1880-06-04 03:00:00,Unknown
1880177N19088,NI,1880,UNNAMED,,,-5,42,1880-06-25 00:00:00,1880-06-30 03:00:00,Unknown
1880196N20089,NI,1880,UNNAMED,,,-5,26,1880-07-14 00:00:00,1880-07-17 03:00:00,Unknown
1880214N20088,NI,1880,UNNAMED,,,-5,66,1880-08-01 00:00:00,1880-08-09 03:00:00,Unknown
1880233N21089,NI,1880,UNNAMED,,,-5,42,1880-08-20 00:00:00,1880-08-25 03:00:00,Unknown
1880257N19089,NI,1880,UNNAMED,,,-5,42,1880-09-13 00:00:00,1880-09-18 03:00:00,Unknown
1880265N20088,NI,1880,UNNAMED,,,-5,10,1880-09-21 00:00:00,1880-09-22 03:00:00,Unknown
1880267N21088,NI,1880,UNNAMED,,,-5,18,1880-09-23 00:00:00,1880-09-25 03:00:00,Unknown
1880287N17085,NI,1880,UNNAMED,,,-5,18,1880-10-13 00:00:00,1880-10-15 03:00:00,Unknown
1880325N10082,NI,1880,UNNAMED,,,-5,10,1880-11-20 00:00:00,1880-11-21 03:00:00,Unknown
1880345S15067,SI,1881,UNNAMED,,,-5,33,1880-12-10 00:00:00,1880-12-14 00:00:00,Unknown
1880346S15068,SI,1881,UNNAMED,,,-5,49,1880-12-11 06:00:00,1880-12-17 06:00:00,Unknown
1880346S15428,SI,1881,UNNAMED,,,-5,37,1880-12-10 18:00:00,1880-12-15 06:00:00,Unknown
1881001S09084,SI,1881,UNNAMED,,,-5,81,1881-01-01 06:00:00,1881-01-11 06:00:00,Unknown
1881011S15057,SI,1881,UNNAMED,,,-5,49,1881-01-11 00:00:00,1881-01-17 00:00:00,Unknown
1881021S14057,SI,1881,UNNAMED,,,-5,65,1881-01-21 06:00:00,1881-01-29 06:00:00,Unknown
1881039S12084,SI,1881,UNNAMED,,,-5,77,1881-02-07 18:00:00,1881-02-17 06:00:00,Unknown
1881041S13082,SI,1881,UNNAMED,,,-5,73,1881-02-10 00:00:00,1881-02-19 00:00:00,Unknown
1881042S12085,SI,1881,UNNAMED,,,-5,89,1881-02-11 06:00:00,1881-02-22 06:00:00,Unknown
1881069S22053,SI,1881,UNNAMED,,,-5,17,1881-03-10 00:00:00,1881-03-12 00:00:00,Unknown
1881070S21053,SI,1881,UNNAMED,,,-5,37,1881-03-10 18:00:00,1881-03-15 06:00:00,Unknown
1881101S07089,SI,1881,UNNAMED,,,-5,9,1881-04-11 00:00:00,1881-04-12 00:00:00,Unknown
1881111S05089,SI,1881,UNNAMED,,,-5,29,1881-04-20 18:00:00,1881-04-24 06:00:00,Unknown
1881121S06095,SI,1881,UNNAMED,,,-5,29,1881-04-30 18:00:00,1881-05-04 06:00:00,Unknown
1881121S06096,SI,1881,UNNAMED,,,-5,41,1881-05-01 06:00:00,1881-05-06 06:00:00,Unknown
1881129S07094,SI,1881,UNNAMED,,,-5,25,1881-05-09 00:00:00,1881-05-12 00:00:00,Unknown
1881146N14067,NI,1881,UNNAMED,,,-5,58,1881-05-26 00:00:00,1881-06-02 03:00:00,Unknown
1881146N20090,NI,1881,UNNAMED,,,-5,18,1881-05-26 00:00:00,1881-05-28 03:00:00,Unknown
1881154N20089,NI,1881,UNNAMED,,,-5,18,1881-06-03 00:00:00,1881-06-05 03:00:00,Unknown
1881157N21088,NI,1881,UNNAMED,,,-5,26,1881-06-06 00:00:00,1881-06-09 03:00:00,Unknown
1881165N21089,NI,1881,UNNAMED,,,-5,34,1881-06-14 00:00:00,1881-06-18 03:00:00,Unknown
1881183N21088,NI,1881,UNNAMED,,,-5,18,1881-07-02 00:00:00,1881-07-04 03:00:00,Unknown
1881194N21090,NI,1881,UNNAMED,,,-5,42,1881-07-13 00:00:00,1881-07-18 03:00:00,Unknown
1881214N20087,NI,1881,UNNAMED,,,-5,18,1881-08-02 00:00:00,1881-08-04 03:00:00,Unknown
1881230N21089,NI,1881,UNNAMED,,,-5,10,1881-08-18 00:00:00,1881-08-19 03:00:00,Unknown
1881254N20089,NI,1881,UNNAMED,,,-5,26,1881-09-11 00:00:00,1881-09-14 03:00:00,Unknown
1881277N17085,NI,1881,UNNAMED,,,-5,42,1881-10-04 00:00:00,1881-10-09 03:00:00,Unknown
1881315N11082,NI,1881,UNNAMED,,,-5,18,1881-11-11 00:00:00,1881-11-13 03:00:00,Unknown
1882001S16080,SI,1882,UNNAMED,,,-5,41,1882-01-01 06:00:00,1882-01-06 06:00:00,Unknown
1882001S17079,SI,1882,UNNAMED,,,-5,25,1882-01-01 06:00:00,1882-01-04 06:00:00,Unknown
1882009S17079,SI,1882,UNNAMED,,,-5,25,1882-01-09 00:00:00,1882-01-12 00:00:00,Unknown
1882039S14069,SI,1882,UNNAMED,,,-5,37,1882-02-07 18:00:00,1882-02-12 06:00:00,Unknown
1882041S15068,SI,1882,UNNAMED,,,-5,33,1882-02-10 00:00:00,1882-02-14 00:00:00,Unknown
1882042S13071,SI,1882,UNNAMED,,,-5,41,1882-02-11 06:00:00,1882-02-16 06:00:00,Unknown
1882042S14069,SI,1882,UNNAMED,,,-5,49,1882-02-11 06:00:00,1882-02-17 06:00:00,Unknown
1882042S14070,SI,1882,UNNAMED,,,-5,25,1882-02-11 00:00:00,1882-02-14 00:00:00,Unknown
1882043S16078,SI,1882,UNNAMED,,,-5,25,1882-02-12 00:00:00,1882-02-15 00:00:00,Unknown
1882046S14071,SI,1882,UNNAMED,,,-5,29,1882-02-14 18:00:00,1882-02-18 06:00:00,Unknown
1882052S16079,SI,1882,UNNAMED,,,-5,41,1882-02-21 06:00:00,1882-02-26 06:00:00,Unknown
1882069S15062,SI,1882,UNNAMED,,,-5,25,1882-03-10 00:00:00,1882-03-13 00:00:00,Unknown
1882070S14063,SI,1882,UNNAMED,,,-5,41,1882-03-11 06:00:00,1882-03-16 06:00:00,Unknown
1882070S15062,SI,1882,UNNAMED,,,-5,29,1882-03-10 18:00:00,1882-03-14 06:00:00,Unknown
1882101S08092,SI,1882,UNNAMED,,,-5,17,1882-04-11 00:00:00,1882-04-13 00:00:00,Unknown
1882111S06093,SI,1882,UNNAMED,,,-5,33,1882-04-21 06:00:00,1882-04-25 06:00:00,Unknown
1882111S07093,SI,1882,UNNAMED,,,-5,21,1882-04-20 18:00:00,1882-04-23 06:00:00,Unknown
1882192N21089,NI,1882,UNNAMED,,,-5,34,1882-07-11 00:00:00,1882-07-15 03:00:00,Unknown
1882199N21089,NI,1882,UNNAMED,,,-5,42,1882-07-18 00:00:00,1882-07-23 03:00:00,Unknown
1882204N20089,NI,1882,UNNAMED,,,-5,26,1882-07-23 00:00:00,1882-07-26 03:00:00,Unknown
1882212N20088,NI,1882,UNNAMED,,,-5,1,1882-07-31 03:00:00,1882-07-31 03:00:00,Unknown
1882231N21089,NI,1882,UNNAMED,,,-5,34,1882-08-19 00:00:00,1882-08-23 03:00:00,Unknown
1882249N20090,NI,1882,UNNAMED,,,-5,74,1882-09-06 00:00:00,1882-09-15 03:00:00,Unknown
1882257N18087,NI,1882,UNNAMED,,,-5,26,1882-09-14 00:00:00,1882-09-17 03:00:00,Unknown
1882269N16092,NI,1882,UNNAMED,,,-5,58,1882-09-26 00:00:00,1882-10-03 03:00:00,Unknown
1882285N13085,NI,1882,UNNAMED,,,-5,42,1882-10-12 00:00:00,1882-10-17 03:00:00,Unknown
1882300N11089,NI,1882,UNNAMED,,,-5,42,1882-10-27 00:00:00,1882-11-01 03:00:00,Unknown
1882325N09089,NI,1882,UNNAMED,,,-5,42,1882-11-21 00:00:00,1882-11-26 03:00:00,Unknown
1882332N10087,NI,1882,UNNAMED,,,-5,18,1882-11-28 00:00:00,1882-11-30 03:00:00,Unknown
1883011S26054,SI,1883,UNNAMED,,,-5,25,1883-01-11 00:00:00,1883-01-14 00:00:00,Unknown
1883021S22057,SI,1883,UNNAMED,,,-5,49,1883-01-21 06:00:00,1883-01-27 06:00:00,Unknown
1883021S26054,SI,1883,UNNAMED,,,-5,25,1883-01-21 06:00:00,1883-01-24 06:00:00,Unknown
1883039S09088,SI,1883,UNNAMED,,,-5,13,1883-02-07 18:00:00,1883-02-09 06:00:00,Unknown
1883041S10089,SI,1883,UNNAMED,,,-5,9,1883-02-10 00:00:00,1883-02-11 00:00:00,Unknown
1883042S09087,SI,1883,UNNAMED,,,-5,25,1883-02-11 06:00:00,1883-02-14 06:00:00,Unknown
1883070S11093,SI,1883,UNNAMED,,,-5,25,1883-03-11 00:00:00,1883-03-14 00:00:00,Unknown
1883070S16053,SI,1883,UNNAMED,,,-5,33,1883-03-11 00:00:00,1883-03-15 00:00:00,Unknown
1883080S07088,SI,1883,UNNAMED,,,-5,25,1883-03-21 06:00:00,1883-03-24 06:00:00,Unknown
1883080S10093,SI,1883,UNNAMED,,,-5,41,1883-03-21 06:00:00,1883-03-26 06:00:00,Unknown
1883080S10453,SI,1883,UNNAMED,,,-5,29,1883-03-20 18:00:00,1883-03-24 06:00:00,Unknown
1883080S15054,SI,1883,UNNAMED,,,-5,49,1883-03-21 06:00:00,1883-03-27 06:00:00,Unknown
1883080S15414,SI,1883,UNNAMED,,,-5,37,1883-03-20 18:00:00,1883-03-25 06:00:00,Unknown
1883165N21087,NI,1883,UNNAMED,,,-5,34,1883-06-14 00:00:00,1883-06-18 03:00:00,Unknown
1883177N20089,NI,1883,UNNAMED,,,-5,66,1883-06-26 00:00:00,1883-07-04 03:00:00,Unknown
1883183N22068,NI,1883,UNNAMED,,,-5,9,1883-07-02 03:00:00,1883-07-03 03:00:00,Unknown
1883184N20090,NI,1883,UNNAMED,,,-5,18,1883-07-03 00:00:00,1883-07-05 03:00:00,Unknown
1883187N20089,NI,1883,UNNAMED,,,-5,26,1883-07-06 00:00:00,1883-07-09 03:00:00,Unknown
1883193N19089,NI,1883,UNNAMED,,,-5,18,1883-07-12 00:00:00,1883-07-14 03:00:00,Unknown
1883196N22068,NI,1883,UNNAMED,,,-5,9,1883-07-15 00:00:00,1883-07-16 00:00:00,Unknown
1883207N21090,NI,1883,UNNAMED,,,-5,18,1883-07-26 00:00:00,1883-07-28 03:00:00,Unknown
1883234N18088,NI,1883,UNNAMED,,,-5,26,1883-08-22 00:00:00,1883-08-25 03:00:00,Unknown
1883314N11095,NI,1883,UNNAMED,,,-5,34,1883-11-10 00:00:00,1883-11-14 03:00:00,Unknown
1883335S16060,SI,1884,UNNAMED,,,-5,45,1883-11-30 18:00:00,1883-12-06 06:00:00,Unknown
1883335S16061,SI,1884,UNNAMED,,,-5,57,1883-12-01 06:00:00,1883-12-08 06:00:00,Unknown
1883338N17086,NI,1883,UNNAMED,,,-5,18,1883-12-04 00:00:00,1883-12-06 03:00:00,Unknown
1883343S17059,SI,1884,UNNAMED,,,-5,41,1883-12-09 00:00:00,1883-12-14 00:00:00,Unknown
1883344S14094,SI,1884,UNNAMED,,,-5,25,1883-12-10 00:00:00,1883-12-13 00:00:00,Unknown
1883345S13095,SI,1884,UNNAMED,,,-5,41,1883-12-11 06:00:00,1883-12-16 06:00:00,Unknown
1883345S14095,SI,1884,UNNAMED,,,-5,29,1883-12-10 18:00:00,1883-12-14 06:00:00,Unknown
1884011S10063,SI,1884,UNNAMED,,,-5,73,1884-01-11 00:00:00,1884-01-20 00:00:00,Unknown
1884021S10063,SI,1884,UNNAMED,,,-5,97,1884-01-21 06:00:00,1884-02-02 06:00:00,Unknown
1884032S14078,SI,1884,UNNAMED,,,-5,49,1884-02-01 06:00:00,1884-02-07 06:00:00,Unknown
1884039S14078,SI,1884,UNNAMED,,,-5,37,1884-02-07 18:00:00,1884-02-12 06:00:00,Unknown
1884041S15075,SI,1884,UNNAMED,,,-5,33,1884-02-10 00:00:00,1884-02-14 00:00:00,Unknown
1884070S17067,SI,1884,UNNAMED,,,-5,25,1884-03-10 00:00:00,1884-03-13 00:00:00,Unknown
1884071S11091,SI,1884,UNNAMED,,,-5,33,1884-03-11 00:00:00,1884-03-15 00:00:00,Unknown
1884071S17068,SI,1884,UNNAMED,,,-5,41,1884-03-11 06:00:00,1884-03-16 06:00:00,Unknown
1884071S17428,SI,1884,UNNAMED,,,-5,29,1884-03-10 18:00:00,1884-03-14 06:00:00,Unknown
1884081S10091,SI,1884,UNNAMED,,,-5,37,1884-03-20 18:00:00,1884-03-25 06:00:00,Unknown
1884081S10092,SI,1884,UNNAMED,,,-5,49,1884-03-21 06:00:00,1884-03-27 06:00:00,Unknown
1884135N11090,NI,1884,UNNAMED,,,-5,26,1884-05-14 00:00:00,1884-05-17 03:00:00,Unknown
1884171N20088,NI,1884,UNNAMED,,,-5,34,1884-06-19 00:00:00,1884-06-23 03:00:00,Unknown
1884177N17124,WP,1884,UNNAMED,,,-5,56,1884-06-24 16:00:00,1884-06-30 04:00:00,Unknown
1884182N21089,NI,1884,UNNAMED,,,-5,34,1884-06-30 00:00:00,1884-07-04 03:00:00,Unknown
1884186N16125,WP,1884,UNNAMED,,,-5,46,1884-07-03 16:00:00,1884-07-08 04:00:00,Unknown
1884191N15127,WP,1884,UNNAMED,,,-5,46,1884-07-08 16:00:00,1884-07-13 04:00:00,Unknown
1884191N21089,NI,1884,UNNAMED,,,-5,42,1884-07-09 00:00:00,1884-07-14 03:00:00,Unknown
1884197N20088,NI,1884,UNNAMED,,,-5,26,1884-07-15 00:00:00,1884-07-18 03:00:00,Unknown
1884200N21089,NI,1884,UNNAMED,,,-5,74,1884-07-18 00:00:00,1884-07-27 03:00:00,Unknown
1884201N18129,WP,1884,UNNAMED,,,-5,46,1884-07-18 16:00:00,1884-07-23 04:00:00,Unknown
1884208N13127,WP,1884,UNNAMED,,,-5,56,1884-07-25 16:00:00,1884-07-31 04:00:00,Unknown
1884215N13130,WP,1884,UNNAMED,,,-5,76,1884-08-01 16:00:00,1884-08-09 04:00:00,Unknown
1884215N21088,NI,1884,UNNAMED,,,-5,58,1884-08-02 00:00:00,1884-08-09 03:00:00,Unknown
1884231N11128,WP,1884,UNNAMED,,,-5,46,1884-08-17 16:00:00,1884-08-22 04:00:00,Unknown
1884236N13127,WP,1884,UNNAMED,,,-5,26,1884-08-22 16:00:00,1884-08-25 04:00:00,Unknown
1884243N15129,WP,1884,UNNAMED,,,-5,36,1884-08-29 16:00:00,1884-09-02 04:00:00,Unknown
1884250N15129,WP,1884,UNNAMED,,,-5,76,1884-09-05 16:00:00,1884-09-13 04:00:00,Unknown
1884251N20089,NI,1884,UNNAMED,,,-5,34,1884-09-07 00:00:00,1884-09-11 03:00:00,Unknown
1884261N17088,NI,1884,UNNAMED,,,-5,114,1884-09-17 00:00:00,1884-10-01 03:00:00,Unknown
1884263N16125,WP,1884,UNNAMED,,,-5,46,1884-09-18 16:00:00,1884-09-23 04:00:00,Unknown
1884290N10082,NI,1884,UNNAMED,,,-5,13,1884-10-15 15:00:00,1884-10-17 03:00:00,Unknown
1884298N16085,NI,1884,UNNAMED,,,-5,18,1884-10-24 00:00:00,1884-10-26 03:00:00,Unknown
1884305N19090,NI,1884,UNNAMED,,,-5,10,1884-10-31 00:00:00,1884-11-01 03:00:00,Unknown
1884306S07095,SI,1885,UNNAMED,,,-5,45,1884-10-31 18:00:00,1884-11-06 06:00:00,Unknown
1884310N11082,NI,1884,UNNAMED,,,-5,5,1884-11-04 15:00:00,1884-11-05 03:00:00,Unknown
1884314S07094,SI,1885,UNNAMED,,,-5,41,1884-11-09 00:00:00,1884-11-14 00:00:00,Unknown
1884316S06095,SI,1885,UNNAMED,,,-5,57,1884-11-11 06:00:00,1884-11-18 06:00:00,Unknown
1884318N11126,WP,1884,UNNAMED,,,-5,26,1884-11-12 16:00:00,1884-11-15 04:00:00,Unknown
1884322N14126,WP,1884,UNNAMED,,,-5,61,1884-11-17 04:00:00,1884-11-23 04:00:00,Unknown
1884325N13083,NI,1884,UNNAMED,,,-5,1,1884-11-20 03:00:00,1884-11-20 03:00:00,Unknown
1884343N14124,WP,1884,UNNAMED,,,-5,36,1884-12-07 16:00:00,1884-12-11 04:00:00,Unknown
1884349N08083,NI,1884,UNNAMED,,,-5,34,1884-12-14 00:00:00,1884-12-18 03:00:00,Unknown
1885010S17062,SI,1885,UNNAMED,,,-5,17,1885-01-10 00:00:00,1885-01-12 00:00:00,Unknown
1885011S16075,SI,1885,UNNAMED,,,-5,57,1885-01-11 00:00:00,1885-01-18 00:00:00,Unknown
1885011S17062,SI,1885,UNNAMED,,,-5,17,1885-01-11 06:00:00,1885-01-13 06:00:00,Unknown
1885011S17063,SI,1885,UNNAMED,,,-5,41,1885-01-11 06:00:00,1885-01-16 06:00:00,Unknown
1885021S16075,SI,1885,UNNAMED,,,-5,57,1885-01-21 06:00:00,1885-01-28 06:00:00,Unknown
1885021S16076,SI,1885,UNNAMED,,,-5,73,1885-01-21 06:00:00,1885-01-30 06:00:00,Unknown
1885032S16077,SI,1885,UNNAMED,,,-5,61,1885-01-31 18:00:00,1885-02-08 06:00:00,Unknown
1885040S16075,SI,1885,UNNAMED,,,-5,57,1885-02-09 00:00:00,1885-02-16 00:00:00,Unknown
1885043S14054,SI,1885,UNNAMED,,,-5,17,1885-02-12 00:00:00,1885-02-14 00:00:00,Unknown
1885043S15069,SI,1885,UNNAMED,,,-5,49,1885-02-12 00:00:00,1885-02-18 00:00:00,Unknown
1885052S13055,SI,1885,UNNAMED,,,-5,33,1885-02-21 06:00:00,1885-02-25 06:00:00,Unknown
1885052S14070,SI,1885,UNNAMED,,,-5,65,1885-02-21 06:00:00,1885-03-01 06:00:00,Unknown
1885060S15069,SI,1885,UNNAMED,,,-5,49,1885-03-01 06:00:00,1885-03-07 06:00:00,Unknown
1885068S15069,SI,1885,UNNAMED,,,-5,49,1885-03-09 00:00:00,1885-03-15 00:00:00,Unknown
1885101S08087,SI,1885,UNNAMED,,,-5,25,1885-04-11 00:00:00,1885-04-14 00:00:00,Unknown
1885111S07088,SI,1885,UNNAMED,,,-5,45,1885-04-20 18:00:00,1885-04-26 06:00:00,Unknown
1885115N11127,WP,1885,UNNAMED,,,-5,16,1885-04-24 16:00:00,1885-04-26 04:00:00,Unknown
1885121S13066,SI,1885,UNNAMED,,,-5,45,1885-04-30 18:00:00,1885-05-06 06:00:00,Unknown
1885129S14065,SI,1885,UNNAMED,,,-5,41,1885-05-09 00:00:00,1885-05-14 00:00:00,Unknown
1885131S13066,SI,1885,UNNAMED,,,-5,57,1885-05-11 06:00:00,1885-05-18 06:00:00,Unknown
1885150N13061,NI,1885,UNNAMED,,,-5,26,1885-05-30 00:00:00,1885-06-02 03:00:00,Unknown
1885156N12071,NI,1885,UNNAMED,,,-5,66,1885-06-05 00:00:00,1885-06-13 03:00:00,Unknown
1885167N21090,NI,1885,UNNAMED,,,-5,26,1885-06-16 00:00:00,1885-06-19 03:00:00,Unknown
1885177N21087,NI,1885,UNNAMED,,,-5,26,1885-06-26 00:00:00,1885-06-29 03:00:00,Unknown
1885181N19131,WP,1885,UNNAMED,,,-5,6,1885-06-29 16:00:00,1885-06-30 04:00:00,Unknown
1885192N07135,WP,1885,UNNAMED,,,-5,86,1885-07-10 16:00:00,1885-07-19 04:00:00,Unknown
1885195N20088,NI,1885,UNNAMED,,,-5,18,1885-07-14 00:00:00,1885-07-16 03:00:00,Unknown
1885197N12138,WP,1885,UNNAMED,,,-5,81,1885-07-16 04:00:00,1885-07-24 04:00:00,Unknown
1885204N21089,NI,1885,UNNAMED,,,-5,10,1885-07-23 00:00:00,1885-07-24 03:00:00,Unknown
1885208N21139,WP,1885,UNNAMED,,,-5,66,1885-07-26 16:00:00,1885-08-02 04:00:00,Unknown
1885227N16114,WP,1885,UNNAMED,,,-5,31,1885-08-15 04:00:00,1885-08-18 04:00:00,Unknown
1885228N21088,NI,1885,UNNAMED,,,-5,18,1885-08-16 00:00:00,1885-08-18 03:00:00,Unknown
1885230N12136,WP,1885,UNNAMED,,,-5,76,1885-08-17 16:00:00,1885-08-25 04:00:00,Unknown
1885241N15141,WP,1885,UNNAMED,,,-5,71,1885-08-28 16:00:00,1885-09-04 16:00:00,Unknown
1885258N21088,NI,1885,UNNAMED,,,-5,10,1885-09-15 00:00:00,1885-09-16 03:00:00,Unknown
1885262N15093,NI,1885,UNNAMED,,,-5,42,1885-09-19 00:00:00,1885-09-24 03:00:00,Unknown
1885306N13082,NI,1885,UNNAMED,,,-5,10,1885-11-02 00:00:00,1885-11-03 03:00:00,Unknown
1885310N10138,WP,1885,UNNAMED,,,-5,36,1885-11-05 16:00:00,1885-11-09 04:00:00,Unknown
1885322N12082,NI,1885,UNNAMED,,,-5,42,1885-11-18 00:00:00,1885-11-23 03:00:00,Unknown
1885344S14067,SI,1886,UNNAMED,,,-5,41,1885-12-10 00:00:00,1885-12-15 00:00:00,Unknown
1885345S12063,SI,1886,UNNAMED,,,-5,57,1885-12-11 00:00:00,1885-12-18 00:00:00,Unknown
1885345S13069,SI,1886,UNNAMED,,,-5,57,1885-12-11 06:00:00,1885-12-18 06:00:00,Unknown
1885345S13429,SI,1886,UNNAMED,,,-5,45,1885-12-10 18:00:00,1885-12-16 06:00:00,Unknown
1885355S10068,SI,1886,UNNAMED,,,-5,81,1885-12-21 06:00:00,1885-12-31 06:00:00,Unknown
1885355S10428,SI,1886,UNNAMED,,,-5,61,1885-12-20 18:00:00,1885-12-28 06:00:00,Unknown
1886043S11089,SI,1886,UNNAMED,,,-5,33,1886-02-12 00:00:00,1886-02-16 00:00:00,Unknown
1886052S11089,SI,1886,UNNAMED,,,-5,49,1886-02-21 06:00:00,1886-02-27 06:00:00,Unknown
1886091S12064,SI,1886,UNNAMED,,,-5,69,1886-03-31 18:00:00,1886-04-09 06:00:00,Unknown
1886091S12065,SI,1886,UNNAMED,,,-5,89,1886-04-01 06:00:00,1886-04-12 06:00:00,Unknown
1886099S13062,SI,1886,UNNAMED,,,-5,65,1886-04-09 00:00:00,1886-04-17 00:00:00,Unknown
1886100S12069,SI,1886,UNNAMED,,,-5,41,1886-04-10 00:00:00,1886-04-15 00:00:00,Unknown
1886101S11071,SI,1886,UNNAMED,,,-5,61,1886-04-10 18:00:00,1886-04-18 06:00:00,Unknown
1886143N11082,NI,1886,UNNAMED,,,-5,10,1886-05-23 00:00:00,1886-05-24 03:00:00,Unknown
1886144N07062,NI,1886,UNNAMED,,,-5,34,1886-05-24 00:00:00,1886-05-28 03:00:00,Unknown
1886160N19128,WP,1886,UNNAMED,,,-5,46,1886-06-08 16:00:00,1886-06-13 04:00:00,Unknown
1886165N21130,WP,1886,UNNAMED,,,-5,16,1886-06-13 16:00:00,1886-06-15 04:00:00,Unknown
1886166N20089,NI,1886,UNNAMED,,,-5,58,1886-06-15 00:00:00,1886-06-22 03:00:00,Unknown
1886198N20088,NI,1886,UNNAMED,,,-5,58,1886-07-17 00:00:00,1886-07-24 03:00:00,Unknown
1886217N24141,WP,1886,UNNAMED,,,-5,106,1886-08-04 16:00:00,1886-08-15 04:00:00,Unknown
1886221N22120,WP,1886,UNNAMED,,,-5,6,1886-08-08 16:00:00,1886-08-09 04:00:00,Unknown
1886224N16082,NI,1886,UNNAMED,,,-5,74,1886-08-12 00:00:00,1886-08-21 03:00:00,Unknown
1886232N28133,WP,1886,UNNAMED,,,-5,6,1886-08-19 16:00:00,1886-08-20 04:00:00,Unknown
1886239N17125,WP,1886,UNNAMED,,,-5,26,1886-08-26 16:00:00,1886-08-29 04:00:00,Unknown
1886246N18135,WP,1886,UNNAMED,,,-5,86,1886-09-02 16:00:00,1886-09-11 04:00:00,Unknown
1886259N16117,WP,1886,UNNAMED,,,-5,36,1886-09-15 16:00:00,1886-09-19 04:00:00,Unknown
1886259N26134,WP,1886,UNNAMED,,,-5,6,1886-09-15 16:00:00,1886-09-16 04:00:00,Unknown
1886261N20088,NI,1886,UNNAMED,,,-5,42,1886-09-18 00:00:00,1886-09-23 03:00:00,Unknown
1886265N20133,WP,1886,UNNAMED,,,-5,26,1886-09-21 16:00:00,1886-09-24 04:00:00,Unknown
1886270N15089,NI,1886,UNNAMED,,,-5,42,1886-09-27 00:00:00,1886-10-02 03:00:00,Unknown
1886280N15127,WP,1886,UNNAMED,,,-5,86,1886-10-06 16:00:00,1886-10-15 04:00:00,Unknown
1886285N18138,WP,1886,UNNAMED,,,-5,16,1886-10-11 16:00:00,1886-10-13 04:00:00,Unknown
1886288N11128,WP,1886,UNNAMED,,,-5,26,1886-10-14 16:00:00,1886-10-17 04:00:00,Unknown
1886290N16087,NI,1886,UNNAMED,,,-5,18,1886-10-17 00:00:00,1886-10-19 03:00:00,Unknown
1886306N10092,NI,1886,UNNAMED,,,-5,106,1886-11-02 00:00:00,1886-11-15 03:00:00,Unknown
1886319N11094,NI,1886,UNNAMED,,,-5,66,1886-11-15 00:00:00,1886-11-23 03:00:00,Unknown
1886320N10131,WP,1886,UNNAMED,,,-5,26,1886-11-15 16:00:00,1886-11-18 04:00:00,Unknown
1886342N11085,NI,1886,UNNAMED,,,-5,10,1886-12-08 00:00:00,1886-12-09 03:00:00,Unknown
1886351N09129,WP,1886,UNNAMED,,,-5,66,1886-12-16 16:00:00,1886-12-23 04:00:00,Unknown
1887010S22056,SI,1887,UNNAMED,,,-5,17,1887-01-10 00:00:00,1887-01-12 00:00:00,Unknown
1887011S18040,SI,1887,UNNAMED,,,-5,25,1887-01-11 00:00:00,1887-01-14 00:00:00,Unknown
1887011S21057,SI,1887,UNNAMED,,,-5,41,1887-01-11 06:00:00,1887-01-16 06:00:00,Unknown
1887011S22056,SI,1887,UNNAMED,,,-5,17,1887-01-11 06:00:00,1887-01-13 06:00:00,Unknown
1887021S18040,SI,1887,UNNAMED,,,-5,41,1887-01-21 06:00:00,1887-01-26 06:00:00,Unknown
1887070S11091,SI,1887,UNNAMED,,,-5,17,1887-03-11 00:00:00,1887-03-13 00:00:00,Unknown
1887080S11092,SI,1887,UNNAMED,,,-5,37,1887-03-20 18:00:00,1887-03-25 06:00:00,Unknown
1887130N10137,WP,1887,UNNAMED,,,-5,36,1887-05-09 16:00:00,1887-05-13 04:00:00,Unknown
1887139N12116,WP,1887,UNNAMED,,,-5,26,1887-05-18 16:00:00,1887-05-21 04:00:00,Unknown
1887141N16092,NI,1887,UNNAMED,,,-5,58,1887-05-21 00:00:00,1887-05-28 03:00:00,Unknown
1887158N18071,NI,1887,UNNAMED,,,-5,34,1887-06-07 00:00:00,1887-06-11 03:00:00,Unknown
1887162N18088,NI,1887,UNNAMED,,,-5,34,1887-06-11 00:00:00,1887-06-15 03:00:00,Unknown
1887170N21088,NI,1887,UNNAMED,,,-5,18,1887-06-19 00:00:00,1887-06-21 03:00:00,Unknown
1887180N10127,WP,1887,UNNAMED,,,-5,16,1887-06-28 16:00:00,1887-06-30 04:00:00,Unknown
1887188N25082,NI,1887,UNNAMED,,,-5,26,1887-07-07 00:00:00,1887-07-10 03:00:00,Unknown
1887189N11122,WP,1887,UNNAMED,,,-5,26,1887-07-07 16:00:00,1887-07-10 04:00:00,Unknown
1887191N23088,NI,1887,UNNAMED,,,-5,26,1887-07-10 00:00:00,1887-07-13 03:00:00,Unknown
1887193N23091,NI,1887,UNNAMED,,,-5,26,1887-07-12 00:00:00,1887-07-15 03:00:00,Unknown
1887198N15119,WP,1887,UNNAMED,,,-5,66,1887-07-16 16:00:00,1887-07-23 04:00:00,Unknown
1887198N21088,NI,1887,UNNAMED,,,-5,86,1887-07-17 00:00:00,1887-07-27 15:00:00,Unknown
1887202N24131,WP,1887,UNNAMED,,,-5,26,1887-07-20 16:00:00,1887-07-23 04:00:00,Unknown
1887206N22129,WP,1887,UNNAMED,,,-5,36,1887-07-24 16:00:00,1887-07-28 04:00:00,Unknown
1887210N22132,WP,1887,UNNAMED,,,-5,36,1887-07-28 16:00:00,1887-08-01 04:00:00,Unknown
1887226N16116,WP,1887,UNNAMED,,,-5,26,1887-08-13 16:00:00,1887-08-16 04:00:00,Unknown
1887229N18087,NI,1887,UNNAMED,,,-5,26,1887-08-17 00:00:00,1887-08-20 03:00:00,Unknown
1887232N19107,WP,1887,UNNAMED,,,-5,16,1887-08-19 16:00:00,1887-08-21 04:00:00,Unknown
1887233N21088,NI,1887,UNNAMED,,,-5,42,1887-08-21 00:00:00,1887-08-26 03:00:00,Unknown
1887235N21122,WP,1887,UNNAMED,,,-5,11,1887-08-23 04:00:00,1887-08-24 04:00:00,Unknown
1887247N12116,WP,1887,UNNAMED,,,-5,46,1887-09-03 16:00:00,1887-09-08 04:00:00,Unknown
1887252N16130,WP,1887,UNNAMED,,,-5,46,1887-09-08 16:00:00,1887-09-13 04:00:00,Unknown
1887252N21089,NI,1887,UNNAMED,,,-5,42,1887-09-09 00:00:00,1887-09-14 03:00:00,Unknown
1887258N17125,WP,1887,UNNAMED,,,-5,36,1887-09-14 16:00:00,1887-09-18 04:00:00,Unknown
1887262N15125,WP,1887,UNNAMED,,,-5,36,1887-09-18 16:00:00,1887-09-22 04:00:00,Unknown
1887264N20088,NI,1887,UNNAMED,,,-5,42,1887-09-21 00:00:00,1887-09-26 03:00:00,Unknown
1887267N17123,WP,1887,UNNAMED,,,-5,26,1887-09-23 16:00:00,1887-09-26 04:00:00,Unknown
1887271N16133,WP,1887,UNNAMED,,,-5,36,1887-09-27 16:00:00,1887-10-01 04:00:00,Unknown
1887274N12119,WP,1887,UNNAMED,,,-5,36,1887-09-30 16:00:00,1887-10-04 04:00:00,Unknown
1887277N19134,WP,1887,UNNAMED,,,-5,31,1887-10-04 04:00:00,1887-10-07 04:00:00,Unknown
1887280N11085,NI,1887,UNNAMED,,,-5,58,1887-10-07 00:00:00,1887-10-14 03:00:00,Unknown
1887320N09115,WP,1887,UNNAMED,,,-5,26,1887-11-15 16:00:00,1887-11-18 04:00:00,Unknown
1887329N09128,WP,1887,UNNAMED,,,-5,46,1887-11-24 16:00:00,1887-11-29 04:00:00,Unknown
1888001S13051,SI,1888,UNNAMED,,,-5,9,1888-01-01 06:00:00,1888-01-02 06:00:00,Unknown
1888001S13052,SI,1888,UNNAMED,,,-5,25,1888-01-01 06:00:00,1888-01-04 06:00:00,Unknown
1888001S17071,SI,1888,UNNAMED,,,-5,57,1888-01-01 06:00:00,1888-01-08 06:00:00,Unknown
1888001S20049,SI,1888,UNNAMED,,,-5,25,1888-01-01 06:00:00,1888-01-04 06:00:00,Unknown
1888009S13051,SI,1888,UNNAMED,,,-5,9,1888-01-09 00:00:00,1888-01-10 00:00:00,Unknown
1888009S17071,SI,1888,UNNAMED,,,-5,41,1888-01-09 00:00:00,1888-01-14 00:00:00,Unknown
1888009S20049,SI,1888,UNNAMED,,,-5,9,1888-01-09 00:00:00,1888-01-10 00:00:00,Unknown
1888032S22053,SI,1888,UNNAMED,,,-5,29,1888-01-31 18:00:00,1888-02-04 06:00:00,Unknown
1888032S22057,SI,1888,UNNAMED,,,-5,37,1888-01-31 18:00:00,1888-02-05 06:00:00,Unknown
1888040S22056,SI,1888,UNNAMED,,,-5,17,1888-02-09 00:00:00,1888-02-11 00:00:00,Unknown
1888040S23052,SI,1888,UNNAMED,,,-5,9,1888-02-09 00:00:00,1888-02-10 00:00:00,Unknown
1888043S16054,SI,1888,UNNAMED,,,-5,49,1888-02-12 00:00:00,1888-02-18 00:00:00,Unknown
1888052S15056,SI,1888,UNNAMED,,,-5,65,1888-02-21 06:00:00,1888-02-29 06:00:00,Unknown
1888071S19084,SI,1888,UNNAMED,,,-5,9,1888-03-11 00:00:00,1888-03-12 00:00:00,Unknown
1888081S18083,SI,1888,UNNAMED,,,-5,25,1888-03-21 06:00:00,1888-03-24 06:00:00,Unknown
1888081S18443,SI,1888,UNNAMED,,,-5,13,1888-03-20 18:00:00,1888-03-22 06:00:00,Unknown
1888132N10081,NI,1888,UNNAMED,,,-5,10,1888-05-11 00:00:00,1888-05-12 03:00:00,Unknown
1888163N19119,WP,1888,UNNAMED,,,-5,31,1888-06-11 04:00:00,1888-06-14 04:00:00,Unknown
1888166N20119,WP,1888,UNNAMED,,,-5,36,1888-06-13 16:00:00,1888-06-17 04:00:00,Unknown
1888184N24088,NI,1888,UNNAMED,,,-5,26,1888-07-02 00:00:00,1888-07-05 03:00:00,Unknown
1888190N14117,WP,1888,UNNAMED,,,-5,36,1888-07-07 16:00:00,1888-07-11 04:00:00,Unknown
1888194N16126,WP,1888,UNNAMED,,,-5,41,1888-07-12 04:00:00,1888-07-16 04:00:00,Unknown
1888194N19087,NI,1888,UNNAMED,,,-5,18,1888-07-12 00:00:00,1888-07-14 03:00:00,Unknown
1888201N15116,WP,1888,UNNAMED,,,-5,21,1888-07-19 04:00:00,1888-07-21 04:00:00,Unknown
1888201N21089,NI,1888,UNNAMED,,,-5,34,1888-07-19 00:00:00,1888-07-23 03:00:00,Unknown
1888208N25083,NI,1888,UNNAMED,,,-5,42,1888-07-26 00:00:00,1888-07-31 03:00:00,Unknown
1888211N28130,WP,1888,UNNAMED,,,-5,1,1888-07-29 04:00:00,1888-07-29 04:00:00,Unknown
1888216N28129,WP,1888,UNNAMED,,,-5,31,1888-08-03 04:00:00,1888-08-06 04:00:00,Unknown
1888217N21088,NI,1888,UNNAMED,,,-5,50,1888-08-04 00:00:00,1888-08-10 03:00:00,Unknown
1888228N23088,NI,1888,UNNAMED,,,-5,50,1888-08-15 00:00:00,1888-08-21 03:00:00,Unknown
1888229N14126,WP,1888,UNNAMED,,,-5,16,1888-08-15 16:00:00,1888-08-17 04:00:00,Unknown
1888234N21089,NI,1888,UNNAMED,,,-5,66,1888-08-21 00:00:00,1888-08-29 03:00:00,Unknown
1888236N17127,WP,1888,UNNAMED,,,-5,66,1888-08-22 16:00:00,1888-08-29 04:00:00,Unknown
1888250N20087,NI,1888,UNNAMED,,,-5,34,1888-09-06 00:00:00,1888-09-10 03:00:00,Unknown
1888253N11118,WP,1888,UNNAMED,,,-5,31,1888-09-09 04:00:00,1888-09-12 04:00:00,Unknown
1888253N26134,WP,1888,UNNAMED,,,-5,11,1888-09-09 04:00:00,1888-09-10 04:00:00,Unknown
1888257N15099,NI,1888,UNNAMED,,,-5,58,1888-09-13 00:00:00,1888-09-20 03:00:00,Unknown
1888268N14134,WP,1888,UNNAMED,,,-5,66,1888-09-23 16:00:00,1888-09-30 04:00:00,Unknown
1888275N15094,NI,1888,UNNAMED,,,-5,50,1888-10-01 00:00:00,1888-10-07 03:00:00,Unknown
1888301N11091,NI,1888,UNNAMED,,,-5,42,1888-10-27 00:00:00,1888-11-01 03:00:00,Unknown
1888309N16068,NI,1888,UNNAMED,,,-5,42,1888-11-04 00:00:00,1888-11-09 03:00:00,Unknown
1888324N17117,WP,1888,UNNAMED,,,-5,16,1888-11-18 16:00:00,1888-11-20 04:00:00,Unknown
1888345S20066,SI,1889,UNNAMED,,,-5,33,1888-12-10 00:00:00,1888-12-14 00:00:00,Unknown
1888346S19066,SI,1889,UNNAMED,,,-5,53,1888-12-10 18:00:00,1888-12-17 06:00:00,Unknown
1888347N10087,NI,1888,UNNAMED,,,-5,26,1888-12-12 00:00:00,1888-12-15 03:00:00,Unknown
1889153N14070,NI,1889,UNNAMED,,,-5,66,1889-06-02 00:00:00,1889-06-10 03:00:00,Unknown
1889159N15087,NI,1889,UNNAMED,,,-5,42,1889-06-08 00:00:00,1889-06-13 03:00:00,Unknown
1889196N22124,WP,1889,UNNAMED,,,-5,26,1889-07-14 16:00:00,1889-07-17 04:00:00,Unknown
1889200N21089,NI,1889,UNNAMED,,,-5,26,1889-07-19 00:00:00,1889-07-22 03:00:00,Unknown
1889207N20120,WP,1889,UNNAMED,,,-5,11,1889-07-26 04:00:00,1889-07-27 04:00:00,Unknown
1889208N21089,NI,1889,UNNAMED,,,-5,18,1889-07-27 00:00:00,1889-07-29 03:00:00,Unknown
1889212N22123,WP,1889,UNNAMED,,,-5,16,1889-07-30 16:00:00,1889-08-01 04:00:00,Unknown
1889217N21089,NI,1889,UNNAMED,,,-5,26,1889-08-05 00:00:00,1889-08-08 03:00:00,Unknown
1889225N20115,WP,1889,UNNAMED,,,-5,36,1889-08-12 16:00:00,1889-08-16 04:00:00,Unknown
1889228N21089,NI,1889,UNNAMED,,,-5,42,1889-08-16 00:00:00,1889-08-21 03:00:00,Unknown
1889234N24126,WP,1889,UNNAMED,,,-5,26,1889-08-21 16:00:00,1889-08-24 04:00:00,Unknown
1889253N18134,WP,1889,UNNAMED,,,-5,6,1889-09-09 16:00:00,1889-09-10 04:00:00,Unknown
1889260N17088,NI,1889,UNNAMED,,,-5,42,1889-09-17 00:00:00,1889-09-22 03:00:00,Unknown
1889266N16115,WP,1889,UNNAMED,,,-5,11,1889-09-23 04:00:00,1889-09-24 04:00:00,Unknown
1889284N18137,WP,1889,UNNAMED,,,-5,41,1889-10-11 04:00:00,1889-10-15 04:00:00,Unknown
1889286N20118,WP,1889,UNNAMED,,,-5,41,1889-10-13 04:00:00,1889-10-17 04:00:00,Unknown
1889288N14083,NI,1889,UNNAMED,,,-5,50,1889-10-15 00:00:00,1889-10-21 03:00:00,Unknown
1889292N15118,WP,1889,UNNAMED,,,-5,21,1889-10-19 04:00:00,1889-10-21 04:00:00,Unknown
1889298N21088,NI,1889,UNNAMED,,,-5,18,1889-10-25 00:00:00,1889-10-27 03:00:00,Unknown
1889302N13130,WP,1889,UNNAMED,,,-5,36,1889-10-28 16:00:00,1889-11-01 04:00:00,Unknown
1889307N12132,WP,1889,UNNAMED,,,-5,36,1889-11-02 16:00:00,1889-11-06 04:00:00,Unknown
1889322N13084,NI,1889,UNNAMED,,,-5,18,1889-11-18 00:00:00,1889-11-20 03:00:00,Unknown
1889344S12051,SI,1890,UNNAMED,,,-5,9,1889-12-10 00:00:00,1889-12-11 00:00:00,Unknown
1889345S12051,SI,1890,UNNAMED,,,-5,25,1889-12-11 06:00:00,1889-12-14 06:00:00,Unknown
1889351N10081,NI,1889,UNNAMED,,,-5,10,1889-12-17 00:00:00,1889-12-18 03:00:00,Unknown
1889357N14087,NI,1889,UNNAMED,,,-5,26,1889-12-23 00:00:00,1889-12-26 03:00:00,Unknown
1890011S08089,SI,1890,UNNAMED,,,-5,25,1890-01-11 00:00:00,1890-01-14 00:00:00,Unknown
1890011S12081,SI,1890,UNNAMED,,,-5,49,1890-01-11 00:00:00,1890-01-17 00:00:00,Unknown
1890021S07090,SI,1890,UNNAMED,,,-5,41,1890-01-21 06:00:00,1890-01-26 06:00:00,Unknown
1890021S08089,SI,1890,UNNAMED,,,-5,25,1890-01-21 06:00:00,1890-01-24 06:00:00,Unknown
1890021S12081,SI,1890,UNNAMED,,,-5,49,1890-01-21 06:00:00,1890-01-27 06:00:00,Unknown
1890021S12082,SI,1890,UNNAMED,,,-5,65,1890-01-21 06:00:00,1890-01-29 06:00:00,Unknown
1890042S17055,SI,1890,UNNAMED,,,-5,9,1890-02-11 00:00:00,1890-02-12 00:00:00,Unknown
1890042S17056,SI,1890,UNNAMED,,,-5,25,1890-02-11 06:00:00,1890-02-14 06:00:00,Unknown
1890046S17056,SI,1890,UNNAMED,,,-5,13,1890-02-14 18:00:00,1890-02-16 06:00:00,Unknown
1890122N10114,WP,1890,UNNAMED,,,-5,26,1890-05-01 16:00:00,1890-05-04 04:00:00,Unknown
1890125N12094,NI,1890,UNNAMED,,,-5,26,1890-05-05 00:00:00,1890-05-08 03:00:00,Unknown
1890153N19069,NI,1890,UNNAMED,,,-5,26,1890-06-02 00:00:00,1890-06-05 03:00:00,Unknown
1890169N19086,NI,1890,UNNAMED,,,-5,26,1890-06-18 00:00:00,1890-06-21 03:00:00,Unknown
1890173N23089,NI,1890,UNNAMED,,,-5,18,1890-06-22 00:00:00,1890-06-24 03:00:00,Unknown
1890179N13114,WP,1890,UNNAMED,,,-5,26,1890-06-27 16:00:00,1890-06-30 04:00:00,Unknown
1890182N20088,NI,1890,UNNAMED,,,-5,34,1890-07-01 00:00:00,1890-07-05 03:00:00,Unknown
1890192N25084,NI,1890,UNNAMED,,,-5,18,1890-07-11 00:00:00,1890-07-13 03:00:00,Unknown
1890194N24128,WP,1890,UNNAMED,,,-5,26,1890-07-12 16:00:00,1890-07-15 04:00:00,Unknown
1890197N21126,WP,1890,UNNAMED,,,-5,26,1890-07-15 16:00:00,1890-07-18 04:00:00,Unknown
1890202N21122,WP,1890,UNNAMED,,,-5,6,1890-07-20 16:00:00,1890-07-21 04:00:00,Unknown
1890224N24087,NI,1890,UNNAMED,,,-5,26,1890-08-12 00:00:00,1890-08-15 03:00:00,Unknown
1890249N17116,WP,1890,UNNAMED,,,-5,36,1890-09-05 16:00:00,1890-09-09 04:00:00,Unknown
1890264N14117,WP,1890,UNNAMED,,,-5,46,1890-09-20 16:00:00,1890-09-25 04:00:00,Unknown
1890264N24131,WP,1890,UNNAMED,,,-5,16,1890-09-20 16:00:00,1890-09-22 04:00:00,Unknown
1890266N18085,NI,1890,UNNAMED,,,-5,34,1890-09-23 00:00:00,1890-09-27 03:00:00,Unknown
1890271N15125,WP,1890,UNNAMED,,,-5,106,1890-09-27 16:00:00,1890-10-08 04:00:00,Unknown
1890275N21133,WP,1890,UNNAMED,,,-5,31,1890-10-02 04:00:00,1890-10-05 04:00:00,Unknown
1890283N14085,NI,1890,UNNAMED,,,-5,34,1890-10-10 00:00:00,1890-10-14 03:00:00,Unknown
1890284N14128,WP,1890,UNNAMED,,,-5,36,1890-10-10 16:00:00,1890-10-14 04:00:00,Unknown
1890289N12124,WP,1890,UNNAMED,,,-5,91,1890-10-16 04:00:00,1890-10-25 04:00:00,Unknown
1890294N17090,NI,1890,UNNAMED,,,-5,26,1890-10-21 00:00:00,1890-10-24 03:00:00,Unknown
1890303N16148,WP,1890,UNNAMED,,,-5,26,1890-10-29 16:00:00,1890-11-01 04:00:00,Unknown
1890314N09133,WP,1890,UNNAMED,,,-5,66,1890-11-09 16:00:00,1890-11-16 04:00:00,Unknown
1891032S12075,SI,1891,UNNAMED,,,-5,81,1891-02-01 06:00:00,1891-02-11 06:00:00,Unknown
1891032S12435,SI,1891,UNNAMED,,,-5,69,1891-01-31 18:00:00,1891-02-09 06:00:00,Unknown
1891039S13068,SI,1891,UNNAMED,,,-5,37,1891-02-07 18:00:00,1891-02-12 06:00:00,Unknown
1891040S12073,SI,1891,UNNAMED,,,-5,65,1891-02-09 00:00:00,1891-02-17 00:00:00,Unknown
1891042S13068,SI,1891,UNNAMED,,,-5,49,1891-02-11 06:00:00,1891-02-17 06:00:00,Unknown
1891069S11064,SI,1891,UNNAMED,,,-5,49,1891-03-10 00:00:00,1891-03-16 00:00:00,Unknown
1891070S11065,SI,1891,UNNAMED,,,-5,73,1891-03-11 06:00:00,1891-03-20 06:00:00,Unknown
1891070S11425,SI,1891,UNNAMED,,,-5,53,1891-03-10 18:00:00,1891-03-17 06:00:00,Unknown
1891130N06113,WP,1891,UNNAMED,,,-5,26,1891-05-09 16:00:00,1891-05-12 04:00:00,Unknown
1891140N10082,NI,1891,UNNAMED,,,-5,42,1891-05-20 00:00:00,1891-05-25 03:00:00,Unknown
1891180N11114,WP,1891,UNNAMED,,,-5,46,1891-06-28 16:00:00,1891-07-03 04:00:00,Unknown
1891197N14129,WP,1891,UNNAMED,,,-5,46,1891-07-15 16:00:00,1891-07-20 04:00:00,Unknown
1891205N22088,NI,1891,UNNAMED,,,-5,50,1891-07-24 00:00:00,1891-07-30 03:00:00,Unknown
1891207N15123,WP,1891,UNNAMED,,,-5,96,1891-07-25 16:00:00,1891-08-04 04:00:00,Unknown
1891213N20091,NI,1891,UNNAMED,,,-5,26,1891-08-01 00:00:00,1891-08-04 03:00:00,Unknown
1891213N22128,WP,1891,UNNAMED,,,-5,16,1891-07-31 16:00:00,1891-08-02 04:00:00,Unknown
1891224N23089,NI,1891,UNNAMED,,,-5,34,1891-08-12 00:00:00,1891-08-16 03:00:00,Unknown
1891233N19126,WP,1891,UNNAMED,,,-5,16,1891-08-20 16:00:00,1891-08-22 04:00:00,Unknown
1891236N19122,WP,1891,UNNAMED,,,-5,36,1891-08-23 16:00:00,1891-08-27 04:00:00,Unknown
1891243N19132,WP,1891,UNNAMED,,,-5,16,1891-08-30 16:00:00,1891-09-01 04:00:00,Unknown
1891245N20089,NI,1891,UNNAMED,,,-5,18,1891-09-02 00:00:00,1891-09-04 03:00:00,Unknown
1891248N12130,WP,1891,UNNAMED,,,-5,46,1891-09-04 16:00:00,1891-09-09 04:00:00,Unknown
1891248N21089,NI,1891,UNNAMED,,,-5,42,1891-09-05 00:00:00,1891-09-10 03:00:00,Unknown
1891254N19119,WP,1891,UNNAMED,,,-5,26,1891-09-10 16:00:00,1891-09-13 04:00:00,Unknown
1891254N20088,NI,1891,UNNAMED,,,-5,34,1891-09-11 00:00:00,1891-09-15 03:00:00,Unknown
1891255N20135,WP,1891,UNNAMED,,,-5,16,1891-09-11 16:00:00,1891-09-13 04:00:00,Unknown
1891259N12121,WP,1891,UNNAMED,,,-5,26,1891-09-15 16:00:00,1891-09-18 04:00:00,Unknown
1891260N19087,NI,1891,UNNAMED,,,-5,18,1891-09-17 00:00:00,1891-09-19 03:00:00,Unknown
1891263N16097,NI,1891,UNNAMED,,,-5,98,1891-09-20 00:00:00,1891-10-02 03:00:00,Unknown
1891263N17124,WP,1891,UNNAMED,,,-5,46,1891-09-20 04:00:00,1891-09-24 16:00:00,Unknown
1891272N26131,WP,1891,UNNAMED,,,-5,11,1891-09-28 16:00:00,1891-09-29 16:00:00,Unknown
1891278N17148,WP,1891,UNNAMED,,,-5,26,1891-10-04 16:00:00,1891-10-07 04:00:00,Unknown
1891293N10084,NI,1891,UNNAMED,,,-5,26,1891-10-20 00:00:00,1891-10-23 03:00:00,Unknown
1891305N08074,NI,1891,UNNAMED,,,-5,18,1891-11-01 00:00:00,1891-11-03 03:00:00,Unknown
1891305N10097,NI,1891,UNNAMED,,,-5,50,1891-11-01 00:00:00,1891-11-07 03:00:00,Unknown
1891305S18069,SI,1892,UNNAMED,,,-5,21,1891-10-31 18:00:00,1891-11-03 06:00:00,Unknown
1891313S18069,SI,1892,UNNAMED,,,-5,17,1891-11-09 00:00:00,1891-11-11 00:00:00,Unknown
1891316N12127,WP,1891,UNNAMED,,,-5,46,1891-11-11 16:00:00,1891-11-16 04:00:00,Unknown
1891320N13126,WP,1891,UNNAMED,,,-5,96,1891-11-15 16:00:00,1891-11-25 04:00:00,Unknown
1891321N13142,WP,1891,UNNAMED,,,-5,56,1891-11-16 16:00:00,1891-11-22 04:00:00,Unknown
1891324N12088,NI,1891,UNNAMED,,,-5,26,1891-11-20 00:00:00,1891-11-23 03:00:00,Unknown
1891325S17069,SI,1892,UNNAMED,,,-5,33,1891-11-21 06:00:00,1891-11-25 06:00:00,Unknown
1892010S06088,SI,1892,UNNAMED,,,-5,41,1892-01-10 00:00:00,1892-01-15 00:00:00,Unknown
1892010S11056,SI,1892,UNNAMED,,,-5,49,1892-01-10 00:00:00,1892-01-16 00:00:00,Unknown
1892011S05088,SI,1892,UNNAMED,,,-5,57,1892-01-11 06:00:00,1892-01-18 06:00:00,Unknown
1892011S11057,SI,1892,UNNAMED,,,-5,65,1892-01-11 06:00:00,1892-01-19 06:00:00,Unknown
1892032S12062,SI,1892,UNNAMED,,,-5,49,1892-02-01 06:00:00,1892-02-07 06:00:00,Unknown
1892039S13062,SI,1892,UNNAMED,,,-5,37,1892-02-07 18:00:00,1892-02-12 06:00:00,Unknown
1892041S14059,SI,1892,UNNAMED,,,-5,33,1892-02-10 00:00:00,1892-02-14 00:00:00,Unknown
1892042S25053,SI,1892,UNNAMED,,,-5,33,1892-02-11 06:00:00,1892-02-15 06:00:00,Unknown
1892042S26052,SI,1892,UNNAMED,,,-5,17,1892-02-11 00:00:00,1892-02-13 00:00:00,Unknown
1892043S15060,SI,1892,UNNAMED,,,-5,33,1892-02-12 00:00:00,1892-02-16 00:00:00,Unknown
1892046S25053,SI,1892,UNNAMED,,,-5,21,1892-02-14 18:00:00,1892-02-17 06:00:00,Unknown
1892052S15062,SI,1892,UNNAMED,,,-5,49,1892-02-21 06:00:00,1892-02-27 06:00:00,Unknown
1892102S11062,SI,1892,UNNAMED,,,-5,33,1892-04-11 00:00:00,1892-04-15 00:00:00,Unknown
1892112S10064,SI,1892,UNNAMED,,,-5,49,1892-04-21 06:00:00,1892-04-27 06:00:00,Unknown
1892112S10424,SI,1892,UNNAMED,,,-5,37,1892-04-20 18:00:00,1892-04-25 06:00:00,Unknown
1892119N17061,NI,1892,UNNAMED,,,-5,34,1892-04-28 00:00:00,1892-05-02 03:00:00,Unknown
1892153N20070,NI,1892,UNNAMED,,,-5,18,1892-06-01 00:00:00,1892-06-03 03:00:00,Unknown
1892158N16114,WP,1892,UNNAMED,,,-5,61,1892-06-06 04:00:00,1892-06-12 04:00:00,Unknown
1892160N19089,NI,1892,UNNAMED,,,-5,42,1892-06-08 00:00:00,1892-06-13 03:00:00,Unknown
1892177N12121,WP,1892,UNNAMED,,,-5,36,1892-06-24 16:00:00,1892-06-28 04:00:00,Unknown
1892182N20112,WP,1892,UNNAMED,,,-5,6,1892-06-29 16:00:00,1892-06-30 04:00:00,Unknown
1892191N20089,NI,1892,UNNAMED,,,-5,34,1892-07-09 00:00:00,1892-07-13 03:00:00,Unknown
1892198N18139,WP,1892,UNNAMED,,,-5,56,1892-07-15 16:00:00,1892-07-21 04:00:00,Unknown
1892199N16114,WP,1892,UNNAMED,,,-5,81,1892-07-17 04:00:00,1892-07-25 04:00:00,Unknown
1892200N24086,NI,1892,UNNAMED,,,-5,18,1892-07-18 00:00:00,1892-07-20 03:00:00,Unknown
1892204N23087,NI,1892,UNNAMED,,,-5,34,1892-07-22 00:00:00,1892-07-26 03:00:00,Unknown
1892206N20113,WP,1892,UNNAMED,,,-5,26,1892-07-23 16:00:00,1892-07-26 04:00:00,Unknown
1892212N18126,WP,1892,UNNAMED,,,-5,36,1892-07-29 16:00:00,1892-08-02 04:00:00,Unknown
1892224N29127,WP,1892,UNNAMED,,,-5,6,1892-08-10 16:00:00,1892-08-11 04:00:00,Unknown
1892228N20126,WP,1892,UNNAMED,,,-5,41,1892-08-15 04:00:00,1892-08-19 04:00:00,Unknown
1892242N18087,NI,1892,UNNAMED,,,-5,66,1892-08-29 00:00:00,1892-09-06 03:00:00,Unknown
1892244N20112,WP,1892,UNNAMED,,,-5,31,1892-08-31 04:00:00,1892-09-03 04:00:00,Unknown
1892246N24131,WP,1892,UNNAMED,,,-5,16,1892-09-01 16:00:00,1892-09-03 04:00:00,Unknown
1892246N25133,WP,1892,UNNAMED,,,-5,96,1892-09-01 16:00:00,1892-09-11 04:00:00,Unknown
1892250N23122,WP,1892,UNNAMED,,,-5,41,1892-09-06 04:00:00,1892-09-10 04:00:00,Unknown
1892251N18091,NI,1892,UNNAMED,,,-5,42,1892-09-07 00:00:00,1892-09-12 03:00:00,Unknown
1892261N22121,WP,1892,UNNAMED,,,-5,11,1892-09-17 04:00:00,1892-09-18 04:00:00,Unknown
1892263N15086,NI,1892,UNNAMED,,,-5,26,1892-09-19 00:00:00,1892-09-22 03:00:00,Unknown
1892268N17117,WP,1892,UNNAMED,,,-5,36,1892-09-23 16:00:00,1892-09-27 04:00:00,Unknown
1892281N14143,WP,1892,UNNAMED,,,-5,46,1892-10-06 16:00:00,1892-10-11 04:00:00,Unknown
1892288N10092,NI,1892,UNNAMED,,,-5,26,1892-10-14 00:00:00,1892-10-17 03:00:00,Unknown
1892292N14094,NI,1892,UNNAMED,,,-5,26,1892-10-18 00:00:00,1892-10-21 03:00:00,Unknown
1892298N14144,WP,1892,UNNAMED,,,-5,76,1892-10-23 16:00:00,1892-10-31 04:00:00,Unknown
1892300N11086,NI,1892,UNNAMED,,,-5,42,1892-10-26 00:00:00,1892-10-31 03:00:00,Unknown
1892317N05113,WP,1892,UNNAMED,,,-5,16,1892-11-11 16:00:00,1892-11-13 04:00:00,Unknown
1892324N13129,WP,1892,UNNAMED,,,-5,41,1892-11-19 04:00:00,1892-11-23 04:00:00,Unknown
1892342N05127,WP,1892,UNNAMED,,,-5,16,1892-12-06 16:00:00,1892-12-08 04:00:00,Unknown
1893010S15061,SI,1893,UNNAMED,,,-5,9,1893-01-10 00:00:00,1893-01-11 00:00:00,Unknown
1893011S14059,SI,1893,UNNAMED,,,-5,57,1893-01-11 00:00:00,1893-01-18 00:00:00,Unknown
1893011S15062,SI,1893,UNNAMED,,,-5,57,1893-01-11 06:00:00,1893-01-18 06:00:00,Unknown
1893021S14059,SI,1893,UNNAMED,,,-5,65,1893-01-21 06:00:00,1893-01-29 06:00:00,Unknown
1893042S15062,SI,1893,UNNAMED,,,-5,41,1893-02-11 00:00:00,1893-02-16 00:00:00,Unknown
1893042S15063,SI,1893,UNNAMED,,,-5,57,1893-02-11 06:00:00,1893-02-18 06:00:00,Unknown
1893046S15063,SI,1893,UNNAMED,,,-5,45,1893-02-14 18:00:00,1893-02-20 06:00:00,Unknown
1893070S10061,SI,1893,UNNAMED,,,-5,33,1893-03-11 00:00:00,1893-03-15 00:00:00,Unknown
1893080S10061,SI,1893,UNNAMED,,,-5,53,1893-03-20 18:00:00,1893-03-27 06:00:00,Unknown
1893115N12092,NI,1893,UNNAMED,,,-5,18,1893-04-25 00:00:00,1893-04-27 03:00:00,Unknown
1893128N11121,WP,1893,UNNAMED,,,-5,66,1893-05-07 16:00:00,1893-05-14 04:00:00,Unknown
1893133N09138,WP,1893,UNNAMED,,,-5,66,1893-05-12 16:00:00,1893-05-19 04:00:00,Unknown
1893143N20087,NI,1893,UNNAMED,,,-5,42,1893-05-23 00:00:00,1893-05-28 03:00:00,Unknown
1893163N13092,NI,1893,UNNAMED,,,-5,66,1893-06-12 00:00:00,1893-06-20 03:00:00,Unknown
1893173N15114,WP,1893,UNNAMED,,,-5,36,1893-06-21 16:00:00,1893-06-25 04:00:00,Unknown
1893176N23091,NI,1893,UNNAMED,,,-5,42,1893-06-25 00:00:00,1893-06-30 03:00:00,Unknown
1893191N19127,WP,1893,UNNAMED,,,-5,26,1893-07-09 16:00:00,1893-07-12 04:00:00,Unknown
1893196N15129,WP,1893,UNNAMED,,,-5,56,1893-07-14 16:00:00,1893-07-20 04:00:00,Unknown
1893208N19127,WP,1893,UNNAMED,,,-5,36,1893-07-26 16:00:00,1893-07-30 04:00:00,Unknown
1893212N20088,NI,1893,UNNAMED,,,-5,34,1893-07-31 00:00:00,1893-08-04 03:00:00,Unknown
1893213N18128,WP,1893,UNNAMED,,,-5,16,1893-07-31 16:00:00,1893-08-02 04:00:00,Unknown
1893221N19126,WP,1893,UNNAMED,,,-5,16,1893-08-08 16:00:00,1893-08-10 04:00:00,Unknown
1893225N18130,WP,1893,UNNAMED,,,-5,36,1893-08-12 16:00:00,1893-08-16 04:00:00,Unknown
1893240N15113,WP,1893,UNNAMED,,,-5,31,1893-08-28 04:00:00,1893-08-31 04:00:00,Unknown
1893244N21088,NI,1893,UNNAMED,,,-5,34,1893-09-01 00:00:00,1893-09-05 03:00:00,Unknown
1893248N18125,WP,1893,UNNAMED,,,-5,46,1893-09-04 16:00:00,1893-09-09 04:00:00,Unknown
1893252N18090,NI,1893,UNNAMED,,,-5,82,1893-09-09 00:00:00,1893-09-19 03:00:00,Unknown
1893254N20125,WP,1893,UNNAMED,,,-5,16,1893-09-10 16:00:00,1893-09-12 04:00:00,Unknown
1893262N17128,WP,1893,UNNAMED,,,-5,26,1893-09-18 16:00:00,1893-09-21 04:00:00,Unknown
1893264N18089,NI,1893,UNNAMED,,,-5,42,1893-09-21 00:00:00,1893-09-26 03:00:00,Unknown
1893265N17115,WP,1893,UNNAMED,,,-5,36,1893-09-21 16:00:00,1893-09-25 04:00:00,Unknown
1893268N14128,WP,1893,UNNAMED,,,-5,46,1893-09-24 16:00:00,1893-09-29 04:00:00,Unknown
1893273N15128,WP,1893,UNNAMED,,,-5,36,1893-09-29 16:00:00,1893-10-03 04:00:00,Unknown
1893274N10148,WP,1893,UNNAMED,,,-5,86,1893-09-30 16:00:00,1893-10-09 04:00:00,Unknown
1893284N18131,WP,1893,UNNAMED,,,-5,26,1893-10-10 16:00:00,1893-10-13 04:00:00,Unknown
1893293N16091,NI,1893,UNNAMED,,,-5,18,1893-10-20 00:00:00,1893-10-22 03:00:00,Unknown
1893298N11096,NI,1893,UNNAMED,,,-5,26,1893-10-25 00:00:00,1893-10-28 03:00:00,Unknown
1893308N10084,NI,1893,UNNAMED,,,-5,18,1893-11-04 00:00:00,1893-11-06 03:00:00,Unknown
1893315N11124,WP,1893,UNNAMED,,,-5,56,1893-11-10 16:00:00,1893-11-16 04:00:00,Unknown
1893316N12073,NI,1893,UNNAMED,,,-5,66,1893-11-12 00:00:00,1893-11-20 03:00:00,Unknown
1893323N08137,WP,1893,UNNAMED,,,-5,56,1893-11-18 16:00:00,1893-11-24 04:00:00,Unknown
1894010S14056,SI,1894,UNNAMED,,,-5,49,1894-01-10 00:00:00,1894-01-16 00:00:00,Unknown
1894011S13057,SI,1894,UNNAMED,,,-5,65,1894-01-11 06:00:00,1894-01-19 06:00:00,Unknown
1894011S14056,SI,1894,UNNAMED,,,-5,49,1894-01-11 06:00:00,1894-01-17 06:00:00,Unknown
1894032S11059,SI,1894,UNNAMED,,,-5,57,1894-02-01 06:00:00,1894-02-08 06:00:00,Unknown
1894032S11419,SI,1894,UNNAMED,,,-5,45,1894-01-31 18:00:00,1894-02-06 06:00:00,Unknown
1894040S11057,SI,1894,UNNAMED,,,-5,41,1894-02-09 00:00:00,1894-02-14 00:00:00,Unknown
1894042S15064,SI,1894,UNNAMED,,,-5,41,1894-02-11 06:00:00,1894-02-16 06:00:00,Unknown
1894042S16063,SI,1894,UNNAMED,,,-5,25,1894-02-11 00:00:00,1894-02-14 00:00:00,Unknown
1894046S16064,SI,1894,UNNAMED,,,-5,29,1894-02-14 18:00:00,1894-02-18 06:00:00,Unknown
1894052S14066,SI,1894,UNNAMED,,,-5,33,1894-02-21 06:00:00,1894-02-25 06:00:00,Unknown
1894069S13067,SI,1894,UNNAMED,,,-5,17,1894-03-10 00:00:00,1894-03-12 00:00:00,Unknown
1894070S12068,SI,1894,UNNAMED,,,-5,33,1894-03-11 06:00:00,1894-03-15 06:00:00,Unknown
1894070S13068,SI,1894,UNNAMED,,,-5,21,1894-03-10 18:00:00,1894-03-13 06:00:00,Unknown
1894070S18069,SI,1894,UNNAMED,,,-5,33,1894-03-11 06:00:00,1894-03-15 06:00:00,Unknown
1894101S12058,SI,1894,UNNAMED,,,-5,9,1894-04-11 00:00:00,1894-04-12 00:00:00,Unknown
1894111S12060,SI,1894,UNNAMED,,,-5,13,1894-04-20 18:00:00,1894-04-22 06:00:00,Unknown
1894111S12061,SI,1894,UNNAMED,,,-5,25,1894-04-21 06:00:00,1894-04-24 06:00:00,Unknown
1894117N13093,NI,1894,UNNAMED,,,-5,18,1894-04-27 00:00:00,1894-04-29 03:00:00,Unknown
1894151N16112,WP,1894,UNNAMED,,,-5,26,1894-05-30 16:00:00,1894-06-02 04:00:00,Unknown
1894164N23091,NI,1894,UNNAMED,,,-5,42,1894-06-13 00:00:00,1894-06-18 03:00:00,Unknown
1894172N20087,NI,1894,UNNAMED,,,-5,26,1894-06-21 00:00:00,1894-06-24 03:00:00,Unknown
1894175N18114,WP,1894,UNNAMED,,,-5,16,1894-06-23 16:00:00,1894-06-25 04:00:00,Unknown
1894178N18126,WP,1894,UNNAMED,,,-5,26,1894-06-26 16:00:00,1894-06-29 04:00:00,Unknown
1894181N16112,WP,1894,UNNAMED,,,-5,26,1894-06-29 16:00:00,1894-07-02 04:00:00,Unknown
1894184N25089,NI,1894,UNNAMED,,,-5,66,1894-07-03 00:00:00,1894-07-11 03:00:00,Unknown
1894192N20087,NI,1894,UNNAMED,,,-5,26,1894-07-11 00:00:00,1894-07-14 03:00:00,Unknown
1894197N20089,NI,1894,UNNAMED,,,-5,58,1894-07-16 00:00:00,1894-07-23 03:00:00,Unknown
1894202N24131,WP,1894,UNNAMED,,,-5,26,1894-07-20 16:00:00,1894-07-23 04:00:00,Unknown
1894205N19114,WP,1894,UNNAMED,,,-5,21,1894-07-24 04:00:00,1894-07-26 04:00:00,Unknown
1894205N22088,NI,1894,UNNAMED,,,-5,26,1894-07-24 00:00:00,1894-07-27 03:00:00,Unknown
1894210N22135,WP,1894,UNNAMED,,,-5,66,1894-07-28 16:00:00,1894-08-04 04:00:00,Unknown
1894225N23088,NI,1894,UNNAMED,,,-5,42,1894-08-13 00:00:00,1894-08-18 03:00:00,Unknown
1894238N17114,WP,1894,UNNAMED,,,-5,26,1894-08-25 16:00:00,1894-08-28 04:00:00,Unknown
1894250N16117,WP,1894,UNNAMED,,,-5,56,1894-09-06 16:00:00,1894-09-12 04:00:00,Unknown
1894259N09130,WP,1894,UNNAMED,,,-5,46,1894-09-15 16:00:00,1894-09-20 04:00:00,Unknown
1894265N17127,WP,1894,UNNAMED,,,-5,46,1894-09-21 16:00:00,1894-09-26 04:00:00,Unknown
1894270N15123,WP,1894,UNNAMED,,,-5,41,1894-09-27 04:00:00,1894-10-01 04:00:00,Unknown
1894270N20087,NI,1894,UNNAMED,,,-5,34,1894-09-27 00:00:00,1894-10-01 03:00:00,Unknown
1894275N14134,WP,1894,UNNAMED,,,-5,46,1894-10-01 16:00:00,1894-10-06 04:00:00,Unknown
1894275N21088,NI,1894,UNNAMED,,,-5,26,1894-10-02 00:00:00,1894-10-05 03:00:00,Unknown
1894296N15068,NI,1894,UNNAMED,,,-5,26,1894-10-23 00:00:00,1894-10-26 03:00:00,Unknown
1894303N13090,NI,1894,UNNAMED,,,-5,26,1894-10-30 00:00:00,1894-11-02 03:00:00,Unknown
1894318N15139,WP,1894,UNNAMED,,,-5,66,1894-11-13 16:00:00,1894-11-20 04:00:00,Unknown
1894335S18054,SI,1895,UNNAMED,,,-5,33,1894-12-01 06:00:00,1894-12-05 06:00:00,Unknown
1894335S18414,SI,1895,UNNAMED,,,-5,21,1894-11-30 18:00:00,1894-12-03 06:00:00,Unknown
1894343S19054,SI,1895,UNNAMED,,,-5,17,1894-12-09 00:00:00,1894-12-11 00:00:00,Unknown
1894345S17061,SI,1895,UNNAMED,,,-5,25,1894-12-11 06:00:00,1894-12-14 06:00:00,Unknown
1895001S14073,SI,1895,UNNAMED,,,-5,57,1895-01-01 06:00:00,1895-01-08 06:00:00,Unknown
1895001S15072,SI,1895,UNNAMED,,,-5,33,1895-01-01 06:00:00,1895-01-05 06:00:00,Unknown
1895009S15072,SI,1895,UNNAMED,,,-5,51,1895-01-09 00:00:00,1895-01-15 06:00:00,Unknown
1895010S18061,SI,1895,UNNAMED,,,-5,17,1895-01-10 00:00:00,1895-01-12 00:00:00,Unknown
1895091S15053,SI,1895,UNNAMED,,,-5,33,1895-04-01 06:00:00,1895-04-05 06:00:00,Unknown
1895091S15054,SI,1895,UNNAMED,,,-5,17,1895-04-01 06:00:00,1895-04-03 06:00:00,Unknown
1895099S15054,SI,1895,UNNAMED,,,-5,17,1895-04-09 00:00:00,1895-04-11 00:00:00,Unknown
1895112N11086,NI,1895,UNNAMED,,,-5,34,1895-04-22 00:00:00,1895-04-26 03:00:00,Unknown
1895131N11129,WP,1895,UNNAMED,,,-5,56,1895-05-10 16:00:00,1895-05-16 04:00:00,Unknown
1895161N13116,WP,1895,UNNAMED,,,-5,26,1895-06-09 16:00:00,1895-06-12 04:00:00,Unknown
1895165N18070,NI,1895,UNNAMED,,,-5,34,1895-06-14 00:00:00,1895-06-18 03:00:00,Unknown
1895170N21088,NI,1895,UNNAMED,,,-5,18,1895-06-19 00:00:00,1895-06-21 03:00:00,Unknown
1895179N21088,NI,1895,UNNAMED,,,-5,29,1895-06-27 15:00:00,1895-07-01 03:00:00,Unknown
1895180N17117,WP,1895,UNNAMED,,,-5,36,1895-06-28 16:00:00,1895-07-02 04:00:00,Unknown
1895180N20124,WP,1895,UNNAMED,,,-5,21,1895-06-29 04:00:00,1895-07-01 04:00:00,Unknown
1895199N16142,WP,1895,UNNAMED,,,-5,51,1895-07-18 04:00:00,1895-07-23 04:00:00,Unknown
1895199N20088,NI,1895,UNNAMED,,,-5,26,1895-07-18 00:00:00,1895-07-21 03:00:00,Unknown
1895209N21114,WP,1895,UNNAMED,,,-5,21,1895-07-28 04:00:00,1895-07-30 04:00:00,Unknown
1895211N21088,NI,1895,UNNAMED,,,-5,26,1895-07-30 00:00:00,1895-08-02 03:00:00,Unknown
1895218N20088,NI,1895,UNNAMED,,,-5,26,1895-08-06 00:00:00,1895-08-09 03:00:00,Unknown
1895227N18130,WP,1895,UNNAMED,,,-5,66,1895-08-14 16:00:00,1895-08-21 04:00:00,Unknown
1895233N24128,WP,1895,UNNAMED,,,-5,26,1895-08-20 16:00:00,1895-08-23 04:00:00,Unknown
1895240N19118,WP,1895,UNNAMED,,,-5,31,1895-08-28 04:00:00,1895-08-31 04:00:00,Unknown
1895244N17128,WP,1895,UNNAMED,,,-5,56,1895-08-31 16:00:00,1895-09-06 04:00:00,Unknown
1895247N17087,NI,1895,UNNAMED,,,-5,26,1895-09-04 00:00:00,1895-09-07 03:00:00,Unknown
1895259N18090,NI,1895,UNNAMED,,,-5,34,1895-09-16 00:00:00,1895-09-20 03:00:00,Unknown
1895261N22122,WP,1895,UNNAMED,,,-5,21,1895-09-18 04:00:00,1895-09-20 04:00:00,Unknown
1895266N19126,WP,1895,UNNAMED,,,-5,46,1895-09-22 16:00:00,1895-09-27 04:00:00,Unknown
1895273N18087,NI,1895,UNNAMED,,,-5,18,1895-09-30 00:00:00,1895-10-02 03:00:00,Unknown
1895303N13120,WP,1895,UNNAMED,,,-5,26,1895-10-29 16:00:00,1895-11-01 04:00:00,Unknown
1895305N16124,WP,1895,UNNAMED,,,-5,11,1895-11-01 04:00:00,1895-11-02 04:00:00,Unknown
1895311N09136,WP,1895,UNNAMED,,,-5,66,1895-11-06 16:00:00,1895-11-13 04:00:00,Unknown
1895312N13117,WP,1895,UNNAMED,,,-5,71,1895-11-08 04:00:00,1895-11-15 04:00:00,Unknown
1895344N12089,NI,1895,UNNAMED,,,-5,18,1895-12-10 00:00:00,1895-12-12 03:00:00,Unknown
1896011S12069,SI,1896,UNNAMED,,,-5,49,1896-01-11 00:00:00,1896-01-17 00:00:00,Unknown
1896021S11069,SI,1896,UNNAMED,,,-5,65,1896-01-21 06:00:00,1896-01-29 06:00:00,Unknown
1896042S09063,SI,1896,UNNAMED,,,-5,81,1896-02-11 06:00:00,1896-02-21 06:00:00,Unknown
1896042S11062,SI,1896,UNNAMED,,,-5,65,1896-02-11 00:00:00,1896-02-19 00:00:00,Unknown
1896046S10062,SI,1896,UNNAMED,,,-5,69,1896-02-14 18:00:00,1896-02-23 06:00:00,Unknown
1896070S27080,SI,1896,UNNAMED,,,-5,25,1896-03-10 00:00:00,1896-03-13 00:00:00,Unknown
1896071S26080,SI,1896,UNNAMED,,,-5,41,1896-03-11 06:00:00,1896-03-16 06:00:00,Unknown
1896071S26440,SI,1896,UNNAMED,,,-5,29,1896-03-10 18:00:00,1896-03-14 06:00:00,Unknown
1896132N11121,WP,1896,UNNAMED,,,-5,81,1896-05-11 04:00:00,1896-05-19 04:00:00,Unknown
1896146N13070,NI,1896,UNNAMED,,,-5,50,1896-05-25 00:00:00,1896-05-31 03:00:00,Unknown
1896158N06136,WP,1896,UNNAMED,,,-5,26,1896-06-05 16:00:00,1896-06-08 04:00:00,Unknown
1896170N21089,NI,1896,UNNAMED,,,-5,42,1896-06-18 00:00:00,1896-06-23 03:00:00,Unknown
1896178N21090,NI,1896,UNNAMED,,,-5,42,1896-06-26 00:00:00,1896-07-01 03:00:00,Unknown
1896188N17124,WP,1896,UNNAMED,,,-5,36,1896-07-05 16:00:00,1896-07-09 04:00:00,Unknown
1896200N19146,WP,1896,UNNAMED,,,-5,46,1896-07-17 16:00:00,1896-07-22 04:00:00,Unknown
1896204N21089,NI,1896,UNNAMED,,,-5,26,1896-07-22 00:00:00,1896-07-25 03:00:00,Unknown
1896206N18116,WP,1896,UNNAMED,,,-5,26,1896-07-23 16:00:00,1896-07-26 04:00:00,Unknown
1896208N21090,NI,1896,UNNAMED,,,-5,34,1896-07-26 00:00:00,1896-07-30 03:00:00,Unknown
1896209N13137,WP,1896,UNNAMED,,,-5,36,1896-07-26 16:00:00,1896-07-30 04:00:00,Unknown
1896214N09136,WP,1896,UNNAMED,,,-5,36,1896-07-31 16:00:00,1896-08-04 04:00:00,Unknown
1896214N21089,NI,1896,UNNAMED,,,-5,18,1896-08-01 00:00:00,1896-08-03 03:00:00,Unknown
1896219N15128,WP,1896,UNNAMED,,,-5,41,1896-08-06 04:00:00,1896-08-10 04:00:00,Unknown
1896226N21088,NI,1896,UNNAMED,,,-5,26,1896-08-13 00:00:00,1896-08-16 03:00:00,Unknown
1896228N22131,WP,1896,UNNAMED,,,-5,26,1896-08-14 16:00:00,1896-08-17 04:00:00,Unknown
1896233N22089,NI,1896,UNNAMED,,,-5,18,1896-08-20 00:00:00,1896-08-22 03:00:00,Unknown
1896242N23138,WP,1896,UNNAMED,,,-5,6,1896-08-28 16:00:00,1896-08-29 04:00:00,Unknown
1896246N21114,WP,1896,UNNAMED,,,-5,6,1896-09-01 16:00:00,1896-09-02 04:00:00,Unknown
1896251N25136,WP,1896,UNNAMED,,,-5,26,1896-09-06 16:00:00,1896-09-09 04:00:00,Unknown
1896257N20090,NI,1896,UNNAMED,,,-5,50,1896-09-13 00:00:00,1896-09-19 03:00:00,Unknown
1896258N16112,WP,1896,UNNAMED,,,-5,26,1896-09-13 16:00:00,1896-09-16 04:00:00,Unknown
1896268N24119,WP,1896,UNNAMED,,,-5,6,1896-09-23 16:00:00,1896-09-24 04:00:00,Unknown
1896275N13118,WP,1896,UNNAMED,,,-5,26,1896-09-30 16:00:00,1896-10-03 04:00:00,Unknown
1896277N16126,WP,1896,UNNAMED,,,-5,31,1896-10-03 04:00:00,1896-10-06 04:00:00,Unknown
1896282N15125,WP,1896,UNNAMED,,,-5,41,1896-10-08 04:00:00,1896-10-12 04:00:00,Unknown
1896304N12117,WP,1896,UNNAMED,,,-5,26,1896-10-29 16:00:00,1896-11-01 04:00:00,Unknown
1896319N06079,NI,1896,UNNAMED,,,-5,58,1896-11-14 00:00:00,1896-11-21 03:00:00,Unknown
1897005S10135,SI,1897,UNNAMED,,,-5,35,1897-01-04 15:00:00,1897-01-08 21:00:00,Unknown
1897011S13070,SI,1897,UNNAMED,,,-5,25,1897-01-11 00:00:00,1897-01-14 00:00:00,Unknown
1897021S12071,SI,1897,UNNAMED,,,-5,41,1897-01-21 06:00:00,1897-01-26 06:00:00,Unknown
1897021S13070,SI,1897,UNNAMED,,,-5,25,1897-01-21 06:00:00,1897-01-24 06:00:00,Unknown
1897026S18128,SI,1897,UNNAMED,,,-5,31,1897-01-25 12:00:00,1897-01-29 06:00:00,Unknown
1897042S12062,SI,1897,UNNAMED,,,-5,81,1897-02-11 00:00:00,1897-02-21 00:00:00,Unknown
1897042S12064,SI,1897,UNNAMED,,,-5,97,1897-02-11 06:00:00,1897-02-23 06:00:00,Unknown
1897046S12064,SI,1897,UNNAMED,,,-5,85,1897-02-14 18:00:00,1897-02-25 06:00:00,Unknown
1897060S14067,SI,1897,UNNAMED,,,-5,49,1897-03-01 06:00:00,1897-03-07 06:00:00,Unknown
1897060S15066,SI,1897,UNNAMED,,,-5,33,1897-03-01 06:00:00,1897-03-05 06:00:00,Unknown
1897068S15066,SI,1897,UNNAMED,,,-5,33,1897-03-09 00:00:00,1897-03-13 00:00:00,Unknown
1897133N15096,NI,1897,UNNAMED,,,-5,10,1897-05-13 00:00:00,1897-05-14 03:00:00,Unknown
1897166N20089,NI,1897,UNNAMED,,,-5,42,1897-06-15 00:00:00,1897-06-20 03:00:00,Unknown
1897184N20117,WP,1897,UNNAMED,,,-5,11,1897-07-03 04:00:00,1897-07-04 04:00:00,Unknown
1897190N21088,NI,1897,UNNAMED,,,-5,10,1897-07-09 00:00:00,1897-07-10 03:00:00,Unknown
1897191N20070,NI,1897,UNNAMED,,,-5,18,1897-07-10 00:00:00,1897-07-12 03:00:00,Unknown
1897195N25088,NI,1897,UNNAMED,,,-5,34,1897-07-14 00:00:00,1897-07-18 03:00:00,Unknown
1897205N17117,WP,1897,UNNAMED,,,-5,16,1897-07-23 16:00:00,1897-07-25 04:00:00,Unknown
1897209N23126,WP,1897,UNNAMED,,,-5,16,1897-07-27 16:00:00,1897-07-29 04:00:00,Unknown
1897219N20129,WP,1897,UNNAMED,,,-5,36,1897-08-06 16:00:00,1897-08-10 04:00:00,Unknown
1897225N21088,NI,1897,UNNAMED,,,-5,50,1897-08-13 00:00:00,1897-08-19 03:00:00,Unknown
1897251N24132,WP,1897,UNNAMED,,,-5,6,1897-09-07 16:00:00,1897-09-08 04:00:00,Unknown
1897252N19085,NI,1897,UNNAMED,,,-5,18,1897-09-09 00:00:00,1897-09-11 03:00:00,Unknown
1897255N21070,NI,1897,UNNAMED,,,-5,18,1897-09-12 00:00:00,1897-09-14 03:00:00,Unknown
1897257N16123,WP,1897,UNNAMED,,,-5,41,1897-09-14 04:00:00,1897-09-18 04:00:00,Unknown
1897266N17090,NI,1897,UNNAMED,,,-5,26,1897-09-23 00:00:00,1897-09-26 03:00:00,Unknown
1897269N20124,WP,1897,UNNAMED,,,-5,21,1897-09-26 04:00:00,1897-09-28 04:00:00,Unknown
1897275N18084,NI,1897,UNNAMED,,,-5,26,1897-10-02 00:00:00,1897-10-05 03:00:00,Unknown
1897276N15119,WP,1897,UNNAMED,,,-5,41,1897-10-03 04:00:00,1897-10-07 04:00:00,Unknown
1897279N20132,WP,1897,UNNAMED,,,-5,16,1897-10-05 16:00:00,1897-10-07 04:00:00,Unknown
1897285N11125,WP,1897,UNNAMED,,,-5,31,1897-10-12 04:00:00,1897-10-15 04:00:00,Unknown
1897291N11119,WP,1897,UNNAMED,,,-5,11,1897-10-18 04:00:00,1897-10-19 04:00:00,Unknown
1897294N14096,NI,1897,UNNAMED,,,-5,26,1897-10-21 00:00:00,1897-10-24 03:00:00,Unknown
1897295N19129,WP,1897,UNNAMED,,,-5,16,1897-10-21 16:00:00,1897-10-23 04:00:00,Unknown
1897318N09121,WP,1897,UNNAMED,,,-5,31,1897-11-14 04:00:00,1897-11-17 04:00:00,Unknown
1897335S12059,SI,1898,UNNAMED,,,-5,33,1897-12-01 06:00:00,1897-12-05 06:00:00,Unknown
1897335S13059,SI,1898,UNNAMED,,,-5,17,1897-12-01 06:00:00,1897-12-03 06:00:00,Unknown
1897336S18115,SI,1898,UNNAMED,,,-5,13,1897-12-01 12:00:00,1897-12-03 00:00:00,Unknown
1897342S09138,SI,1898,UNNAMED,,,-5,11,1897-12-08 18:00:00,1897-12-10 00:00:00,Unknown
1897343S13059,SI,1898,UNNAMED,,,-5,17,1897-12-09 00:00:00,1897-12-11 00:00:00,Unknown
1897345S11062,SI,1898,UNNAMED,,,-5,57,1897-12-11 00:00:00,1897-12-18 00:00:00,Unknown
1897355S10063,SI,1898,UNNAMED,,,-5,81,1897-12-21 06:00:00,1897-12-31 06:00:00,Unknown
1897355S11062,SI,1898,UNNAMED,,,-5,57,1897-12-21 06:00:00,1897-12-28 06:00:00,Unknown
1897355S18115,SI,1898,UNNAMED,,,-5,33,1897-12-21 06:00:00,1897-12-25 06:00:00,Unknown
1897357S17121,SI,1898,UNNAMED,,,-5,63,1897-12-22 12:00:00,1897-12-30 06:00:00,Unknown
1897360N13085,NI,1897,UNNAMED,,,-5,26,1897-12-26 00:00:00,1897-12-29 03:00:00,Unknown
1898014N09113,WP,1898,UNNAMED,,,-5,26,1898-01-13 16:00:00,1898-01-16 04:00:00,Unknown
1898032S09063,SI,1898,UNNAMED,,,-5,65,1898-02-01 06:00:00,1898-02-09 06:00:00,Unknown
1898032S10063,SI,1898,UNNAMED,,,-5,53,1898-01-31 18:00:00,1898-02-07 06:00:00,Unknown
1898040S11063,SI,1898,UNNAMED,,,-5,49,1898-02-09 00:00:00,1898-02-15 00:00:00,Unknown
1898043S08055,SI,1898,UNNAMED,,,-5,65,1898-02-12 00:00:00,1898-02-20 00:00:00,Unknown
1898052S07056,SI,1898,UNNAMED,,,-5,89,1898-02-21 06:00:00,1898-03-04 06:00:00,Unknown
1898087S09133,SI,1898,UNNAMED,,,-5,45,1898-03-27 12:00:00,1898-04-02 00:00:00,Unknown
1898125N13095,NI,1898,UNNAMED,,,-5,18,1898-05-05 00:00:00,1898-05-07 03:00:00,Unknown
1898151N11059,NI,1898,UNNAMED,,,-5,34,1898-05-31 00:00:00,1898-06-04 03:00:00,Unknown
1898152N11060,NI,1898,UNNAMED,,,-5,34,1898-06-01 00:00:00,1898-06-05 03:00:00,Unknown
1898164N18086,NI,1898,UNNAMED,,,-5,58,1898-06-13 00:00:00,1898-06-20 03:00:00,Unknown
1898178N16116,WP,1898,UNNAMED,,,-5,56,1898-06-26 16:00:00,1898-07-02 04:00:00,Unknown
1898178N16129,WP,1898,UNNAMED,,,-5,31,1898-06-27 04:00:00,1898-06-30 04:00:00,Unknown
1898183N21089,NI,1898,UNNAMED,,,-5,34,1898-07-02 00:00:00,1898-07-06 03:00:00,Unknown
1898194N22123,WP,1898,UNNAMED,,,-5,16,1898-07-12 16:00:00,1898-07-14 04:00:00,Unknown
1898197N25085,NI,1898,UNNAMED,,,-5,34,1898-07-16 00:00:00,1898-07-20 03:00:00,Unknown
1898205N28134,WP,1898,UNNAMED,,,-5,6,1898-07-23 16:00:00,1898-07-24 04:00:00,Unknown
1898207N15118,WP,1898,UNNAMED,,,-5,46,1898-07-25 16:00:00,1898-07-30 04:00:00,Unknown
1898213N16128,WP,1898,UNNAMED,,,-5,56,1898-07-31 16:00:00,1898-08-06 04:00:00,Unknown
1898216N18131,WP,1898,UNNAMED,,,-5,56,1898-08-03 16:00:00,1898-08-09 04:00:00,Unknown
1898221N21089,NI,1898,UNNAMED,,,-5,26,1898-08-09 00:00:00,1898-08-12 03:00:00,Unknown
1898223N19116,WP,1898,UNNAMED,,,-5,41,1898-08-11 04:00:00,1898-08-15 04:00:00,Unknown
1898225N24090,NI,1898,UNNAMED,,,-5,26,1898-08-13 00:00:00,1898-08-16 03:00:00,Unknown
1898227N18125,WP,1898,UNNAMED,,,-5,31,1898-08-15 04:00:00,1898-08-18 04:00:00,Unknown
1898232N16126,WP,1898,UNNAMED,,,-5,36,1898-08-19 16:00:00,1898-08-23 04:00:00,Unknown
1898233N22091,NI,1898,UNNAMED,,,-5,18,1898-08-21 00:00:00,1898-08-23 03:00:00,Unknown
1898238N25130,WP,1898,UNNAMED,,,-5,66,1898-08-25 16:00:00,1898-09-01 04:00:00,Unknown
1898240N24090,NI,1898,UNNAMED,,,-5,26,1898-08-28 00:00:00,1898-08-31 03:00:00,Unknown
1898254N18087,NI,1898,UNNAMED,,,-5,42,1898-09-11 00:00:00,1898-09-16 03:00:00,Unknown
1898263N21089,NI,1898,UNNAMED,,,-5,26,1898-09-20 00:00:00,1898-09-23 03:00:00,Unknown
1898272N16132,WP,1898,UNNAMED,,,-5,26,1898-09-28 16:00:00,1898-10-01 04:00:00,Unknown
1898276N15112,WP,1898,UNNAMED,,,-5,41,1898-10-03 04:00:00,1898-10-07 04:00:00,Unknown
1898282N13085,NI,1898,UNNAMED,,,-5,50,1898-10-09 00:00:00,1898-10-15 03:00:00,Unknown
1898287N16118,WP,1898,UNNAMED,,,-5,71,1898-10-14 04:00:00,1898-10-21 04:00:00,Unknown
1898297N15123,WP,1898,UNNAMED,,,-5,46,1898-10-23 16:00:00,1898-10-28 04:00:00,Unknown
1898303N15118,WP,1898,UNNAMED,,,-5,31,1898-10-30 04:00:00,1898-11-02 04:00:00,Unknown
1898309N11085,NI,1898,UNNAMED,,,-5,50,1898-11-05 00:00:00,1898-11-11 03:00:00,Unknown
1898315N15123,WP,1898,UNNAMED,,,-5,66,1898-11-10 16:00:00,1898-11-17 04:00:00,Unknown
1898324N15120,WP,1898,UNNAMED,,,-5,26,1898-11-19 16:00:00,1898-11-22 04:00:00,Unknown
1898345S17043,SI,1899,UNNAMED,,,-5,41,1898-12-11 00:00:00,1898-12-16 00:00:00,Unknown
1898355S17043,SI,1899,UNNAMED,,,-5,57,1898-12-21 06:00:00,1898-12-28 06:00:00,Unknown
1899001S10067,SI,1899,UNNAMED,,,-5,89,1899-01-01 06:00:00,1899-01-12 06:00:00,Unknown
1899001S11067,SI,1899,UNNAMED,,,-5,73,1899-01-01 06:00:00,1899-01-10 06:00:00,Unknown
1899009S11067,SI,1899,UNNAMED,,,-5,73,1899-01-09 00:00:00,1899-01-18 00:00:00,Unknown
1899011S14125,SI,1899,UNNAMED,,,-5,63,1899-01-10 12:00:00,1899-01-18 06:00:00,Unknown
1899032S12054,SI,1899,UNNAMED,,,-5,81,1899-02-01 06:00:00,1899-02-11 06:00:00,Unknown
1899040S13052,SI,1899,UNNAMED,,,-5,65,1899-02-09 00:00:00,1899-02-17 00:00:00,Unknown
1899060S15063,SI,1899,UNNAMED,,,-5,65,1899-03-01 06:00:00,1899-03-09 06:00:00,Unknown
1899068S15062,SI,1899,UNNAMED,,,-5,49,1899-03-09 00:00:00,1899-03-15 00:00:00,Unknown
1899076S18119,SI,1899,UNNAMED,,,-5,69,1899-03-16 12:00:00,1899-03-25 00:00:00,Unknown
1899118N13094,NI,1899,UNNAMED,,,-5,34,1899-04-28 00:00:00,1899-05-02 03:00:00,Unknown
1899144N15116,WP,1899,UNNAMED,,,-5,41,1899-05-24 04:00:00,1899-05-28 04:00:00,Unknown
1899180N15115,WP,1899,UNNAMED,,,-5,41,1899-06-29 04:00:00,1899-07-03 04:00:00,Unknown
1899184N17129,WP,1899,UNNAMED,,,-5,46,1899-07-02 16:00:00,1899-07-07 04:00:00,Unknown
1899194N23089,NI,1899,UNNAMED,,,-5,26,1899-07-13 00:00:00,1899-07-16 03:00:00,Unknown
1899195N18114,WP,1899,UNNAMED,,,-5,26,1899-07-13 16:00:00,1899-07-16 04:00:00,Unknown
1899196N19137,WP,1899,UNNAMED,,,-5,86,1899-07-14 16:00:00,1899-07-23 04:00:00,Unknown
1899215N18130,WP,1899,UNNAMED,,,-5,46,1899-08-02 16:00:00,1899-08-07 04:00:00,Unknown
1899220N16094,NI,1899,UNNAMED,,,-5,34,1899-08-08 00:00:00,1899-08-12 03:00:00,Unknown
1899220N22133,WP,1899,UNNAMED,,,-5,16,1899-08-07 16:00:00,1899-08-09 04:00:00,Unknown
1899226N20133,WP,1899,UNNAMED,,,-5,6,1899-08-13 16:00:00,1899-08-14 04:00:00,Unknown
1899232N18130,WP,1899,UNNAMED,,,-5,46,1899-08-19 16:00:00,1899-08-24 04:00:00,Unknown
1899239N20087,NI,1899,UNNAMED,,,-5,26,1899-08-27 00:00:00,1899-08-30 03:00:00,Unknown
1899240N20136,WP,1899,UNNAMED,,,-5,6,1899-08-27 16:00:00,1899-08-28 04:00:00,Unknown
1899250N22133,WP,1899,UNNAMED,,,-5,16,1899-09-06 16:00:00,1899-09-08 04:00:00,Unknown
1899252N18092,NI,1899,UNNAMED,,,-5,58,1899-09-09 00:00:00,1899-09-16 03:00:00,Unknown
1899262N28124,WP,1899,UNNAMED,,,-5,6,1899-09-18 16:00:00,1899-09-19 04:00:00,Unknown
1899264N17089,NI,1899,UNNAMED,,,-5,26,1899-09-21 00:00:00,1899-09-24 03:00:00,Unknown
1899266N25133,WP,1899,UNNAMED,,,-5,46,1899-09-22 16:00:00,1899-09-27 04:00:00,Unknown
1899273N18127,WP,1899,UNNAMED,,,-5,131,1899-09-30 04:00:00,1899-10-13 04:00:00,Unknown
1899278N22133,WP,1899,UNNAMED,,,-5,16,1899-10-04 16:00:00,1899-10-06 04:00:00,Unknown
1899285N11082,NI,1899,UNNAMED,,,-5,34,1899-10-12 00:00:00,1899-10-16 03:00:00,Unknown
1899288N26135,WP,1899,UNNAMED,,,-5,6,1899-10-14 16:00:00,1899-10-15 04:00:00,Unknown
1899305S11069,SI,1900,UNNAMED,,,-5,29,1899-10-31 18:00:00,1899-11-04 06:00:00,Unknown
1899309N12117,WP,1899,UNNAMED,,,-5,46,1899-11-04 16:00:00,1899-11-09 04:00:00,Unknown
1899313N12124,WP,1899,UNNAMED,,,-5,46,1899-11-08 16:00:00,1899-11-13 04:00:00,Unknown
1899313S11068,SI,1900,UNNAMED,,,-5,25,1899-11-09 00:00:00,1899-11-12 00:00:00,Unknown
1899315S10069,SI,1900,UNNAMED,,,-5,41,1899-11-11 06:00:00,1899-11-16 06:00:00,Unknown
1899318N14125,WP,1899,UNNAMED,,,-5,36,1899-11-13 16:00:00,1899-11-17 04:00:00,Unknown
1899344S10066,SI,1900,UNNAMED,,,-5,105,1899-12-10 00:00:00,1899-12-23 00:00:00,Unknown
1899345S10068,SI,1900,UNNAMED,,,-5,109,1899-12-10 18:00:00,1899-12-24 06:00:00,Unknown
1899345S10069,SI,1900,UNNAMED,,,-5,121,1899-12-11 06:00:00,1899-12-26 06:00:00,Unknown
1900032S20050,SI,1900,UNNAMED,,,-5,41,1900-02-01 06:00:00,1900-02-06 06:00:00,Unknown
1900032S20410,SI,1900,UNNAMED,,,-5,29,1900-01-31 18:00:00,1900-02-04 06:00:00,Unknown
1900040S21051,SI,1900,UNNAMED,,,-5,25,1900-02-09 00:00:00,1900-02-12 00:00:00,Unknown
1900042S11048,SI,1900,UNNAMED,,,-5,25,1900-02-11 00:00:00,1900-02-14 00:00:00,Unknown
1900046S10049,SI,1900,UNNAMED,,,-5,29,1900-02-14 18:00:00,1900-02-18 06:00:00,Unknown
1900052S10049,SI,1900,UNNAMED,,,-5,41,1900-02-21 06:00:00,1900-02-26 06:00:00,Unknown
1900061S15124,SI,1900,UNNAMED,,,-5,57,1900-03-01 12:00:00,1900-03-08 12:00:00,Unknown
1900162N19088,NI,1900,UNNAMED,,,-5,34,1900-06-11 00:00:00,1900-06-15 03:00:00,Unknown
1900171N15117,WP,1900,UNNAMED,,,-5,36,1900-06-19 16:00:00,1900-06-23 04:00:00,Unknown
1900173N21088,NI,1900,UNNAMED,,,-5,18,1900-06-22 00:00:00,1900-06-24 03:00:00,Unknown
1900184N16127,WP,1900,UNNAMED,,,-5,36,1900-07-02 16:00:00,1900-07-06 04:00:00,Unknown
1900194N21088,NI,1900,UNNAMED,,,-5,18,1900-07-13 00:00:00,1900-07-15 03:00:00,Unknown
1900210N19088,NI,1900,UNNAMED,,,-5,34,1900-07-29 00:00:00,1900-08-02 03:00:00,Unknown
1900221N20088,NI,1900,UNNAMED,,,-5,42,1900-08-09 00:00:00,1900-08-14 03:00:00,Unknown
1900227N20091,NI,1900,UNNAMED,,,-5,50,1900-08-15 00:00:00,1900-08-21 03:00:00,Unknown
1900228N19126,WP,1900,UNNAMED,,,-5,21,1900-08-16 04:00:00,1900-08-18 04:00:00,Unknown
1900231N19121,WP,1900,UNNAMED,,,-5,41,1900-08-19 04:00:00,1900-08-23 04:00:00,Unknown
1900231N19143,WP,1900,UNNAMED,,,-5,46,1900-08-18 16:00:00,1900-08-23 04:00:00,Unknown
1900236N20123,WP,1900,UNNAMED,,,-5,36,1900-08-23 16:00:00,1900-08-27 04:00:00,Unknown
1900237N21090,NI,1900,UNNAMED,,,-5,42,1900-08-25 00:00:00,1900-08-30 03:00:00,Unknown
1900238N15118,WP,1900,UNNAMED,,,-5,36,1900-08-25 16:00:00,1900-08-29 04:00:00,Unknown
1900250N15122,WP,1900,UNNAMED,,,-5,51,1900-09-07 04:00:00,1900-09-12 04:00:00,Unknown
1900254N25134,WP,1900,UNNAMED,,,-5,61,1900-09-11 04:00:00,1900-09-17 04:00:00,Unknown
1900258N21088,NI,1900,UNNAMED,,,-5,98,1900-09-15 00:00:00,1900-09-27 03:00:00,Unknown
1900267N10126,WP,1900,UNNAMED,,,-5,56,1900-09-23 16:00:00,1900-09-29 04:00:00,Unknown
1900268N20128,WP,1900,UNNAMED,,,-5,16,1900-09-24 16:00:00,1900-09-26 04:00:00,Unknown
1900273N09124,WP,1900,UNNAMED,,,-5,46,1900-09-29 16:00:00,1900-10-04 04:00:00,Unknown
1900277N15087,NI,1900,UNNAMED,,,-5,50,1900-10-04 00:00:00,1900-10-10 03:00:00,Unknown
1900279N13126,WP,1900,UNNAMED,,,-5,36,1900-10-05 16:00:00,1900-10-09 04:00:00,Unknown
1900286N13125,WP,1900,UNNAMED,,,-5,56,1900-10-12 16:00:00,1900-10-18 04:00:00,Unknown
1900292N17125,WP,1900,UNNAMED,,,-5,26,1900-10-18 16:00:00,1900-10-21 04:00:00,Unknown
1900296N11085,NI,1900,UNNAMED,,,-5,10,1900-10-23 00:00:00,1900-10-24 03:00:00,Unknown
1900303N12129,WP,1900,UNNAMED,,,-5,51,1900-10-30 04:00:00,1900-11-04 04:00:00,Unknown
1900309N11128,WP,1900,UNNAMED,,,-5,56,1900-11-04 16:00:00,1900-11-10 04:00:00,Unknown
1900320N21127,WP,1900,UNNAMED,,,-5,6,1900-11-15 16:00:00,1900-11-16 04:00:00,Unknown
1901001S07073,SI,1901,UNNAMED,,,-5,33,1901-01-01 06:00:00,1901-01-05 06:00:00,Unknown
1901001S08073,SI,1901,UNNAMED,,,-5,21,1900-12-31 18:00:00,1901-01-03 06:00:00,Unknown
1901001S25046,SI,1901,UNNAMED,,,-5,25,1901-01-01 06:00:00,1901-01-04 06:00:00,Unknown
1901001S26047,SI,1901,UNNAMED,,,-5,9,1901-01-01 06:00:00,1901-01-02 06:00:00,Unknown
1901009S09073,SI,1901,UNNAMED,,,-5,17,1901-01-09 00:00:00,1901-01-11 00:00:00,Unknown
1901009S26047,SI,1901,UNNAMED,,,-5,9,1901-01-09 00:00:00,1901-01-10 00:00:00,Unknown
1901010S16056,SI,1901,UNNAMED,,,-5,57,1901-01-10 00:00:00,1901-01-17 00:00:00,Unknown
1901011S16056,SI,1901,UNNAMED,,,-5,57,1901-01-11 06:00:00,1901-01-18 06:00:00,Unknown
1901011S16062,SI,1901,UNNAMED,,,-5,73,1901-01-11 06:00:00,1901-01-20 06:00:00,Unknown
1901021S12113,SI,1901,UNNAMED,,,-5,57,1901-01-21 06:00:00,1901-01-28 06:00:00,Unknown
1901031S12112,SI,1901,UNNAMED,,,-5,94,1901-01-30 12:00:00,1901-02-11 03:00:00,Unknown
1901034N06115,WP,1901,UNNAMED,,,-5,26,1901-02-02 16:00:00,1901-02-05 04:00:00,Unknown
1901069S11061,SI,1901,UNNAMED,,,-5,41,1901-03-10 00:00:00,1901-03-15 00:00:00,Unknown
1901070S10062,SI,1901,UNNAMED,,,-5,57,1901-03-11 06:00:00,1901-03-18 06:00:00,Unknown
1901070S10422,SI,1901,UNNAMED,,,-5,45,1901-03-10 18:00:00,1901-03-16 06:00:00,Unknown
1901115N06074,NI,1901,UNNAMED,,,-5,82,1901-04-25 00:00:00,1901-05-05 03:00:00,Unknown
1901135N11128,WP,1901,UNNAMED,,,-5,86,1901-05-14 16:00:00,1901-05-23 04:00:00,Unknown
1901153N22128,WP,1901,UNNAMED,,,-5,6,1901-06-01 16:00:00,1901-06-02 04:00:00,Unknown
1901212N23132,WP,1901,UNNAMED,,,-5,36,1901-07-30 16:00:00,1901-08-03 04:00:00,Unknown
1901228N17115,WP,1901,UNNAMED,,,-5,46,1901-08-15 16:00:00,1901-08-20 04:00:00,Unknown
1901234N20129,WP,1901,UNNAMED,,,-5,26,1901-08-21 16:00:00,1901-08-24 04:00:00,Unknown
1901257N20132,WP,1901,UNNAMED,,,-5,46,1901-09-13 16:00:00,1901-09-18 04:00:00,Unknown
1901264N17085,NI,1901,UNNAMED,,,-5,26,1901-09-21 00:00:00,1901-09-24 03:00:00,Unknown
1901274N08132,WP,1901,UNNAMED,,,-5,56,1901-09-30 16:00:00,1901-10-06 04:00:00,Unknown
1901278N17087,NI,1901,UNNAMED,,,-5,26,1901-10-05 00:00:00,1901-10-08 03:00:00,Unknown
1901286N14135,WP,1901,UNNAMED,,,-5,56,1901-10-12 16:00:00,1901-10-18 04:00:00,Unknown
1901286N17087,NI,1901,UNNAMED,,,-5,34,1901-10-13 00:00:00,1901-10-17 03:00:00,Unknown
1901292N21130,WP,1901,UNNAMED,,,-5,6,1901-10-18 16:00:00,1901-10-19 04:00:00,Unknown
1901295N14134,WP,1901,UNNAMED,,,-5,46,1901-10-21 16:00:00,1901-10-26 04:00:00,Unknown
1901297N17133,WP,1901,UNNAMED,,,-5,51,1901-10-24 04:00:00,1901-10-29 04:00:00,Unknown
1901305S09069,SI,1902,UNNAMED,,,-5,61,1901-10-31 18:00:00,1901-11-08 06:00:00,Unknown
1901313S10068,SI,1902,UNNAMED,,,-5,57,1901-11-09 00:00:00,1901-11-16 00:00:00,Unknown
1901318N16084,NI,1901,UNNAMED,,,-5,34,1901-11-14 00:00:00,1901-11-18 03:00:00,Unknown
1901325S09069,SI,1902,UNNAMED,,,-5,73,1901-11-21 06:00:00,1901-11-30 06:00:00,Unknown
1901328N12088,NI,1901,UNNAMED,,,-5,26,1901-11-24 00:00:00,1901-11-27 03:00:00,Unknown
1901335S09068,SI,1902,UNNAMED,,,-5,53,1901-11-30 18:00:00,1901-12-07 06:00:00,Unknown
1901343S10067,SI,1902,UNNAMED,,,-5,49,1901-12-09 00:00:00,1901-12-15 00:00:00,Unknown
1901344S13052,SI,1902,UNNAMED,,,-5,33,1901-12-10 00:00:00,1901-12-14 00:00:00,Unknown
1901345S13052,SI,1902,UNNAMED,,,-5,49,1901-12-11 06:00:00,1901-12-17 06:00:00,Unknown
1902032S07075,SI,1902,UNNAMED,,,-5,49,1902-01-31 18:00:00,1902-02-06 18:00:00,Unknown
1902032S07435,SI,1902,UNNAMED,,,-5,65,1902-02-01 06:00:00,1902-02-09 06:00:00,Unknown
1902032S11064,SI,1902,UNNAMED,,,-5,45,1902-01-31 18:00:00,1902-02-06 06:00:00,Unknown
1902032S11065,SI,1902,UNNAMED,,,-5,57,1902-02-01 06:00:00,1902-02-08 06:00:00,Unknown
1902032S17071,SI,1902,UNNAMED,,,-5,49,1902-02-01 06:00:00,1902-02-07 06:00:00,Unknown
1902032S17431,SI,1902,UNNAMED,,,-5,37,1902-01-31 18:00:00,1902-02-05 06:00:00,Unknown
1902035S13122,SI,1902,UNNAMED,,,-5,63,1902-02-03 12:00:00,1902-02-11 06:00:00,Unknown
1902040S08073,SI,1902,UNNAMED,,,-5,49,1902-02-09 00:00:00,1902-02-15 00:00:00,Unknown
1902040S11063,SI,1902,UNNAMED,,,-5,41,1902-02-09 00:00:00,1902-02-14 00:00:00,Unknown
1902040S18070,SI,1902,UNNAMED,,,-5,33,1902-02-09 00:00:00,1902-02-13 00:00:00,Unknown
1902042S15065,SI,1902,UNNAMED,,,-5,33,1902-02-11 06:00:00,1902-02-15 06:00:00,Unknown
1902046S15066,SI,1902,UNNAMED,,,-5,29,1902-02-14 18:00:00,1902-02-18 06:00:00,Unknown
1902125N14095,NI,1902,UNNAMED,,,-5,10,1902-05-05 00:00:00,1902-05-06 03:00:00,Unknown
1902127N12055,NI,1902,UNNAMED,,,-5,58,1902-05-07 00:00:00,1902-05-14 03:00:00,Unknown
1902140N13128,WP,1902,UNNAMED,,,-5,46,1902-05-19 16:00:00,1902-05-24 04:00:00,Unknown
1902153N18123,WP,1902,UNNAMED,,,-5,36,1902-06-01 16:00:00,1902-06-05 04:00:00,Unknown
1902162N19070,NI,1902,UNNAMED,,,-5,42,1902-06-11 00:00:00,1902-06-16 03:00:00,Unknown
1902182N20124,WP,1902,UNNAMED,,,-5,26,1902-06-30 16:00:00,1902-07-03 04:00:00,Unknown
1902189N12129,WP,1902,UNNAMED,,,-5,56,1902-07-07 16:00:00,1902-07-13 04:00:00,Unknown
1902195N13127,WP,1902,UNNAMED,,,-5,46,1902-07-13 16:00:00,1902-07-18 04:00:00,Unknown
1902196N21089,NI,1902,UNNAMED,,,-5,34,1902-07-15 00:00:00,1902-07-19 03:00:00,Unknown
1902205N14130,WP,1902,UNNAMED,,,-5,56,1902-07-23 16:00:00,1902-07-29 04:00:00,Unknown
1902208N22088,NI,1902,UNNAMED,,,-5,50,1902-07-27 00:00:00,1902-08-02 03:00:00,Unknown
1902212N19124,WP,1902,UNNAMED,,,-5,31,1902-07-31 04:00:00,1902-08-03 04:00:00,Unknown
1902217N20129,WP,1902,UNNAMED,,,-5,46,1902-08-04 16:00:00,1902-08-09 04:00:00,Unknown
1902231N18086,NI,1902,UNNAMED,,,-5,34,1902-08-19 00:00:00,1902-08-23 03:00:00,Unknown
1902232N18114,WP,1902,UNNAMED,,,-5,16,1902-08-19 16:00:00,1902-08-21 04:00:00,Unknown
1902236N20088,NI,1902,UNNAMED,,,-5,34,1902-08-24 00:00:00,1902-08-28 03:00:00,Unknown
1902241N21123,WP,1902,UNNAMED,,,-5,31,1902-08-29 04:00:00,1902-09-01 04:00:00,Unknown
1902244N21088,NI,1902,UNNAMED,,,-5,18,1902-09-01 00:00:00,1902-09-03 03:00:00,Unknown
1902245N22133,WP,1902,UNNAMED,,,-5,16,1902-09-01 16:00:00,1902-09-03 04:00:00,Unknown
1902249N23132,WP,1902,UNNAMED,,,-5,6,1902-09-05 16:00:00,1902-09-06 04:00:00,Unknown
1902264N18126,WP,1902,UNNAMED,,,-5,46,1902-09-20 16:00:00,1902-09-25 04:00:00,Unknown
1902266N18090,NI,1902,UNNAMED,,,-5,26,1902-09-23 00:00:00,1902-09-26 03:00:00,Unknown
1902270N21122,WP,1902,UNNAMED,,,-5,6,1902-09-26 16:00:00,1902-09-27 04:00:00,Unknown
1902270N27144,WP,1902,UNNAMED,,,-5,6,1902-09-26 16:00:00,1902-09-27 04:00:00,Unknown
1902279N26134,WP,1902,UNNAMED,,,-5,6,1902-10-05 16:00:00,1902-10-06 04:00:00,Unknown
1902287N14064,NI,1902,UNNAMED,,,-5,26,1902-10-14 00:00:00,1902-10-17 03:00:00,Unknown
1902300N09085,NI,1902,UNNAMED,,,-5,18,1902-10-27 00:00:00,1902-10-29 03:00:00,Unknown
1902301N11065,NI,1902,UNNAMED,,,-5,42,1902-10-28 00:00:00,1902-11-02 03:00:00,Unknown
1902305S14061,SI,1903,UNNAMED,,,-5,49,1902-11-01 06:00:00,1902-11-07 06:00:00,Unknown
1902305S15061,SI,1903,UNNAMED,,,-5,37,1902-10-31 18:00:00,1902-11-05 06:00:00,Unknown
1902312N14132,WP,1902,UNNAMED,,,-5,36,1902-11-07 16:00:00,1902-11-11 04:00:00,Unknown
1902313S15059,SI,1903,UNNAMED,,,-5,33,1902-11-09 00:00:00,1902-11-13 00:00:00,Unknown
1902335S09065,SI,1903,UNNAMED,,,-5,89,1902-12-01 06:00:00,1902-12-12 06:00:00,Unknown
1902335S09425,SI,1903,UNNAMED,,,-5,77,1902-11-30 18:00:00,1902-12-10 06:00:00,Unknown
1902341N09063,NI,1902,UNNAMED,,,-5,42,1902-12-07 00:00:00,1902-12-12 03:00:00,Unknown
1902343S09065,SI,1903,UNNAMED,,,-5,73,1902-12-09 00:00:00,1902-12-18 00:00:00,Unknown
1902345S17059,SI,1903,UNNAMED,,,-5,17,1902-12-11 00:00:00,1902-12-13 00:00:00,Unknown
1902355S17060,SI,1903,UNNAMED,,,-5,37,1902-12-20 18:00:00,1902-12-25 06:00:00,Unknown
1903010S11057,SI,1903,UNNAMED,,,-5,33,1903-01-10 00:00:00,1903-01-14 00:00:00,Unknown
1903010S13063,SI,1903,UNNAMED,,,-5,33,1903-01-10 00:00:00,1903-01-14 00:00:00,Unknown
1903010S13125,SI,1903,UNNAMED,,,-5,77,1903-01-09 12:00:00,1903-01-19 00:00:00,Unknown
1903011S10058,SI,1903,UNNAMED,,,-5,57,1903-01-11 06:00:00,1903-01-18 06:00:00,Unknown
1903011S11057,SI,1903,UNNAMED,,,-5,33,1903-01-11 06:00:00,1903-01-15 06:00:00,Unknown
1903011S12064,SI,1903,UNNAMED,,,-5,51,1903-01-11 00:00:00,1903-01-17 06:00:00,Unknown
1903021S11064,SI,1903,UNNAMED,,,-5,49,1903-01-21 06:00:00,1903-01-27 06:00:00,Unknown
1903032S11058,SI,1903,UNNAMED,,,-5,65,1903-02-01 06:00:00,1903-02-09 06:00:00,Unknown
1903039S12052,SI,1903,UNNAMED,,,-5,21,1903-02-07 18:00:00,1903-02-10 06:00:00,Unknown
1903039S12057,SI,1903,UNNAMED,,,-5,49,1903-02-08 06:00:00,1903-02-14 06:00:00,Unknown
1903039S16066,SI,1903,UNNAMED,,,-5,13,1903-02-07 18:00:00,1903-02-09 06:00:00,Unknown
1903041S12057,SI,1903,UNNAMED,,,-5,49,1903-02-10 00:00:00,1903-02-16 00:00:00,Unknown
1903041S13051,SI,1903,UNNAMED,,,-5,17,1903-02-10 00:00:00,1903-02-12 00:00:00,Unknown
1903041S18066,SI,1903,UNNAMED,,,-5,9,1903-02-10 00:00:00,1903-02-11 00:00:00,Unknown
1903042S12052,SI,1903,UNNAMED,,,-5,33,1903-02-11 06:00:00,1903-02-15 06:00:00,Unknown
1903042S16067,SI,1903,UNNAMED,,,-5,25,1903-02-11 06:00:00,1903-02-14 06:00:00,Unknown
1903060S13057,SI,1903,UNNAMED,,,-5,49,1903-03-01 06:00:00,1903-03-07 06:00:00,Unknown
1903060S14056,SI,1903,UNNAMED,,,-5,33,1903-03-01 06:00:00,1903-03-05 06:00:00,Unknown
1903068S14056,SI,1903,UNNAMED,,,-5,33,1903-03-09 00:00:00,1903-03-13 00:00:00,Unknown
1903070S13057,SI,1903,UNNAMED,,,-5,105,1903-03-11 00:00:00,1903-03-24 00:00:00,Unknown
1903080S12057,SI,1903,UNNAMED,,,-5,125,1903-03-20 18:00:00,1903-04-05 06:00:00,Unknown
1903142N16072,NI,1903,UNNAMED,,,-5,18,1903-05-22 00:00:00,1903-05-24 03:00:00,Unknown
1903153N11127,WP,1903,UNNAMED,,,-5,56,1903-06-01 16:00:00,1903-06-07 04:00:00,Unknown
1903163N14072,NI,1903,UNNAMED,,,-5,42,1903-06-12 00:00:00,1903-06-17 03:00:00,Unknown
1903176N22088,NI,1903,UNNAMED,,,-5,10,1903-06-25 00:00:00,1903-06-26 03:00:00,Unknown
1903189N23129,WP,1903,UNNAMED,,,-5,6,1903-07-07 16:00:00,1903-07-08 04:00:00,Unknown
1903193N18087,NI,1903,UNNAMED,,,-5,18,1903-07-12 00:00:00,1903-07-14 03:00:00,Unknown
1903195N21070,NI,1903,UNNAMED,,,-5,18,1903-07-14 00:00:00,1903-07-16 03:00:00,Unknown
1903204N21087,NI,1903,UNNAMED,,,-5,10,1903-07-23 00:00:00,1903-07-24 03:00:00,Unknown
1903208N16132,WP,1903,UNNAMED,,,-5,56,1903-07-26 16:00:00,1903-08-01 04:00:00,Unknown
1903213N20087,NI,1903,UNNAMED,,,-5,18,1903-08-01 00:00:00,1903-08-03 03:00:00,Unknown
1903217N20124,WP,1903,UNNAMED,,,-5,36,1903-08-04 16:00:00,1903-08-08 04:00:00,Unknown
1903223N20126,WP,1903,UNNAMED,,,-5,36,1903-08-10 16:00:00,1903-08-14 04:00:00,Unknown
1903230N23122,WP,1903,UNNAMED,,,-5,21,1903-08-18 04:00:00,1903-08-20 04:00:00,Unknown
1903241N17085,NI,1903,UNNAMED,,,-5,10,1903-08-29 00:00:00,1903-08-30 03:00:00,Unknown
1903241N19124,WP,1903,UNNAMED,,,-5,16,1903-08-28 16:00:00,1903-08-30 04:00:00,Unknown
1903244N20131,WP,1903,UNNAMED,,,-5,6,1903-08-31 16:00:00,1903-09-01 04:00:00,Unknown
1903253N18120,WP,1903,UNNAMED,,,-5,36,1903-09-09 16:00:00,1903-09-13 04:00:00,Unknown
1903254N23089,NI,1903,UNNAMED,,,-5,34,1903-09-11 00:00:00,1903-09-15 03:00:00,Unknown
1903263N21133,WP,1903,UNNAMED,,,-5,26,1903-09-19 16:00:00,1903-09-22 04:00:00,Unknown
1903271N15118,WP,1903,UNNAMED,,,-5,26,1903-09-27 16:00:00,1903-09-30 04:00:00,Unknown
1903277N22127,WP,1903,UNNAMED,,,-5,26,1903-10-03 16:00:00,1903-10-06 04:00:00,Unknown
1903278N19086,NI,1903,UNNAMED,,,-5,50,1903-10-05 00:00:00,1903-10-11 03:00:00,Unknown
1903281N22133,WP,1903,UNNAMED,,,-5,6,1903-10-07 16:00:00,1903-10-08 04:00:00,Unknown
1903291N17126,WP,1903,UNNAMED,,,-5,71,1903-10-18 04:00:00,1903-10-25 04:00:00,Unknown
1903298N16125,WP,1903,UNNAMED,,,-5,36,1903-10-24 16:00:00,1903-10-28 04:00:00,Unknown
1903301N13084,NI,1903,UNNAMED,,,-5,26,1903-10-28 00:00:00,1903-10-31 03:00:00,Unknown
1903308N11087,NI,1903,UNNAMED,,,-5,18,1903-11-04 00:00:00,1903-11-06 03:00:00,Unknown
1903309N09135,WP,1903,UNNAMED,,,-5,56,1903-11-04 16:00:00,1903-11-10 04:00:00,Unknown
1903317N14087,NI,1903,UNNAMED,,,-5,18,1903-11-13 00:00:00,1903-11-15 03:00:00,Unknown
1903329N10087,NI,1903,UNNAMED,,,-5,18,1903-11-25 00:00:00,1903-11-27 03:00:00,Unknown
1904042S14055,SI,1904,UNNAMED,,,-5,51,1904-02-11 00:00:00,1904-02-17 06:00:00,Unknown
1904046S13055,SI,1904,UNNAMED,,,-5,45,1904-02-14 18:00:00,1904-02-20 06:00:00,Unknown
1904071S14059,SI,1904,UNNAMED,,,-5,33,1904-03-11 00:00:00,1904-03-15 00:00:00,Unknown
1904081S13060,SI,1904,UNNAMED,,,-5,49,1904-03-21 06:00:00,1904-03-27 06:00:00,Unknown
1904081S13420,SI,1904,UNNAMED,,,-5,37,1904-03-20 18:00:00,1904-03-25 06:00:00,Unknown
1904092S13068,SI,1904,UNNAMED,,,-5,41,1904-04-01 06:00:00,1904-04-06 06:00:00,Unknown
1904092S14068,SI,1904,UNNAMED,,,-5,29,1904-03-31 18:00:00,1904-04-04 06:00:00,Unknown
1904100S15066,SI,1904,UNNAMED,,,-5,25,1904-04-09 00:00:00,1904-04-12 00:00:00,Unknown
1904107S14119,SI,1904,UNNAMED,,,-5,21,1904-04-15 12:00:00,1904-04-18 00:00:00,Unknown
1904138N14125,WP,1904,UNNAMED,,,-5,41,1904-05-17 04:00:00,1904-05-21 04:00:00,Unknown
1904146N14083,NI,1904,UNNAMED,,,-5,26,1904-05-25 00:00:00,1904-05-28 03:00:00,Unknown
1904162N21089,NI,1904,UNNAMED,,,-5,18,1904-06-10 00:00:00,1904-06-12 03:00:00,Unknown
1904179N21121,WP,1904,UNNAMED,,,-5,6,1904-06-26 16:00:00,1904-06-27 04:00:00,Unknown
1904184N14126,WP,1904,UNNAMED,,,-5,36,1904-07-01 13:00:00,1904-07-05 01:00:00,Unknown
1904184N22085,NI,1904,UNNAMED,,,-5,10,1904-07-02 00:00:00,1904-07-03 03:00:00,Unknown
1904187N12150,WP,1904,UNNAMED,,,-5,36,1904-07-04 13:00:00,1904-07-08 01:00:00,Unknown
1904189N23089,NI,1904,UNNAMED,,,-5,34,1904-07-07 00:00:00,1904-07-11 03:00:00,Unknown
1904195N22128,WP,1904,UNNAMED,,,-5,56,1904-07-12 13:00:00,1904-07-18 01:00:00,Unknown
1904202N10150,WP,1904,UNNAMED,,,-5,86,1904-07-19 13:00:00,1904-07-28 01:00:00,Unknown
1904205N18149,WP,1904,UNNAMED,,,-5,26,1904-07-22 13:00:00,1904-07-25 01:00:00,Unknown
1904213N21136,WP,1904,UNNAMED,,,-5,26,1904-07-30 13:00:00,1904-08-02 01:00:00,Unknown
1904222N18110,WP,1904,UNNAMED,,,-5,16,1904-08-08 16:00:00,1904-08-10 04:00:00,Unknown
1904225N20089,NI,1904,UNNAMED,,,-5,34,1904-08-12 00:00:00,1904-08-16 03:00:00,Unknown
1904228N20124,WP,1904,UNNAMED,,,-5,26,1904-08-14 16:00:00,1904-08-17 04:00:00,Unknown
1904232N21135,WP,1904,UNNAMED,,,-5,6,1904-08-18 16:00:00,1904-08-19 04:00:00,Unknown
1904233N21089,NI,1904,UNNAMED,,,-5,34,1904-08-20 00:00:00,1904-08-24 03:00:00,Unknown
1904235N16113,WP,1904,UNNAMED,,,-5,76,1904-08-21 16:00:00,1904-08-29 04:00:00,Unknown
1904242N20132,WP,1904,UNNAMED,,,-5,6,1904-08-28 16:00:00,1904-08-29 04:00:00,Unknown
1904248N10150,WP,1904,UNNAMED,,,-5,66,1904-09-03 16:00:00,1904-09-10 04:00:00,Unknown
1904254N18086,NI,1904,UNNAMED,,,-5,58,1904-09-10 00:00:00,1904-09-17 03:00:00,Unknown
1904257N17150,WP,1904,UNNAMED,,,-5,26,1904-09-12 16:00:00,1904-09-15 04:00:00,Unknown
1904257N22144,WP,1904,UNNAMED,,,-5,16,1904-09-12 16:00:00,1904-09-14 04:00:00,Unknown
1904277N16138,WP,1904,UNNAMED,,,-5,26,1904-10-02 16:00:00,1904-10-05 04:00:00,Unknown
1904288N13085,NI,1904,UNNAMED,,,-5,26,1904-10-14 00:00:00,1904-10-17 03:00:00,Unknown
1904304N16113,WP,1904,UNNAMED,,,-5,6,1904-10-29 16:00:00,1904-10-30 04:00:00,Unknown
1904326N13089,NI,1904,UNNAMED,,,-5,18,1904-11-21 00:00:00,1904-11-23 03:00:00,Unknown
1904345S08063,SI,1905,UNNAMED,,,-5,57,1904-12-10 00:00:00,1904-12-17 00:00:00,Unknown
1904346S08064,SI,1905,UNNAMED,,,-5,61,1904-12-10 18:00:00,1904-12-18 06:00:00,Unknown
1904346S08065,SI,1905,UNNAMED,,,-5,73,1904-12-11 06:00:00,1904-12-20 06:00:00,Unknown
1905011S10048,SI,1905,UNNAMED,,,-5,41,1905-01-11 00:00:00,1905-01-16 00:00:00,Unknown
1905011S14070,SI,1905,UNNAMED,,,-5,25,1905-01-11 00:00:00,1905-01-14 00:00:00,Unknown
1905021S09049,SI,1905,UNNAMED,,,-5,57,1905-01-21 06:00:00,1905-01-28 06:00:00,Unknown
1905021S10048,SI,1905,UNNAMED,,,-5,41,1905-01-21 06:00:00,1905-01-26 06:00:00,Unknown
1905021S14070,SI,1905,UNNAMED,,,-5,25,1905-01-21 06:00:00,1905-01-24 06:00:00,Unknown
1905021S14071,SI,1905,UNNAMED,,,-5,41,1905-01-21 06:00:00,1905-01-26 06:00:00,Unknown
1905043S16068,SI,1905,UNNAMED,,,-5,25,1905-02-12 00:00:00,1905-02-15 00:00:00,Unknown
1905052S16070,SI,1905,UNNAMED,,,-5,41,1905-02-21 06:00:00,1905-02-26 06:00:00,Unknown
1905069S15053,SI,1905,UNNAMED,,,-5,17,1905-03-10 00:00:00,1905-03-12 00:00:00,Unknown
1905069S15056,SI,1905,UNNAMED,,,-5,25,1905-03-10 00:00:00,1905-03-13 00:00:00,Unknown
1905070S14053,SI,1905,UNNAMED,,,-5,33,1905-03-11 06:00:00,1905-03-15 06:00:00,Unknown
1905070S14413,SI,1905,UNNAMED,,,-5,21,1905-03-10 18:00:00,1905-03-13 06:00:00,Unknown
1905070S15057,SI,1905,UNNAMED,,,-5,41,1905-03-11 06:00:00,1905-03-16 06:00:00,Unknown
1905070S15417,SI,1905,UNNAMED,,,-5,29,1905-03-10 18:00:00,1905-03-14 06:00:00,Unknown
1905091S12057,SI,1905,UNNAMED,,,-5,85,1905-03-31 18:00:00,1905-04-11 06:00:00,Unknown
1905099S13055,SI,1905,UNNAMED,,,-5,65,1905-04-09 00:00:00,1905-04-17 00:00:00,Unknown
1905113N09150,WP,1905,UNNAMED,,,-5,106,1905-04-22 16:00:00,1905-05-03 04:00:00,Unknown
1905143N17129,WP,1905,UNNAMED,,,-5,26,1905-05-22 16:00:00,1905-05-25 04:00:00,Unknown
1905163N23138,WP,1905,UNNAMED,,,-5,16,1905-06-11 16:00:00,1905-06-13 04:00:00,Unknown
1905166N18117,WP,1905,UNNAMED,,,-5,46,1905-06-14 16:00:00,1905-06-19 04:00:00,Unknown
1905181N19126,WP,1905,UNNAMED,,,-5,26,1905-06-29 16:00:00,1905-07-02 04:00:00,Unknown
1905181N21087,NI,1905,UNNAMED,,,-5,26,1905-06-30 00:00:00,1905-07-03 03:00:00,Unknown
1905186N22089,NI,1905,UNNAMED,,,-5,26,1905-07-05 00:00:00,1905-07-08 03:00:00,Unknown
1905192N21090,NI,1905,UNNAMED,,,-5,26,1905-07-11 00:00:00,1905-07-14 03:00:00,Unknown
1905197N20134,WP,1905,UNNAMED,,,-5,16,1905-07-15 16:00:00,1905-07-17 04:00:00,Unknown
1905200N17122,WP,1905,UNNAMED,,,-5,36,1905-07-18 16:00:00,1905-07-22 04:00:00,Unknown
1905200N21089,NI,1905,UNNAMED,,,-5,42,1905-07-19 00:00:00,1905-07-24 03:00:00,Unknown
1905207N22118,WP,1905,UNNAMED,,,-5,16,1905-07-25 16:00:00,1905-07-27 04:00:00,Unknown
1905212N21123,WP,1905,UNNAMED,,,-5,16,1905-07-30 16:00:00,1905-08-01 04:00:00,Unknown
1905214N17149,WP,1905,UNNAMED,,,-5,56,1905-08-01 16:00:00,1905-08-07 04:00:00,Unknown
1905223N11142,WP,1905,UNNAMED,,,-5,46,1905-08-10 16:00:00,1905-08-15 04:00:00,Unknown
1905229N19116,WP,1905,UNNAMED,,,-5,26,1905-08-16 16:00:00,1905-08-19 04:00:00,Unknown
1905235N10146,WP,1905,UNNAMED,,,-5,86,1905-08-22 16:00:00,1905-08-31 04:00:00,Unknown
1905239N16148,WP,1905,UNNAMED,,,-5,56,1905-08-26 16:00:00,1905-09-01 04:00:00,Unknown
1905250N19087,NI,1905,UNNAMED,,,-5,42,1905-09-07 00:00:00,1905-09-12 03:00:00,Unknown
1905256N21125,WP,1905,UNNAMED,,,-5,16,1905-09-12 16:00:00,1905-09-14 04:00:00,Unknown
1905260N17125,WP,1905,UNNAMED,,,-5,46,1905-09-16 16:00:00,1905-09-21 04:00:00,Unknown
1905265N13127,WP,1905,UNNAMED,,,-5,36,1905-09-21 16:00:00,1905-09-25 04:00:00,Unknown
1905265N16087,NI,1905,UNNAMED,,,-5,34,1905-09-22 00:00:00,1905-09-26 03:00:00,Unknown
1905268N11130,WP,1905,UNNAMED,,,-5,36,1905-09-24 16:00:00,1905-09-28 04:00:00,Unknown
1905271N22089,NI,1905,UNNAMED,,,-5,18,1905-09-28 00:00:00,1905-09-30 03:00:00,Unknown
1905278N20131,WP,1905,UNNAMED,,,-5,6,1905-10-04 16:00:00,1905-10-05 04:00:00,Unknown
1905295N17067,NI,1905,UNNAMED,,,-5,34,1905-10-22 00:00:00,1905-10-26 03:00:00,Unknown
1905296N13126,WP,1905,UNNAMED,,,-5,36,1905-10-22 16:00:00,1905-10-26 04:00:00,Unknown
1905296N17086,NI,1905,UNNAMED,,,-5,26,1905-10-23 00:00:00,1905-10-26 03:00:00,Unknown
1905303N12133,WP,1905,UNNAMED,,,-5,46,1905-10-29 16:00:00,1905-11-03 04:00:00,Unknown
1905342N15092,NI,1905,UNNAMED,,,-5,10,1905-12-08 00:00:00,1905-12-09 03:00:00,Unknown
1905345S19053,SI,1906,UNNAMED,,,-5,17,1905-12-11 00:00:00,1905-12-13 00:00:00,Unknown
1905355S18054,SI,1906,UNNAMED,,,-5,33,1905-12-21 06:00:00,1905-12-25 06:00:00,Unknown
1905355S18414,SI,1906,UNNAMED,,,-5,21,1905-12-20 18:00:00,1905-12-23 06:00:00,Unknown
1905362N17125,WP,1905,UNNAMED,,,-5,26,1905-12-27 16:00:00,1905-12-30 04:00:00,Unknown
1906001S14065,SI,1906,UNNAMED,,,-5,33,1906-01-01 06:00:00,1906-01-05 06:00:00,Unknown
1906001S14066,SI,1906,UNNAMED,,,-5,21,1905-12-31 18:00:00,1906-01-03 06:00:00,Unknown
1906009S15065,SI,1906,UNNAMED,,,-5,17,1906-01-09 00:00:00,1906-01-11 00:00:00,Unknown
1906015N08084,NI,1906,UNNAMED,,,-5,18,1906-01-15 00:00:00,1906-01-17 03:00:00,Unknown
1906043S17056,SI,1906,UNNAMED,,,-5,9,1906-02-12 00:00:00,1906-02-13 00:00:00,Unknown
1906052S17056,SI,1906,UNNAMED,,,-5,25,1906-02-21 06:00:00,1906-02-24 06:00:00,Unknown
1906060S14058,SI,1906,UNNAMED,,,-5,49,1906-03-01 06:00:00,1906-03-07 06:00:00,Unknown
1906060S15058,SI,1906,UNNAMED,,,-5,37,1906-02-28 18:00:00,1906-03-05 06:00:00,Unknown
1906068S15057,SI,1906,UNNAMED,,,-5,33,1906-03-09 00:00:00,1906-03-13 00:00:00,Unknown
1906091S14066,SI,1906,UNNAMED,,,-5,37,1906-03-31 18:00:00,1906-04-05 06:00:00,Unknown
1906091S14069,SI,1906,UNNAMED,,,-5,49,1906-04-01 06:00:00,1906-04-07 06:00:00,Unknown
1906099S15065,SI,1906,UNNAMED,,,-5,33,1906-04-09 00:00:00,1906-04-13 00:00:00,Unknown
1906132N10141,WP,1906,UNNAMED,,,-5,126,1906-05-11 16:00:00,1906-05-24 04:00:00,Unknown
1906145N12127,WP,1906,UNNAMED,,,-5,16,1906-05-24 16:00:00,1906-05-26 04:00:00,Unknown
1906152N19118,WP,1906,UNNAMED,,,-5,36,1906-05-31 16:00:00,1906-06-04 04:00:00,Unknown
1906169N19086,NI,1906,UNNAMED,,,-5,42,1906-06-18 00:00:00,1906-06-23 03:00:00,Unknown
1906188N24090,NI,1906,UNNAMED,,,-5,34,1906-07-07 00:00:00,1906-07-11 03:00:00,Unknown
1906202N20087,NI,1906,UNNAMED,,,-5,18,1906-07-21 00:00:00,1906-07-23 03:00:00,Unknown
1906203N22131,WP,1906,UNNAMED,,,-5,26,1906-07-21 16:00:00,1906-07-24 04:00:00,Unknown
1906206N21091,NI,1906,UNNAMED,,,-5,18,1906-07-25 00:00:00,1906-07-27 03:00:00,Unknown
1906238N21129,WP,1906,UNNAMED,,,-5,41,1906-08-26 04:00:00,1906-08-30 04:00:00,Unknown
1906239N20086,NI,1906,UNNAMED,,,-5,26,1906-08-27 00:00:00,1906-08-30 03:00:00,Unknown
1906247N16113,WP,1906,UNNAMED,,,-5,16,1906-09-03 16:00:00,1906-09-05 04:00:00,Unknown
1906248N12134,WP,1906,UNNAMED,,,-5,56,1906-09-04 16:00:00,1906-09-10 04:00:00,Unknown
1906251N17145,WP,1906,UNNAMED,,,-5,106,1906-09-07 16:00:00,1906-09-18 04:00:00,Unknown
1906255N19118,WP,1906,UNNAMED,,,-5,26,1906-09-11 16:00:00,1906-09-14 04:00:00,Unknown
1906255N22089,NI,1906,UNNAMED,,,-5,26,1906-09-12 00:00:00,1906-09-15 03:00:00,Unknown
1906255N22124,WP,1906,UNNAMED,,,-5,16,1906-09-11 16:00:00,1906-09-13 04:00:00,Unknown
1906262N16128,WP,1906,UNNAMED,,,-5,16,1906-09-18 16:00:00,1906-09-20 04:00:00,Unknown
1906264N13127,WP,1906,UNNAMED,,,-5,36,1906-09-20 16:00:00,1906-09-24 04:00:00,Unknown
1906267N17088,NI,1906,UNNAMED,,,-5,34,1906-09-24 00:00:00,1906-09-28 03:00:00,Unknown
1906269N15128,WP,1906,UNNAMED,,,-5,36,1906-09-25 16:00:00,1906-09-29 04:00:00,Unknown
1906273N21126,WP,1906,UNNAMED,,,-5,26,1906-09-29 16:00:00,1906-10-02 04:00:00,Unknown
1906279N17117,WP,1906,UNNAMED,,,-5,21,1906-10-06 04:00:00,1906-10-08 04:00:00,Unknown
1906282N16129,WP,1906,UNNAMED,,,-5,26,1906-10-08 16:00:00,1906-10-11 04:00:00,Unknown
1906291N13135,WP,1906,UNNAMED,,,-5,56,1906-10-17 16:00:00,1906-10-23 04:00:00,Unknown
1906300N11085,NI,1906,UNNAMED,,,-5,18,1906-10-27 00:00:00,1906-10-29 03:00:00,Unknown
1906300N16124,WP,1906,UNNAMED,,,-5,31,1906-10-27 04:00:00,1906-10-30 04:00:00,Unknown
1906303N12058,NI,1906,UNNAMED,,,-5,34,1906-10-30 00:00:00,1906-11-03 03:00:00,Unknown
1906307N15127,WP,1906,UNNAMED,,,-5,26,1906-11-02 16:00:00,1906-11-05 04:00:00,Unknown
1906310N10140,WP,1906,UNNAMED,,,-5,76,1906-11-05 16:00:00,1906-11-13 04:00:00,Unknown
1906345S18060,SI,1907,UNNAMED,,,-5,9,1906-12-11 00:00:00,1906-12-12 00:00:00,Unknown
1906355S17060,SI,1907,UNNAMED,,,-5,25,1906-12-21 06:00:00,1906-12-24 06:00:00,Unknown
1906355S18060,SI,1907,UNNAMED,,,-5,13,1906-12-20 18:00:00,1906-12-22 06:00:00,Unknown
1906360N11083,NI,1906,UNNAMED,,,-5,10,1906-12-26 00:00:00,1906-12-27 03:00:00,Unknown
1907009N10134,WP,1907,UNNAMED,,,-5,26,1907-01-09 10:00:00,1907-01-11 22:00:00,Unknown
1907011S21044,SI,1907,UNNAMED,,,-5,17,1907-01-11 00:00:00,1907-01-13 00:00:00,Unknown
1907014S16124,SI,1907,UNNAMED,,,-5,33,1907-01-14 00:00:00,1907-01-18 00:00:00,Unknown
1907021S19043,SI,1907,UNNAMED,,,-5,41,1907-01-21 06:00:00,1907-01-26 06:00:00,Unknown
1907021S21044,SI,1907,UNNAMED,,,-5,17,1907-01-21 06:00:00,1907-01-23 06:00:00,Unknown
1907032S13064,SI,1907,UNNAMED,,,-5,49,1907-02-01 06:00:00,1907-02-07 06:00:00,Unknown
1907032S13424,SI,1907,UNNAMED,,,-5,37,1907-01-31 18:00:00,1907-02-05 06:00:00,Unknown
1907040S15062,SI,1907,UNNAMED,,,-5,33,1907-02-09 00:00:00,1907-02-13 00:00:00,Unknown
1907060S16062,SI,1907,UNNAMED,,,-5,73,1907-03-01 06:00:00,1907-03-10 06:00:00,Unknown
1907060S17041,SI,1907,UNNAMED,,,-5,33,1907-03-01 06:00:00,1907-03-05 06:00:00,Unknown
1907060S18041,SI,1907,UNNAMED,,,-5,21,1907-02-28 18:00:00,1907-03-03 06:00:00,Unknown
1907067N08085,NI,1907,UNNAMED,,,-5,18,1907-03-08 00:00:00,1907-03-10 03:00:00,Unknown
1907068S16061,SI,1907,UNNAMED,,,-5,57,1907-03-09 00:00:00,1907-03-16 00:00:00,Unknown
1907068S19041,SI,1907,UNNAMED,,,-5,17,1907-03-09 00:00:00,1907-03-11 00:00:00,Unknown
1907070S16118,SI,1907,UNNAMED,,,-5,53,1907-03-11 00:00:00,1907-03-17 12:00:00,Unknown
1907070S21115,SI,1907,UNNAMED,,,-5,25,1907-03-11 06:00:00,1907-03-14 06:00:00,Unknown
1907086N07150,WP,1907,UNNAMED,,,-5,46,1907-03-26 16:00:00,1907-03-31 04:00:00,Unknown
1907121S16066,SI,1907,UNNAMED,,,-5,25,1907-05-01 06:00:00,1907-05-04 06:00:00,Unknown
1907121S16426,SI,1907,UNNAMED,,,-5,13,1907-04-30 18:00:00,1907-05-02 06:00:00,Unknown
1907129S17066,SI,1907,UNNAMED,,,-5,9,1907-05-09 00:00:00,1907-05-10 00:00:00,Unknown
1907135N18092,NI,1907,UNNAMED,,,-5,1,1907-05-15 03:00:00,1907-05-15 03:00:00,Unknown
1907150N18112,WP,1907,UNNAMED,,,-5,36,1907-05-29 16:00:00,1907-06-02 04:00:00,Unknown
1907155N20067,NI,1907,UNNAMED,,,-5,18,1907-06-04 00:00:00,1907-06-06 03:00:00,Unknown
1907164N16085,NI,1907,UNNAMED,,,-5,58,1907-06-13 00:00:00,1907-06-20 03:00:00,Unknown
1907169N21067,NI,1907,UNNAMED,,,-5,18,1907-06-18 00:00:00,1907-06-20 03:00:00,Unknown
1907174N20090,NI,1907,UNNAMED,,,-5,26,1907-06-23 00:00:00,1907-06-26 03:00:00,Unknown
1907176N19123,WP,1907,UNNAMED,,,-5,16,1907-06-24 16:00:00,1907-06-26 04:00:00,Unknown
1907177N18116,WP,1907,UNNAMED,,,-5,26,1907-06-25 16:00:00,1907-06-28 04:00:00,Unknown
1907193N15146,WP,1907,UNNAMED,,,-5,66,1907-07-11 16:00:00,1907-07-18 04:00:00,Unknown
1907198N24143,WP,1907,UNNAMED,,,-5,6,1907-07-16 16:00:00,1907-07-17 04:00:00,Unknown
1907202N20131,WP,1907,UNNAMED,,,-5,26,1907-07-20 16:00:00,1907-07-23 04:00:00,Unknown
1907203N17116,WP,1907,UNNAMED,,,-5,46,1907-07-21 16:00:00,1907-07-26 04:00:00,Unknown
1907213N18115,WP,1907,UNNAMED,,,-5,26,1907-07-31 16:00:00,1907-08-03 04:00:00,Unknown
1907218N16126,WP,1907,UNNAMED,,,-5,46,1907-08-05 16:00:00,1907-08-10 04:00:00,Unknown
1907224N20134,WP,1907,UNNAMED,,,-5,26,1907-08-11 16:00:00,1907-08-14 04:00:00,Unknown
1907224N21088,NI,1907,UNNAMED,,,-5,34,1907-08-12 00:00:00,1907-08-16 03:00:00,Unknown
1907230N23088,NI,1907,UNNAMED,,,-5,26,1907-08-18 00:00:00,1907-08-21 03:00:00,Unknown
1907232N21128,WP,1907,UNNAMED,,,-5,36,1907-08-19 16:00:00,1907-08-23 04:00:00,Unknown
1907233N23145,WP,1907,UNNAMED,,,-5,26,1907-08-20 16:00:00,1907-08-23 04:00:00,Unknown
1907236N21143,WP,1907,UNNAMED,,,-5,26,1907-08-23 16:00:00,1907-08-26 04:00:00,Unknown
1907238N21087,NI,1907,UNNAMED,,,-5,1,1907-08-26 03:00:00,1907-08-26 03:00:00,Unknown
1907242N17118,WP,1907,UNNAMED,,,-5,36,1907-08-29 16:00:00,1907-09-02 04:00:00,Unknown
1907244N23089,NI,1907,UNNAMED,,,-5,18,1907-09-01 00:00:00,1907-09-03 03:00:00,Unknown
1907247N21127,WP,1907,UNNAMED,,,-5,26,1907-09-03 16:00:00,1907-09-06 04:00:00,Unknown
1907255N20119,WP,1907,UNNAMED,,,-5,36,1907-09-11 16:00:00,1907-09-15 04:00:00,Unknown
1907258N16135,WP,1907,UNNAMED,,,-5,16,1907-09-14 16:00:00,1907-09-16 04:00:00,Unknown
1907259N22142,WP,1907,UNNAMED,,,-5,16,1907-09-15 16:00:00,1907-09-17 04:00:00,Unknown
1907269N17145,WP,1907,UNNAMED,,,-5,56,1907-09-25 16:00:00,1907-10-01 04:00:00,Unknown
1907278N21090,NI,1907,UNNAMED,,,-5,10,1907-10-05 00:00:00,1907-10-06 03:00:00,Unknown
1907286N15091,NI,1907,UNNAMED,,,-5,42,1907-10-13 00:00:00,1907-10-18 03:00:00,Unknown
1907299N15126,WP,1907,UNNAMED,,,-5,46,1907-10-25 16:00:00,1907-10-30 04:00:00,Unknown
1907306S23131,SI,1908,UNNAMED,,,-5,4,1907-11-01 12:00:00,1907-11-01 21:00:00,Unknown
1907309N18147,WP,1907,UNNAMED,,,-5,16,1907-11-04 16:00:00,1907-11-06 04:00:00,Unknown
1907313N12062,NI,1907,UNNAMED,,,-5,34,1907-11-09 00:00:00,1907-11-13 03:00:00,Unknown
1907316N10087,NI,1907,UNNAMED,,,-5,26,1907-11-12 00:00:00,1907-11-15 03:00:00,Unknown
1907319N16134,WP,1907,UNNAMED,,,-5,16,1907-11-14 16:00:00,1907-11-16 04:00:00,Unknown
1907328N09096,NI,1907,UNNAMED,,,-5,18,1907-11-24 00:00:00,1907-11-26 03:00:00,Unknown
1907344S12045,SI,1908,UNNAMED,,,-5,65,1907-12-10 00:00:00,1907-12-18 00:00:00,Unknown
1907345S11046,SI,1908,UNNAMED,,,-5,81,1907-12-11 06:00:00,1907-12-21 06:00:00,Unknown
1907345S19052,SI,1908,UNNAMED,,,-5,33,1907-12-11 00:00:00,1907-12-15 00:00:00,Unknown
1907355S18052,SI,1908,UNNAMED,,,-5,53,1907-12-20 18:00:00,1907-12-27 06:00:00,Unknown
1908001S12062,SI,1908,UNNAMED,,,-5,57,1908-01-01 06:00:00,1908-01-08 06:00:00,Unknown
1908009S13062,SI,1908,UNNAMED,,,-5,41,1908-01-09 00:00:00,1908-01-14 00:00:00,Unknown
1908032S12057,SI,1908,UNNAMED,,,-5,153,1908-02-01 06:00:00,1908-02-20 06:00:00,Unknown
1908032S14071,SI,1908,UNNAMED,,,-5,81,1908-02-01 06:00:00,1908-02-11 06:00:00,Unknown
1908032S14431,SI,1908,UNNAMED,,,-5,61,1908-01-31 18:00:00,1908-02-08 06:00:00,Unknown
1908040S13056,SI,1908,UNNAMED,,,-5,145,1908-02-09 00:00:00,1908-02-27 00:00:00,Unknown
1908040S15069,SI,1908,UNNAMED,,,-5,57,1908-02-09 00:00:00,1908-02-16 00:00:00,Unknown
1908043S14065,SI,1908,UNNAMED,,,-5,89,1908-02-12 00:00:00,1908-02-23 00:00:00,Unknown
1908052S13066,SI,1908,UNNAMED,,,-5,105,1908-02-21 06:00:00,1908-03-05 06:00:00,Unknown
1908101S09051,SI,1908,UNNAMED,,,-5,17,1908-04-10 00:00:00,1908-04-12 00:00:00,Unknown
1908102S07053,SI,1908,UNNAMED,,,-5,21,1908-04-10 18:00:00,1908-04-13 06:00:00,Unknown
1908102S07054,SI,1908,UNNAMED,,,-5,33,1908-04-11 06:00:00,1908-04-15 06:00:00,Unknown
1908117S14124,SI,1908,UNNAMED,,,-5,46,1908-04-25 12:00:00,1908-05-01 03:00:00,Unknown
1908119S05134,SI,1908,UNNAMED,,,-5,37,1908-04-27 12:00:00,1908-05-02 00:00:00,Unknown
1908144N14116,WP,1908,UNNAMED,,,-5,76,1908-05-22 16:00:00,1908-05-30 04:00:00,Unknown
1908168N21089,NI,1908,UNNAMED,,,-5,50,1908-06-16 00:00:00,1908-06-22 03:00:00,Unknown
1908171N15127,WP,1908,UNNAMED,,,-5,36,1908-06-18 16:00:00,1908-06-22 04:00:00,Unknown
1908208N19123,WP,1908,UNNAMED,,,-5,26,1908-07-25 16:00:00,1908-07-28 04:00:00,Unknown
1908214N18120,WP,1908,UNNAMED,,,-5,36,1908-07-31 16:00:00,1908-08-04 04:00:00,Unknown
1908214N20086,NI,1908,UNNAMED,,,-5,10,1908-08-01 00:00:00,1908-08-02 03:00:00,Unknown
1908217N21128,WP,1908,UNNAMED,,,-5,26,1908-08-03 16:00:00,1908-08-06 04:00:00,Unknown
1908220N21088,NI,1908,UNNAMED,,,-5,10,1908-08-07 00:00:00,1908-08-08 03:00:00,Unknown
1908229N20124,WP,1908,UNNAMED,,,-5,36,1908-08-15 16:00:00,1908-08-19 04:00:00,Unknown
1908232N14127,WP,1908,UNNAMED,,,-5,61,1908-08-19 04:00:00,1908-08-25 04:00:00,Unknown
1908241N19087,NI,1908,UNNAMED,,,-5,66,1908-08-28 00:00:00,1908-09-05 03:00:00,Unknown
1908245N23136,WP,1908,UNNAMED,,,-5,26,1908-08-31 16:00:00,1908-09-03 04:00:00,Unknown
1908251N20139,WP,1908,UNNAMED,,,-5,46,1908-09-06 16:00:00,1908-09-11 04:00:00,Unknown
1908262N15126,WP,1908,UNNAMED,,,-5,36,1908-09-17 16:00:00,1908-09-21 04:00:00,Unknown
1908266N10132,WP,1908,UNNAMED,,,-5,56,1908-09-21 16:00:00,1908-09-27 04:00:00,Unknown
1908268N17085,NI,1908,UNNAMED,,,-5,26,1908-09-24 00:00:00,1908-09-27 03:00:00,Unknown
1908278N13129,WP,1908,UNNAMED,,,-5,36,1908-10-03 16:00:00,1908-10-07 04:00:00,Unknown
1908282N14129,WP,1908,UNNAMED,,,-5,36,1908-10-07 16:00:00,1908-10-11 04:00:00,Unknown
1908285N13129,WP,1908,UNNAMED,,,-5,46,1908-10-10 16:00:00,1908-10-15 04:00:00,Unknown
1908287N18150,WP,1908,UNNAMED,,,-5,46,1908-10-12 16:00:00,1908-10-17 04:00:00,Unknown
1908299N10074,NI,1908,UNNAMED,,,-5,34,1908-10-25 00:00:00,1908-10-29 03:00:00,Unknown
1908306N10084,NI,1908,UNNAMED,,,-5,18,1908-11-01 00:00:00,1908-11-03 03:00:00,Unknown
1908314N14093,NI,1908,UNNAMED,,,-5,18,1908-11-09 00:00:00,1908-11-11 03:00:00,Unknown
1908318N10128,WP,1908,UNNAMED,,,-5,56,1908-11-12 16:00:00,1908-11-18 04:00:00,Unknown
1908324N13136,WP,1908,UNNAMED,,,-5,56,1908-11-18 16:00:00,1908-11-24 04:00:00,Unknown
1908338N06142,WP,1908,UNNAMED,,,-5,76,1908-12-02 16:00:00,1908-12-10 04:00:00,Unknown
1908342S12122,SI,1909,UNNAMED,,,-5,52,1908-12-06 12:00:00,1908-12-12 21:00:00,Unknown
1908365N08083,NI,1908,UNNAMED,,,-5,26,1908-12-30 00:00:00,1909-01-02 03:00:00,Unknown
1909001S17069,SI,1909,UNNAMED,,,-5,33,1909-01-01 06:00:00,1909-01-05 06:00:00,Unknown
1909001S18069,SI,1909,UNNAMED,,,-5,17,1909-01-01 06:00:00,1909-01-03 06:00:00,Unknown
1909009S18069,SI,1909,UNNAMED,,,-5,17,1909-01-09 00:00:00,1909-01-11 00:00:00,Unknown
1909011S13112,SI,1909,UNNAMED,,,-5,33,1909-01-11 06:00:00,1909-01-15 06:00:00,Unknown
1909017S18111,SI,1909,UNNAMED,,,-5,45,1909-01-16 12:00:00,1909-01-22 00:00:00,Unknown
1909060S13056,SI,1909,UNNAMED,,,-5,49,1909-03-01 06:00:00,1909-03-07 06:00:00,Unknown
1909068S13056,SI,1909,UNNAMED,,,-5,41,1909-03-09 00:00:00,1909-03-14 00:00:00,Unknown
1909069S14058,SI,1909,UNNAMED,,,-5,57,1909-03-10 00:00:00,1909-03-17 00:00:00,Unknown
1909069S15060,SI,1909,UNNAMED,,,-5,49,1909-03-10 00:00:00,1909-03-16 00:00:00,Unknown
1909069S20065,SI,1909,UNNAMED,,,-5,25,1909-03-10 00:00:00,1909-03-13 00:00:00,Unknown
1909070S11062,SI,1909,UNNAMED,,,-5,25,1909-03-11 00:00:00,1909-03-14 00:00:00,Unknown
1909070S11140,SI,1909,UNNAMED,,,-5,25,1909-03-11 18:00:00,1909-03-14 18:00:00,Unknown
1909070S14060,SI,1909,UNNAMED,,,-5,65,1909-03-11 06:00:00,1909-03-19 06:00:00,Unknown
1909070S14420,SI,1909,UNNAMED,,,-5,61,1909-03-10 18:00:00,1909-03-18 06:00:00,Unknown
1909070S20065,SI,1909,UNNAMED,,,-5,41,1909-03-11 06:00:00,1909-03-16 06:00:00,Unknown
1909071S16060,SI,1909,UNNAMED,,,-5,43,1909-03-12 00:00:00,1909-03-17 06:00:00,Unknown
1909072S15056,SI,1909,UNNAMED,,,-5,59,1909-03-13 00:00:00,1909-03-20 06:00:00,Unknown
1909080S10062,SI,1909,UNNAMED,,,-5,41,1909-03-21 06:00:00,1909-03-26 06:00:00,Unknown
1909091S17115,SI,1909,UNNAMED,,,-5,25,1909-04-01 06:00:00,1909-04-04 06:00:00,Unknown
1909095S19114,SI,1909,UNNAMED,,,-5,21,1909-04-04 12:00:00,1909-04-07 00:00:00,Unknown
1909123N09084,NI,1909,UNNAMED,,,-5,10,1909-05-03 00:00:00,1909-05-04 03:00:00,Unknown
1909132N14090,NI,1909,UNNAMED,,,-5,18,1909-05-12 00:00:00,1909-05-14 03:00:00,Unknown
1909148N15116,WP,1909,UNNAMED,,,-5,36,1909-05-27 16:00:00,1909-05-31 04:00:00,Unknown
1909172N19115,WP,1909,UNNAMED,,,-5,36,1909-06-20 16:00:00,1909-06-24 04:00:00,Unknown
1909191N18114,WP,1909,UNNAMED,,,-5,26,1909-07-09 16:00:00,1909-07-12 04:00:00,Unknown
1909194N19126,WP,1909,UNNAMED,,,-5,36,1909-07-12 16:00:00,1909-07-16 04:00:00,Unknown
1909200N16117,WP,1909,UNNAMED,,,-5,26,1909-07-18 16:00:00,1909-07-21 04:00:00,Unknown
1909204N18117,WP,1909,UNNAMED,,,-5,16,1909-07-22 16:00:00,1909-07-24 04:00:00,Unknown
1909209N16117,WP,1909,UNNAMED,,,-5,36,1909-07-27 16:00:00,1909-07-31 04:00:00,Unknown
1909212N21089,NI,1909,UNNAMED,,,-5,18,1909-07-31 00:00:00,1909-08-02 03:00:00,Unknown
1909215N27133,WP,1909,UNNAMED,,,-5,126,1909-08-02 16:00:00,1909-08-15 04:00:00,Unknown
1909216N26147,WP,1909,UNNAMED,,,-5,16,1909-08-03 16:00:00,1909-08-05 04:00:00,Unknown
1909245N15084,NI,1909,UNNAMED,,,-5,58,1909-09-02 00:00:00,1909-09-09 03:00:00,Unknown
1909250N17119,WP,1909,UNNAMED,,,-5,36,1909-09-06 16:00:00,1909-09-10 04:00:00,Unknown
1909253N24138,WP,1909,UNNAMED,,,-5,56,1909-09-09 16:00:00,1909-09-15 04:00:00,Unknown
1909257N14114,WP,1909,UNNAMED,,,-5,16,1909-09-13 16:00:00,1909-09-15 04:00:00,Unknown
1909260N22135,WP,1909,UNNAMED,,,-5,26,1909-09-16 16:00:00,1909-09-19 04:00:00,Unknown
1909262N18120,WP,1909,UNNAMED,,,-5,36,1909-09-18 16:00:00,1909-09-22 04:00:00,Unknown
1909264N21088,NI,1909,UNNAMED,,,-5,10,1909-09-21 00:00:00,1909-09-22 03:00:00,Unknown
1909274N16128,WP,1909,UNNAMED,,,-5,46,1909-09-30 16:00:00,1909-10-05 04:00:00,Unknown
1909277N16127,WP,1909,UNNAMED,,,-5,51,1909-10-04 04:00:00,1909-10-09 04:00:00,Unknown
1909280N19135,WP,1909,UNNAMED,,,-5,6,1909-10-06 16:00:00,1909-10-07 04:00:00,Unknown
1909288N14094,NI,1909,UNNAMED,,,-5,26,1909-10-15 00:00:00,1909-10-18 03:00:00,Unknown
1909290N14126,WP,1909,UNNAMED,,,-5,36,1909-10-16 16:00:00,1909-10-20 04:00:00,Unknown
1909293N11143,WP,1909,UNNAMED,,,-5,66,1909-10-19 16:00:00,1909-10-26 04:00:00,Unknown
1909297N16094,NI,1909,UNNAMED,,,-5,26,1909-10-24 00:00:00,1909-10-27 03:00:00,Unknown
1909300N11130,WP,1909,UNNAMED,,,-5,56,1909-10-26 16:00:00,1909-11-01 04:00:00,Unknown
1909309N09129,WP,1909,UNNAMED,,,-5,56,1909-11-04 16:00:00,1909-11-10 04:00:00,Unknown
1909318N12134,WP,1909,UNNAMED,,,-5,86,1909-11-13 16:00:00,1909-11-22 04:00:00,Unknown
1909336N12085,NI,1909,UNNAMED,,,-5,34,1909-12-02 00:00:00,1909-12-06 03:00:00,Unknown
1909350N09115,WP,1909,UNNAMED,,,-5,16,1909-12-15 16:00:00,1909-12-17 04:00:00,Unknown
1910010S16065,SI,1910,UNNAMED,,,-5,25,1910-01-10 00:00:00,1910-01-13 00:00:00,Unknown
1910011S10048,SI,1910,UNNAMED,,,-5,99,1910-01-11 00:00:00,1910-01-23 06:00:00,Unknown
1910011S16065,SI,1910,UNNAMED,,,-5,25,1910-01-11 06:00:00,1910-01-14 06:00:00,Unknown
1910011S16066,SI,1910,UNNAMED,,,-5,49,1910-01-11 06:00:00,1910-01-17 06:00:00,Unknown
1910042S13069,SI,1910,UNNAMED,,,-5,41,1910-02-11 06:00:00,1910-02-16 06:00:00,Unknown
1910042S15068,SI,1910,UNNAMED,,,-5,25,1910-02-11 00:00:00,1910-02-14 00:00:00,Unknown
1910042S19072,SI,1910,UNNAMED,,,-5,49,1910-02-11 06:00:00,1910-02-17 06:00:00,Unknown
1910046S13069,SI,1910,UNNAMED,,,-5,29,1910-02-14 18:00:00,1910-02-18 06:00:00,Unknown
1910062S16128,SI,1910,UNNAMED,,,-5,17,1910-03-02 12:00:00,1910-03-04 12:00:00,Unknown
1910070S13047,SI,1910,UNNAMED,,,-5,41,1910-03-11 00:00:00,1910-03-16 00:00:00,Unknown
1910075N09133,WP,1910,UNNAMED,,,-5,66,1910-03-15 16:00:00,1910-03-22 04:00:00,Unknown
1910080S12048,SI,1910,UNNAMED,,,-5,57,1910-03-21 06:00:00,1910-03-28 06:00:00,Unknown
1910080S13047,SI,1910,UNNAMED,,,-5,41,1910-03-21 06:00:00,1910-03-26 06:00:00,Unknown
1910103N12090,NI,1910,UNNAMED,,,-5,26,1910-04-13 00:00:00,1910-04-16 03:00:00,Unknown
1910128N17124,WP,1910,UNNAMED,,,-5,21,1910-05-08 09:00:00,1910-05-10 21:00:00,Unknown
1910136N14134,WP,1910,UNNAMED,,,-5,36,1910-05-15 16:00:00,1910-05-19 04:00:00,Unknown
1910136N18129,WP,1910,UNNAMED,,,-5,26,1910-05-15 16:00:00,1910-05-18 04:00:00,Unknown
1910143N15114,WP,1910,UNNAMED,,,-5,51,1910-05-23 04:00:00,1910-05-28 04:00:00,Unknown
1910173N13112,WP,1910,UNNAMED,,,-5,16,1910-06-21 16:00:00,1910-06-23 04:00:00,Unknown
1910178N20121,WP,1910,UNNAMED,,,-5,31,1910-06-27 04:00:00,1910-06-30 04:00:00,Unknown
1910182N20090,NI,1910,UNNAMED,,,-5,50,1910-07-01 00:00:00,1910-07-07 03:00:00,Unknown
1910185N17112,WP,1910,UNNAMED,,,-5,11,1910-07-04 04:00:00,1910-07-05 04:00:00,Unknown
1910196N18128,WP,1910,UNNAMED,,,-5,36,1910-07-14 16:00:00,1910-07-18 04:00:00,Unknown
1910205N21145,WP,1910,UNNAMED,,,-5,76,1910-07-23 16:00:00,1910-07-31 04:00:00,Unknown
1910213N19087,NI,1910,UNNAMED,,,-5,42,1910-08-01 00:00:00,1910-08-06 03:00:00,Unknown
1910219N20124,WP,1910,UNNAMED,,,-5,26,1910-08-06 16:00:00,1910-08-09 04:00:00,Unknown
1910222N20126,WP,1910,UNNAMED,,,-5,26,1910-08-09 16:00:00,1910-08-12 04:00:00,Unknown
1910237N16115,WP,1910,UNNAMED,,,-5,26,1910-08-24 16:00:00,1910-08-27 04:00:00,Unknown
1910240N21122,WP,1910,UNNAMED,,,-5,41,1910-08-28 04:00:00,1910-09-01 04:00:00,Unknown
1910242N24131,WP,1910,UNNAMED,,,-5,66,1910-08-29 16:00:00,1910-09-05 04:00:00,Unknown
1910247N21126,WP,1910,UNNAMED,,,-5,26,1910-09-03 16:00:00,1910-09-06 04:00:00,Unknown
1910251N17112,WP,1910,UNNAMED,,,-5,26,1910-09-07 16:00:00,1910-09-10 04:00:00,Unknown
1910251N22088,NI,1910,UNNAMED,,,-5,18,1910-09-08 00:00:00,1910-09-10 03:00:00,Unknown
1910261N15112,WP,1910,UNNAMED,,,-5,16,1910-09-17 16:00:00,1910-09-19 04:00:00,Unknown
1910266N17116,WP,1910,UNNAMED,,,-5,26,1910-09-22 16:00:00,1910-09-25 04:00:00,Unknown
1910267N17127,WP,1910,UNNAMED,,,-5,26,1910-09-23 16:00:00,1910-09-26 04:00:00,Unknown
1910269N16128,WP,1910,UNNAMED,,,-5,56,1910-09-25 16:00:00,1910-10-01 04:00:00,Unknown
1910270S17120,SI,1911,UNNAMED,,,-5,39,1910-09-26 12:00:00,1910-10-01 06:00:00,Unknown
1910273N24132,WP,1910,UNNAMED,,,-5,56,1910-09-29 16:00:00,1910-10-05 04:00:00,Unknown
1910281N18131,WP,1910,UNNAMED,,,-5,66,1910-10-07 16:00:00,1910-10-14 04:00:00,Unknown
1910301N09137,WP,1910,UNNAMED,,,-5,66,1910-10-27 16:00:00,1910-11-03 04:00:00,Unknown
1910307N09083,NI,1910,UNNAMED,,,-5,26,1910-11-03 00:00:00,1910-11-06 03:00:00,Unknown
1910316N15086,NI,1910,UNNAMED,,,-5,18,1910-11-12 00:00:00,1910-11-14 03:00:00,Unknown
1910317N11129,WP,1910,UNNAMED,,,-5,46,1910-11-12 16:00:00,1910-11-17 04:00:00,Unknown
1910322S15120,SI,1911,UNNAMED,,965.0,-5,85,1910-11-18 01:00:00,1910-11-27 21:00:00,Unknown
1910325S21115,SI,1911,UNNAMED,,,-5,33,1910-11-21 06:00:00,1910-11-25 06:00:00,Unknown
1910326N13129,WP,1910,UNNAMED,,,-5,26,1910-11-21 16:00:00,1910-11-24 04:00:00,Unknown
1910336N07132,WP,1910,UNNAMED,,,-5,36,1910-12-01 16:00:00,1910-12-05 04:00:00,Unknown
1911011S16073,SI,1911,UNNAMED,,,-5,49,1911-01-11 00:00:00,1911-01-17 00:00:00,Unknown
1911021S16073,SI,1911,UNNAMED,,,-5,49,1911-01-21 06:00:00,1911-01-27 06:00:00,Unknown
1911021S16074,SI,1911,UNNAMED,,,-5,65,1911-01-21 06:00:00,1911-01-29 06:00:00,Unknown
1911032S14057,SI,1911,UNNAMED,,,-5,69,1911-01-31 18:00:00,1911-02-09 06:00:00,Unknown
1911032S17068,SI,1911,UNNAMED,,,-5,33,1911-02-01 06:00:00,1911-02-05 06:00:00,Unknown
1911032S18068,SI,1911,UNNAMED,,,-5,13,1911-01-31 18:00:00,1911-02-02 06:00:00,Unknown
1911032S21115,SI,1911,UNNAMED,,,-5,25,1911-02-01 06:00:00,1911-02-04 06:00:00,Unknown
1911037S19116,SI,1911,UNNAMED,,,-5,21,1911-02-06 00:00:00,1911-02-08 01:00:00,Unknown
1911040S15057,SI,1911,UNNAMED,,,-5,49,1911-02-09 00:00:00,1911-02-15 00:00:00,Unknown
1911040S19066,SI,1911,UNNAMED,,,-5,9,1911-02-09 00:00:00,1911-02-10 00:00:00,Unknown
1911059N06144,WP,1911,UNNAMED,,,-5,46,1911-02-27 16:00:00,1911-03-04 04:00:00,Unknown
1911060S14071,SI,1911,UNNAMED,,,-5,57,1911-03-01 06:00:00,1911-03-08 06:00:00,Unknown
1911060S14431,SI,1911,UNNAMED,,,-5,45,1911-02-28 18:00:00,1911-03-06 06:00:00,Unknown
1911068S14070,SI,1911,UNNAMED,,,-5,41,1911-03-09 00:00:00,1911-03-14 00:00:00,Unknown
1911070S16065,SI,1911,UNNAMED,,,-5,33,1911-03-11 00:00:00,1911-03-15 00:00:00,Unknown
1911070S16066,SI,1911,UNNAMED,,,-5,25,1911-03-11 00:00:00,1911-03-14 00:00:00,Unknown
1911070S19059,SI,1911,UNNAMED,,,-5,65,1911-03-11 00:00:00,1911-03-19 00:00:00,Unknown
1911080S15065,SI,1911,UNNAMED,,,-5,53,1911-03-20 18:00:00,1911-03-27 06:00:00,Unknown
1911080S15066,SI,1911,UNNAMED,,,-5,45,1911-03-20 18:00:00,1911-03-26 06:00:00,Unknown
1911080S19059,SI,1911,UNNAMED,,,-5,81,1911-03-21 06:00:00,1911-03-31 06:00:00,Unknown
1911105N14087,NI,1911,UNNAMED,,,-5,18,1911-04-15 00:00:00,1911-04-17 03:00:00,Unknown
1911112N08135,WP,1911,UNNAMED,,,-5,26,1911-04-21 16:00:00,1911-04-24 04:00:00,Unknown
1911122N08142,WP,1911,UNNAMED,,,-5,86,1911-05-01 16:00:00,1911-05-10 04:00:00,Unknown
1911143N09070,NI,1911,UNNAMED,,,-5,26,1911-05-23 00:00:00,1911-05-26 03:00:00,Unknown
1911144N16133,WP,1911,UNNAMED,,,-5,36,1911-05-23 16:00:00,1911-05-27 04:00:00,Unknown
1911160N18089,NI,1911,UNNAMED,,,-5,50,1911-06-09 00:00:00,1911-06-15 03:00:00,Unknown
1911162N15147,WP,1911,UNNAMED,,,-5,69,1911-06-11 09:00:00,1911-06-19 21:00:00,Unknown
1911169N21088,NI,1911,UNNAMED,,,-5,34,1911-06-18 00:00:00,1911-06-22 03:00:00,Unknown
1911181N13134,WP,1911,UNNAMED,,,-5,46,1911-06-29 16:00:00,1911-07-04 04:00:00,Unknown
1911190N19129,WP,1911,UNNAMED,,,-5,26,1911-07-08 16:00:00,1911-07-11 04:00:00,Unknown
1911193N16133,WP,1911,UNNAMED,,,-5,66,1911-07-11 16:00:00,1911-07-18 04:00:00,Unknown
1911200N16149,WP,1911,UNNAMED,,,-5,77,1911-07-19 09:00:00,1911-07-28 21:00:00,Unknown
1911203N15117,WP,1911,UNNAMED,,,-5,56,1911-07-21 16:00:00,1911-07-27 04:00:00,Unknown
1911209N16137,WP,1911,UNNAMED,,,-5,86,1911-07-27 16:00:00,1911-08-05 04:00:00,Unknown
1911212N19146,WP,1911,UNNAMED,,,-5,45,1911-07-31 09:00:00,1911-08-05 21:00:00,Unknown
1911217N18145,WP,1911,UNNAMED,,,-5,85,1911-08-04 21:00:00,1911-08-15 09:00:00,Unknown
1911223N13147,WP,1911,UNNAMED,,,-5,45,1911-08-11 09:00:00,1911-08-16 21:00:00,Unknown
1911229N23146,WP,1911,UNNAMED,,,-5,41,1911-08-16 21:00:00,1911-08-21 21:00:00,Unknown
1911233N19143,WP,1911,UNNAMED,,,-5,69,1911-08-21 09:00:00,1911-08-29 21:00:00,Unknown
1911234N15115,WP,1911,UNNAMED,,,-5,26,1911-08-21 16:00:00,1911-08-24 04:00:00,Unknown
1911240N14141,WP,1911,UNNAMED,,,-5,97,1911-08-27 21:00:00,1911-09-08 21:00:00,Unknown
1911240N19087,NI,1911,UNNAMED,,,-5,18,1911-08-28 00:00:00,1911-08-30 03:00:00,Unknown
1911254N12144,WP,1911,UNNAMED,,,-5,77,1911-09-11 09:00:00,1911-09-20 21:00:00,Unknown
1911259N13149,WP,1911,UNNAMED,,,-5,53,1911-09-16 09:00:00,1911-09-22 21:00:00,Unknown
1911263N16093,NI,1911,UNNAMED,,,-5,66,1911-09-20 00:00:00,1911-09-28 03:00:00,Unknown
1911268N12129,WP,1911,UNNAMED,,,-5,96,1911-09-24 16:00:00,1911-10-04 04:00:00,Unknown
1911271N20146,WP,1911,UNNAMED,,,-5,16,1911-09-27 16:00:00,1911-09-29 04:00:00,Unknown
1911284N12141,WP,1911,UNNAMED,,,-5,41,1911-10-11 04:00:00,1911-10-15 04:00:00,Unknown
1911292N10150,WP,1911,UNNAMED,,,-5,51,1911-10-18 16:00:00,1911-10-23 16:00:00,Unknown
1911293N10097,NI,1911,UNNAMED,,,-5,26,1911-10-20 00:00:00,1911-10-23 03:00:00,Unknown
1911297N14135,WP,1911,UNNAMED,,,-5,77,1911-10-24 09:00:00,1911-11-02 21:00:00,Unknown
1911304N10146,WP,1911,UNNAMED,,,-5,81,1911-10-30 16:00:00,1911-11-07 16:00:00,Unknown
1911326S18054,SI,1912,UNNAMED,,,-5,33,1911-11-22 06:00:00,1911-11-26 06:00:00,Unknown
1911328S15066,SI,1912,UNNAMED,,,-5,49,1911-11-24 06:00:00,1911-11-30 06:00:00,Unknown
1911338N10150,WP,1911,UNNAMED,,,-5,66,1911-12-03 16:00:00,1911-12-10 04:00:00,Unknown
1911350S11049,SI,1912,UNNAMED,,,-5,41,1911-12-16 06:00:00,1911-12-21 06:00:00,Unknown
1911353S12043,SI,1912,UNNAMED,,,-5,13,1911-12-18 12:00:00,1911-12-20 00:00:00,Unknown
1912017S12054,SI,1912,UNNAMED,,,-5,73,1912-01-17 06:00:00,1912-01-26 06:00:00,Unknown
1912034S11055,SI,1912,UNNAMED,,,-5,89,1912-02-03 06:00:00,1912-02-14 06:00:00,Unknown
1912039S17125,SI,1912,UNNAMED,,,-5,21,1912-02-08 01:00:00,1912-02-10 01:00:00,Unknown
1912043S12067,SI,1912,UNNAMED,,,-5,57,1912-02-12 00:00:00,1912-02-19 00:00:00,Unknown
1912043S17054,SI,1912,UNNAMED,,,-5,25,1912-02-12 00:00:00,1912-02-15 00:00:00,Unknown
1912052S11069,SI,1912,UNNAMED,,,-5,73,1912-02-21 06:00:00,1912-03-01 06:00:00,Unknown
1912052S13056,SI,1912,UNNAMED,,,-5,53,1912-02-20 12:00:00,1912-02-27 00:00:00,Unknown
1912052S15054,SI,1912,UNNAMED,,,-5,41,1912-02-21 06:00:00,1912-02-26 06:00:00,Unknown
1912065S17120,SI,1912,UNNAMED,,,-5,43,1912-03-05 01:00:00,1912-03-10 00:00:00,Unknown
1912071S11082,SI,1912,UNNAMED,,,-5,65,1912-03-11 00:00:00,1912-03-19 00:00:00,Unknown
1912075N16126,WP,1912,UNNAMED,,,-5,29,1912-03-15 09:00:00,1912-03-18 21:00:00,Unknown
1912075S13137,SI,1912,UNNAMED,,977.0,-5,60,1912-03-15 09:00:00,1912-03-22 01:00:00,Unknown
1912081S11081,SI,1912,UNNAMED,,,-5,81,1912-03-21 06:00:00,1912-03-31 06:00:00,Unknown
1912081S11082,SI,1912,UNNAMED,,,-5,65,1912-03-21 06:00:00,1912-03-29 06:00:00,Unknown
1912122S10069,SI,1912,UNNAMED,,,-5,53,1912-04-30 18:00:00,1912-05-07 06:00:00,Unknown
1912130S10069,SI,1912,UNNAMED,,,-5,49,1912-05-09 00:00:00,1912-05-15 00:00:00,Unknown
1912142S09070,SI,1912,UNNAMED,,,-5,65,1912-05-21 06:00:00,1912-05-29 06:00:00,Unknown
1912181N25125,WP,1912,UNNAMED,,,-5,16,1912-06-28 16:00:00,1912-06-30 04:00:00,Unknown
1912194S18135,SI,1913,UNNAMED,,,-5,3,1912-07-11 15:00:00,1912-07-11 21:00:00,Unknown
1912200N12126,WP,1912,UNNAMED,,,-5,76,1912-07-17 16:00:00,1912-07-25 04:00:00,Unknown
1912209N20088,NI,1912,UNNAMED,,,-5,26,1912-07-27 00:00:00,1912-07-30 03:00:00,Unknown
1912210N12124,WP,1912,UNNAMED,,,-5,36,1912-07-27 16:00:00,1912-07-31 04:00:00,Unknown
1912210N15123,WP,1912,UNNAMED,,,-5,61,1912-07-28 04:00:00,1912-08-03 04:00:00,Unknown
1912214N18086,NI,1912,UNNAMED,,,-5,34,1912-08-01 00:00:00,1912-08-05 03:00:00,Unknown
1912224N18134,WP,1912,UNNAMED,,,-5,26,1912-08-10 16:00:00,1912-08-13 04:00:00,Unknown
1912230N19130,WP,1912,UNNAMED,,,-5,26,1912-08-16 16:00:00,1912-08-19 04:00:00,Unknown
1912235N20130,WP,1912,UNNAMED,,,-5,6,1912-08-21 16:00:00,1912-08-22 04:00:00,Unknown
1912239N18129,WP,1912,UNNAMED,,,-5,66,1912-08-25 16:00:00,1912-09-01 04:00:00,Unknown
1912241N20087,NI,1912,UNNAMED,,,-5,26,1912-08-28 00:00:00,1912-08-31 03:00:00,Unknown
1912242N18147,WP,1912,UNNAMED,,,-5,26,1912-08-28 16:00:00,1912-08-31 04:00:00,Unknown
1912246N16123,WP,1912,UNNAMED,,,-5,46,1912-09-01 16:00:00,1912-09-06 04:00:00,Unknown
1912249N22089,NI,1912,UNNAMED,,,-5,18,1912-09-05 00:00:00,1912-09-07 03:00:00,Unknown
1912251N10138,WP,1912,UNNAMED,,,-5,16,1912-09-06 16:00:00,1912-09-08 04:00:00,Unknown
1912255N14138,WP,1912,UNNAMED,,,-5,76,1912-09-10 16:00:00,1912-09-18 04:00:00,Unknown
1912259N10145,WP,1912,UNNAMED,,,-5,77,1912-09-15 09:00:00,1912-09-24 21:00:00,Unknown
1912266N15085,NI,1912,UNNAMED,,,-5,34,1912-09-22 00:00:00,1912-09-26 03:00:00,Unknown
1912268N12134,WP,1912,UNNAMED,,,-5,71,1912-09-24 04:00:00,1912-10-01 04:00:00,Unknown
1912274N18138,WP,1912,UNNAMED,,,-5,37,1912-09-30 09:00:00,1912-10-04 21:00:00,Unknown
1912281N15140,WP,1912,UNNAMED,,,-5,66,1912-10-06 16:00:00,1912-10-13 04:00:00,Unknown
1912287N07147,WP,1912,UNNAMED,,,-5,53,1912-10-13 09:00:00,1912-10-19 21:00:00,Unknown
1912288N09132,WP,1912,UNNAMED,,,-5,56,1912-10-13 16:00:00,1912-10-19 04:00:00,Unknown
1912294N13148,WP,1912,UNNAMED,,,-5,109,1912-10-20 09:00:00,1912-11-02 21:00:00,Unknown
1912298N12133,WP,1912,UNNAMED,,,-5,56,1912-10-23 16:00:00,1912-10-29 04:00:00,Unknown
1912299N15071,NI,1912,UNNAMED,,,-5,42,1912-10-25 00:00:00,1912-10-30 03:00:00,Unknown
1912302N08089,NI,1912,UNNAMED,,,-5,42,1912-10-28 00:00:00,1912-11-02 03:00:00,Unknown
1912306N11130,WP,1912,UNNAMED,,,-5,36,1912-10-31 16:00:00,1912-11-04 04:00:00,Unknown
1912308N05143,WP,1912,UNNAMED,,,-5,51,1912-11-03 04:00:00,1912-11-08 04:00:00,Unknown
1912322N08146,WP,1912,UNNAMED,,,-5,53,1912-11-17 09:00:00,1912-11-23 21:00:00,Unknown
1912324N08080,NI,1912,UNNAMED,,,-5,26,1912-11-19 00:00:00,1912-11-22 03:00:00,Unknown
1912324S11066,SI,1913,UNNAMED,,,-5,73,1912-11-19 06:00:00,1912-11-28 06:00:00,Unknown
1912327N07142,WP,1912,UNNAMED,,,-5,56,1912-11-21 16:00:00,1912-11-27 04:00:00,Unknown
1912330N06147,WP,1912,UNNAMED,,,-5,76,1912-11-24 16:00:00,1912-12-02 04:00:00,Unknown
1912336N13143,WP,1912,UNNAMED,,,-5,53,1912-12-01 09:00:00,1912-12-07 21:00:00,Unknown
1912351N10147,WP,1912,UNNAMED,,,-5,45,1912-12-16 09:00:00,1912-12-21 21:00:00,Unknown
1912352N06082,NI,1912,UNNAMED,,,-5,10,1912-12-17 00:00:00,1912-12-18 03:00:00,Unknown
1912362N20123,WP,1912,UNNAMED,,,-5,21,1912-12-27 09:00:00,1912-12-29 21:00:00,Unknown
1913001S22115,SI,1913,UNNAMED,,,-5,17,1913-01-01 06:00:00,1913-01-03 06:00:00,Unknown
1913003S21121,SI,1913,UNNAMED,,,-5,21,1913-01-02 12:00:00,1913-01-05 00:00:00,Unknown
1913008S20135,SI,1913,UNNAMED,,,-5,2,1913-01-07 23:00:00,1913-01-08 00:00:00,Unknown
1913021S13052,SI,1913,UNNAMED,,,-5,25,1913-01-21 06:00:00,1913-01-24 06:00:00,Unknown
1913021S17052,SI,1913,UNNAMED,,,-5,49,1913-01-21 06:00:00,1913-01-27 06:00:00,Unknown
1913022S12053,SI,1913,UNNAMED,,,-5,41,1913-01-22 06:00:00,1913-01-27 06:00:00,Unknown
1913028S10139,SI,1913,UNNAMED,,,-5,20,1913-01-28 15:00:00,1913-01-31 00:00:00,Unknown
1913028S17152,SI,1913,UNNAMED,,,-5,68,1913-02-02 21:00:00,1913-02-10 00:00:00,Unknown
1913032S17053,SI,1913,UNNAMED,,,-5,37,1913-01-31 18:00:00,1913-02-05 06:00:00,Unknown
1913040S17053,SI,1913,UNNAMED,,,-5,33,1913-02-09 00:00:00,1913-02-13 00:00:00,Unknown
1913043S18039,SI,1913,UNNAMED,,,-5,41,1913-02-12 00:00:00,1913-02-17 00:00:00,Unknown
1913052S10060,SI,1913,UNNAMED,,,-5,41,1913-02-21 06:00:00,1913-02-26 06:00:00,Unknown
1913052S18039,SI,1913,UNNAMED,,,-5,73,1913-02-21 06:00:00,1913-03-02 06:00:00,Unknown
1913058S16066,SI,1913,UNNAMED,,,-5,37,1913-02-26 12:00:00,1913-03-03 00:00:00,Unknown
1913060S13057,SI,1913,UNNAMED,,,-5,65,1913-03-01 06:00:00,1913-03-09 06:00:00,Unknown
1913060S16066,SI,1913,UNNAMED,,,-5,93,1913-02-28 18:00:00,1913-03-12 06:00:00,Unknown
1913068S17066,SI,1913,UNNAMED,,,-5,73,1913-03-09 00:00:00,1913-03-18 00:00:00,Unknown
1913124N11132,WP,1913,UNNAMED,,,-5,76,1913-05-04 10:00:00,1913-05-11 22:00:00,Unknown
1913195N11132,WP,1913,UNNAMED,,,-5,71,1913-07-13 22:00:00,1913-07-20 22:00:00,Unknown
1913197N19087,NI,1913,UNNAMED,,,-5,42,1913-07-16 00:00:00,1913-07-21 03:00:00,Unknown
1913204N21090,NI,1913,UNNAMED,,,-5,42,1913-07-23 00:00:00,1913-07-28 03:00:00,Unknown
1913205N20122,WP,1913,UNNAMED,,,-5,51,1913-07-23 22:00:00,1913-07-28 22:00:00,Unknown
1913207N15136,WP,1913,UNNAMED,,,-5,66,1913-07-26 10:00:00,1913-08-01 22:00:00,Unknown
1913211N22089,NI,1913,UNNAMED,,,-5,26,1913-07-30 00:00:00,1913-08-02 03:00:00,Unknown
1913218N23090,NI,1913,UNNAMED,,,-5,50,1913-08-06 00:00:00,1913-08-12 03:00:00,Unknown
1913224N10140,WP,1913,UNNAMED,,,-5,66,1913-08-12 10:00:00,1913-08-18 22:00:00,Unknown
1913235N19134,WP,1913,UNNAMED,,,-5,37,1913-08-23 09:00:00,1913-08-27 21:00:00,Unknown
1913236N24079,NI,1913,UNNAMED,,,-5,10,1913-08-24 00:00:00,1913-08-25 03:00:00,Unknown
1913240N16118,WP,1913,UNNAMED,,,-5,36,1913-08-28 10:00:00,1913-08-31 22:00:00,Unknown
1913242N19145,WP,1913,UNNAMED,,,-5,61,1913-08-30 09:00:00,1913-09-06 21:00:00,Unknown
1913242N20087,NI,1913,UNNAMED,,,-5,42,1913-08-30 00:00:00,1913-09-04 03:00:00,Unknown
1913243N12141,WP,1913,UNNAMED,,,-5,66,1913-08-31 10:00:00,1913-09-06 22:00:00,Unknown
1913252N23131,WP,1913,UNNAMED,,,-5,66,1913-09-09 10:00:00,1913-09-15 22:00:00,Unknown
1913257N16144,WP,1913,UNNAMED,,,-5,13,1913-09-14 09:00:00,1913-09-15 21:00:00,Unknown
1913257N17133,WP,1913,UNNAMED,,,-5,61,1913-09-13 22:00:00,1913-09-19 22:00:00,Unknown
1913261N14147,WP,1913,UNNAMED,,,-5,45,1913-09-18 09:00:00,1913-09-23 21:00:00,Unknown
1913274N20143,WP,1913,UNNAMED,,,-5,16,1913-10-01 10:00:00,1913-10-02 22:00:00,Unknown
1913278N25128,WP,1913,UNNAMED,,,-5,6,1913-10-05 10:00:00,1913-10-05 22:00:00,Unknown
1913284N15130,WP,1913,UNNAMED,,,-5,61,1913-10-10 22:00:00,1913-10-16 22:00:00,Unknown
1913286N18086,NI,1913,UNNAMED,,,-5,26,1913-10-13 00:00:00,1913-10-16 03:00:00,Unknown
1913287N22135,WP,1913,UNNAMED,,,-5,16,1913-10-14 10:00:00,1913-10-15 22:00:00,Unknown
1913300N24133,WP,1913,UNNAMED,,,-5,11,1913-10-26 22:00:00,1913-10-27 22:00:00,Unknown
1913304N15093,NI,1913,UNNAMED,,,-5,10,1913-10-31 00:00:00,1913-11-01 03:00:00,Unknown
1913311N07086,NI,1913,UNNAMED,,,-5,18,1913-11-07 00:00:00,1913-11-09 03:00:00,Unknown
1913314N12147,WP,1913,UNNAMED,,,-5,56,1913-11-10 10:00:00,1913-11-15 22:00:00,Unknown
1913349N06085,NI,1913,UNNAMED,,,-5,10,1913-12-15 00:00:00,1913-12-16 03:00:00,Unknown
1913355N05141,WP,1913,UNNAMED,,,-5,66,1913-12-21 10:00:00,1913-12-27 22:00:00,Unknown
1913361S13142,SI,1914,UNNAMED,,,-5,32,1914-01-02 06:00:00,1914-01-05 00:00:00,Unknown
1914011S19115,SI,1914,UNNAMED,,,-5,17,1914-01-11 06:00:00,1914-01-13 06:00:00,Unknown
1914027S24115,SI,1914,UNNAMED,,,-5,13,1914-01-26 12:00:00,1914-01-28 00:00:00,Unknown
1914060S15053,SI,1914,UNNAMED,,,-5,105,1914-03-01 06:00:00,1914-03-14 06:00:00,Unknown
1914099S11051,SI,1914,UNNAMED,,,-5,25,1914-04-09 06:00:00,1914-04-12 06:00:00,Unknown
1914133N13091,NI,1914,UNNAMED,,,-5,34,1914-05-13 00:00:00,1914-05-17 03:00:00,Unknown
1914143N12142,WP,1914,UNNAMED,,,-5,36,1914-05-23 10:00:00,1914-05-26 22:00:00,Unknown
1914153N18089,NI,1914,UNNAMED,,,-5,10,1914-06-02 00:00:00,1914-06-03 03:00:00,Unknown
1914155N16114,WP,1914,UNNAMED,,,-5,26,1914-06-04 10:00:00,1914-06-06 22:00:00,Unknown
1914168N11131,WP,1914,UNNAMED,,,-5,56,1914-06-17 10:00:00,1914-06-22 22:00:00,Unknown
1914175N19087,NI,1914,UNNAMED,,,-5,34,1914-06-24 00:00:00,1914-06-28 03:00:00,Unknown
1914177N13134,WP,1914,UNNAMED,,,-5,56,1914-06-26 10:00:00,1914-07-01 22:00:00,Unknown
1914183N11143,WP,1914,UNNAMED,,,-5,86,1914-07-02 10:00:00,1914-07-10 22:00:00,Unknown
1914189N15145,WP,1914,UNNAMED,,,-5,66,1914-07-08 10:00:00,1914-07-14 22:00:00,Unknown
1914191N19087,NI,1914,UNNAMED,,,-5,26,1914-07-10 00:00:00,1914-07-13 03:00:00,Unknown
1914195N18146,WP,1914,UNNAMED,,,-5,36,1914-07-14 10:00:00,1914-07-17 22:00:00,Unknown
1914202N17146,WP,1914,UNNAMED,,,-5,56,1914-07-21 10:00:00,1914-07-26 22:00:00,Unknown
1914216N24086,NI,1914,UNNAMED,,,-5,34,1914-08-04 00:00:00,1914-08-08 03:00:00,Unknown
1914222N18131,WP,1914,UNNAMED,,,-5,56,1914-08-10 10:00:00,1914-08-15 22:00:00,Unknown
1914223N24145,WP,1914,UNNAMED,,,-5,16,1914-08-11 10:00:00,1914-08-12 22:00:00,Unknown
1914228N17144,WP,1914,UNNAMED,,,-5,76,1914-08-16 10:00:00,1914-08-23 22:00:00,Unknown
1914235N20108,WP,1914,UNNAMED,,,-5,26,1914-08-23 10:00:00,1914-08-25 22:00:00,Unknown
1914240N20119,WP,1914,UNNAMED,,,-5,71,1914-08-27 22:00:00,1914-09-03 22:00:00,Unknown
1914240N26146,WP,1914,UNNAMED,,,-5,6,1914-08-28 10:00:00,1914-08-28 22:00:00,Unknown
1914242N17130,WP,1914,UNNAMED,,,-5,96,1914-08-30 10:00:00,1914-09-08 22:00:00,Unknown
1914249N16145,WP,1914,UNNAMED,,,-5,46,1914-09-06 10:00:00,1914-09-10 22:00:00,Unknown
1914255N21142,WP,1914,UNNAMED,,,-5,16,1914-09-12 10:00:00,1914-09-13 22:00:00,Unknown
1914256N18083,NI,1914,UNNAMED,,,-5,42,1914-09-13 00:00:00,1914-09-18 03:00:00,Unknown
1914262N20121,WP,1914,UNNAMED,,,-5,26,1914-09-19 10:00:00,1914-09-21 22:00:00,Unknown
1914265N13131,WP,1914,UNNAMED,,,-5,26,1914-09-22 10:00:00,1914-09-24 22:00:00,Unknown
1914266N12143,WP,1914,UNNAMED,,,-5,76,1914-09-23 10:00:00,1914-09-30 22:00:00,Unknown
1914275N11094,NI,1914,UNNAMED,,,-5,26,1914-10-02 00:00:00,1914-10-05 03:00:00,Unknown
1914275N14113,WP,1914,UNNAMED,,,-5,21,1914-10-01 22:00:00,1914-10-03 22:00:00,Unknown
1914282N15146,WP,1914,UNNAMED,,,-5,26,1914-10-09 10:00:00,1914-10-11 22:00:00,Unknown
1914320N11130,WP,1914,UNNAMED,,,-5,26,1914-11-16 10:00:00,1914-11-18 22:00:00,Unknown
1914330N10127,WP,1914,UNNAMED,,,-5,36,1914-11-26 10:00:00,1914-11-29 22:00:00,Unknown
1914353N09085,NI,1914,UNNAMED,,,-5,18,1914-12-19 00:00:00,1914-12-21 03:00:00,Unknown
1915033N17130,WP,1915,UNNAMED,,,-5,21,1915-02-02 09:00:00,1915-02-04 21:00:00,Unknown
1915045S19038,SI,1915,UNNAMED,,,-5,41,1915-02-14 06:00:00,1915-02-19 06:00:00,Unknown
1915047N17146,WP,1915,UNNAMED,,,-5,29,1915-02-16 09:00:00,1915-02-19 21:00:00,Unknown
1915052S19115,SI,1915,UNNAMED,,,-5,33,1915-02-21 06:00:00,1915-02-25 06:00:00,Unknown
1915054S19114,SI,1915,UNNAMED,,,-5,48,1915-02-22 12:00:00,1915-02-27 21:00:00,Unknown
1915056S11133,SI,1915,UNNAMED,,,-5,9,1915-02-25 00:00:00,1915-02-26 00:00:00,Unknown
1915062S16052,SI,1915,UNNAMED,,,-5,41,1915-03-03 06:00:00,1915-03-08 06:00:00,Unknown
1915069S17059,SI,1915,UNNAMED,,,-5,25,1915-03-10 06:00:00,1915-03-13 06:00:00,Unknown
1915089S12054,SI,1915,UNNAMED,,,-5,25,1915-03-30 06:00:00,1915-04-02 06:00:00,Unknown
1915131N18111,WP,1915,UNNAMED,,,-5,45,1915-05-11 09:00:00,1915-05-16 21:00:00,Unknown
1915135N21119,WP,1915,UNNAMED,,,-5,11,1915-05-14 22:00:00,1915-05-15 22:00:00,Unknown
1915147N17112,WP,1915,UNNAMED,,,-5,41,1915-05-26 22:00:00,1915-05-30 22:00:00,Unknown
1915174N17088,NI,1915,UNNAMED,,,-5,26,1915-06-23 00:00:00,1915-06-26 03:00:00,Unknown
1915178N17117,WP,1915,UNNAMED,,,-5,26,1915-06-27 10:00:00,1915-06-29 22:00:00,Unknown
1915201N17141,WP,1915,UNNAMED,,,-5,81,1915-07-19 22:00:00,1915-07-27 22:00:00,Unknown
1915202N24123,WP,1915,UNNAMED,,,-5,16,1915-07-21 10:00:00,1915-07-22 22:00:00,Unknown
1915211N17116,WP,1915,UNNAMED,,,-5,56,1915-07-30 10:00:00,1915-08-04 22:00:00,Unknown
1915212N22143,WP,1915,UNNAMED,,,-5,46,1915-07-31 10:00:00,1915-08-04 22:00:00,Unknown
1915213N19089,NI,1915,UNNAMED,,,-5,45,1915-07-31 15:00:00,1915-08-06 03:00:00,Unknown
1915231N16128,WP,1915,UNNAMED,,,-5,46,1915-08-19 10:00:00,1915-08-23 22:00:00,Unknown
1915237N24128,WP,1915,UNNAMED,,,-5,6,1915-08-25 10:00:00,1915-08-25 22:00:00,Unknown
1915238N18087,NI,1915,UNNAMED,,,-5,50,1915-08-26 00:00:00,1915-09-01 03:00:00,Unknown
1915245N16148,WP,1915,UNNAMED,,,-5,69,1915-09-02 09:00:00,1915-09-10 21:00:00,Unknown
1915249N19086,NI,1915,UNNAMED,,,-5,18,1915-09-06 00:00:00,1915-09-08 03:00:00,Unknown
1915253N22145,WP,1915,UNNAMED,,,-5,26,1915-09-10 10:00:00,1915-09-12 22:00:00,Unknown
1915254N16110,WP,1915,UNNAMED,,,-5,26,1915-09-11 10:00:00,1915-09-13 22:00:00,Unknown
1915265N18147,WP,1915,UNNAMED,,,-5,37,1915-09-22 09:00:00,1915-09-26 21:00:00,Unknown
1915273N17089,NI,1915,UNNAMED,,,-5,58,1915-09-30 00:00:00,1915-10-07 03:00:00,Unknown
1915276N17146,WP,1915,UNNAMED,,,-5,45,1915-10-03 09:00:00,1915-10-08 21:00:00,Unknown
1915282N12120,WP,1915,UNNAMED,,,-5,31,1915-10-08 22:00:00,1915-10-11 22:00:00,Unknown
1915283N19087,NI,1915,UNNAMED,,,-5,10,1915-10-10 00:00:00,1915-10-11 03:00:00,Unknown
1915288N07129,WP,1915,UNNAMED,,,-5,37,1915-10-15 09:00:00,1915-10-19 21:00:00,Unknown
1915289N11114,WP,1915,UNNAMED,,,-5,31,1915-10-15 22:00:00,1915-10-18 22:00:00,Unknown
1915294N24136,WP,1915,UNNAMED,,,-5,45,1915-10-21 09:00:00,1915-10-26 21:00:00,Unknown
1915295N12130,WP,1915,UNNAMED,,,-5,66,1915-10-22 10:00:00,1915-10-28 22:00:00,Unknown
1915298N11145,WP,1915,UNNAMED,,,-5,66,1915-10-25 10:00:00,1915-10-31 22:00:00,Unknown
1915306N12134,WP,1915,UNNAMED,,,-5,46,1915-11-02 10:00:00,1915-11-06 22:00:00,Unknown
1915308N13087,NI,1915,UNNAMED,,,-5,26,1915-11-04 00:00:00,1915-11-07 03:00:00,Unknown
1915314N13125,WP,1915,UNNAMED,,,-5,46,1915-11-10 10:00:00,1915-11-14 22:00:00,Unknown
1915319N17085,NI,1915,UNNAMED,,,-5,10,1915-11-15 00:00:00,1915-11-16 03:00:00,Unknown
1915319N18140,WP,1915,UNNAMED,,,-5,16,1915-11-15 10:00:00,1915-11-16 22:00:00,Unknown
1915337N10090,NI,1915,UNNAMED,,,-5,18,1915-12-03 00:00:00,1915-12-05 03:00:00,Unknown
1915339N10131,WP,1915,UNNAMED,,,-5,51,1915-12-04 22:00:00,1915-12-09 22:00:00,Unknown
1915356S13129,SI,1916,UNNAMED,,,-5,20,1915-12-21 23:30:00,1915-12-23 23:30:00,Unknown
1916007S17053,SI,1916,UNNAMED,,,-5,49,1916-01-07 06:00:00,1916-01-13 06:00:00,Unknown
1916014N10128,WP,1916,UNNAMED,,,-5,26,1916-01-14 10:00:00,1916-01-16 22:00:00,Unknown
1916017S17054,SI,1916,UNNAMED,,,-5,41,1916-01-17 06:00:00,1916-01-22 06:00:00,Unknown
1916017S18118,SI,1916,UNNAMED,,,-5,30,1916-01-17 01:00:00,1916-01-20 01:00:00,Unknown
1916022N08129,WP,1916,UNNAMED,,,-5,16,1916-01-22 10:00:00,1916-01-23 22:00:00,Unknown
1916022S13053,SI,1916,UNNAMED,,,-5,33,1916-01-22 06:00:00,1916-01-26 06:00:00,Unknown
1916062S18122,SI,1916,UNNAMED,,,-5,19,1916-03-02 01:00:00,1916-03-04 01:00:00,Unknown
1916102S08100,SI,1916,UNNAMED,,,-5,49,1916-04-11 00:00:00,1916-04-17 00:00:00,Unknown
1916108N11128,WP,1916,UNNAMED,,,-5,26,1916-04-17 10:00:00,1916-04-19 22:00:00,Unknown
1916112S06101,SI,1916,UNNAMED,,,-5,65,1916-04-21 06:00:00,1916-04-29 06:00:00,Unknown
1916112S07101,SI,1916,UNNAMED,,,-5,53,1916-04-20 18:00:00,1916-04-27 06:00:00,Unknown
1916125N13091,NI,1916,UNNAMED,,,-5,18,1916-05-04 00:00:00,1916-05-06 03:00:00,Unknown
1916144S10066,SI,1916,UNNAMED,,,-5,49,1916-05-23 06:00:00,1916-05-29 06:00:00,Unknown
1916146N12062,NI,1916,UNNAMED,,,-5,18,1916-05-25 00:00:00,1916-05-27 03:00:00,Unknown
1916148N08124,WP,1916,UNNAMED,,,-5,61,1916-05-26 22:00:00,1916-06-01 22:00:00,Unknown
1916153N20111,WP,1916,UNNAMED,,,-5,26,1916-06-01 10:00:00,1916-06-03 22:00:00,Unknown
1916156N19091,NI,1916,UNNAMED,,,-5,18,1916-06-04 00:00:00,1916-06-06 03:00:00,Unknown
1916163N16114,WP,1916,UNNAMED,,,-5,71,1916-06-10 22:00:00,1916-06-17 22:00:00,Unknown
1916163N21088,NI,1916,UNNAMED,,,-5,45,1916-06-10 15:00:00,1916-06-16 03:00:00,Unknown
1916198S22130,SI,1917,UNNAMED,,,-5,16,1916-07-15 12:00:00,1916-07-17 09:00:00,Unknown
1916207N25139,WP,1916,UNNAMED,,,-5,26,1916-07-25 10:00:00,1916-07-27 22:00:00,Unknown
1916225N22118,WP,1916,UNNAMED,,,-5,26,1916-08-12 10:00:00,1916-08-14 22:00:00,Unknown
1916225N24137,WP,1916,UNNAMED,,,-5,16,1916-08-12 10:00:00,1916-08-13 22:00:00,Unknown
1916226N21089,NI,1916,UNNAMED,,,-5,10,1916-08-13 00:00:00,1916-08-14 03:00:00,Unknown
1916230N26124,WP,1916,UNNAMED,,,-5,66,1916-08-17 10:00:00,1916-08-23 22:00:00,Unknown
1916232N25080,NI,1916,UNNAMED,,,-5,26,1916-08-19 00:00:00,1916-08-22 03:00:00,Unknown
1916248N17128,WP,1916,UNNAMED,,,-5,51,1916-09-03 22:00:00,1916-09-08 22:00:00,Unknown
1916260N13118,WP,1916,UNNAMED,,,-5,61,1916-09-15 22:00:00,1916-09-21 22:00:00,Unknown
1916263N18091,NI,1916,UNNAMED,,,-5,74,1916-09-19 00:00:00,1916-09-28 03:00:00,Unknown
1916267N19129,WP,1916,UNNAMED,,,-5,61,1916-09-22 22:00:00,1916-09-28 22:00:00,Unknown
1916276N11129,WP,1916,UNNAMED,,,-5,69,1916-10-02 09:00:00,1916-10-10 21:00:00,Unknown
1916276N18088,NI,1916,UNNAMED,,,-5,34,1916-10-02 00:00:00,1916-10-06 03:00:00,Unknown
1916282N12119,WP,1916,UNNAMED,,,-5,31,1916-10-07 22:00:00,1916-10-10 22:00:00,Unknown
1916282N15130,WP,1916,UNNAMED,,,-5,45,1916-10-08 09:00:00,1916-10-13 21:00:00,Unknown
1916289N10088,NI,1916,UNNAMED,,,-5,74,1916-10-15 00:00:00,1916-10-24 03:00:00,Unknown
1916295N12088,NI,1916,UNNAMED,,,-5,34,1916-10-21 00:00:00,1916-10-25 03:00:00,Unknown
1916301N15092,NI,1916,UNNAMED,,,-5,26,1916-10-27 00:00:00,1916-10-30 03:00:00,Unknown
1916305N23138,WP,1916,UNNAMED,,,-5,13,1916-10-31 09:00:00,1916-11-01 21:00:00,Unknown
1916306N18090,NI,1916,UNNAMED,,,-5,10,1916-11-01 00:00:00,1916-11-02 03:00:00,Unknown
1916308N10117,WP,1916,UNNAMED,,,-5,26,1916-11-03 10:00:00,1916-11-05 22:00:00,Unknown
1916309N18140,WP,1916,UNNAMED,,,-5,61,1916-11-04 09:00:00,1916-11-11 21:00:00,Unknown
1916312N15095,NI,1916,UNNAMED,,,-5,34,1916-11-07 00:00:00,1916-11-11 03:00:00,Unknown
1916320N14130,WP,1916,UNNAMED,,,-5,26,1916-11-15 10:00:00,1916-11-17 22:00:00,Unknown
1916320N15139,WP,1916,UNNAMED,,,-5,29,1916-11-15 09:00:00,1916-11-18 21:00:00,Unknown
1916326N09088,NI,1916,UNNAMED,,,-5,18,1916-11-21 00:00:00,1916-11-23 03:00:00,Unknown
1916356S10059,SI,1917,UNNAMED,,,-5,65,1916-12-21 06:00:00,1916-12-29 06:00:00,Unknown
1917004S16122,SI,1917,UNNAMED,,,-5,19,1917-01-04 01:00:00,1917-01-06 01:00:00,Unknown
1917021S12052,SI,1917,UNNAMED,,,-5,73,1917-01-21 06:00:00,1917-01-30 06:00:00,Unknown
1917025S13051,SI,1917,UNNAMED,,,-5,57,1917-01-25 06:00:00,1917-02-01 06:00:00,Unknown
1917032S11054,SI,1917,UNNAMED,,,-5,53,1917-01-31 18:00:00,1917-02-07 06:00:00,Unknown
1917032S13058,SI,1917,UNNAMED,,,-5,97,1917-02-01 06:00:00,1917-02-13 06:00:00,Unknown
1917032S13418,SI,1917,UNNAMED,,,-5,77,1917-01-31 18:00:00,1917-02-10 06:00:00,Unknown
1917040S13051,SI,1917,UNNAMED,,,-5,49,1917-02-09 00:00:00,1917-02-15 00:00:00,Unknown
1917040S13057,SI,1917,UNNAMED,,,-5,73,1917-02-09 00:00:00,1917-02-18 00:00:00,Unknown
1917060S14068,SI,1917,UNNAMED,,,-5,33,1917-03-01 06:00:00,1917-03-05 06:00:00,Unknown
1917060S14069,SI,1917,UNNAMED,,,-5,21,1917-02-28 18:00:00,1917-03-03 06:00:00,Unknown
1917068S15068,SI,1917,UNNAMED,,,-5,17,1917-03-09 00:00:00,1917-03-11 00:00:00,Unknown
1917070S17114,SI,1917,UNNAMED,,,-5,54,1917-03-11 06:00:00,1917-03-17 06:00:00,Unknown
1917071S11063,SI,1917,UNNAMED,,,-5,33,1917-03-12 06:00:00,1917-03-16 06:00:00,Unknown
1917073S21115,SI,1917,UNNAMED,,,-5,13,1917-03-14 01:00:00,1917-03-15 01:00:00,Unknown
1917087S19118,SI,1917,UNNAMED,,991.0,-5,11,1917-03-28 01:00:00,1917-03-29 01:00:00,Unknown
1917091S19115,SI,1917,UNNAMED,,,-5,41,1917-04-01 06:00:00,1917-04-06 06:00:00,Unknown
1917092S10134,SI,1917,UNNAMED,,,-5,45,1917-04-01 12:00:00,1917-04-07 00:00:00,Unknown
1917121N10084,NI,1917,UNNAMED,,,-5,26,1917-05-01 00:00:00,1917-05-04 03:00:00,Unknown
1917164N22089,NI,1917,UNNAMED,,,-5,26,1917-06-13 00:00:00,1917-06-16 03:00:00,Unknown
1917165N20067,NI,1917,UNNAMED,,,-5,10,1917-06-14 00:00:00,1917-06-15 03:00:00,Unknown
1917177N20088,NI,1917,UNNAMED,,,-5,34,1917-06-26 00:00:00,1917-06-30 03:00:00,Unknown
1917193N19124,WP,1917,UNNAMED,,,-5,36,1917-07-12 10:00:00,1917-07-15 22:00:00,Unknown
1917198N14127,WP,1917,UNNAMED,,,-5,61,1917-07-16 22:00:00,1917-07-22 22:00:00,Unknown
1917211N22127,WP,1917,UNNAMED,,,-5,31,1917-07-29 22:00:00,1917-08-01 22:00:00,Unknown
1917211N23090,NI,1917,UNNAMED,,,-5,34,1917-07-30 00:00:00,1917-08-03 03:00:00,Unknown
1917219N21088,NI,1917,UNNAMED,,,-5,26,1917-08-07 00:00:00,1917-08-10 03:00:00,Unknown
1917223N15127,WP,1917,UNNAMED,,,-5,31,1917-08-10 22:00:00,1917-08-13 22:00:00,Unknown
1917228N16128,WP,1917,UNNAMED,,,-5,57,1917-08-15 21:00:00,1917-08-22 21:00:00,Unknown
1917239N13132,WP,1917,UNNAMED,,,-5,77,1917-08-27 09:00:00,1917-09-05 21:00:00,Unknown
1917246N16116,WP,1917,UNNAMED,,,-5,21,1917-09-02 22:00:00,1917-09-04 22:00:00,Unknown
1917247N11127,WP,1917,UNNAMED,,,-5,65,1917-09-04 09:00:00,1917-09-12 09:00:00,Unknown
1917248N18087,NI,1917,UNNAMED,,,-5,34,1917-09-05 00:00:00,1917-09-09 03:00:00,Unknown
1917251N14133,WP,1917,UNNAMED,,,-5,69,1917-09-08 09:00:00,1917-09-16 21:00:00,Unknown
1917267N10129,WP,1917,UNNAMED,,,-5,61,1917-09-24 09:00:00,1917-10-01 21:00:00,Unknown
1917270N15116,WP,1917,UNNAMED,,,-5,36,1917-09-27 10:00:00,1917-09-30 22:00:00,Unknown
1917274N19089,NI,1917,UNNAMED,,,-5,58,1917-10-01 00:00:00,1917-10-08 03:00:00,Unknown
1917276N13133,WP,1917,UNNAMED,,,-5,61,1917-10-03 09:00:00,1917-10-10 21:00:00,Unknown
1917286N13131,WP,1917,UNNAMED,,,-5,29,1917-10-13 09:00:00,1917-10-16 21:00:00,Unknown
1917292N10073,NI,1917,UNNAMED,,,-5,58,1917-10-19 00:00:00,1917-10-26 03:00:00,Unknown
1917296N12131,WP,1917,UNNAMED,,,-5,29,1917-10-23 09:00:00,1917-10-26 21:00:00,Unknown
1917297N11093,NI,1917,UNNAMED,,,-5,58,1917-10-24 00:00:00,1917-10-31 03:00:00,Unknown
1917313N11126,WP,1917,UNNAMED,,,-5,46,1917-11-09 10:00:00,1917-11-13 22:00:00,Unknown
1917352S12123,SI,1918,UNNAMED,,,-5,25,1917-12-17 12:00:00,1917-12-20 01:00:00,Unknown
1917353S18121,SI,1918,UNNAMED,,,-5,32,1917-12-18 12:00:00,1917-12-22 00:00:00,Unknown
1918001S11070,SI,1918,UNNAMED,,,-5,49,1918-01-01 06:00:00,1918-01-07 06:00:00,Unknown
1918001S12070,SI,1918,UNNAMED,,,-5,33,1918-01-01 06:00:00,1918-01-05 06:00:00,Unknown
1918009S12070,SI,1918,UNNAMED,,,-5,33,1918-01-09 00:00:00,1918-01-13 00:00:00,Unknown
1918014N07086,NI,1918,UNNAMED,,,-5,34,1918-01-14 00:00:00,1918-01-18 03:00:00,Unknown
1918029S14061,SI,1918,UNNAMED,,,-5,93,1918-01-28 18:00:00,1918-02-09 06:00:00,Unknown
1918031S18120,SI,1918,UNNAMED,,970.0,-5,59,1918-01-30 12:00:00,1918-02-06 00:00:00,Unknown
1918032S10051,SI,1918,UNNAMED,,,-5,57,1918-01-31 18:00:00,1918-02-07 18:00:00,Unknown
1918032S14061,SI,1918,UNNAMED,,,-5,105,1918-02-01 06:00:00,1918-02-14 06:00:00,Unknown
1918033S10050,SI,1918,UNNAMED,,,-5,73,1918-02-02 06:00:00,1918-02-11 06:00:00,Unknown
1918040S11050,SI,1918,UNNAMED,,,-5,65,1918-02-09 00:00:00,1918-02-17 00:00:00,Unknown
1918070S12062,SI,1918,UNNAMED,,,-5,17,1918-03-11 00:00:00,1918-03-13 00:00:00,Unknown
1918070S21048,SI,1918,UNNAMED,,,-5,41,1918-03-11 06:00:00,1918-03-16 06:00:00,Unknown
1918071N16129,WP,1918,UNNAMED,,,-5,45,1918-03-12 09:00:00,1918-03-17 21:00:00,Unknown
1918078S21048,SI,1918,UNNAMED,,,-5,29,1918-03-18 18:00:00,1918-03-22 06:00:00,Unknown
1918080S12062,SI,1918,UNNAMED,,,-5,21,1918-03-20 18:00:00,1918-03-23 06:00:00,Unknown
1918080S12063,SI,1918,UNNAMED,,,-5,33,1918-03-21 06:00:00,1918-03-25 06:00:00,Unknown
1918091S13064,SI,1918,UNNAMED,,,-5,37,1918-03-31 18:00:00,1918-04-05 06:00:00,Unknown
1918099N06143,WP,1918,UNNAMED,,,-5,91,1918-04-08 22:00:00,1918-04-17 22:00:00,Unknown
1918099S08130,SI,1918,UNNAMED,,,-5,29,1918-04-08 12:00:00,1918-04-12 00:00:00,Unknown
1918099S13062,SI,1918,UNNAMED,,,-5,17,1918-04-09 00:00:00,1918-04-11 00:00:00,Unknown
1918101S13061,SI,1918,UNNAMED,,,-5,25,1918-04-11 06:00:00,1918-04-14 06:00:00,Unknown
1918144N21091,NI,1918,UNNAMED,,,-5,10,1918-05-24 00:00:00,1918-05-25 03:00:00,Unknown
1918164N19114,WP,1918,UNNAMED,,,-5,36,1918-06-13 10:00:00,1918-06-16 22:00:00,Unknown
1918165N21088,NI,1918,UNNAMED,,,-5,34,1918-06-14 00:00:00,1918-06-18 03:00:00,Unknown
1918175N11139,WP,1918,UNNAMED,,,-5,76,1918-06-24 10:00:00,1918-07-01 22:00:00,Unknown
1918188N13146,WP,1918,UNNAMED,,,-5,51,1918-07-06 22:00:00,1918-07-11 22:00:00,Unknown
1918190N17112,WP,1918,UNNAMED,,,-5,41,1918-07-08 22:00:00,1918-07-12 22:00:00,Unknown
1918195N16129,WP,1918,UNNAMED,,,-5,16,1918-07-14 10:00:00,1918-07-15 22:00:00,Unknown
1918203N16146,WP,1918,UNNAMED,,,-5,41,1918-07-21 22:00:00,1918-07-25 22:00:00,Unknown
1918209N20089,NI,1918,UNNAMED,,,-5,18,1918-07-28 00:00:00,1918-07-30 03:00:00,Unknown
1918210N20119,WP,1918,UNNAMED,,,-5,21,1918-07-28 22:00:00,1918-07-30 22:00:00,Unknown
1918215N20145,WP,1918,UNNAMED,,,-5,26,1918-08-03 10:00:00,1918-08-05 22:00:00,Unknown
1918219N23126,WP,1918,UNNAMED,,,-5,26,1918-08-07 10:00:00,1918-08-09 22:00:00,Unknown
1918223N17130,WP,1918,UNNAMED,,,-5,46,1918-08-11 10:00:00,1918-08-15 22:00:00,Unknown
1918226N20088,NI,1918,UNNAMED,,,-5,18,1918-08-14 00:00:00,1918-08-16 03:00:00,Unknown
1918236N21127,WP,1918,UNNAMED,,,-5,16,1918-08-24 10:00:00,1918-08-25 22:00:00,Unknown
1918238N24084,NI,1918,UNNAMED,,,-5,26,1918-08-26 00:00:00,1918-08-29 03:00:00,Unknown
1918240N18142,WP,1918,UNNAMED,,,-5,21,1918-08-27 22:00:00,1918-08-29 22:00:00,Unknown
1918245N17112,WP,1918,UNNAMED,,,-5,11,1918-09-01 22:00:00,1918-09-02 22:00:00,Unknown
1918247N20088,NI,1918,UNNAMED,,,-5,26,1918-09-04 00:00:00,1918-09-07 03:00:00,Unknown
1918249N18128,WP,1918,UNNAMED,,,-5,81,1918-09-05 22:00:00,1918-09-13 22:00:00,Unknown
1918261N14148,WP,1918,UNNAMED,,,-5,56,1918-09-18 10:00:00,1918-09-23 22:00:00,Unknown
1918273N14130,WP,1918,UNNAMED,,,-5,61,1918-09-29 22:00:00,1918-10-05 22:00:00,Unknown
1918280N23127,WP,1918,UNNAMED,,,-5,26,1918-10-07 10:00:00,1918-10-09 22:00:00,Unknown
1918285N20089,NI,1918,UNNAMED,,,-5,10,1918-10-12 00:00:00,1918-10-13 03:00:00,Unknown
1918289N15126,WP,1918,UNNAMED,,,-5,71,1918-10-15 22:00:00,1918-10-22 22:00:00,Unknown
1918292N11145,WP,1918,UNNAMED,,,-5,51,1918-10-18 22:00:00,1918-10-23 22:00:00,Unknown
1918314N10085,NI,1918,UNNAMED,,,-5,10,1918-11-10 00:00:00,1918-11-11 03:00:00,Unknown
1918321N09083,NI,1918,UNNAMED,,,-5,18,1918-11-17 00:00:00,1918-11-19 03:00:00,Unknown
1918343N07088,NI,1918,UNNAMED,,,-5,18,1918-12-09 00:00:00,1918-12-11 03:00:00,Unknown
1918357N13132,WP,1918,UNNAMED,,,-5,81,1918-12-22 22:00:00,1918-12-30 22:00:00,Unknown
1919040S20067,SI,1919,UNNAMED,,,-5,33,1919-02-09 06:00:00,1919-02-13 06:00:00,Unknown
1919056S14065,SI,1919,UNNAMED,,,-5,49,1919-02-25 06:00:00,1919-03-03 06:00:00,Unknown
1919062S14128,SI,1919,UNNAMED,,,-5,53,1919-03-02 23:30:00,1919-03-07 06:00:00,Unknown
1919069S15070,SI,1919,UNNAMED,,,-5,9,1919-03-10 00:00:00,1919-03-11 00:00:00,Unknown
1919070S15070,SI,1919,UNNAMED,,,-5,25,1919-03-11 06:00:00,1919-03-14 06:00:00,Unknown
1919070S15430,SI,1919,UNNAMED,,,-5,13,1919-03-10 18:00:00,1919-03-12 06:00:00,Unknown
1919096S09129,SI,1919,UNNAMED,,,-5,37,1919-04-05 12:00:00,1919-04-10 00:00:00,Unknown
1919150N13067,NI,1919,UNNAMED,,,-5,26,1919-05-30 00:00:00,1919-06-02 03:00:00,Unknown
1919161N12126,WP,1919,UNNAMED,,,-5,41,1919-06-09 22:00:00,1919-06-13 22:00:00,Unknown
1919181N11142,WP,1919,UNNAMED,,,-5,51,1919-06-29 22:00:00,1919-07-04 22:00:00,Unknown
1919182N20087,NI,1919,UNNAMED,,,-5,18,1919-07-01 00:00:00,1919-07-03 03:00:00,Unknown
1919193N20149,WP,1919,UNNAMED,,,-5,37,1919-07-11 21:00:00,1919-07-16 09:00:00,Unknown
1919207N17113,WP,1919,UNNAMED,,,-5,41,1919-07-25 22:00:00,1919-07-29 22:00:00,Unknown
1919209N18090,NI,1919,UNNAMED,,,-5,58,1919-07-28 00:00:00,1919-08-04 03:00:00,Unknown
1919210N19134,WP,1919,UNNAMED,,,-5,65,1919-07-28 21:00:00,1919-08-05 21:00:00,Unknown
1919212N16111,WP,1919,UNNAMED,,,-5,31,1919-07-30 22:00:00,1919-08-02 22:00:00,Unknown
1919217N21091,NI,1919,UNNAMED,,,-5,42,1919-08-05 00:00:00,1919-08-10 03:00:00,Unknown
1919218N16149,WP,1919,UNNAMED,,,-5,105,1919-08-05 21:00:00,1919-08-18 21:00:00,Unknown
1919219N19124,WP,1919,UNNAMED,,,-5,41,1919-08-06 22:00:00,1919-08-10 22:00:00,Unknown
1919223N22089,NI,1919,UNNAMED,,,-5,18,1919-08-11 00:00:00,1919-08-13 03:00:00,Unknown
1919232N14128,WP,1919,UNNAMED,,,-5,41,1919-08-19 22:00:00,1919-08-23 22:00:00,Unknown
1919235N16135,WP,1919,UNNAMED,,,-5,65,1919-08-22 21:00:00,1919-08-30 21:00:00,Unknown
1919236N19088,NI,1919,UNNAMED,,,-5,50,1919-08-24 00:00:00,1919-08-30 03:00:00,Unknown
1919238N13147,WP,1919,UNNAMED,,,-5,81,1919-08-25 22:00:00,1919-09-02 22:00:00,Unknown
1919241N13130,WP,1919,UNNAMED,,,-5,10,1919-08-28 15:00:00,1919-08-29 12:00:00,Unknown
1919243N20089,NI,1919,UNNAMED,,,-5,18,1919-08-31 00:00:00,1919-09-02 03:00:00,Unknown
1919245N24123,WP,1919,UNNAMED,,,-5,40,1919-09-01 15:00:00,1919-09-06 03:00:00,Unknown
1919246N20145,WP,1919,UNNAMED,,,-5,21,1919-09-03 09:00:00,1919-09-05 21:00:00,Unknown
1919251N09147,WP,1919,UNNAMED,,,-5,71,1919-09-07 22:00:00,1919-09-14 22:00:00,Unknown
1919255N17139,WP,1919,UNNAMED,,,-5,37,1919-09-12 09:00:00,1919-09-16 21:00:00,Unknown
1919261N16147,WP,1919,UNNAMED,,,-5,37,1919-09-18 09:00:00,1919-09-22 21:00:00,Unknown
1919266N15089,NI,1919,UNNAMED,,,-5,18,1919-09-23 00:00:00,1919-09-25 03:00:00,Unknown
1919272N08144,WP,1919,UNNAMED,,,-5,71,1919-09-28 22:00:00,1919-10-05 22:00:00,Unknown
1919273N17149,WP,1919,UNNAMED,,,-5,34,1919-09-30 09:00:00,1919-10-03 15:00:00,Unknown
1919278N25132,WP,1919,UNNAMED,,,-5,14,1919-10-04 12:00:00,1919-10-05 21:00:00,Unknown
1919282N13129,WP,1919,UNNAMED,,,-5,41,1919-10-08 22:00:00,1919-10-12 22:00:00,Unknown
1919288N11128,WP,1919,UNNAMED,,,-5,61,1919-10-14 22:00:00,1919-10-20 22:00:00,Unknown
1919289N13152,WP,1919,UNNAMED,,,-5,45,1919-10-16 09:00:00,1919-10-21 21:00:00,Unknown
1919305N10084,NI,1919,UNNAMED,,,-5,58,1919-11-01 00:00:00,1919-11-08 03:00:00,Unknown
1919317N14085,NI,1919,UNNAMED,,,-5,26,1919-11-13 00:00:00,1919-11-16 03:00:00,Unknown
1919321N13127,WP,1919,UNNAMED,,,-5,61,1919-11-16 22:00:00,1919-11-22 22:00:00,Unknown
1919324N13141,WP,1919,UNNAMED,,,-5,16,1919-11-20 10:00:00,1919-11-21 22:00:00,Unknown
1919338N10125,WP,1919,UNNAMED,,,-5,16,1919-12-04 10:00:00,1919-12-05 22:00:00,Unknown
1919363N08086,NI,1919,UNNAMED,,,-5,34,1919-12-29 00:00:00,1920-01-02 03:00:00,Unknown
1920004S16041,SI,1920,UNNAMED,,,-5,33,1920-01-04 06:00:00,1920-01-08 06:00:00,Unknown
1920032S17061,SI,1920,UNNAMED,,,-5,65,1920-02-01 06:00:00,1920-02-09 06:00:00,Unknown
1920032S17421,SI,1920,UNNAMED,,,-5,45,1920-01-31 18:00:00,1920-02-06 06:00:00,Unknown
1920040S17060,SI,1920,UNNAMED,,,-5,41,1920-02-09 00:00:00,1920-02-14 00:00:00,Unknown
1920074S16119,SI,1920,UNNAMED,,,-5,29,1920-03-13 12:00:00,1920-03-17 00:00:00,Unknown
1920084S06131,SI,1920,UNNAMED,,,-5,15,1920-03-23 12:00:00,1920-03-25 00:00:00,Unknown
1920091S11053,SI,1920,UNNAMED,,,-5,25,1920-03-31 06:00:00,1920-04-03 06:00:00,Unknown
1920092S11062,SI,1920,UNNAMED,,,-5,73,1920-04-01 06:00:00,1920-04-10 06:00:00,Unknown
1920092S11422,SI,1920,UNNAMED,,,-5,61,1920-03-31 18:00:00,1920-04-08 06:00:00,Unknown
1920098S06134,SI,1920,UNNAMED,,,-5,60,1920-04-06 12:00:00,1920-04-13 01:00:00,Unknown
1920100S13059,SI,1920,UNNAMED,,,-5,57,1920-04-09 00:00:00,1920-04-16 00:00:00,Unknown
1920105S17120,SI,1920,UNNAMED,,,-5,20,1920-04-14 01:00:00,1920-04-16 01:00:00,Unknown
1920109S12053,SI,1920,UNNAMED,,,-5,33,1920-04-18 06:00:00,1920-04-22 06:00:00,Unknown
1920121N11088,NI,1920,UNNAMED,,,-5,42,1920-04-30 00:00:00,1920-05-05 03:00:00,Unknown
1920152N10134,WP,1920,UNNAMED,,,-5,56,1920-05-31 10:00:00,1920-06-05 22:00:00,Unknown
1920158N14069,NI,1920,UNNAMED,,,-5,66,1920-06-06 00:00:00,1920-06-14 03:00:00,Unknown
1920172N20087,NI,1920,UNNAMED,,,-5,34,1920-06-20 00:00:00,1920-06-24 03:00:00,Unknown
1920182N19117,WP,1920,UNNAMED,,,-5,36,1920-06-30 10:00:00,1920-07-03 22:00:00,Unknown
1920184N17087,NI,1920,UNNAMED,,,-5,25,1920-07-02 03:00:00,1920-07-05 03:00:00,Unknown
1920192N15127,WP,1920,UNNAMED,,,-5,136,1920-07-10 10:00:00,1920-07-23 22:00:00,Unknown
1920197N17087,NI,1920,UNNAMED,,,-5,25,1920-07-15 00:00:00,1920-07-18 00:00:00,Unknown
1920198N12133,WP,1920,UNNAMED,,,-5,96,1920-07-16 10:00:00,1920-07-25 22:00:00,Unknown
1920203N23089,NI,1920,UNNAMED,,,-5,42,1920-07-21 00:00:00,1920-07-26 03:00:00,Unknown
1920204N21146,WP,1920,UNNAMED,,,-5,16,1920-07-22 10:00:00,1920-07-23 22:00:00,Unknown
1920212N17115,WP,1920,UNNAMED,,,-5,26,1920-07-30 10:00:00,1920-08-01 22:00:00,Unknown
1920212N21089,NI,1920,UNNAMED,,,-5,18,1920-07-30 00:00:00,1920-08-01 03:00:00,Unknown
1920214N23133,WP,1920,UNNAMED,,,-5,16,1920-08-01 10:00:00,1920-08-02 22:00:00,Unknown
1920218N21092,NI,1920,UNNAMED,,,-5,26,1920-08-05 00:00:00,1920-08-08 03:00:00,Unknown
1920222N23127,WP,1920,UNNAMED,,,-5,46,1920-08-09 10:00:00,1920-08-13 22:00:00,Unknown
1920232N24150,WP,1920,UNNAMED,,,-5,6,1920-08-19 10:00:00,1920-08-19 22:00:00,Unknown
1920237N17116,WP,1920,UNNAMED,,,-5,26,1920-08-24 10:00:00,1920-08-26 22:00:00,Unknown
1920238N19088,NI,1920,UNNAMED,,,-5,18,1920-08-25 00:00:00,1920-08-27 03:00:00,Unknown
1920241N12150,WP,1920,UNNAMED,,,-5,86,1920-08-28 10:00:00,1920-09-05 22:00:00,Unknown
1920245N16123,WP,1920,UNNAMED,,,-5,6,1920-09-01 10:00:00,1920-09-01 22:00:00,Unknown
1920250N17090,NI,1920,UNNAMED,,,-5,34,1920-09-06 00:00:00,1920-09-10 03:00:00,Unknown
1920264N15117,WP,1920,UNNAMED,,,-5,36,1920-09-20 10:00:00,1920-09-23 22:00:00,Unknown
1920265N10147,WP,1920,UNNAMED,,,-5,86,1920-09-21 10:00:00,1920-09-29 22:00:00,Unknown
1920271N14116,WP,1920,UNNAMED,,,-5,46,1920-09-27 10:00:00,1920-10-01 22:00:00,Unknown
1920284N14134,WP,1920,UNNAMED,,,-5,33,1920-10-09 21:00:00,1920-10-13 21:00:00,Unknown
1920290N15127,WP,1920,UNNAMED,,,-5,66,1920-10-15 22:00:00,1920-10-22 10:00:00,Unknown
1920301N13137,WP,1920,UNNAMED,,,-5,17,1920-10-26 21:00:00,1920-10-28 21:00:00,Unknown
1920308N12128,WP,1920,UNNAMED,,,-5,46,1920-11-03 10:00:00,1920-11-07 22:00:00,Unknown
1920309N08145,WP,1920,UNNAMED,,,-5,29,1920-11-04 09:00:00,1920-11-07 21:00:00,Unknown
1920314N10127,WP,1920,UNNAMED,,,-5,29,1920-11-09 09:00:00,1920-11-12 21:00:00,Unknown
1920325N10066,NI,1920,UNNAMED,,,-5,66,1920-11-20 00:00:00,1920-11-28 03:00:00,Unknown
1920346S14072,SI,1921,UNNAMED,,,-5,25,1920-12-11 00:00:00,1920-12-14 00:00:00,Unknown
1920352S11147,SI,1921,UNNAMED,,992.0,-5,35,1920-12-20 21:00:00,1920-12-24 01:00:00,Unknown
1920353S10147,SI,1921,UNNAMED,,,-5,28,1920-12-21 15:00:00,1920-12-25 00:00:00,Unknown
1920356S13073,SI,1921,UNNAMED,,,-5,45,1920-12-20 18:00:00,1920-12-26 06:00:00,Unknown
1921008S12139,SI,1921,UNNAMED,,,-5,32,1921-01-09 03:00:00,1921-01-12 15:00:00,Unknown
1921016S18039,SI,1921,UNNAMED,,,-5,97,1921-01-16 06:00:00,1921-01-28 06:00:00,Unknown
1921038S12061,SI,1921,UNNAMED,,,-5,61,1921-02-06 18:00:00,1921-02-14 06:00:00,Unknown
1921039S18069,SI,1921,UNNAMED,,,-5,21,1921-02-07 18:00:00,1921-02-10 06:00:00,Unknown
1921040S18052,SI,1921,UNNAMED,,,-5,33,1921-02-09 06:00:00,1921-02-13 06:00:00,Unknown
1921041S19068,SI,1921,UNNAMED,,,-5,17,1921-02-10 00:00:00,1921-02-12 00:00:00,Unknown
1921042S12061,SI,1921,UNNAMED,,,-5,81,1921-02-11 06:00:00,1921-02-21 06:00:00,Unknown
1921042S18069,SI,1921,UNNAMED,,,-5,33,1921-02-11 06:00:00,1921-02-15 06:00:00,Unknown
1921042S20115,SI,1921,UNNAMED,,,-5,33,1921-02-11 06:00:00,1921-02-15 06:00:00,Unknown
1921048S16117,SI,1921,UNNAMED,,,-5,10,1921-02-16 18:00:00,1921-02-17 18:00:00,Unknown
1921048S21114,SI,1921,UNNAMED,,989.0,-5,20,1921-02-17 01:00:00,1921-02-19 01:00:00,Unknown
1921069S14067,SI,1921,UNNAMED,,,-5,65,1921-03-10 00:00:00,1921-03-18 00:00:00,Unknown
1921070S14067,SI,1921,UNNAMED,,,-5,81,1921-03-11 06:00:00,1921-03-21 06:00:00,Unknown
1921096N10084,NI,1921,UNNAMED,,,-5,26,1921-04-06 00:00:00,1921-04-09 03:00:00,Unknown
1921166N17126,WP,1921,UNNAMED,,,-5,31,1921-06-14 22:00:00,1921-06-17 22:00:00,Unknown
1921180N26123,WP,1921,UNNAMED,,,-5,16,1921-06-29 10:00:00,1921-06-30 22:00:00,Unknown
1921185N14125,WP,1921,UNNAMED,,,-5,36,1921-07-04 10:00:00,1921-07-07 22:00:00,Unknown
1921193N23132,WP,1921,UNNAMED,,,-5,11,1921-07-11 22:00:00,1921-07-12 22:00:00,Unknown
1921199N14128,WP,1921,UNNAMED,,,-5,41,1921-07-17 22:00:00,1921-07-21 22:00:00,Unknown
1921203N20123,WP,1921,UNNAMED,,,-5,36,1921-07-22 10:00:00,1921-07-25 22:00:00,Unknown
1921205N18089,NI,1921,UNNAMED,,,-5,58,1921-07-24 00:00:00,1921-07-31 03:00:00,Unknown
1921215N11141,WP,1921,UNNAMED,,,-5,11,1921-08-02 22:00:00,1921-08-03 22:00:00,Unknown
1921217N18125,WP,1921,UNNAMED,,,-5,26,1921-08-05 10:00:00,1921-08-07 22:00:00,Unknown
1921220N21088,NI,1921,UNNAMED,,,-5,10,1921-08-08 00:00:00,1921-08-09 03:00:00,Unknown
1921223N24129,WP,1921,UNNAMED,,,-5,41,1921-08-10 22:00:00,1921-08-14 22:00:00,Unknown
1921224N14148,WP,1921,UNNAMED,,,-5,101,1921-08-11 22:00:00,1921-08-21 22:00:00,Unknown
1921230N20117,WP,1921,UNNAMED,,,-5,11,1921-08-17 22:00:00,1921-08-18 22:00:00,Unknown
1921245N18089,NI,1921,UNNAMED,,,-5,42,1921-09-02 00:00:00,1921-09-07 03:00:00,Unknown
1921245N23080,NI,1921,UNNAMED,,,-5,18,1921-09-02 00:00:00,1921-09-04 03:00:00,Unknown
1921246N19114,WP,1921,UNNAMED,,,-5,16,1921-09-03 10:00:00,1921-09-04 22:00:00,Unknown
1921253N09134,WP,1921,UNNAMED,,,-5,71,1921-09-09 22:00:00,1921-09-16 22:00:00,Unknown
1921258N18086,NI,1921,UNNAMED,,,-5,58,1921-09-15 00:00:00,1921-09-22 03:00:00,Unknown
1921261N12145,WP,1921,UNNAMED,,,-5,71,1921-09-17 22:00:00,1921-09-24 22:00:00,Unknown
1921261N20131,WP,1921,UNNAMED,,,-5,81,1921-09-17 22:00:00,1921-09-25 22:00:00,Unknown
1921276N09146,WP,1921,UNNAMED,,,-5,71,1921-10-02 22:00:00,1921-10-09 22:00:00,Unknown
1921277N11097,NI,1921,UNNAMED,,,-5,74,1921-10-04 00:00:00,1921-10-13 03:00:00,Unknown
1921287N15144,WP,1921,UNNAMED,,,-5,46,1921-10-14 10:00:00,1921-10-18 22:00:00,Unknown
1921294N27131,WP,1921,UNNAMED,,,-5,1,1921-10-20 22:00:00,1921-10-20 22:00:00,Unknown
1921297N12086,NI,1921,UNNAMED,,,-5,26,1921-10-24 00:00:00,1921-10-27 03:00:00,Unknown
1921305S17062,SI,1922,UNNAMED,,,-5,29,1921-10-31 18:00:00,1921-11-04 06:00:00,Unknown
1921310N11089,NI,1921,UNNAMED,,,-5,18,1921-11-06 00:00:00,1921-11-08 03:00:00,Unknown
1921312N08126,WP,1921,UNNAMED,,,-5,31,1921-11-07 22:00:00,1921-11-10 22:00:00,Unknown
1921313S17061,SI,1922,UNNAMED,,,-5,25,1921-11-09 00:00:00,1921-11-12 00:00:00,Unknown
1921314N11130,WP,1921,UNNAMED,,,-5,61,1921-11-09 22:00:00,1921-11-15 22:00:00,Unknown
1921315S16062,SI,1922,UNNAMED,,,-5,49,1921-11-11 06:00:00,1921-11-17 06:00:00,Unknown
1921317N12138,WP,1921,UNNAMED,,,-5,26,1921-11-13 10:00:00,1921-11-15 22:00:00,Unknown
1921318N14120,WP,1921,UNNAMED,,,-5,36,1921-11-14 10:00:00,1921-11-17 22:00:00,Unknown
1921326N10140,WP,1921,UNNAMED,,,-5,86,1921-11-22 10:00:00,1921-11-30 22:00:00,Unknown
1921337N10146,WP,1921,UNNAMED,,,-5,66,1921-12-03 10:00:00,1921-12-09 22:00:00,Unknown
1921344S16068,SI,1922,UNNAMED,,,-5,25,1921-12-10 00:00:00,1921-12-13 00:00:00,Unknown
1921345S15068,SI,1922,UNNAMED,,,-5,43,1921-12-11 00:00:00,1921-12-16 06:00:00,Unknown
1921355S14069,SI,1922,UNNAMED,,,-5,41,1921-12-21 06:00:00,1921-12-26 06:00:00,Unknown
1921355S15069,SI,1922,UNNAMED,,,-5,29,1921-12-20 18:00:00,1921-12-24 06:00:00,Unknown
1921361N05086,NI,1921,UNNAMED,,,-5,42,1921-12-27 00:00:00,1922-01-01 03:00:00,Unknown
1921362S17043,SI,1922,UNNAMED,,,-5,41,1921-12-28 06:00:00,1922-01-02 06:00:00,Unknown
1922011S16061,SI,1922,UNNAMED,,,-5,105,1922-01-11 00:00:00,1922-01-24 00:00:00,Unknown
1922011S18049,SI,1922,UNNAMED,,,-5,49,1922-01-11 06:00:00,1922-01-17 06:00:00,Unknown
1922014S16054,SI,1922,UNNAMED,,,-5,57,1922-01-14 06:00:00,1922-01-21 06:00:00,Unknown
1922021S16060,SI,1922,UNNAMED,,,-5,121,1922-01-21 06:00:00,1922-02-05 06:00:00,Unknown
1922021S18041,SI,1922,UNNAMED,,,-5,41,1922-01-21 06:00:00,1922-01-26 06:00:00,Unknown
1922029S14070,SI,1922,UNNAMED,,,-5,37,1922-01-28 18:00:00,1922-02-02 06:00:00,Unknown
1922029S17043,SI,1922,UNNAMED,,,-5,29,1922-01-28 12:00:00,1922-02-01 00:00:00,Unknown
1922032S14070,SI,1922,UNNAMED,,,-5,41,1922-02-01 06:00:00,1922-02-06 06:00:00,Unknown
1922039S20064,SI,1922,UNNAMED,,,-5,49,1922-02-08 06:00:00,1922-02-14 06:00:00,Unknown
1922042S14063,SI,1922,UNNAMED,,,-5,49,1922-02-11 06:00:00,1922-02-17 06:00:00,Unknown
1922042S17061,SI,1922,UNNAMED,,,-5,33,1922-02-11 00:00:00,1922-02-15 00:00:00,Unknown
1922046S14062,SI,1922,UNNAMED,,,-5,37,1922-02-14 18:00:00,1922-02-19 06:00:00,Unknown
1922072S14126,SI,1922,UNNAMED,,990.0,-5,19,1922-03-13 01:00:00,1922-03-15 01:00:00,Unknown
1922074S14126,SI,1922,UNNAMED,,,-5,21,1922-03-14 23:00:00,1922-03-16 23:00:00,Unknown
1922085N15112,WP,1922,UNNAMED,,,-5,51,1922-03-25 22:00:00,1922-03-30 22:00:00,Unknown
1922091S13066,SI,1922,UNNAMED,,,-5,45,1922-03-31 18:00:00,1922-04-06 06:00:00,Unknown
1922099S15066,SI,1922,UNNAMED,,,-5,25,1922-04-09 00:00:00,1922-04-12 00:00:00,Unknown
1922108N09068,NI,1922,UNNAMED,,,-5,58,1922-04-18 00:00:00,1922-04-25 03:00:00,Unknown
1922109N09093,NI,1922,UNNAMED,,,-5,34,1922-04-19 00:00:00,1922-04-23 03:00:00,Unknown
1922123N11145,WP,1922,UNNAMED,,,-5,31,1922-05-02 22:00:00,1922-05-05 22:00:00,Unknown
1922128N17131,WP,1922,UNNAMED,,,-5,21,1922-05-07 22:00:00,1922-05-09 22:00:00,Unknown
1922140N10128,WP,1922,UNNAMED,,,-5,71,1922-05-19 22:00:00,1922-05-26 22:00:00,Unknown
1922160N21121,WP,1922,UNNAMED,,,-5,21,1922-06-08 22:00:00,1922-06-10 22:00:00,Unknown
1922180N06143,WP,1922,UNNAMED,,,-5,76,1922-06-29 10:00:00,1922-07-06 22:00:00,Unknown
1922188N20089,NI,1922,UNNAMED,,,-5,26,1922-07-07 00:00:00,1922-07-10 03:00:00,Unknown
1922191N12125,WP,1922,UNNAMED,,,-5,36,1922-07-10 10:00:00,1922-07-13 22:00:00,Unknown
1922201N14129,WP,1922,UNNAMED,,,-5,56,1922-07-20 10:00:00,1922-07-25 22:00:00,Unknown
1922206N25130,WP,1922,UNNAMED,,,-5,1,1922-07-24 22:00:00,1922-07-24 22:00:00,Unknown
1922208N21088,NI,1922,UNNAMED,,,-5,26,1922-07-27 00:00:00,1922-07-30 03:00:00,Unknown
1922209N16117,WP,1922,UNNAMED,,,-5,31,1922-07-27 22:00:00,1922-07-30 22:00:00,Unknown
1922211N12140,WP,1922,UNNAMED,,,-5,51,1922-07-29 22:00:00,1922-08-03 22:00:00,Unknown
1922214N23088,NI,1922,UNNAMED,,,-5,18,1922-08-02 00:00:00,1922-08-04 03:00:00,Unknown
1922218N11143,WP,1922,UNNAMED,,,-5,81,1922-08-05 22:00:00,1922-08-13 22:00:00,Unknown
1922228N14129,WP,1922,UNNAMED,,,-5,41,1922-08-15 22:00:00,1922-08-19 22:00:00,Unknown
1922231N21088,NI,1922,UNNAMED,,,-5,26,1922-08-19 00:00:00,1922-08-22 03:00:00,Unknown
1922233N18144,WP,1922,UNNAMED,,,-5,21,1922-08-20 22:00:00,1922-08-22 22:00:00,Unknown
1922241N24130,WP,1922,UNNAMED,,,-5,31,1922-08-28 22:00:00,1922-08-31 22:00:00,Unknown
1922251N13133,WP,1922,UNNAMED,,,-5,53,1922-09-08 09:00:00,1922-09-14 21:00:00,Unknown
1922251N19088,NI,1922,UNNAMED,,,-5,26,1922-09-08 00:00:00,1922-09-11 03:00:00,Unknown
1922258N17129,WP,1922,UNNAMED,,,-5,71,1922-09-14 22:00:00,1922-09-21 22:00:00,Unknown
1922259N14147,WP,1922,UNNAMED,,,-5,37,1922-09-16 09:00:00,1922-09-20 21:00:00,Unknown
1922265N20088,NI,1922,UNNAMED,,,-5,26,1922-09-22 00:00:00,1922-09-25 03:00:00,Unknown
1922266N15130,WP,1922,UNNAMED,,,-5,41,1922-09-22 22:00:00,1922-09-26 22:00:00,Unknown
1922269N10129,WP,1922,UNNAMED,,,-5,53,1922-09-26 09:00:00,1922-10-02 21:00:00,Unknown
1922278N19144,WP,1922,UNNAMED,,,-5,33,1922-10-04 21:00:00,1922-10-08 21:00:00,Unknown
1922288N10091,NI,1922,UNNAMED,,,-5,26,1922-10-15 00:00:00,1922-10-18 03:00:00,Unknown
1922303N11147,WP,1922,UNNAMED,,,-5,31,1922-10-29 22:00:00,1922-11-01 22:00:00,Unknown
1922308N08130,WP,1922,UNNAMED,,,-5,36,1922-11-04 10:00:00,1922-11-07 22:00:00,Unknown
1922312N14097,NI,1922,UNNAMED,,,-5,18,1922-11-08 00:00:00,1922-11-10 03:00:00,Unknown
1922317N13128,WP,1922,UNNAMED,,,-5,51,1922-11-12 22:00:00,1922-11-17 22:00:00,Unknown
1922321N12096,NI,1922,UNNAMED,,,-5,42,1922-11-17 00:00:00,1922-11-22 03:00:00,Unknown
1922329N09089,NI,1922,UNNAMED,,,-5,90,1922-11-25 00:00:00,1922-12-06 03:00:00,Unknown
1922340N08091,NI,1922,UNNAMED,,,-5,42,1922-12-06 00:00:00,1922-12-11 03:00:00,Unknown
1923006N06092,NI,1923,UNNAMED,,,-5,50,1923-01-06 00:00:00,1923-01-12 03:00:00,Unknown
1923011S17122,SI,1923,UNNAMED,,990.0,-5,83,1923-01-10 12:00:00,1923-01-20 00:00:00,Unknown
1923011S20115,SI,1923,UNNAMED,,,-5,49,1923-01-11 06:00:00,1923-01-17 06:00:00,Unknown
1923018S12152,SI,1923,UNNAMED,,,-5,72,1923-01-21 03:00:00,1923-01-30 00:00:00,Unknown
1923021S18115,SI,1923,UNNAMED,,,-5,33,1923-01-21 06:00:00,1923-01-25 06:00:00,Unknown
1923024N09138,WP,1923,UNNAMED,,,-5,46,1923-01-24 10:00:00,1923-01-28 22:00:00,Unknown
1923042S14056,SI,1923,UNNAMED,,,-5,33,1923-02-11 00:00:00,1923-02-15 00:00:00,Unknown
1923044S14057,SI,1923,UNNAMED,,,-5,49,1923-02-13 06:00:00,1923-02-19 06:00:00,Unknown
1923050S12152,SI,1923,UNNAMED,,,-5,68,1923-02-22 15:00:00,1923-03-03 00:00:00,Unknown
1923052S16115,SI,1923,UNNAMED,,,-5,41,1923-02-21 06:00:00,1923-02-26 06:00:00,Unknown
1923061S18121,SI,1923,UNNAMED,,,-5,29,1923-03-01 12:00:00,1923-03-05 00:00:00,Unknown
1923067S13125,SI,1923,UNNAMED,,,-5,24,1923-03-07 12:00:00,1923-03-10 01:00:00,Unknown
1923068S11127,SI,1923,UNNAMED,,,-5,1,1923-03-09 00:00:00,1923-03-09 00:00:00,Unknown
1923070S25115,SI,1923,UNNAMED,,,-5,17,1923-03-11 06:00:00,1923-03-13 06:00:00,Unknown
1923077S11123,SI,1923,UNNAMED,,,-5,78,1923-03-17 12:00:00,1923-03-26 00:00:00,Unknown
1923080S12146,SI,1923,UNNAMED,,990.0,-5,6,1923-03-31 12:00:00,1923-04-01 00:00:00,Unknown
1923084N12146,WP,1923,UNNAMED,,,-5,56,1923-03-25 10:00:00,1923-03-30 22:00:00,Unknown
1923117N14093,NI,1923,UNNAMED,,,-5,18,1923-04-27 00:00:00,1923-04-29 03:00:00,Unknown
1923122N14085,NI,1923,UNNAMED,,,-5,34,1923-05-02 00:00:00,1923-05-06 03:00:00,Unknown
1923123N13138,WP,1923,UNNAMED,,,-5,51,1923-05-02 22:00:00,1923-05-07 22:00:00,Unknown
1923127N18118,WP,1923,UNNAMED,,,-5,21,1923-05-06 22:00:00,1923-05-08 22:00:00,Unknown
1923149N16112,WP,1923,UNNAMED,,,-5,31,1923-05-28 22:00:00,1923-05-31 22:00:00,Unknown
1923154N11126,WP,1923,UNNAMED,,,-5,56,1923-06-03 10:00:00,1923-06-08 22:00:00,Unknown
1923164N07143,WP,1923,UNNAMED,,,-5,86,1923-06-13 10:00:00,1923-06-21 22:00:00,Unknown
1923179N12130,WP,1923,UNNAMED,,,-5,51,1923-06-27 22:00:00,1923-07-02 22:00:00,Unknown
1923185N23086,NI,1923,UNNAMED,,,-5,34,1923-07-04 00:00:00,1923-07-08 03:00:00,Unknown
1923192N08136,WP,1923,UNNAMED,,,-5,66,1923-07-11 10:00:00,1923-07-17 22:00:00,Unknown
1923197N06140,WP,1923,UNNAMED,,,-5,66,1923-07-16 10:00:00,1923-07-22 22:00:00,Unknown
1923199N11145,WP,1923,UNNAMED,,,-5,106,1923-07-18 10:00:00,1923-07-28 22:00:00,Unknown
1923200N19087,NI,1923,UNNAMED,,,-5,18,1923-07-19 00:00:00,1923-07-21 03:00:00,Unknown
1923209N23091,NI,1923,UNNAMED,,,-5,26,1923-07-28 00:00:00,1923-07-31 03:00:00,Unknown
1923211N14140,WP,1923,UNNAMED,,,-5,81,1923-07-29 22:00:00,1923-08-06 22:00:00,Unknown
1923217N11144,WP,1923,UNNAMED,,,-5,71,1923-08-04 22:00:00,1923-08-11 22:00:00,Unknown
1923217N23089,NI,1923,UNNAMED,,,-5,26,1923-08-05 00:00:00,1923-08-08 03:00:00,Unknown
1923219N25131,WP,1923,UNNAMED,,,-5,21,1923-08-06 22:00:00,1923-08-08 22:00:00,Unknown
1923222N22091,NI,1923,UNNAMED,,,-5,26,1923-08-10 00:00:00,1923-08-13 03:00:00,Unknown
1923224N13143,WP,1923,UNNAMED,,,-5,76,1923-08-12 10:00:00,1923-08-19 22:00:00,Unknown
1923227N21089,NI,1923,UNNAMED,,,-5,26,1923-08-15 00:00:00,1923-08-18 03:00:00,Unknown
1923232N16145,WP,1923,UNNAMED,,,-5,41,1923-08-19 22:00:00,1923-08-23 22:00:00,Unknown
1923233N19119,WP,1923,UNNAMED,,,-5,31,1923-08-20 22:00:00,1923-08-23 22:00:00,Unknown
1923233N21090,NI,1923,UNNAMED,,,-5,42,1923-08-21 00:00:00,1923-08-26 03:00:00,Unknown
1923239N20116,WP,1923,UNNAMED,,,-5,21,1923-08-26 22:00:00,1923-08-28 22:00:00,Unknown
1923239N22130,WP,1923,UNNAMED,,,-5,41,1923-08-26 22:00:00,1923-08-30 22:00:00,Unknown
1923250N22142,WP,1923,UNNAMED,,,-5,81,1923-09-06 22:00:00,1923-09-14 22:00:00,Unknown
1923254N21145,WP,1923,UNNAMED,,,-5,26,1923-09-11 10:00:00,1923-09-13 22:00:00,Unknown
1923258N15086,NI,1923,UNNAMED,,,-5,82,1923-09-15 00:00:00,1923-09-25 03:00:00,Unknown
1923263N15125,WP,1923,UNNAMED,,,-5,46,1923-09-20 10:00:00,1923-09-24 22:00:00,Unknown
1923270N19131,WP,1923,UNNAMED,,,-5,61,1923-09-26 22:00:00,1923-10-02 22:00:00,Unknown
1923271N17086,NI,1923,UNNAMED,,,-5,26,1923-09-28 00:00:00,1923-10-01 03:00:00,Unknown
1923300N09083,NI,1923,UNNAMED,,,-5,26,1923-10-27 00:00:00,1923-10-30 03:00:00,Unknown
1923314N10090,NI,1923,UNNAMED,,,-5,82,1923-11-10 00:00:00,1923-11-20 03:00:00,Unknown
1923316N10142,WP,1923,UNNAMED,,,-5,131,1923-11-11 22:00:00,1923-11-24 22:00:00,Unknown
1923329N11143,WP,1923,UNNAMED,,,-5,41,1923-11-24 22:00:00,1923-11-28 22:00:00,Unknown
1923337N14131,WP,1923,UNNAMED,,,-5,31,1923-12-02 22:00:00,1923-12-05 22:00:00,Unknown
1923351N07073,NI,1923,UNNAMED,,,-5,42,1923-12-17 00:00:00,1923-12-22 03:00:00,Unknown
1923356N08087,NI,1923,UNNAMED,,,-5,18,1923-12-22 00:00:00,1923-12-24 03:00:00,Unknown
1923365S12062,SI,1924,UNNAMED,,,-5,37,1923-12-30 18:00:00,1924-01-04 06:00:00,Unknown
1924001S12062,SI,1924,UNNAMED,,,-5,57,1924-01-01 06:00:00,1924-01-08 06:00:00,Unknown
1924042S11064,SI,1924,UNNAMED,,,-5,49,1924-02-11 06:00:00,1924-02-17 06:00:00,Unknown
1924042S13062,SI,1924,UNNAMED,,,-5,33,1924-02-11 00:00:00,1924-02-15 00:00:00,Unknown
1924046S11064,SI,1924,UNNAMED,,,-5,37,1924-02-14 18:00:00,1924-02-19 06:00:00,Unknown
1924069N07093,NI,1924,UNNAMED,,,-5,18,1924-03-09 00:00:00,1924-03-11 03:00:00,Unknown
1924118N10096,NI,1924,UNNAMED,,,-5,42,1924-04-27 00:00:00,1924-05-02 03:00:00,Unknown
1924140N14094,NI,1924,UNNAMED,,,-5,34,1924-05-19 00:00:00,1924-05-23 03:00:00,Unknown
1924146N19114,WP,1924,UNNAMED,,,-5,21,1924-05-24 22:00:00,1924-05-26 22:00:00,Unknown
1924157N21117,WP,1924,UNNAMED,,,-5,11,1924-06-04 22:00:00,1924-06-05 22:00:00,Unknown
1924160N19113,WP,1924,UNNAMED,,,-5,21,1924-06-07 22:00:00,1924-06-09 22:00:00,Unknown
1924166N18091,NI,1924,UNNAMED,,,-5,26,1924-06-14 00:00:00,1924-06-17 03:00:00,Unknown
1924190N21127,WP,1924,UNNAMED,,,-5,21,1924-07-07 22:00:00,1924-07-09 22:00:00,Unknown
1924192N15125,WP,1924,UNNAMED,,,-5,31,1924-07-09 22:00:00,1924-07-12 22:00:00,Unknown
1924193N20117,WP,1924,UNNAMED,,,-5,71,1924-07-10 22:00:00,1924-07-17 22:00:00,Unknown
1924196N18143,WP,1924,UNNAMED,,,-5,16,1924-07-14 10:00:00,1924-07-15 22:00:00,Unknown
1924206N19115,WP,1924,UNNAMED,,,-5,11,1924-07-23 22:00:00,1924-07-24 22:00:00,Unknown
1924210N17116,WP,1924,UNNAMED,,,-5,11,1924-07-27 22:00:00,1924-07-28 22:00:00,Unknown
1924210N20126,WP,1924,UNNAMED,,,-5,16,1924-07-28 10:00:00,1924-07-29 22:00:00,Unknown
1924214N20115,WP,1924,UNNAMED,,,-5,61,1924-07-31 22:00:00,1924-08-06 22:00:00,Unknown
1924216N21090,NI,1924,UNNAMED,,,-5,58,1924-08-03 00:00:00,1924-08-10 03:00:00,Unknown
1924217N24142,WP,1924,UNNAMED,,,-5,21,1924-08-03 22:00:00,1924-08-05 22:00:00,Unknown
1924222N23137,WP,1924,UNNAMED,,,-5,111,1924-08-08 22:00:00,1924-08-19 22:00:00,Unknown
1924235N12128,WP,1924,UNNAMED,,,-5,41,1924-08-21 22:00:00,1924-08-25 22:00:00,Unknown
1924238N19089,NI,1924,UNNAMED,,,-5,50,1924-08-25 00:00:00,1924-08-31 03:00:00,Unknown
1924244N13096,NI,1924,UNNAMED,,,-5,66,1924-08-31 00:00:00,1924-09-08 03:00:00,Unknown
1924247N21138,WP,1924,UNNAMED,,,-5,76,1924-09-03 10:00:00,1924-09-10 22:00:00,Unknown
1924267N09089,NI,1924,UNNAMED,,,-5,58,1924-09-23 00:00:00,1924-09-30 03:00:00,Unknown
1924271N10134,WP,1924,UNNAMED,,,-5,21,1924-09-26 22:00:00,1924-09-28 22:00:00,Unknown
1924275N15088,NI,1924,UNNAMED,,,-5,18,1924-10-01 00:00:00,1924-10-03 03:00:00,Unknown
1924276N16125,WP,1924,UNNAMED,,,-5,46,1924-10-02 10:00:00,1924-10-06 22:00:00,Unknown
1924279N20135,WP,1924,UNNAMED,,,-5,26,1924-10-05 10:00:00,1924-10-07 22:00:00,Unknown
1924283N15093,NI,1924,UNNAMED,,,-5,42,1924-10-09 00:00:00,1924-10-14 03:00:00,Unknown
1924283N15126,WP,1924,UNNAMED,,,-5,21,1924-10-08 22:00:00,1924-10-10 22:00:00,Unknown
1924292N14092,NI,1924,UNNAMED,,,-5,26,1924-10-18 00:00:00,1924-10-21 03:00:00,Unknown
1924297N13113,WP,1924,UNNAMED,,,-5,11,1924-10-22 22:00:00,1924-10-23 22:00:00,Unknown
1924303N16128,WP,1924,UNNAMED,,,-5,31,1924-10-28 22:00:00,1924-10-31 22:00:00,Unknown
1924309N09086,NI,1924,UNNAMED,,,-5,34,1924-11-04 00:00:00,1924-11-08 03:00:00,Unknown
1924319N11089,NI,1924,UNNAMED,,,-5,42,1924-11-14 00:00:00,1924-11-19 03:00:00,Unknown
1924326N12138,WP,1924,UNNAMED,,,-5,31,1924-11-20 22:00:00,1924-11-23 22:00:00,Unknown
1924332N15119,WP,1924,UNNAMED,,,-5,11,1924-11-26 22:00:00,1924-11-27 22:00:00,Unknown
1924333N11138,WP,1924,UNNAMED,,,-5,61,1924-11-27 22:00:00,1924-12-03 22:00:00,Unknown
1924348N07139,WP,1924,UNNAMED,,,-5,106,1924-12-13 10:00:00,1924-12-23 22:00:00,Unknown
1924365S12064,SI,1925,UNNAMED,,,-5,57,1924-12-30 06:00:00,1925-01-06 06:00:00,Unknown
1925001S18067,SI,1925,UNNAMED,,,-5,33,1925-01-01 06:00:00,1925-01-05 06:00:00,Unknown
1925001S19067,SI,1925,UNNAMED,,,-5,17,1925-01-01 06:00:00,1925-01-03 06:00:00,Unknown
1925009S19067,SI,1925,UNNAMED,,,-5,17,1925-01-09 00:00:00,1925-01-11 00:00:00,Unknown
1925012N04079,NI,1925,UNNAMED,,,-5,18,1925-01-12 00:00:00,1925-01-14 03:00:00,Unknown
1925019S15121,SI,1925,UNNAMED,,952.0,-5,39,1925-01-19 01:00:00,1925-01-23 01:00:00,Unknown
1925021S16121,SI,1925,UNNAMED,,,-5,51,1925-01-20 23:00:00,1925-01-25 23:00:00,Unknown
1925032S16052,SI,1925,UNNAMED,,,-5,41,1925-02-01 06:00:00,1925-02-06 06:00:00,Unknown
1925032S19070,SI,1925,UNNAMED,,,-5,49,1925-02-01 06:00:00,1925-02-07 06:00:00,Unknown
1925033S12052,SI,1925,UNNAMED,,,-5,41,1925-02-02 06:00:00,1925-02-07 06:00:00,Unknown
1925039S20069,SI,1925,UNNAMED,,,-5,33,1925-02-08 06:00:00,1925-02-12 06:00:00,Unknown
1925041S20069,SI,1925,UNNAMED,,,-5,33,1925-02-10 00:00:00,1925-02-14 00:00:00,Unknown
1925054S15120,SI,1925,UNNAMED,,,-5,40,1925-02-23 01:00:00,1925-02-27 01:00:00,Unknown
1925057S17120,SI,1925,UNNAMED,,,-5,21,1925-02-25 23:00:00,1925-02-27 23:00:00,Unknown
1925071N06079,NI,1925,UNNAMED,,,-5,34,1925-03-12 00:00:00,1925-03-16 03:00:00,Unknown
1925100N14094,NI,1925,UNNAMED,,,-5,26,1925-04-10 00:00:00,1925-04-13 03:00:00,Unknown
1925105N07142,WP,1925,UNNAMED,,,-5,81,1925-04-14 22:00:00,1925-04-22 22:00:00,Unknown
1925109S17052,SI,1925,UNNAMED,,,-5,25,1925-04-19 06:00:00,1925-04-22 06:00:00,Unknown
1925132N11092,NI,1925,UNNAMED,,,-5,66,1925-05-12 00:00:00,1925-05-20 03:00:00,Unknown
1925153N19071,NI,1925,UNNAMED,,,-5,42,1925-06-02 00:00:00,1925-06-07 03:00:00,Unknown
1925159N26126,WP,1925,UNNAMED,,,-5,31,1925-06-07 22:00:00,1925-06-10 22:00:00,Unknown
1925175N14126,WP,1925,UNNAMED,,,-5,31,1925-06-23 22:00:00,1925-06-26 22:00:00,Unknown
1925175N19072,NI,1925,UNNAMED,,,-5,26,1925-06-24 00:00:00,1925-06-27 03:00:00,Unknown
1925177N20089,NI,1925,UNNAMED,,,-5,58,1925-06-26 00:00:00,1925-07-03 03:00:00,Unknown
1925184N07144,WP,1925,UNNAMED,,,-5,76,1925-07-03 10:00:00,1925-07-10 22:00:00,Unknown
1925184N21089,NI,1925,UNNAMED,,,-5,18,1925-07-03 00:00:00,1925-07-05 03:00:00,Unknown
1925190N13143,WP,1925,UNNAMED,,,-5,76,1925-07-09 10:00:00,1925-07-16 22:00:00,Unknown
1925192N21088,NI,1925,UNNAMED,,,-5,26,1925-07-11 00:00:00,1925-07-14 03:00:00,Unknown
1925199N17143,WP,1925,UNNAMED,,,-5,61,1925-07-17 22:00:00,1925-07-23 22:00:00,Unknown
1925206N22089,NI,1925,UNNAMED,,,-5,26,1925-07-25 00:00:00,1925-07-28 03:00:00,Unknown
1925220N25132,WP,1925,UNNAMED,,,-5,91,1925-08-07 22:00:00,1925-08-16 22:00:00,Unknown
1925221N20111,WP,1925,UNNAMED,,,-5,11,1925-08-08 22:00:00,1925-08-09 22:00:00,Unknown
1925224N21146,WP,1925,UNNAMED,,,-5,16,1925-08-12 10:00:00,1925-08-13 22:00:00,Unknown
1925232N17142,WP,1925,UNNAMED,,,-5,61,1925-08-19 22:00:00,1925-08-25 22:00:00,Unknown
1925232N21089,NI,1925,UNNAMED,,,-5,26,1925-08-20 00:00:00,1925-08-23 03:00:00,Unknown
1925232N23124,WP,1925,UNNAMED,,,-5,11,1925-08-19 22:00:00,1925-08-20 22:00:00,Unknown
1925234N20116,WP,1925,UNNAMED,,,-5,41,1925-08-21 22:00:00,1925-08-25 22:00:00,Unknown
1925236N17128,WP,1925,UNNAMED,,,-5,46,1925-08-24 10:00:00,1925-08-28 22:00:00,Unknown
1925241N10145,WP,1925,UNNAMED,,,-5,81,1925-08-28 22:00:00,1925-09-05 22:00:00,Unknown
1925242N19087,NI,1925,UNNAMED,,,-5,42,1925-08-30 00:00:00,1925-09-04 03:00:00,Unknown
1925243N19116,WP,1925,UNNAMED,,,-5,31,1925-08-30 22:00:00,1925-09-02 22:00:00,Unknown
1925249N20088,NI,1925,UNNAMED,,,-5,26,1925-09-06 00:00:00,1925-09-09 03:00:00,Unknown
1925250N24143,WP,1925,UNNAMED,,,-5,26,1925-09-07 10:00:00,1925-09-09 22:00:00,Unknown
1925255N19129,WP,1925,UNNAMED,,,-5,46,1925-09-12 10:00:00,1925-09-16 22:00:00,Unknown
1925257N23091,NI,1925,UNNAMED,,,-5,18,1925-09-14 00:00:00,1925-09-16 03:00:00,Unknown
1925268N12143,WP,1925,UNNAMED,,,-5,51,1925-09-24 22:00:00,1925-09-29 22:00:00,Unknown
1925281N11123,WP,1925,UNNAMED,,,-5,81,1925-10-07 22:00:00,1925-10-15 22:00:00,Unknown
1925287N14094,NI,1925,UNNAMED,,,-5,18,1925-10-14 00:00:00,1925-10-16 03:00:00,Unknown
1925287N16083,NI,1925,UNNAMED,,,-5,18,1925-10-14 00:00:00,1925-10-16 03:00:00,Unknown
1925300N11144,WP,1925,UNNAMED,,,-5,61,1925-10-26 22:00:00,1925-11-01 22:00:00,Unknown
1925310N08084,NI,1925,UNNAMED,,,-5,34,1925-11-06 00:00:00,1925-11-10 03:00:00,Unknown
1925313N10125,WP,1925,UNNAMED,,,-5,26,1925-11-09 10:00:00,1925-11-11 22:00:00,Unknown
1925318N15094,NI,1925,UNNAMED,,,-5,1,1925-11-14 03:00:00,1925-11-14 03:00:00,Unknown
1925328N09086,NI,1925,UNNAMED,,,-5,34,1925-11-24 00:00:00,1925-11-28 03:00:00,Unknown
1925344S14065,SI,1926,UNNAMED,,,-5,41,1925-12-10 00:00:00,1925-12-15 00:00:00,Unknown
1925345S13067,SI,1926,UNNAMED,,,-5,57,1925-12-11 06:00:00,1925-12-18 06:00:00,Unknown
1925345S14066,SI,1926,UNNAMED,,,-5,45,1925-12-10 18:00:00,1925-12-16 06:00:00,Unknown
1925349N08146,WP,1925,UNNAMED,,,-5,61,1925-12-14 22:00:00,1925-12-20 22:00:00,Unknown
1925353N11090,NI,1925,UNNAMED,,,-5,10,1925-12-19 00:00:00,1925-12-20 03:00:00,Unknown
1925357S12053,SI,1926,UNNAMED,,,-5,57,1925-12-23 06:00:00,1925-12-30 06:00:00,Unknown
1926011S11061,SI,1926,UNNAMED,,,-5,57,1926-01-11 00:00:00,1926-01-18 00:00:00,Unknown
1926011S19050,SI,1926,UNNAMED,,,-5,25,1926-01-11 00:00:00,1926-01-14 00:00:00,Unknown
1926014S15123,SI,1926,UNNAMED,,996.0,-5,92,1926-01-14 01:00:00,1926-01-24 01:00:00,Unknown
1926016S15123,SI,1926,UNNAMED,,,-5,111,1926-01-15 23:00:00,1926-01-26 23:00:00,Unknown
1926018S17056,SI,1926,UNNAMED,,,-5,49,1926-01-18 06:00:00,1926-01-24 06:00:00,Unknown
1926021S10062,SI,1926,UNNAMED,,,-5,73,1926-01-21 06:00:00,1926-01-30 06:00:00,Unknown
1926021S11061,SI,1926,UNNAMED,,,-5,57,1926-01-21 06:00:00,1926-01-28 06:00:00,Unknown
1926021S19050,SI,1926,UNNAMED,,,-5,25,1926-01-21 06:00:00,1926-01-24 06:00:00,Unknown
1926029S17056,SI,1926,UNNAMED,,,-5,49,1926-01-29 06:00:00,1926-02-04 06:00:00,Unknown
1926030N07141,WP,1926,UNNAMED,,,-5,81,1926-01-29 22:00:00,1926-02-06 22:00:00,Unknown
1926042S14062,SI,1926,UNNAMED,,,-5,25,1926-02-11 06:00:00,1926-02-14 06:00:00,Unknown
1926081S16129,SI,1926,UNNAMED,,1000.0,-5,8,1926-03-21 23:00:00,1926-03-22 18:00:00,Unknown
1926083S17129,SI,1926,UNNAMED,,,-5,9,1926-03-23 23:00:00,1926-03-24 18:00:00,Unknown
1926100S13062,SI,1926,UNNAMED,,,-5,41,1926-04-10 00:00:00,1926-04-15 00:00:00,Unknown
1926101S12063,SI,1926,UNNAMED,,,-5,45,1926-04-10 18:00:00,1926-04-16 06:00:00,Unknown
1926101S12064,SI,1926,UNNAMED,,,-5,57,1926-04-11 06:00:00,1926-04-18 06:00:00,Unknown
1926139N09085,NI,1926,UNNAMED,,,-5,34,1926-05-19 00:00:00,1926-05-23 03:00:00,Unknown
1926164N25124,WP,1926,UNNAMED,,,-5,11,1926-06-12 22:00:00,1926-06-13 22:00:00,Unknown
1926186N22091,NI,1926,UNNAMED,,,-5,26,1926-07-05 00:00:00,1926-07-08 03:00:00,Unknown
1926196N14127,WP,1926,UNNAMED,,,-5,41,1926-07-14 22:00:00,1926-07-18 22:00:00,Unknown
1926200N15128,WP,1926,UNNAMED,,,-5,46,1926-07-19 10:00:00,1926-07-23 22:00:00,Unknown
1926211N16126,WP,1926,UNNAMED,,,-5,31,1926-07-29 22:00:00,1926-08-01 22:00:00,Unknown
1926217N18087,NI,1926,UNNAMED,,,-5,26,1926-08-05 00:00:00,1926-08-08 03:00:00,Unknown
1926224N16127,WP,1926,UNNAMED,,,-5,51,1926-08-11 22:00:00,1926-08-16 22:00:00,Unknown
1926225N24088,NI,1926,UNNAMED,,,-5,66,1926-08-13 00:00:00,1926-08-21 03:00:00,Unknown
1926226N18125,WP,1926,UNNAMED,,,-5,21,1926-08-13 22:00:00,1926-08-15 22:00:00,Unknown
1926231N16112,WP,1926,UNNAMED,,,-5,26,1926-08-19 10:00:00,1926-08-21 22:00:00,Unknown
1926234N18125,WP,1926,UNNAMED,,,-5,31,1926-08-21 22:00:00,1926-08-24 22:00:00,Unknown
1926244N21133,WP,1926,UNNAMED,,,-5,26,1926-09-01 10:00:00,1926-09-03 22:00:00,Unknown
1926244N25076,NI,1926,UNNAMED,,,-5,34,1926-09-01 00:00:00,1926-09-05 03:00:00,Unknown
1926247N24087,NI,1926,UNNAMED,,,-5,34,1926-09-04 00:00:00,1926-09-08 03:00:00,Unknown
1926249N10129,WP,1926,UNNAMED,,,-5,56,1926-09-06 10:00:00,1926-09-11 22:00:00,Unknown
1926257N16089,NI,1926,UNNAMED,,,-5,74,1926-09-14 00:00:00,1926-09-23 03:00:00,Unknown
1926257N17127,WP,1926,UNNAMED,,,-5,31,1926-09-13 22:00:00,1926-09-16 22:00:00,Unknown
1926259N21070,NI,1926,UNNAMED,,,-5,34,1926-09-16 00:00:00,1926-09-20 03:00:00,Unknown
1926266N12143,WP,1926,UNNAMED,,,-5,51,1926-09-22 22:00:00,1926-09-27 22:00:00,Unknown
1926272N16093,NI,1926,UNNAMED,,,-5,34,1926-09-29 00:00:00,1926-10-03 03:00:00,Unknown
1926272N17128,WP,1926,UNNAMED,,,-5,31,1926-09-28 22:00:00,1926-10-01 22:00:00,Unknown
1926278N13137,WP,1926,UNNAMED,,,-5,66,1926-10-05 10:00:00,1926-10-11 22:00:00,Unknown
1926285N17131,WP,1926,UNNAMED,,,-5,31,1926-10-11 22:00:00,1926-10-14 22:00:00,Unknown
1926288N14095,NI,1926,UNNAMED,,,-5,26,1926-10-15 00:00:00,1926-10-18 03:00:00,Unknown
1926301N07137,WP,1926,UNNAMED,,,-5,121,1926-10-27 22:00:00,1926-11-08 22:00:00,Unknown
1926312N06072,NI,1926,UNNAMED,,,-5,58,1926-11-08 00:00:00,1926-11-15 03:00:00,Unknown
1926316N12127,WP,1926,UNNAMED,,,-5,26,1926-11-12 10:00:00,1926-11-14 22:00:00,Unknown
1926325N10085,NI,1926,UNNAMED,,,-5,42,1926-11-21 00:00:00,1926-11-26 03:00:00,Unknown
1926339N09130,WP,1926,UNNAMED,,,-5,26,1926-12-05 10:00:00,1926-12-07 22:00:00,Unknown
1926353S14121,SI,1927,UNNAMED,,,-5,46,1926-12-18 23:00:00,1926-12-23 01:00:00,Unknown
1926358N10087,NI,1926,UNNAMED,,,-5,26,1926-12-24 00:00:00,1926-12-27 03:00:00,Unknown
1927011S11061,SI,1927,UNNAMED,,,-5,33,1927-01-11 00:00:00,1927-01-15 00:00:00,Unknown
1927021S10061,SI,1927,UNNAMED,,,-5,49,1927-01-21 06:00:00,1927-01-27 06:00:00,Unknown
1927040S19057,SI,1927,UNNAMED,,,-5,49,1927-02-08 12:00:00,1927-02-14 12:00:00,Unknown
1927043N08142,WP,1927,UNNAMED,,,-5,41,1927-02-12 04:00:00,1927-02-16 04:00:00,Unknown
1927043S15065,SI,1927,UNNAMED,,,-5,57,1927-02-12 00:00:00,1927-02-19 00:00:00,Unknown
1927046S26044,SI,1927,UNNAMED,,,-5,1,1927-02-15 00:00:00,1927-02-15 00:00:00,Unknown
1927053S15065,SI,1927,UNNAMED,,,-5,61,1927-02-21 18:00:00,1927-03-01 06:00:00,Unknown
1927054S16064,SI,1927,UNNAMED,,,-5,81,1927-02-23 06:00:00,1927-03-05 06:00:00,Unknown
1927070S17097,SI,1927,UNNAMED,,,-5,13,1927-03-10 12:00:00,1927-03-12 00:00:00,Unknown
1927070S17457,SI,1927,UNNAMED,,,-5,25,1927-03-11 06:00:00,1927-03-14 06:00:00,Unknown
1927071S26105,SI,1927,UNNAMED,,,-5,9,1927-03-11 20:00:00,1927-03-12 13:00:00,Unknown
1927078N09128,WP,1927,UNNAMED,,,-5,11,1927-03-18 22:00:00,1927-03-19 22:00:00,Unknown
1927079S20114,SI,1927,UNNAMED,,977.0,-5,11,1927-03-20 01:00:00,1927-03-21 01:00:00,Unknown
1927080S15114,SI,1927,UNNAMED,,,-5,57,1927-03-21 06:00:00,1927-03-28 06:00:00,Unknown
1927086S16114,SI,1927,UNNAMED,,,-5,45,1927-03-26 12:00:00,1927-04-01 00:00:00,Unknown
1927088S18112,SI,1927,UNNAMED,,995.0,-5,28,1927-03-29 01:00:00,1927-04-01 01:00:00,Unknown
1927125N13088,NI,1927,UNNAMED,,,-5,18,1927-05-05 00:00:00,1927-05-07 03:00:00,Unknown
1927134N14096,NI,1927,UNNAMED,,,-5,26,1927-05-14 00:00:00,1927-05-17 03:00:00,Unknown
1927144N12129,WP,1927,UNNAMED,,,-5,76,1927-05-24 10:00:00,1927-05-31 22:00:00,Unknown
1927151N11071,NI,1927,UNNAMED,,,-5,50,1927-05-31 00:00:00,1927-06-06 03:00:00,Unknown
1927151N14131,WP,1927,UNNAMED,,,-5,56,1927-05-31 10:00:00,1927-06-05 22:00:00,Unknown
1927151N17091,NI,1927,UNNAMED,,,-5,50,1927-05-31 00:00:00,1927-06-06 03:00:00,Unknown
1927167N19087,NI,1927,UNNAMED,,,-5,34,1927-06-16 00:00:00,1927-06-20 03:00:00,Unknown
1927192N15136,WP,1927,UNNAMED,,,-5,76,1927-07-11 10:00:00,1927-07-18 22:00:00,Unknown
1927192N22085,NI,1927,UNNAMED,,,-5,18,1927-07-11 00:00:00,1927-07-13 03:00:00,Unknown
1927201N16132,WP,1927,UNNAMED,,,-5,66,1927-07-20 10:00:00,1927-07-26 22:00:00,Unknown
1927201N19088,NI,1927,UNNAMED,,,-5,18,1927-07-20 00:00:00,1927-07-22 03:00:00,Unknown
1927204N21088,NI,1927,UNNAMED,,,-5,50,1927-07-23 00:00:00,1927-07-29 03:00:00,Unknown
1927208N20089,NI,1927,UNNAMED,,,-5,26,1927-07-27 00:00:00,1927-07-30 03:00:00,Unknown
1927218N17129,WP,1927,UNNAMED,,,-5,31,1927-08-05 22:00:00,1927-08-08 22:00:00,Unknown
1927223N20086,NI,1927,UNNAMED,,,-5,26,1927-08-11 00:00:00,1927-08-14 03:00:00,Unknown
1927225N16129,WP,1927,UNNAMED,,,-5,36,1927-08-13 10:00:00,1927-08-16 22:00:00,Unknown
1927228N12145,WP,1927,UNNAMED,,,-5,61,1927-08-15 22:00:00,1927-08-21 22:00:00,Unknown
1927228N21088,NI,1927,UNNAMED,,,-5,34,1927-08-16 00:00:00,1927-08-20 03:00:00,Unknown
1927233N10144,WP,1927,UNNAMED,,,-5,61,1927-08-20 22:00:00,1927-08-26 22:00:00,Unknown
1927233N17090,NI,1927,UNNAMED,,,-5,42,1927-08-21 00:00:00,1927-08-26 03:00:00,Unknown
1927238N12146,WP,1927,UNNAMED,,,-5,51,1927-08-25 22:00:00,1927-08-30 22:00:00,Unknown
1927244N21088,NI,1927,UNNAMED,,,-5,10,1927-09-01 00:00:00,1927-09-02 03:00:00,Unknown
1927252N20128,WP,1927,UNNAMED,,,-5,49,1927-09-08 21:00:00,1927-09-14 21:00:00,Unknown
1927260N13129,WP,1927,UNNAMED,,,-5,36,1927-09-17 10:00:00,1927-09-20 22:00:00,Unknown
1927261N15088,NI,1927,UNNAMED,,,-5,42,1927-09-18 00:00:00,1927-09-23 03:00:00,Unknown
1927263N11146,WP,1927,UNNAMED,,,-5,33,1927-09-19 21:00:00,1927-09-23 21:00:00,Unknown
1927266N21134,WP,1927,UNNAMED,,,-5,45,1927-09-23 09:00:00,1927-09-28 21:00:00,Unknown
1927272N17146,WP,1927,UNNAMED,,,-5,29,1927-09-28 21:00:00,1927-10-02 09:00:00,Unknown
1927276N13143,WP,1927,UNNAMED,,,-5,51,1927-10-02 22:00:00,1927-10-07 22:00:00,Unknown
1927277N17089,NI,1927,UNNAMED,,,-5,34,1927-10-04 00:00:00,1927-10-08 03:00:00,Unknown
1927282N15126,WP,1927,UNNAMED,,,-5,26,1927-10-09 10:00:00,1927-10-11 22:00:00,Unknown
1927289N18144,WP,1927,UNNAMED,,,-5,16,1927-10-16 10:00:00,1927-10-17 22:00:00,Unknown
1927294N14145,WP,1927,UNNAMED,,,-5,73,1927-10-20 21:00:00,1927-10-29 21:00:00,Unknown
1927302N10091,NI,1927,UNNAMED,,,-5,42,1927-10-29 00:00:00,1927-11-03 03:00:00,Unknown
1927305S08072,SI,1928,UNNAMED,,,-5,45,1927-10-31 18:00:00,1927-11-06 06:00:00,Unknown
1927313S08071,SI,1928,UNNAMED,,,-5,41,1927-11-09 00:00:00,1927-11-14 00:00:00,Unknown
1927314N12068,NI,1927,UNNAMED,,,-5,26,1927-11-10 00:00:00,1927-11-13 03:00:00,Unknown
1927318N13089,NI,1927,UNNAMED,,,-5,26,1927-11-14 00:00:00,1927-11-17 03:00:00,Unknown
1927321N10140,WP,1927,UNNAMED,,,-5,110,1927-11-17 09:00:00,1927-11-30 09:00:00,Unknown
1927321S12064,SI,1928,UNNAMED,,,-5,33,1927-11-17 06:00:00,1927-11-21 06:00:00,Unknown
1927325S08072,SI,1928,UNNAMED,,,-5,57,1927-11-21 06:00:00,1927-11-28 06:00:00,Unknown
1927339N10130,WP,1927,UNNAMED,,,-5,41,1927-12-04 22:00:00,1927-12-08 22:00:00,Unknown
1927360S15061,SI,1928,UNNAMED,,,-5,49,1927-12-26 06:00:00,1928-01-01 06:00:00,Unknown
1928042S18072,SI,1928,UNNAMED,,,-5,17,1928-02-11 00:00:00,1928-02-13 00:00:00,Unknown
1928042S19044,SI,1928,UNNAMED,,,-5,33,1928-02-11 00:00:00,1928-02-15 00:00:00,Unknown
1928043S14061,SI,1928,UNNAMED,,,-5,49,1928-02-12 00:00:00,1928-02-18 00:00:00,Unknown
1928043S18118,SI,1928,UNNAMED,,,-5,24,1928-02-11 23:00:00,1928-02-13 23:00:00,Unknown
1928045S23049,SI,1928,UNNAMED,,,-5,57,1928-02-14 06:00:00,1928-02-21 06:00:00,Unknown
1928046S17073,SI,1928,UNNAMED,,,-5,21,1928-02-14 18:00:00,1928-02-17 06:00:00,Unknown
1928046S20045,SI,1928,UNNAMED,,,-5,21,1928-02-14 18:00:00,1928-02-17 06:00:00,Unknown
1928048S16042,SI,1928,UNNAMED,,,-5,33,1928-02-17 06:00:00,1928-02-21 06:00:00,Unknown
1928051S13062,SI,1928,UNNAMED,,,-5,57,1928-02-20 06:00:00,1928-02-27 06:00:00,Unknown
1928052S17073,SI,1928,UNNAMED,,,-5,33,1928-02-21 06:00:00,1928-02-25 06:00:00,Unknown
1928053S13062,SI,1928,UNNAMED,,,-5,9,1928-02-21 18:00:00,1928-02-22 18:00:00,Unknown
1928056S20057,SI,1928,UNNAMED,,,-5,10,1928-02-24 12:00:00,1928-02-25 15:00:00,Unknown
1928057S21047,SI,1928,UNNAMED,,,-5,18,1928-02-26 03:00:00,1928-02-28 06:00:00,Unknown
1928066S09060,SI,1928,UNNAMED,,,-5,65,1928-03-06 06:00:00,1928-03-14 06:00:00,Unknown
1928070S09060,SI,1928,UNNAMED,,,-5,57,1928-03-10 00:00:00,1928-03-17 00:00:00,Unknown
1928071S09060,SI,1928,UNNAMED,,,-5,61,1928-03-10 18:00:00,1928-03-18 06:00:00,Unknown
1928071S09097,SI,1928,UNNAMED,,,-5,25,1928-03-11 00:00:00,1928-03-14 00:00:00,Unknown
1928081S07099,SI,1928,UNNAMED,,,-5,37,1928-03-20 18:00:00,1928-03-25 06:00:00,Unknown
1928081S07459,SI,1928,UNNAMED,,,-5,41,1928-03-21 06:00:00,1928-03-26 06:00:00,Unknown
1928081S15109,SI,1928,UNNAMED,,,-5,33,1928-03-21 06:00:00,1928-03-25 06:00:00,Unknown
1928085N11089,NI,1928,UNNAMED,,,-5,26,1928-03-25 00:00:00,1928-03-28 03:00:00,Unknown
1928086S15108,SI,1928,UNNAMED,,999.0,-5,23,1928-03-25 12:00:00,1928-03-28 00:00:00,Unknown
1928107S16061,SI,1928,UNNAMED,,,-5,73,1928-04-16 06:00:00,1928-04-25 06:00:00,Unknown
1928125N11139,WP,1928,UNNAMED,,,-5,85,1928-05-03 21:00:00,1928-05-14 09:00:00,Unknown
1928157N19089,NI,1928,UNNAMED,,,-5,18,1928-06-05 00:00:00,1928-06-07 03:00:00,Unknown
1928165N20117,WP,1928,UNNAMED,,,-5,36,1928-06-13 10:00:00,1928-06-16 22:00:00,Unknown
1928167N24088,NI,1928,UNNAMED,,,-5,34,1928-06-15 00:00:00,1928-06-19 03:00:00,Unknown
1928192N12135,WP,1928,UNNAMED,,,-5,71,1928-07-09 22:00:00,1928-07-16 22:00:00,Unknown
1928199N19092,NI,1928,UNNAMED,,,-5,26,1928-07-17 00:00:00,1928-07-20 03:00:00,Unknown
1928202N16116,WP,1928,UNNAMED,,,-5,21,1928-07-19 22:00:00,1928-07-21 22:00:00,Unknown
1928205N16138,WP,1928,UNNAMED,,,-5,21,1928-07-22 22:00:00,1928-07-24 22:00:00,Unknown
1928205N19089,NI,1928,UNNAMED,,,-5,42,1928-07-23 00:00:00,1928-07-28 03:00:00,Unknown
1928206N16130,WP,1928,UNNAMED,,,-5,21,1928-07-23 22:00:00,1928-07-25 22:00:00,Unknown
1928211N22138,WP,1928,UNNAMED,,,-5,21,1928-07-28 22:00:00,1928-07-30 22:00:00,Unknown
1928214N21091,NI,1928,UNNAMED,,,-5,10,1928-08-01 00:00:00,1928-08-02 03:00:00,Unknown
1928219N19140,WP,1928,UNNAMED,,,-5,46,1928-08-06 10:00:00,1928-08-10 22:00:00,Unknown
1928224N22119,WP,1928,UNNAMED,,,-5,71,1928-08-10 22:00:00,1928-08-17 22:00:00,Unknown
1928236N10142,WP,1928,UNNAMED,,,-5,61,1928-08-22 22:00:00,1928-08-28 22:00:00,Unknown
1928236N17132,WP,1928,UNNAMED,,,-5,66,1928-08-23 10:00:00,1928-08-29 22:00:00,Unknown
1928237N18089,NI,1928,UNNAMED,,,-5,66,1928-08-24 00:00:00,1928-09-01 03:00:00,Unknown
1928244N22087,NI,1928,UNNAMED,,,-5,34,1928-08-31 00:00:00,1928-09-04 03:00:00,Unknown
1928247N16127,WP,1928,UNNAMED,,,-5,51,1928-09-02 22:00:00,1928-09-07 22:00:00,Unknown
1928249N16150,WP,1928,UNNAMED,,,-5,56,1928-09-05 10:00:00,1928-09-10 22:00:00,Unknown
1928252N18142,WP,1928,UNNAMED,,,-5,66,1928-09-08 10:00:00,1928-09-14 22:00:00,Unknown
1928265N17138,WP,1928,UNNAMED,,,-5,26,1928-09-21 10:00:00,1928-09-23 22:00:00,Unknown
1928269N15139,WP,1928,UNNAMED,,,-5,56,1928-09-25 10:00:00,1928-09-30 22:00:00,Unknown
1928275N15094,NI,1928,UNNAMED,,,-5,42,1928-10-01 00:00:00,1928-10-06 03:00:00,Unknown
1928278N15133,WP,1928,UNNAMED,,,-5,41,1928-10-03 21:00:00,1928-10-08 21:00:00,Unknown
1928290N14139,WP,1928,UNNAMED,,,-5,25,1928-10-15 21:00:00,1928-10-18 21:00:00,Unknown
1928293N10084,NI,1928,UNNAMED,,,-5,18,1928-10-19 00:00:00,1928-10-21 03:00:00,Unknown
1928296N12072,NI,1928,UNNAMED,,,-5,34,1928-10-22 00:00:00,1928-10-26 03:00:00,Unknown
1928296N14141,WP,1928,UNNAMED,,,-5,86,1928-10-21 22:00:00,1928-10-30 10:00:00,Unknown
1928298N13150,WP,1928,UNNAMED,,,-5,76,1928-10-24 10:00:00,1928-10-31 22:00:00,Unknown
1928318N08091,NI,1928,UNNAMED,,,-5,42,1928-11-13 00:00:00,1928-11-18 03:00:00,Unknown
1928324N10145,WP,1928,UNNAMED,,,-5,106,1928-11-19 10:00:00,1928-11-29 22:00:00,Unknown
1928329N10150,WP,1928,UNNAMED,,,-5,66,1928-11-24 10:00:00,1928-11-30 22:00:00,Unknown
1928346S09096,SI,1929,UNNAMED,,,-5,25,1928-12-11 00:00:00,1928-12-14 00:00:00,Unknown
1928356S07096,SI,1929,UNNAMED,,,-5,29,1928-12-20 18:00:00,1928-12-24 06:00:00,Unknown
1928356S07097,SI,1929,UNNAMED,,,-5,41,1928-12-21 06:00:00,1928-12-26 06:00:00,Unknown
1928357N10088,NI,1928,UNNAMED,,,-5,18,1928-12-22 00:00:00,1928-12-24 03:00:00,Unknown
1929001S18062,SI,1929,UNNAMED,,,-5,25,1929-01-01 00:00:00,1929-01-04 00:00:00,Unknown
1929003N11091,NI,1929,UNNAMED,,,-5,34,1929-01-03 00:00:00,1929-01-07 03:00:00,Unknown
1929009S15132,SI,1929,UNNAMED,,995.0,-5,14,1929-01-08 23:00:00,1929-01-10 01:00:00,Unknown
1929009S19115,SI,1929,UNNAMED,,,-5,26,1929-01-08 23:00:00,1929-01-11 01:00:00,Unknown
1929020N07139,WP,1929,UNNAMED,,,-5,91,1929-01-19 22:00:00,1929-01-28 22:00:00,Unknown
1929021S10068,SI,1929,UNNAMED,,,-5,49,1929-01-21 06:00:00,1929-01-27 06:00:00,Unknown
1929039S18058,SI,1929,UNNAMED,,,-5,21,1929-02-07 18:00:00,1929-02-10 06:00:00,Unknown
1929039S19057,SI,1929,UNNAMED,,,-5,81,1929-02-08 06:00:00,1929-02-18 06:00:00,Unknown
1929040S14125,SI,1929,UNNAMED,,,-5,72,1929-02-08 23:00:00,1929-02-15 01:00:00,Unknown
1929041S19056,SI,1929,UNNAMED,,,-5,17,1929-02-10 00:00:00,1929-02-12 00:00:00,Unknown
1929042S16069,SI,1929,UNNAMED,,,-5,33,1929-02-11 06:00:00,1929-02-15 06:00:00,Unknown
1929042S18066,SI,1929,UNNAMED,,,-5,17,1929-02-11 00:00:00,1929-02-13 00:00:00,Unknown
1929042S20042,SI,1929,UNNAMED,,,-5,41,1929-02-11 00:00:00,1929-02-16 00:00:00,Unknown
1929046S16068,SI,1929,UNNAMED,,,-5,21,1929-02-14 18:00:00,1929-02-17 06:00:00,Unknown
1929046S18042,SI,1929,UNNAMED,,,-5,45,1929-02-14 18:00:00,1929-02-20 06:00:00,Unknown
1929057S16144,SI,1929,UNNAMED,,,-5,8,1929-02-28 09:00:00,1929-02-28 23:30:00,Unknown
1929070S11050,SI,1929,UNNAMED,,,-5,33,1929-03-11 06:00:00,1929-03-15 06:00:00,Unknown
1929070S12075,SI,1929,UNNAMED,,,-5,9,1929-03-11 00:00:00,1929-03-12 00:00:00,Unknown
1929080S11076,SI,1929,UNNAMED,,,-5,29,1929-03-20 18:00:00,1929-03-24 06:00:00,Unknown
1929115N08130,WP,1929,UNNAMED,,,-5,41,1929-04-24 22:00:00,1929-04-28 22:00:00,Unknown
1929127S12059,SI,1929,UNNAMED,,,-5,41,1929-05-07 06:00:00,1929-05-12 06:00:00,Unknown
1929132N14087,NI,1929,UNNAMED,,,-5,18,1929-05-12 00:00:00,1929-05-14 03:00:00,Unknown
1929143N08133,WP,1929,UNNAMED,,,-5,56,1929-05-23 10:00:00,1929-05-28 22:00:00,Unknown
1929153N17091,NI,1929,UNNAMED,,,-5,18,1929-06-02 00:00:00,1929-06-04 03:00:00,Unknown
1929154N18117,WP,1929,UNNAMED,,,-5,16,1929-06-03 10:00:00,1929-06-04 22:00:00,Unknown
1929170N19086,NI,1929,UNNAMED,,,-5,34,1929-06-19 00:00:00,1929-06-23 03:00:00,Unknown
1929178N12128,WP,1929,UNNAMED,,,-5,46,1929-06-27 10:00:00,1929-07-01 22:00:00,Unknown
1929188N19124,WP,1929,UNNAMED,,,-5,36,1929-07-07 10:00:00,1929-07-10 22:00:00,Unknown
1929192N20088,NI,1929,UNNAMED,,,-5,26,1929-07-11 00:00:00,1929-07-14 03:00:00,Unknown
1929196N17132,WP,1929,UNNAMED,,,-5,61,1929-07-14 22:00:00,1929-07-20 22:00:00,Unknown
1929196N21089,NI,1929,UNNAMED,,,-5,42,1929-07-15 00:00:00,1929-07-20 03:00:00,Unknown
1929204N22090,NI,1929,UNNAMED,,,-5,42,1929-07-23 00:00:00,1929-07-28 03:00:00,Unknown
1929207N18115,WP,1929,UNNAMED,,,-5,46,1929-07-26 10:00:00,1929-07-30 22:00:00,Unknown
1929208N23090,NI,1929,UNNAMED,,,-5,42,1929-07-27 00:00:00,1929-08-01 03:00:00,Unknown
1929217N18133,WP,1929,UNNAMED,,,-5,101,1929-08-04 22:00:00,1929-08-14 22:00:00,Unknown
1929219N21090,NI,1929,UNNAMED,,,-5,34,1929-08-07 00:00:00,1929-08-11 03:00:00,Unknown
1929232N19121,WP,1929,UNNAMED,,,-5,36,1929-08-20 10:00:00,1929-08-23 22:00:00,Unknown
1929235N20088,NI,1929,UNNAMED,,,-5,42,1929-08-23 00:00:00,1929-08-28 03:00:00,Unknown
1929240N19089,NI,1929,UNNAMED,,,-5,34,1929-08-28 00:00:00,1929-09-01 03:00:00,Unknown
1929243N15113,WP,1929,UNNAMED,,,-5,16,1929-08-31 10:00:00,1929-09-01 22:00:00,Unknown
1929244S05078,SI,1930,UNNAMED,,,-5,33,1929-09-01 06:00:00,1929-09-05 06:00:00,Unknown
1929245N15127,WP,1929,UNNAMED,,,-5,51,1929-09-01 22:00:00,1929-09-06 22:00:00,Unknown
1929249N13144,WP,1929,UNNAMED,,,-5,41,1929-09-05 22:00:00,1929-09-09 22:00:00,Unknown
1929252S05078,SI,1930,UNNAMED,,,-5,33,1929-09-09 00:00:00,1929-09-13 00:00:00,Unknown
1929254S04079,SI,1930,UNNAMED,,,-5,49,1929-09-11 06:00:00,1929-09-17 06:00:00,Unknown
1929260N13129,WP,1929,UNNAMED,,,-5,46,1929-09-17 10:00:00,1929-09-21 22:00:00,Unknown
1929260N15136,WP,1929,UNNAMED,,,-5,36,1929-09-17 10:00:00,1929-09-20 22:00:00,Unknown
1929270N12070,NI,1929,UNNAMED,,,-5,34,1929-09-27 00:00:00,1929-10-01 03:00:00,Unknown
1929274N15144,WP,1929,UNNAMED,,,-5,36,1929-10-01 10:00:00,1929-10-04 22:00:00,Unknown
1929275N12085,NI,1929,UNNAMED,,,-5,50,1929-10-02 00:00:00,1929-10-08 03:00:00,Unknown
1929279N14142,WP,1929,UNNAMED,,,-5,61,1929-10-05 22:00:00,1929-10-11 22:00:00,Unknown
1929281N14120,WP,1929,UNNAMED,,,-5,31,1929-10-07 22:00:00,1929-10-10 22:00:00,Unknown
1929288N13131,WP,1929,UNNAMED,,,-5,31,1929-10-14 22:00:00,1929-10-17 22:00:00,Unknown
1929294N13131,WP,1929,UNNAMED,,,-5,46,1929-10-21 10:00:00,1929-10-25 22:00:00,Unknown
1929307N08086,NI,1929,UNNAMED,,,-5,10,1929-11-03 00:00:00,1929-11-04 03:00:00,Unknown
1929325N08144,WP,1929,UNNAMED,,,-5,46,1929-11-21 10:00:00,1929-11-25 22:00:00,Unknown
1929330N11084,NI,1929,UNNAMED,,,-5,42,1929-11-26 00:00:00,1929-12-01 03:00:00,Unknown
1929339N11132,WP,1929,UNNAMED,,,-5,56,1929-12-05 10:00:00,1929-12-10 22:00:00,Unknown
1929359S19051,SI,1930,UNNAMED,,,-5,25,1929-12-25 06:00:00,1929-12-28 06:00:00,Unknown
1929363S12052,SI,1930,UNNAMED,,,-5,25,1929-12-29 06:00:00,1930-01-01 06:00:00,Unknown
1929365S16061,SI,1930,UNNAMED,,,-5,41,1929-12-31 06:00:00,1930-01-05 06:00:00,Unknown
1930004S14149,SI,1930,UNNAMED,,992.0,-5,24,1930-01-07 21:00:00,1930-01-09 23:00:00,Unknown
1930009S15053,SI,1930,UNNAMED,,,-5,57,1930-01-09 06:00:00,1930-01-16 06:00:00,Unknown
1930010S23049,SI,1930,UNNAMED,,,-5,9,1930-01-10 00:00:00,1930-01-11 00:00:00,Unknown
1930011S23049,SI,1930,UNNAMED,,,-5,9,1930-01-11 06:00:00,1930-01-12 06:00:00,Unknown
1930024S12059,SI,1930,UNNAMED,,,-5,41,1930-01-24 06:00:00,1930-01-29 06:00:00,Unknown
1930030S18059,SI,1930,UNNAMED,,,-5,57,1930-01-30 06:00:00,1930-02-06 06:00:00,Unknown
1930031N12131,WP,1930,UNNAMED,,,-5,21,1930-01-30 22:00:00,1930-02-01 22:00:00,Unknown
1930038S19071,SI,1930,UNNAMED,,,-5,41,1930-02-07 06:00:00,1930-02-12 06:00:00,Unknown
1930041S20069,SI,1930,UNNAMED,,,-5,25,1930-02-10 00:00:00,1930-02-13 00:00:00,Unknown
1930044S14129,SI,1930,UNNAMED,,,-5,66,1930-02-12 23:00:00,1930-02-19 01:00:00,Unknown
1930046N21120,WP,1930,UNNAMED,,,-5,21,1930-02-14 22:00:00,1930-02-16 22:00:00,Unknown
1930049N18117,WP,1930,UNNAMED,,,-5,26,1930-02-18 10:00:00,1930-02-20 22:00:00,Unknown
1930060S09101,SI,1930,UNNAMED,,,-5,45,1930-02-28 18:00:00,1930-03-06 06:00:00,Unknown
1930068S10100,SI,1930,UNNAMED,,,-5,25,1930-03-09 00:00:00,1930-03-12 00:00:00,Unknown
1930069S10097,SI,1930,UNNAMED,,,-5,41,1930-03-10 00:00:00,1930-03-15 00:00:00,Unknown
1930070S09097,SI,1930,UNNAMED,,,-5,57,1930-03-11 06:00:00,1930-03-18 06:00:00,Unknown
1930108N09132,WP,1930,UNNAMED,,,-5,46,1930-04-18 10:00:00,1930-04-22 22:00:00,Unknown
1930125N06083,NI,1930,UNNAMED,,,-5,34,1930-05-05 00:00:00,1930-05-09 03:00:00,Unknown
1930132N18089,NI,1930,UNNAMED,,,-5,10,1930-05-12 00:00:00,1930-05-13 03:00:00,Unknown
1930137N18117,WP,1930,UNNAMED,,,-5,26,1930-05-17 10:00:00,1930-05-19 22:00:00,Unknown
1930140N07142,WP,1930,UNNAMED,,,-5,116,1930-05-20 10:00:00,1930-05-31 22:00:00,Unknown
1930171N17069,NI,1930,UNNAMED,,,-5,26,1930-06-20 00:00:00,1930-06-23 03:00:00,Unknown
1930177N11136,WP,1930,UNNAMED,,,-5,76,1930-06-26 10:00:00,1930-07-03 22:00:00,Unknown
1930178N20064,NI,1930,UNNAMED,,,-5,18,1930-06-27 00:00:00,1930-06-29 03:00:00,Unknown
1930179N19089,NI,1930,UNNAMED,,,-5,42,1930-06-28 00:00:00,1930-07-03 03:00:00,Unknown
1930185N15132,WP,1930,UNNAMED,,,-5,111,1930-07-03 22:00:00,1930-07-14 22:00:00,Unknown
1930193N19122,WP,1930,UNNAMED,,,-5,31,1930-07-11 22:00:00,1930-07-14 22:00:00,Unknown
1930196N18137,WP,1930,UNNAMED,,,-5,31,1930-07-14 22:00:00,1930-07-17 22:00:00,Unknown
1930196N20092,NI,1930,UNNAMED,,,-5,58,1930-07-15 00:00:00,1930-07-22 03:00:00,Unknown
1930198N22088,NI,1930,UNNAMED,,,-5,10,1930-07-17 00:00:00,1930-07-18 03:00:00,Unknown
1930199N12147,WP,1930,UNNAMED,,,-5,76,1930-07-18 10:00:00,1930-07-25 22:00:00,Unknown
1930206N21143,WP,1930,UNNAMED,,,-5,46,1930-07-25 10:00:00,1930-07-29 22:00:00,Unknown
1930207N15144,WP,1930,UNNAMED,,,-5,36,1930-07-26 10:00:00,1930-07-29 22:00:00,Unknown
1930214N16150,WP,1930,UNNAMED,,,-5,76,1930-08-02 10:00:00,1930-08-09 22:00:00,Unknown
1930217N14145,WP,1930,UNNAMED,,,-5,26,1930-08-05 10:00:00,1930-08-07 22:00:00,Unknown
1930219N20144,WP,1930,UNNAMED,,,-5,51,1930-08-06 22:00:00,1930-08-11 22:00:00,Unknown
1930226N16146,WP,1930,UNNAMED,,,-5,51,1930-08-13 22:00:00,1930-08-18 22:00:00,Unknown
1930236N12145,WP,1930,UNNAMED,,,-5,41,1930-08-23 22:00:00,1930-08-27 22:00:00,Unknown
1930248N16150,WP,1930,UNNAMED,,,-5,36,1930-09-05 10:00:00,1930-09-08 22:00:00,Unknown
1930249N18091,NI,1930,UNNAMED,,,-5,26,1930-09-06 00:00:00,1930-09-09 03:00:00,Unknown
1930256N16118,WP,1930,UNNAMED,,,-5,46,1930-09-13 10:00:00,1930-09-17 22:00:00,Unknown
1930262N16150,WP,1930,UNNAMED,,,-5,36,1930-09-19 10:00:00,1930-09-22 22:00:00,Unknown
1930270N13147,WP,1930,UNNAMED,,,-5,46,1930-09-27 10:00:00,1930-10-01 22:00:00,Unknown
1930282N13137,WP,1930,UNNAMED,,,-5,26,1930-10-09 10:00:00,1930-10-11 22:00:00,Unknown
1930294N08086,NI,1930,UNNAMED,,,-5,26,1930-10-21 00:00:00,1930-10-24 03:00:00,Unknown
1930298N10075,NI,1930,UNNAMED,,,-5,42,1930-10-25 00:00:00,1930-10-30 03:00:00,Unknown
1930311N09148,WP,1930,UNNAMED,,,-5,56,1930-11-07 10:00:00,1930-11-12 22:00:00,Unknown
1930312N14091,NI,1930,UNNAMED,,,-5,18,1930-11-08 00:00:00,1930-11-10 03:00:00,Unknown
1930320N12087,NI,1930,UNNAMED,,,-5,34,1930-11-16 00:00:00,1930-11-20 03:00:00,Unknown
1930332N10084,NI,1930,UNNAMED,,,-5,10,1930-11-28 00:00:00,1930-11-29 03:00:00,Unknown
1930337N06142,WP,1930,UNNAMED,,,-5,46,1930-12-03 10:00:00,1930-12-07 22:00:00,Unknown
1930345S20048,SI,1931,UNNAMED,,,-5,9,1930-12-11 00:00:00,1930-12-12 00:00:00,Unknown
1930354N10092,NI,1930,UNNAMED,,,-5,18,1930-12-20 00:00:00,1930-12-22 03:00:00,Unknown
1930355S19046,SI,1931,UNNAMED,,,-5,13,1930-12-20 18:00:00,1930-12-22 06:00:00,Unknown
1930358S15124,SI,1931,UNNAMED,,,-5,52,1930-12-24 11:00:00,1930-12-29 01:00:00,Unknown
1930361S10045,SI,1931,UNNAMED,,,-5,33,1930-12-27 06:00:00,1930-12-31 06:00:00,Unknown
1930363S17045,SI,1931,UNNAMED,,,-5,17,1930-12-29 06:00:00,1930-12-31 06:00:00,Unknown
1931001N09137,WP,1931,UNNAMED,,,-5,66,1931-01-01 10:00:00,1931-01-07 22:00:00,Unknown
1931001S23046,SI,1931,UNNAMED,,,-5,17,1931-01-01 06:00:00,1931-01-03 06:00:00,Unknown
1931003S23048,SI,1931,UNNAMED,,,-5,33,1931-01-03 06:00:00,1931-01-07 06:00:00,Unknown
1931009S23046,SI,1931,UNNAMED,,,-5,17,1931-01-09 00:00:00,1931-01-11 00:00:00,Unknown
1931011S10054,SI,1931,UNNAMED,,,-5,9,1931-01-11 00:00:00,1931-01-12 00:00:00,Unknown
1931019S14129,SI,1931,UNNAMED,,,-5,71,1931-01-18 23:00:00,1931-01-25 01:00:00,Unknown
1931021S10054,SI,1931,UNNAMED,,,-5,9,1931-01-21 06:00:00,1931-01-22 06:00:00,Unknown
1931022S10054,SI,1931,UNNAMED,,,-5,32,1931-01-22 06:00:00,1931-01-26 03:00:00,Unknown
1931023S12049,SI,1931,UNNAMED,,,-5,67,1931-01-23 00:00:00,1931-01-31 06:00:00,Unknown
1931062S18066,SI,1931,UNNAMED,,,-5,61,1931-03-02 18:00:00,1931-03-10 06:00:00,Unknown
1931070S17069,SI,1931,UNNAMED,,,-5,17,1931-03-11 00:00:00,1931-03-13 00:00:00,Unknown
1931080S16069,SI,1931,UNNAMED,,,-5,21,1931-03-20 18:00:00,1931-03-23 06:00:00,Unknown
1931080S16070,SI,1931,UNNAMED,,,-5,33,1931-03-21 06:00:00,1931-03-25 06:00:00,Unknown
1931087S16115,SI,1931,UNNAMED,,965.0,-5,36,1931-03-27 23:00:00,1931-03-30 23:00:00,Unknown
1931134N15088,NI,1931,UNNAMED,,,-5,18,1931-05-14 00:00:00,1931-05-16 03:00:00,Unknown
1931160N24129,WP,1931,UNNAMED,,,-5,11,1931-06-08 22:00:00,1931-06-09 22:00:00,Unknown
1931210N12133,WP,1931,UNNAMED,,,-5,36,1931-07-29 10:00:00,1931-08-01 22:00:00,Unknown
1931215N17132,WP,1931,UNNAMED,,,-5,26,1931-08-03 10:00:00,1931-08-05 22:00:00,Unknown
1931218N19089,NI,1931,UNNAMED,,,-5,10,1931-08-06 00:00:00,1931-08-07 03:00:00,Unknown
1931219N17131,WP,1931,UNNAMED,,,-5,46,1931-08-07 10:00:00,1931-08-11 22:00:00,Unknown
1931226N17115,WP,1931,UNNAMED,,,-5,46,1931-08-14 10:00:00,1931-08-18 22:00:00,Unknown
1931226N20089,NI,1931,UNNAMED,,,-5,10,1931-08-14 00:00:00,1931-08-15 03:00:00,Unknown
1931228N21135,WP,1931,UNNAMED,,,-5,16,1931-08-16 10:00:00,1931-08-17 22:00:00,Unknown
1931231N19138,WP,1931,UNNAMED,,,-5,66,1931-08-19 10:00:00,1931-08-25 22:00:00,Unknown
1931231N21089,NI,1931,UNNAMED,,,-5,26,1931-08-19 00:00:00,1931-08-22 03:00:00,Unknown
1931242N19088,NI,1931,UNNAMED,,,-5,18,1931-08-30 00:00:00,1931-09-01 03:00:00,Unknown
1931245N22118,WP,1931,UNNAMED,,,-5,21,1931-09-01 22:00:00,1931-09-03 22:00:00,Unknown
1931250N21128,WP,1931,UNNAMED,,,-5,26,1931-09-07 10:00:00,1931-09-09 22:00:00,Unknown
1931252N23127,WP,1931,UNNAMED,,,-5,26,1931-09-09 10:00:00,1931-09-11 22:00:00,Unknown
1931261N12133,WP,1931,UNNAMED,,,-5,76,1931-09-18 10:00:00,1931-09-25 22:00:00,Unknown
1931261N22134,WP,1931,UNNAMED,,,-5,11,1931-09-17 22:00:00,1931-09-18 22:00:00,Unknown
1931265N18088,NI,1931,UNNAMED,,,-5,42,1931-09-22 00:00:00,1931-09-27 03:00:00,Unknown
1931279N11146,WP,1931,UNNAMED,,,-5,71,1931-10-05 22:00:00,1931-10-12 22:00:00,Unknown
1931282N11114,WP,1931,UNNAMED,,,-5,26,1931-10-09 10:00:00,1931-10-11 22:00:00,Unknown
1931284N17088,NI,1931,UNNAMED,,,-5,26,1931-10-11 00:00:00,1931-10-14 03:00:00,Unknown
1931289N16131,WP,1931,UNNAMED,,,-5,51,1931-10-15 22:00:00,1931-10-20 22:00:00,Unknown
1931295N11142,WP,1931,UNNAMED,,,-5,46,1931-10-22 10:00:00,1931-10-26 22:00:00,Unknown
1931298N18087,NI,1931,UNNAMED,,,-5,18,1931-10-25 00:00:00,1931-10-27 03:00:00,Unknown
1931303N10084,NI,1931,UNNAMED,,,-5,18,1931-10-30 00:00:00,1931-11-01 03:00:00,Unknown
1931309N12131,WP,1931,UNNAMED,,,-5,56,1931-11-05 10:00:00,1931-11-10 22:00:00,Unknown
1931313N13131,WP,1931,UNNAMED,,,-5,26,1931-11-09 10:00:00,1931-11-11 22:00:00,Unknown
1931317N13134,WP,1931,UNNAMED,,,-5,56,1931-11-13 10:00:00,1931-11-18 22:00:00,Unknown
1931320N12146,WP,1931,UNNAMED,,,-5,76,1931-11-16 10:00:00,1931-11-23 22:00:00,Unknown
1931343N05081,NI,1931,UNNAMED,,,-5,42,1931-12-09 00:00:00,1931-12-14 03:00:00,Unknown
1931345S06101,SI,1932,UNNAMED,,,-5,25,1931-12-11 00:00:00,1931-12-14 00:00:00,Unknown
1931345S16060,SI,1932,UNNAMED,,,-5,25,1931-12-11 00:00:00,1931-12-14 00:00:00,Unknown
1931355S06101,SI,1932,UNNAMED,,,-5,45,1931-12-20 18:00:00,1931-12-26 06:00:00,Unknown
1931355S16060,SI,1932,UNNAMED,,,-5,29,1931-12-20 18:00:00,1931-12-24 06:00:00,Unknown
1931356N07083,NI,1931,UNNAMED,,,-5,18,1931-12-22 00:00:00,1931-12-24 03:00:00,Unknown
1931365S17060,SI,1932,UNNAMED,,,-5,33,1931-12-31 06:00:00,1932-01-04 06:00:00,Unknown
1932001S13044,SI,1932,UNNAMED,,,-5,25,1932-01-01 06:00:00,1932-01-04 06:00:00,Unknown
1932001S14045,SI,1932,UNNAMED,,,-5,9,1932-01-01 06:00:00,1932-01-02 06:00:00,Unknown
1932001S15061,SI,1932,UNNAMED,,,-5,41,1932-01-01 06:00:00,1932-01-06 06:00:00,Unknown
1932004N07136,WP,1932,UNNAMED,,,-5,51,1932-01-03 22:00:00,1932-01-08 22:00:00,Unknown
1932006S16053,SI,1932,UNNAMED,,,-5,41,1932-01-06 06:00:00,1932-01-11 06:00:00,Unknown
1932009S14045,SI,1932,UNNAMED,,,-5,9,1932-01-09 00:00:00,1932-01-10 00:00:00,Unknown
1932030S14133,SI,1932,UNNAMED,,994.0,-5,48,1932-01-29 23:00:00,1932-02-03 01:00:00,Unknown
1932032S12045,SI,1932,UNNAMED,,,-5,21,1932-02-01 06:00:00,1932-02-03 18:00:00,Unknown
1932032S17053,SI,1932,UNNAMED,,,-5,57,1932-02-01 06:00:00,1932-02-08 06:00:00,Unknown
1932034S18053,SI,1932,UNNAMED,,,-5,45,1932-02-02 18:00:00,1932-02-08 06:00:00,Unknown
1932035S13045,SI,1932,UNNAMED,,,-5,29,1932-02-03 18:00:00,1932-02-07 06:00:00,Unknown
1932041S14071,SI,1932,UNNAMED,,,-5,49,1932-02-10 06:00:00,1932-02-16 06:00:00,Unknown
1932043S14052,SI,1932,UNNAMED,,,-5,25,1932-02-12 00:00:00,1932-02-15 00:00:00,Unknown
1932061N10143,WP,1932,UNNAMED,,,-5,66,1932-03-01 10:00:00,1932-03-07 22:00:00,Unknown
1932077S16063,SI,1932,UNNAMED,,,-5,25,1932-03-17 06:00:00,1932-03-20 06:00:00,Unknown
1932082S18052,SI,1932,UNNAMED,,,-5,29,1932-03-21 18:00:00,1932-03-25 06:00:00,Unknown
1932092S09100,SI,1932,UNNAMED,,,-5,65,1932-04-01 06:00:00,1932-04-09 06:00:00,Unknown
1932092S09460,SI,1932,UNNAMED,,,-5,53,1932-03-31 18:00:00,1932-04-07 06:00:00,Unknown
1932097S10054,SI,1932,UNNAMED,,,-5,57,1932-04-06 06:00:00,1932-04-13 06:00:00,Unknown
1932100S10099,SI,1932,UNNAMED,,,-5,49,1932-04-09 00:00:00,1932-04-15 00:00:00,Unknown
1932121N08122,WP,1932,UNNAMED,,,-5,56,1932-04-30 10:00:00,1932-05-05 22:00:00,Unknown
1932138N17116,WP,1932,UNNAMED,,,-5,36,1932-05-17 10:00:00,1932-05-20 22:00:00,Unknown
1932141N12074,NI,1932,UNNAMED,,,-5,18,1932-05-20 00:00:00,1932-05-22 03:00:00,Unknown
1932144N17086,NI,1932,UNNAMED,,,-5,18,1932-05-23 00:00:00,1932-05-25 03:00:00,Unknown
1932145N11075,NI,1932,UNNAMED,,,-5,1,1932-05-24 03:00:00,1932-05-24 03:00:00,Unknown
1932151N12131,WP,1932,UNNAMED,,,-5,56,1932-05-30 10:00:00,1932-06-04 22:00:00,Unknown
1932159N20090,NI,1932,UNNAMED,,,-5,26,1932-06-07 00:00:00,1932-06-10 03:00:00,Unknown
1932181N18129,WP,1932,UNNAMED,,,-5,36,1932-06-29 10:00:00,1932-07-02 22:00:00,Unknown
1932186N18114,WP,1932,UNNAMED,,,-5,16,1932-07-04 10:00:00,1932-07-05 22:00:00,Unknown
1932191N19087,NI,1932,UNNAMED,,,-5,50,1932-07-09 00:00:00,1932-07-15 03:00:00,Unknown
1932194N14114,WP,1932,UNNAMED,,,-5,46,1932-07-12 10:00:00,1932-07-16 22:00:00,Unknown
1932201N17128,WP,1932,UNNAMED,,,-5,46,1932-07-19 10:00:00,1932-07-23 22:00:00,Unknown
1932201N20088,NI,1932,UNNAMED,,,-5,34,1932-07-19 00:00:00,1932-07-23 03:00:00,Unknown
1932206N20088,NI,1932,UNNAMED,,,-5,10,1932-07-24 00:00:00,1932-07-25 03:00:00,Unknown
1932207N14128,WP,1932,UNNAMED,,,-5,46,1932-07-25 10:00:00,1932-07-29 22:00:00,Unknown
1932212N21126,WP,1932,UNNAMED,,,-5,36,1932-07-30 10:00:00,1932-08-02 22:00:00,Unknown
1932217N12127,WP,1932,UNNAMED,,,-5,109,1932-08-03 21:00:00,1932-08-17 09:00:00,Unknown
1932231N16151,WP,1932,UNNAMED,,,-5,89,1932-08-17 21:00:00,1932-08-28 21:00:00,Unknown
1932242N16130,WP,1932,UNNAMED,,,-5,73,1932-08-28 21:00:00,1932-09-06 21:00:00,Unknown
1932244N19296,NI,1932,UNNAMED,,,-4,12,1932-09-16 09:00:00,1932-09-17 18:00:00,Unknown
1932246N19087,NI,1932,UNNAMED,,,-5,74,1932-09-02 00:00:00,1932-09-11 03:00:00,Unknown
1932250N15129,WP,1932,UNNAMED,,,-5,41,1932-09-05 22:00:00,1932-09-09 22:00:00,Unknown
1932257N14132,WP,1932,UNNAMED,,,-5,56,1932-09-13 10:00:00,1932-09-18 22:00:00,Unknown
1932262N19089,NI,1932,UNNAMED,,,-5,50,1932-09-18 00:00:00,1932-09-24 03:00:00,Unknown
1932264N17126,WP,1932,UNNAMED,,,-5,46,1932-09-20 10:00:00,1932-09-24 22:00:00,Unknown
1932272N13141,WP,1932,UNNAMED,,,-5,61,1932-09-27 21:00:00,1932-10-05 09:00:00,Unknown
1932276N15134,WP,1932,UNNAMED,,,-5,31,1932-10-01 22:00:00,1932-10-04 22:00:00,Unknown
1932281N21133,WP,1932,UNNAMED,,,-5,25,1932-10-06 21:00:00,1932-10-09 21:00:00,Unknown
1932283S08071,SI,1933,UNNAMED,,,-5,5,1932-10-08 18:00:00,1932-10-09 06:00:00,Unknown
1932287N11128,WP,1932,UNNAMED,,,-5,46,1932-10-13 10:00:00,1932-10-17 22:00:00,Unknown
1932288N11074,NI,1932,UNNAMED,,,-5,66,1932-10-14 00:00:00,1932-10-22 03:00:00,Unknown
1932293N14096,NI,1932,UNNAMED,,,-5,42,1932-10-19 00:00:00,1932-10-24 03:00:00,Unknown
1932295S08071,SI,1933,UNNAMED,,,-5,17,1932-10-21 06:00:00,1932-10-23 06:00:00,Unknown
1932297N15132,WP,1932,UNNAMED,,,-5,96,1932-10-23 10:00:00,1932-11-01 22:00:00,Unknown
1932304N11083,NI,1932,UNNAMED,,,-5,58,1932-10-30 00:00:00,1932-11-06 03:00:00,Unknown
1932312N08137,WP,1932,UNNAMED,,,-5,81,1932-11-06 21:00:00,1932-11-16 21:00:00,Unknown
1932316N10083,NI,1932,UNNAMED,,,-5,34,1932-11-11 00:00:00,1932-11-15 03:00:00,Unknown
1932325N08142,WP,1932,UNNAMED,,,-5,31,1932-11-19 22:00:00,1932-11-22 22:00:00,Unknown
1932327N08089,NI,1932,UNNAMED,,,-5,26,1932-11-22 00:00:00,1932-11-25 03:00:00,Unknown
1932330N09137,WP,1932,UNNAMED,,,-5,61,1932-11-24 22:00:00,1932-11-30 22:00:00,Unknown
1932331N10128,WP,1932,UNNAMED,,,-5,36,1932-11-26 10:00:00,1932-11-29 22:00:00,Unknown
1932338N07137,WP,1932,UNNAMED,,,-5,41,1932-12-02 21:00:00,1932-12-07 21:00:00,Unknown
1933048S17041,SI,1933,UNNAMED,,,-5,81,1933-02-17 06:00:00,1933-02-27 06:00:00,Unknown
1933051S15065,SI,1933,UNNAMED,,,-5,21,1933-02-19 18:00:00,1933-02-22 06:00:00,Unknown
1933052S15065,SI,1933,UNNAMED,,,-5,33,1933-02-21 06:00:00,1933-02-25 06:00:00,Unknown
1933062S13062,SI,1933,UNNAMED,,,-5,97,1933-03-03 06:00:00,1933-03-15 06:00:00,Unknown
1933089S11053,SI,1933,UNNAMED,,,-5,73,1933-03-30 06:00:00,1933-04-08 06:00:00,Unknown
1933101S11079,SI,1933,UNNAMED,,,-5,25,1933-04-11 00:00:00,1933-04-14 00:00:00,Unknown
1933111S10081,SI,1933,UNNAMED,,,-5,45,1933-04-20 18:00:00,1933-04-26 06:00:00,Unknown
1933112N06146,WP,1933,UNNAMED,,,-5,53,1933-04-21 21:00:00,1933-04-28 09:00:00,Unknown
1933129N16150,WP,1933,UNNAMED,,,-5,26,1933-05-09 10:00:00,1933-05-11 22:00:00,Unknown
1933133N09070,NI,1933,UNNAMED,,,-5,50,1933-05-13 00:00:00,1933-05-19 03:00:00,Unknown
1933142N12088,NI,1933,UNNAMED,,,-5,26,1933-05-22 00:00:00,1933-05-25 03:00:00,Unknown
1933165N18086,NI,1933,UNNAMED,,,-5,18,1933-06-14 00:00:00,1933-06-16 03:00:00,Unknown
1933173N12140,WP,1933,UNNAMED,,,-5,29,1933-06-21 21:00:00,1933-06-25 09:00:00,Unknown
1933175N15125,WP,1933,UNNAMED,,,-5,65,1933-06-23 21:00:00,1933-07-01 21:00:00,Unknown
1933184N12148,WP,1933,UNNAMED,,,-5,21,1933-07-02 22:00:00,1933-07-04 22:00:00,Unknown
1933185N08135,WP,1933,UNNAMED,,,-5,21,1933-07-03 22:00:00,1933-07-05 22:00:00,Unknown
1933196N23080,NI,1933,UNNAMED,,,-5,18,1933-07-15 00:00:00,1933-07-17 03:00:00,Unknown
1933197N18129,WP,1933,UNNAMED,,,-5,65,1933-07-15 21:00:00,1933-07-23 21:00:00,Unknown
1933198N23085,NI,1933,UNNAMED,,,-5,18,1933-07-17 00:00:00,1933-07-19 03:00:00,Unknown
1933200N16143,WP,1933,UNNAMED,,,-5,49,1933-07-19 09:00:00,1933-07-25 09:00:00,Unknown
1933201N19117,WP,1933,UNNAMED,,,-5,16,1933-07-20 10:00:00,1933-07-21 22:00:00,Unknown
1933205N21091,NI,1933,UNNAMED,,,-5,18,1933-07-24 00:00:00,1933-07-26 03:00:00,Unknown
1933208N08140,WP,1933,UNNAMED,,,-5,73,1933-07-26 21:00:00,1933-08-04 21:00:00,Unknown
1933209N24132,WP,1933,UNNAMED,,,-5,6,1933-07-28 10:00:00,1933-07-28 22:00:00,Unknown
1933211N18088,NI,1933,UNNAMED,,,-5,18,1933-07-30 00:00:00,1933-08-01 03:00:00,Unknown
1933212N06150,WP,1933,UNNAMED,,,-5,51,1933-07-30 22:00:00,1933-08-04 22:00:00,Unknown
1933214N19089,NI,1933,UNNAMED,,,-5,42,1933-08-02 00:00:00,1933-08-07 03:00:00,Unknown
1933219N18114,WP,1933,UNNAMED,,,-5,36,1933-08-07 10:00:00,1933-08-10 22:00:00,Unknown
1933220N18091,NI,1933,UNNAMED,,,-5,18,1933-08-08 00:00:00,1933-08-10 03:00:00,Unknown
1933233N25084,NI,1933,UNNAMED,,,-5,50,1933-08-21 00:00:00,1933-08-27 03:00:00,Unknown
1933241N17132,WP,1933,UNNAMED,,,-5,81,1933-08-28 21:00:00,1933-09-07 21:00:00,Unknown
1933244N24144,WP,1933,UNNAMED,,,-5,53,1933-08-31 21:00:00,1933-09-07 09:00:00,Unknown
1933249N16087,NI,1933,UNNAMED,,,-5,50,1933-09-06 00:00:00,1933-09-12 03:00:00,Unknown
1933253N12140,WP,1933,UNNAMED,,,-5,97,1933-09-09 21:00:00,1933-09-21 21:00:00,Unknown
1933253N19122,WP,1933,UNNAMED,,,-5,56,1933-09-10 10:00:00,1933-09-15 22:00:00,Unknown
1933255N20087,NI,1933,UNNAMED,,,-5,58,1933-09-12 00:00:00,1933-09-19 03:00:00,Unknown
1933256N13147,WP,1933,UNNAMED,,,-5,26,1933-09-13 10:00:00,1933-09-15 22:00:00,Unknown
1933258N10117,WP,1933,UNNAMED,,,-5,16,1933-09-15 10:00:00,1933-09-16 22:00:00,Unknown
1933260N17093,NI,1933,UNNAMED,,,-5,66,1933-09-17 00:00:00,1933-09-25 03:00:00,Unknown
1933263N18117,WP,1933,UNNAMED,,,-5,6,1933-09-20 10:00:00,1933-09-20 22:00:00,Unknown
1933272N14134,WP,1933,UNNAMED,,,-5,46,1933-09-29 10:00:00,1933-10-03 22:00:00,Unknown
1933279N17146,WP,1933,UNNAMED,,,-5,41,1933-10-05 21:00:00,1933-10-10 21:00:00,Unknown
1933285N08138,WP,1933,UNNAMED,,,-5,86,1933-10-11 22:00:00,1933-10-20 10:00:00,Unknown
1933286N11092,NI,1933,UNNAMED,,,-5,66,1933-10-13 00:00:00,1933-10-21 03:00:00,Unknown
1933286N11118,WP,1933,UNNAMED,,,-5,26,1933-10-13 10:00:00,1933-10-15 22:00:00,Unknown
1933296N13129,WP,1933,UNNAMED,,,-5,56,1933-10-23 10:00:00,1933-10-28 22:00:00,Unknown
1933302N08137,WP,1933,UNNAMED,,,-5,41,1933-10-28 22:00:00,1933-11-01 22:00:00,Unknown
1933305N09135,WP,1933,UNNAMED,,,-5,56,1933-11-01 10:00:00,1933-11-06 22:00:00,Unknown
1933311N10150,WP,1933,UNNAMED,,,-5,81,1933-11-06 21:00:00,1933-11-16 21:00:00,Unknown
1933312N12143,WP,1933,UNNAMED,,,-5,46,1933-11-08 10:00:00,1933-11-12 22:00:00,Unknown
1933318N09092,NI,1933,UNNAMED,,,-5,26,1933-11-14 00:00:00,1933-11-17 03:00:00,Unknown
1933335S09098,SI,1934,UNNAMED,,,-5,13,1933-11-30 18:00:00,1933-12-02 06:00:00,Unknown
1933335S09099,SI,1934,UNNAMED,,,-5,25,1933-12-01 06:00:00,1933-12-04 06:00:00,Unknown
1933343S10097,SI,1934,UNNAMED,,,-5,9,1933-12-09 00:00:00,1933-12-10 00:00:00,Unknown
1933346N07086,NI,1933,UNNAMED,,,-5,26,1933-12-12 00:00:00,1933-12-15 03:00:00,Unknown
1934001S11074,SI,1934,UNNAMED,,,-5,113,1934-01-01 06:00:00,1934-01-15 06:00:00,Unknown
1934001S12073,SI,1934,UNNAMED,,,-5,89,1934-01-01 06:00:00,1934-01-12 06:00:00,Unknown
1934001S13052,SI,1934,UNNAMED,,,-5,33,1934-01-01 06:00:00,1934-01-05 06:00:00,Unknown
1934009S12073,SI,1934,UNNAMED,,,-5,89,1934-01-09 00:00:00,1934-01-20 00:00:00,Unknown
1934013S16058,SI,1934,UNNAMED,,,-5,57,1934-01-13 06:00:00,1934-01-20 06:00:00,Unknown
1934023N08086,NI,1934,UNNAMED,,,-5,10,1934-01-23 00:00:00,1934-01-24 03:00:00,Unknown
1934025S14068,SI,1934,UNNAMED,,,-5,73,1934-01-25 06:00:00,1934-02-03 06:00:00,Unknown
1934048S11049,SI,1934,UNNAMED,,,-5,97,1934-02-17 06:00:00,1934-03-01 06:00:00,Unknown
1934055S16078,SI,1934,UNNAMED,,,-5,57,1934-02-24 06:00:00,1934-03-03 06:00:00,Unknown
1934060S19112,SI,1934,UNNAMED,,,-5,33,1934-03-01 06:00:00,1934-03-05 06:00:00,Unknown
1934065S20111,SI,1934,UNNAMED,,,-5,27,1934-03-05 23:00:00,1934-03-08 01:00:00,Unknown
1934071S15052,SI,1934,UNNAMED,,,-5,33,1934-03-12 06:00:00,1934-03-16 06:00:00,Unknown
1934087S20114,SI,1934,UNNAMED,,992.0,-5,14,1934-03-27 23:00:00,1934-03-29 01:00:00,Unknown
1934104N21133,WP,1934,UNNAMED,,,-5,29,1934-04-13 21:00:00,1934-04-17 09:00:00,Unknown
1934109N15091,NI,1934,UNNAMED,,,-5,1,1934-04-19 03:00:00,1934-04-19 03:00:00,Unknown
1934162N15072,NI,1934,UNNAMED,,,-5,18,1934-06-11 00:00:00,1934-06-13 03:00:00,Unknown
1934177N17116,WP,1934,UNNAMED,,,-5,16,1934-06-26 10:00:00,1934-06-27 22:00:00,Unknown
1934178N18088,NI,1934,UNNAMED,,,-5,5,1934-06-26 15:00:00,1934-06-27 03:00:00,Unknown
1934181N21089,NI,1934,UNNAMED,,,-5,34,1934-06-30 00:00:00,1934-07-04 03:00:00,Unknown
1934182N14120,WP,1934,UNNAMED,,,-5,26,1934-07-01 10:00:00,1934-07-03 22:00:00,Unknown
1934184N05135,WP,1934,UNNAMED,,,-5,26,1934-07-03 10:00:00,1934-07-05 22:00:00,Unknown
1934192N20128,WP,1934,UNNAMED,,,-5,105,1934-07-10 21:00:00,1934-07-23 21:00:00,Unknown
1934193N21116,WP,1934,UNNAMED,,,-5,26,1934-07-12 10:00:00,1934-07-14 22:00:00,Unknown
1934209N17111,WP,1934,UNNAMED,,,-5,16,1934-07-28 10:00:00,1934-07-29 22:00:00,Unknown
1934212N16086,NI,1934,UNNAMED,,,-5,18,1934-07-31 00:00:00,1934-08-02 03:00:00,Unknown
1934213N15149,WP,1934,UNNAMED,,,-5,89,1934-07-31 21:00:00,1934-08-11 21:00:00,Unknown
1934214N17113,WP,1934,UNNAMED,,,-5,16,1934-08-02 10:00:00,1934-08-03 22:00:00,Unknown
1934221N14124,WP,1934,UNNAMED,,,-5,21,1934-08-08 21:00:00,1934-08-11 09:00:00,Unknown
1934222N22087,NI,1934,UNNAMED,,,-5,18,1934-08-10 00:00:00,1934-08-12 03:00:00,Unknown
1934226N15153,WP,1934,UNNAMED,,,-5,65,1934-08-14 09:00:00,1934-08-22 09:00:00,Unknown
1934227N18087,NI,1934,UNNAMED,,,-5,42,1934-08-15 00:00:00,1934-08-20 03:00:00,Unknown
1934233N21088,NI,1934,UNNAMED,,,-5,42,1934-08-21 00:00:00,1934-08-26 03:00:00,Unknown
1934244N10139,WP,1934,UNNAMED,,,-5,65,1934-08-31 21:00:00,1934-09-08 21:00:00,Unknown
1934245N17115,WP,1934,UNNAMED,,,-5,26,1934-09-02 10:00:00,1934-09-04 22:00:00,Unknown
1934249N17089,NI,1934,UNNAMED,,,-5,10,1934-09-06 00:00:00,1934-09-07 03:00:00,Unknown
1934255N18126,WP,1934,UNNAMED,,,-5,36,1934-09-12 10:00:00,1934-09-15 22:00:00,Unknown
1934256N06142,WP,1934,UNNAMED,,,-5,73,1934-09-12 21:00:00,1934-09-21 21:00:00,Unknown
1934260N20089,NI,1934,UNNAMED,,,-5,50,1934-09-17 00:00:00,1934-09-23 03:00:00,Unknown
1934268N15129,WP,1934,UNNAMED,,,-5,36,1934-09-25 10:00:00,1934-09-28 22:00:00,Unknown
1934269N10143,WP,1934,UNNAMED,,,-5,45,1934-09-25 21:00:00,1934-10-01 09:00:00,Unknown
1934270N06140,WP,1934,UNNAMED,,,-5,56,1934-09-27 10:00:00,1934-10-02 22:00:00,Unknown
1934274N21093,NI,1934,UNNAMED,,,-5,18,1934-10-01 00:00:00,1934-10-03 03:00:00,Unknown
1934276N15134,WP,1934,UNNAMED,,,-5,81,1934-10-02 22:00:00,1934-10-10 22:00:00,Unknown
1934278N17135,WP,1934,UNNAMED,,,-5,57,1934-10-05 09:00:00,1934-10-12 09:00:00,Unknown
1934284S08072,SI,1935,UNNAMED,,,-5,57,1934-10-11 06:00:00,1934-10-18 06:00:00,Unknown
1934286N09144,WP,1934,UNNAMED,,,-5,66,1934-10-13 10:00:00,1934-10-19 22:00:00,Unknown
1934288N23086,NI,1934,UNNAMED,,,-5,10,1934-10-15 00:00:00,1934-10-16 03:00:00,Unknown
1934292N11136,WP,1934,UNNAMED,,,-5,61,1934-10-18 22:00:00,1934-10-24 22:00:00,Unknown
1934295N17148,WP,1934,UNNAMED,,,-5,57,1934-10-21 21:00:00,1934-10-28 21:00:00,Unknown
1934304N12071,NI,1934,UNNAMED,,,-5,34,1934-10-31 00:00:00,1934-11-04 03:00:00,Unknown
1934304S08071,SI,1935,UNNAMED,,,-5,43,1934-10-31 00:00:00,1934-11-05 06:00:00,Unknown
1934305S09070,SI,1935,UNNAMED,,,-5,45,1934-10-31 18:00:00,1934-11-06 06:00:00,Unknown
1934307N08131,WP,1934,UNNAMED,,,-5,26,1934-11-03 10:00:00,1934-11-05 22:00:00,Unknown
1934309N10092,NI,1934,UNNAMED,,,-5,34,1934-11-05 00:00:00,1934-11-09 03:00:00,Unknown
1934313S10068,SI,1935,UNNAMED,,,-5,41,1934-11-09 00:00:00,1934-11-14 00:00:00,Unknown
1934315N06150,WP,1934,UNNAMED,,,-5,76,1934-11-11 10:00:00,1934-11-18 22:00:00,Unknown
1934315S09070,SI,1935,UNNAMED,,,-5,57,1934-11-11 06:00:00,1934-11-18 06:00:00,Unknown
1934318S19046,SI,1935,UNNAMED,,,-5,41,1934-11-14 06:00:00,1934-11-19 06:00:00,Unknown
1934329N09088,NI,1934,UNNAMED,,,-5,10,1934-11-25 00:00:00,1934-11-26 03:00:00,Unknown
1934330N05147,WP,1934,UNNAMED,,,-5,66,1934-11-26 10:00:00,1934-12-02 22:00:00,Unknown
1934334N06144,WP,1934,UNNAMED,,,-5,66,1934-11-30 10:00:00,1934-12-06 22:00:00,Unknown
1934338N09146,WP,1934,UNNAMED,,,-5,26,1934-12-04 10:00:00,1934-12-06 22:00:00,Unknown
1934345S09071,SI,1935,UNNAMED,,,-5,57,1934-12-11 00:00:00,1934-12-18 00:00:00,Unknown
1934347N07133,WP,1934,UNNAMED,,,-5,26,1934-12-13 10:00:00,1934-12-15 22:00:00,Unknown
1934352S13053,SI,1935,UNNAMED,,,-5,57,1934-12-18 06:00:00,1934-12-25 06:00:00,Unknown
1934355S07072,SI,1935,UNNAMED,,,-5,73,1934-12-21 06:00:00,1934-12-30 06:00:00,Unknown
1934355S08072,SI,1935,UNNAMED,,,-5,61,1934-12-20 18:00:00,1934-12-28 06:00:00,Unknown
1934365S16066,SI,1935,UNNAMED,,,-5,21,1934-12-30 12:00:00,1935-01-02 00:00:00,Unknown
1935012S15068,SI,1935,UNNAMED,,,-5,27,1935-01-12 00:00:00,1935-01-15 06:00:00,Unknown
1935015S13137,SI,1935,UNNAMED,,,-5,4,1935-01-20 21:00:00,1935-01-21 00:00:00,Unknown
1935024S18051,SI,1935,UNNAMED,,,-5,57,1935-01-24 06:00:00,1935-01-31 06:00:00,Unknown
1935028N23066,NI,1935,UNNAMED,,,-5,1,1935-01-28 03:00:00,1935-01-28 03:00:00,Unknown
1935029N09146,WP,1935,UNNAMED,,,-5,26,1935-01-29 10:00:00,1935-01-31 22:00:00,Unknown
1935042S13057,SI,1935,UNNAMED,,,-5,57,1935-02-11 06:00:00,1935-02-18 06:00:00,Unknown
1935042S15045,SI,1935,UNNAMED,,,-5,41,1935-02-11 06:00:00,1935-02-16 06:00:00,Unknown
1935042S18120,SI,1935,UNNAMED,,,-5,20,1935-02-10 23:00:00,1935-02-12 13:00:00,Unknown
1935049S13055,SI,1935,UNNAMED,,,-5,25,1935-02-18 06:00:00,1935-02-21 06:00:00,Unknown
1935050S13057,SI,1935,UNNAMED,,,-5,41,1935-02-18 18:00:00,1935-02-23 18:00:00,Unknown
1935055S11051,SI,1935,UNNAMED,,,-5,25,1935-02-24 06:00:00,1935-02-27 06:00:00,Unknown
1935055S16063,SI,1935,UNNAMED,,,-5,33,1935-02-24 06:00:00,1935-02-28 06:00:00,Unknown
1935058S19057,SI,1935,UNNAMED,,,-5,23,1935-02-26 12:00:00,1935-03-01 06:00:00,Unknown
1935065S13124,SI,1935,UNNAMED,,,-5,112,1935-03-05 23:00:00,1935-03-15 23:00:00,Unknown
1935070S19115,SI,1935,UNNAMED,,,-5,65,1935-03-11 06:00:00,1935-03-19 06:00:00,Unknown
1935080S21039,SI,1935,UNNAMED,,,-5,45,1935-03-20 18:00:00,1935-03-26 06:00:00,Unknown
1935080S21399,SI,1935,UNNAMED,,,-5,49,1935-03-21 06:00:00,1935-03-27 06:00:00,Unknown
1935084S14123,SI,1935,UNNAMED,,957.0,-5,45,1935-03-24 23:00:00,1935-03-28 23:00:00,Unknown
1935092N08141,WP,1935,UNNAMED,,,-5,66,1935-04-02 10:00:00,1935-04-08 22:00:00,Unknown
1935099S10045,SI,1935,UNNAMED,,,-5,59,1935-04-09 00:00:00,1935-04-16 06:00:00,Unknown
1935106S23040,SI,1935,UNNAMED,,,-5,33,1935-04-16 06:00:00,1935-04-20 06:00:00,Unknown
1935108S27046,SI,1935,UNNAMED,,,-5,24,1935-04-18 09:00:00,1935-04-21 06:00:00,Unknown
1935116N13094,NI,1935,UNNAMED,,,-5,18,1935-04-26 00:00:00,1935-04-28 03:00:00,Unknown
1935168N18072,NI,1935,UNNAMED,,,-5,10,1935-06-17 00:00:00,1935-06-18 03:00:00,Unknown
1935176N19087,NI,1935,UNNAMED,,,-5,1,1935-06-25 03:00:00,1935-06-25 03:00:00,Unknown
1935183N15150,WP,1935,UNNAMED,,,-5,26,1935-07-02 10:00:00,1935-07-04 22:00:00,Unknown
1935189N21089,NI,1935,UNNAMED,,,-5,26,1935-07-08 00:00:00,1935-07-11 03:00:00,Unknown
1935194N15126,WP,1935,UNNAMED,,,-5,26,1935-07-13 10:00:00,1935-07-15 22:00:00,Unknown
1935195N15087,NI,1935,UNNAMED,,,-5,34,1935-07-14 00:00:00,1935-07-18 03:00:00,Unknown
1935196N13133,WP,1935,UNNAMED,,,-5,73,1935-07-14 21:00:00,1935-07-23 21:00:00,Unknown
1935203N10154,WP,1935,UNNAMED,,,-5,73,1935-07-21 21:00:00,1935-07-30 21:00:00,Unknown
1935210N20142,WP,1935,UNNAMED,,,-5,117,1935-07-28 21:00:00,1935-08-12 09:00:00,Unknown
1935213N20134,WP,1935,UNNAMED,,,-5,76,1935-08-01 10:00:00,1935-08-08 22:00:00,Unknown
1935217N21089,NI,1935,UNNAMED,,,-5,1,1935-08-05 03:00:00,1935-08-05 03:00:00,Unknown
1935224N24086,NI,1935,UNNAMED,,,-5,26,1935-08-12 00:00:00,1935-08-15 03:00:00,Unknown
1935229N09145,WP,1935,UNNAMED,,,-5,137,1935-08-16 21:00:00,1935-09-02 21:00:00,Unknown
1935232N15153,WP,1935,UNNAMED,,,-5,105,1935-08-19 21:00:00,1935-09-01 21:00:00,Unknown
1935243N15150,WP,1935,UNNAMED,,,-5,97,1935-08-30 21:00:00,1935-09-11 21:00:00,Unknown
1935250N20090,NI,1935,UNNAMED,,,-5,34,1935-09-07 00:00:00,1935-09-11 03:00:00,Unknown
1935255N11132,WP,1935,UNNAMED,,,-5,96,1935-09-12 10:00:00,1935-09-21 22:00:00,Unknown
1935259N17144,WP,1935,UNNAMED,,,-5,81,1935-09-15 21:00:00,1935-09-25 21:00:00,Unknown
1935263N17151,WP,1935,UNNAMED,,,-5,57,1935-09-19 21:00:00,1935-09-26 21:00:00,Unknown
1935264N21088,NI,1935,UNNAMED,,,-5,1,1935-09-21 03:00:00,1935-09-21 03:00:00,Unknown
1935270N15143,WP,1935,UNNAMED,,,-5,33,1935-09-27 09:00:00,1935-10-01 09:00:00,Unknown
1935273N15115,WP,1935,UNNAMED,,,-5,26,1935-09-30 10:00:00,1935-10-02 22:00:00,Unknown
1935274N10136,WP,1935,UNNAMED,,,-5,86,1935-10-01 10:00:00,1935-10-09 22:00:00,Unknown
1935276N14150,WP,1935,UNNAMED,,,-5,41,1935-10-02 21:00:00,1935-10-07 21:00:00,Unknown
1935283N11126,WP,1935,UNNAMED,,,-5,36,1935-10-10 10:00:00,1935-10-13 22:00:00,Unknown
1935290N10083,NI,1935,UNNAMED,,,-5,82,1935-10-17 00:00:00,1935-10-27 03:00:00,Unknown
1935293N14093,NI,1935,UNNAMED,,,-5,18,1935-10-20 00:00:00,1935-10-22 03:00:00,Unknown
1935305N23146,WP,1935,UNNAMED,,,-5,21,1935-10-31 21:00:00,1935-11-03 09:00:00,Unknown
1935306N14094,NI,1935,UNNAMED,,,-5,10,1935-11-02 00:00:00,1935-11-03 03:00:00,Unknown
1935314N08147,WP,1935,UNNAMED,,,-5,141,1935-11-09 21:00:00,1935-11-27 09:00:00,Unknown
1935315N09087,NI,1935,UNNAMED,,,-5,50,1935-11-11 00:00:00,1935-11-17 03:00:00,Unknown
1935328S24041,SI,1936,UNNAMED,,,-5,17,1935-11-24 06:00:00,1935-11-26 06:00:00,Unknown
1935336N08148,WP,1935,UNNAMED,,,-5,46,1935-12-02 10:00:00,1935-12-06 22:00:00,Unknown
1935340N11094,NI,1935,UNNAMED,,,-5,10,1935-12-06 00:00:00,1935-12-07 03:00:00,Unknown
1935342N18131,WP,1935,UNNAMED,,,-5,46,1935-12-08 10:00:00,1935-12-12 22:00:00,Unknown
1935351N07149,WP,1935,UNNAMED,,,-5,61,1935-12-16 21:00:00,1935-12-24 09:00:00,Unknown
1935360S16053,SI,1936,UNNAMED,,,-5,25,1935-12-26 06:00:00,1935-12-29 06:00:00,Unknown
1935364S16066,SI,1936,UNNAMED,,,-5,33,1935-12-30 06:00:00,1936-01-03 06:00:00,Unknown
1936002N10140,WP,1936,UNNAMED,,,-5,16,1936-01-02 10:00:00,1936-01-03 22:00:00,Unknown
1936008S15114,SI,1936,UNNAMED,,966.0,-5,26,1936-01-07 23:00:00,1936-01-10 01:00:00,Unknown
1936021S19043,SI,1936,UNNAMED,,,-5,49,1936-01-21 06:00:00,1936-01-27 06:00:00,Unknown
1936023S19043,SI,1936,UNNAMED,,,-5,33,1936-01-23 06:00:00,1936-01-27 06:00:00,Unknown
1936040S13064,SI,1936,UNNAMED,,,-5,45,1936-02-08 18:00:00,1936-02-14 06:00:00,Unknown
1936042S12064,SI,1936,UNNAMED,,,-5,49,1936-02-11 06:00:00,1936-02-17 06:00:00,Unknown
1936051S20041,SI,1936,UNNAMED,,,-5,49,1936-02-20 06:00:00,1936-02-26 06:00:00,Unknown
1936064S14053,SI,1936,UNNAMED,,,-5,33,1936-03-04 06:00:00,1936-03-08 06:00:00,Unknown
1936111N07132,WP,1936,UNNAMED,,,-5,26,1936-04-20 10:00:00,1936-04-22 22:00:00,Unknown
1936113N10090,NI,1936,UNNAMED,,,-5,34,1936-04-22 00:00:00,1936-04-26 03:00:00,Unknown
1936144N14084,NI,1936,UNNAMED,,,-5,42,1936-05-23 00:00:00,1936-05-28 03:00:00,Unknown
1936163N20089,NI,1936,UNNAMED,,,-5,42,1936-06-11 00:00:00,1936-06-16 03:00:00,Unknown
1936177N21088,NI,1936,UNNAMED,,,-5,1,1936-06-25 03:00:00,1936-06-25 03:00:00,Unknown
1936180N23077,NI,1936,UNNAMED,,,-5,34,1936-06-28 00:00:00,1936-07-02 03:00:00,Unknown
1936181N17113,WP,1936,UNNAMED,,,-5,16,1936-06-29 10:00:00,1936-06-30 22:00:00,Unknown
1936184N11130,WP,1936,UNNAMED,,,-5,36,1936-07-02 10:00:00,1936-07-05 22:00:00,Unknown
1936184N20088,NI,1936,UNNAMED,,,-5,10,1936-07-02 00:00:00,1936-07-03 03:00:00,Unknown
1936184N24069,NI,1936,UNNAMED,,,-5,9,1936-07-02 03:00:00,1936-07-03 03:00:00,Unknown
1936188N09142,WP,1936,UNNAMED,,,-5,46,1936-07-06 10:00:00,1936-07-10 22:00:00,Unknown
1936197N24069,NI,1936,UNNAMED,,,-5,9,1936-07-15 00:00:00,1936-07-16 00:00:00,Unknown
1936199N10137,WP,1936,UNNAMED,,,-5,77,1936-07-16 21:00:00,1936-07-26 09:00:00,Unknown
1936201N15115,WP,1936,UNNAMED,,,-5,26,1936-07-19 10:00:00,1936-07-21 22:00:00,Unknown
1936203N18087,NI,1936,UNNAMED,,,-5,58,1936-07-21 00:00:00,1936-07-28 03:00:00,Unknown
1936210N14132,WP,1936,UNNAMED,,,-5,61,1936-07-27 21:00:00,1936-08-04 09:00:00,Unknown
1936220N08143,WP,1936,UNNAMED,,,-5,76,1936-08-07 10:00:00,1936-08-14 22:00:00,Unknown
1936225N07139,WP,1936,UNNAMED,,,-5,56,1936-08-12 10:00:00,1936-08-17 22:00:00,Unknown
1936230N19087,NI,1936,UNNAMED,,,-5,10,1936-08-17 00:00:00,1936-08-18 03:00:00,Unknown
1936231N12142,WP,1936,UNNAMED,,,-5,117,1936-08-18 09:00:00,1936-09-01 21:00:00,Unknown
1936238N18117,WP,1936,UNNAMED,,,-5,36,1936-08-25 10:00:00,1936-08-28 22:00:00,Unknown
1936239N19089,NI,1936,UNNAMED,,,-5,34,1936-08-26 00:00:00,1936-08-30 03:00:00,Unknown
1936243N14142,WP,1936,UNNAMED,,,-5,53,1936-08-29 21:00:00,1936-09-05 09:00:00,Unknown
1936246N47130,WP,1936,UNNAMED,,,-5,13,1936-09-02 09:00:00,1936-09-03 21:00:00,Unknown
1936247N17128,WP,1936,UNNAMED,,,-5,46,1936-09-03 10:00:00,1936-09-07 22:00:00,Unknown
1936249N19089,NI,1936,UNNAMED,,,-5,26,1936-09-05 00:00:00,1936-09-08 03:00:00,Unknown
1936267N16130,WP,1936,UNNAMED,,,-5,101,1936-09-22 21:00:00,1936-10-05 09:00:00,Unknown
1936272N17119,WP,1936,UNNAMED,,,-5,31,1936-09-27 22:00:00,1936-09-30 22:00:00,Unknown
1936273N15086,NI,1936,UNNAMED,,,-5,58,1936-09-29 00:00:00,1936-10-06 03:00:00,Unknown
1936273N16095,NI,1936,UNNAMED,,,-5,1,1936-09-29 03:00:00,1936-09-29 03:00:00,Unknown
1936282N11140,WP,1936,UNNAMED,,,-5,56,1936-10-08 10:00:00,1936-10-13 22:00:00,Unknown
1936282N16127,WP,1936,UNNAMED,,,-5,76,1936-10-08 10:00:00,1936-10-15 22:00:00,Unknown
1936287N15147,WP,1936,UNNAMED,,,-5,65,1936-10-12 21:00:00,1936-10-20 21:00:00,Unknown
1936299N10088,NI,1936,UNNAMED,,,-5,42,1936-10-25 00:00:00,1936-10-30 03:00:00,Unknown
1936307N09150,WP,1936,UNNAMED,,,-5,66,1936-11-02 10:00:00,1936-11-08 22:00:00,Unknown
1936308N09075,NI,1936,UNNAMED,,,-5,90,1936-11-03 00:00:00,1936-11-14 03:00:00,Unknown
1936309N09088,NI,1936,UNNAMED,,,-5,26,1936-11-04 00:00:00,1936-11-07 03:00:00,Unknown
1936310N17150,WP,1936,UNNAMED,,,-5,66,1936-11-05 10:00:00,1936-11-11 22:00:00,Unknown
1936323N10152,WP,1936,UNNAMED,,,-5,41,1936-11-18 09:00:00,1936-11-23 09:00:00,Unknown
1936335N14139,WP,1936,UNNAMED,,,-5,56,1936-11-30 10:00:00,1936-12-05 22:00:00,Unknown
1936337N11091,NI,1936,UNNAMED,,,-5,10,1936-12-02 00:00:00,1936-12-03 03:00:00,Unknown
1936355S13047,SI,1937,UNNAMED,,,-5,41,1936-12-20 06:00:00,1936-12-25 06:00:00,Unknown
1936366N06079,NI,1936,UNNAMED,,,-5,1,1936-12-31 03:00:00,1936-12-31 03:00:00,Unknown
1937003S13047,SI,1937,UNNAMED,,,-5,113,1937-01-03 06:00:00,1937-01-17 06:00:00,Unknown
1937003S15118,SI,1937,UNNAMED,,980.0,-5,38,1937-01-02 23:00:00,1937-01-06 01:00:00,Unknown
1937008S14059,SI,1937,UNNAMED,,,-5,41,1937-01-08 06:00:00,1937-01-13 06:00:00,Unknown
1937032S11064,SI,1937,UNNAMED,,,-5,97,1937-02-01 06:00:00,1937-02-13 06:00:00,Unknown
1937032S14108,SI,1937,UNNAMED,,,-5,49,1937-02-01 06:00:00,1937-02-07 06:00:00,Unknown
1937038S12065,SI,1937,UNNAMED,,,-5,85,1937-02-06 18:00:00,1937-02-17 06:00:00,Unknown
1937038S18110,SI,1937,UNNAMED,,,-5,46,1937-02-06 23:00:00,1937-02-10 23:00:00,Unknown
1937046S17043,SI,1937,UNNAMED,,,-5,25,1937-02-15 06:00:00,1937-02-18 06:00:00,Unknown
1937056S14062,SI,1937,UNNAMED,,,-5,73,1937-02-25 06:00:00,1937-03-06 06:00:00,Unknown
1937065S09130,SI,1937,UNNAMED,,955.0,-5,71,1937-03-05 23:30:00,1937-03-12 00:00:00,Unknown
1937069S11060,SI,1937,UNNAMED,,,-5,105,1937-03-10 06:00:00,1937-03-23 06:00:00,Unknown
1937105N10089,NI,1937,UNNAMED,,,-5,18,1937-04-15 00:00:00,1937-04-17 03:00:00,Unknown
1937118N14097,NI,1937,UNNAMED,,,-5,18,1937-04-28 00:00:00,1937-04-30 03:00:00,Unknown
1937130N17115,WP,1937,UNNAMED,,,-5,36,1937-05-10 10:00:00,1937-05-13 22:00:00,Unknown
1937165N19070,NI,1937,UNNAMED,,,-5,10,1937-06-14 00:00:00,1937-06-15 03:00:00,Unknown
1937171N21090,NI,1937,UNNAMED,,,-5,74,1937-06-20 00:00:00,1937-06-29 03:00:00,Unknown
1937178N23155,WP,1937,UNNAMED,,,-5,77,1937-06-26 21:00:00,1937-07-06 09:00:00,Unknown
1937183N20088,NI,1937,UNNAMED,,,-5,1,1937-07-02 03:00:00,1937-07-02 03:00:00,Unknown
1937192N20087,NI,1937,UNNAMED,,,-5,18,1937-07-11 00:00:00,1937-07-13 03:00:00,Unknown
1937198N18113,WP,1937,UNNAMED,,,-5,26,1937-07-17 10:00:00,1937-07-19 22:00:00,Unknown
1937200N12132,WP,1937,UNNAMED,,,-5,56,1937-07-19 10:00:00,1937-07-24 22:00:00,Unknown
1937203N19089,NI,1937,UNNAMED,,,-5,34,1937-07-22 00:00:00,1937-07-26 03:00:00,Unknown
1937212N21131,WP,1937,UNNAMED,,,-5,36,1937-07-31 10:00:00,1937-08-03 22:00:00,Unknown
1937214N21089,NI,1937,UNNAMED,,,-5,18,1937-08-02 00:00:00,1937-08-04 03:00:00,Unknown
1937220N14132,WP,1937,UNNAMED,,,-5,66,1937-08-08 10:00:00,1937-08-14 22:00:00,Unknown
1937227N22137,WP,1937,UNNAMED,,,-5,26,1937-08-15 10:00:00,1937-08-17 22:00:00,Unknown
1937231N18114,WP,1937,UNNAMED,,,-5,36,1937-08-19 10:00:00,1937-08-22 22:00:00,Unknown
1937233N20130,WP,1937,UNNAMED,,,-5,16,1937-08-21 10:00:00,1937-08-22 22:00:00,Unknown
1937234N10136,WP,1937,UNNAMED,,,-5,76,1937-08-22 10:00:00,1937-08-29 22:00:00,Unknown
1937237N25081,NI,1937,UNNAMED,,,-5,10,1937-08-25 00:00:00,1937-08-26 03:00:00,Unknown
1937240N13136,WP,1937,UNNAMED,,,-5,66,1937-08-28 10:00:00,1937-09-03 22:00:00,Unknown
1937245N13132,WP,1937,UNNAMED,,,-5,93,1937-09-01 21:00:00,1937-09-13 09:00:00,Unknown
1937246N19087,NI,1937,UNNAMED,,,-5,10,1937-09-03 00:00:00,1937-09-04 03:00:00,Unknown
1937248N21088,NI,1937,UNNAMED,,,-5,26,1937-09-05 00:00:00,1937-09-08 03:00:00,Unknown
1937254N18090,NI,1937,UNNAMED,,,-5,34,1937-09-11 00:00:00,1937-09-15 03:00:00,Unknown
1937259N10134,WP,1937,UNNAMED,,,-5,63,1937-09-15 19:00:00,1937-09-21 22:00:00,Unknown
1937266N13130,WP,1937,UNNAMED,,,-5,31,1937-09-22 22:00:00,1937-09-25 22:00:00,Unknown
1937269N17094,NI,1937,UNNAMED,,,-5,34,1937-09-26 00:00:00,1937-09-30 03:00:00,Unknown
1937273N10131,WP,1937,UNNAMED,,,-5,53,1937-09-29 21:00:00,1937-10-06 09:00:00,Unknown
1937274N12080,NI,1937,UNNAMED,,,-5,1,1937-10-01 03:00:00,1937-10-01 03:00:00,Unknown
1937276N14074,NI,1937,UNNAMED,,,-5,26,1937-10-03 00:00:00,1937-10-06 03:00:00,Unknown
1937282N10138,WP,1937,UNNAMED,,,-5,101,1937-10-08 21:00:00,1937-10-21 09:00:00,Unknown
1937284N15096,NI,1937,UNNAMED,,,-5,34,1937-10-11 00:00:00,1937-10-15 03:00:00,Unknown
1937293N12142,WP,1937,UNNAMED,,,-5,49,1937-10-19 21:00:00,1937-10-25 21:00:00,Unknown
1937293N15114,WP,1937,UNNAMED,,,-5,6,1937-10-20 10:00:00,1937-10-20 22:00:00,Unknown
1937314N13132,WP,1937,UNNAMED,,,-5,36,1937-11-10 10:00:00,1937-11-13 22:00:00,Unknown
1937319N11081,NI,1937,UNNAMED,,,-5,1,1937-11-15 03:00:00,1937-11-15 03:00:00,Unknown
1937320N08136,WP,1937,UNNAMED,,,-5,76,1937-11-16 10:00:00,1937-11-23 22:00:00,Unknown
1937333N10084,NI,1937,UNNAMED,,,-5,18,1937-11-29 00:00:00,1937-12-01 03:00:00,Unknown
1937336N09142,WP,1937,UNNAMED,,,-5,46,1937-12-02 10:00:00,1937-12-06 22:00:00,Unknown
1937347N12114,WP,1937,UNNAMED,,,-5,26,1937-12-13 10:00:00,1937-12-15 22:00:00,Unknown
1937360N11094,NI,1937,UNNAMED,,,-5,18,1937-12-26 00:00:00,1937-12-28 03:00:00,Unknown
1938001S14044,SI,1938,UNNAMED,,,-5,41,1938-01-01 06:00:00,1938-01-06 06:00:00,Unknown
1938007S10050,SI,1938,UNNAMED,,,-5,57,1938-01-07 06:00:00,1938-01-14 06:00:00,Unknown
1938009S15044,SI,1938,UNNAMED,,,-5,25,1938-01-09 00:00:00,1938-01-12 00:00:00,Unknown
1938011N11131,WP,1938,UNNAMED,,,-5,26,1938-01-11 10:00:00,1938-01-13 22:00:00,Unknown
1938011S16064,SI,1938,UNNAMED,,,-5,41,1938-01-11 00:00:00,1938-01-16 00:00:00,Unknown
1938021S16064,SI,1938,UNNAMED,,,-5,57,1938-01-21 06:00:00,1938-01-28 06:00:00,Unknown
1938033S17118,SI,1938,UNNAMED,,997.0,-5,36,1938-02-01 23:00:00,1938-02-05 01:00:00,Unknown
1938033S18052,SI,1938,UNNAMED,,,-5,41,1938-02-02 06:00:00,1938-02-07 06:00:00,Unknown
1938040S14060,SI,1938,UNNAMED,,,-5,73,1938-02-09 06:00:00,1938-02-18 06:00:00,Unknown
1938042S15059,SI,1938,UNNAMED,,,-5,41,1938-02-11 06:00:00,1938-02-16 06:00:00,Unknown
1938042S16058,SI,1938,UNNAMED,,,-5,25,1938-02-11 00:00:00,1938-02-14 00:00:00,Unknown
1938046S15059,SI,1938,UNNAMED,,,-5,29,1938-02-14 18:00:00,1938-02-18 06:00:00,Unknown
1938047S16131,SI,1938,UNNAMED,,996.0,-5,27,1938-02-16 01:00:00,1938-02-19 00:00:00,Unknown
1938068S14067,SI,1938,UNNAMED,,,-5,89,1938-03-09 06:00:00,1938-03-20 06:00:00,Unknown
1938071S15062,SI,1938,UNNAMED,,,-5,23,1938-03-12 06:00:00,1938-03-15 00:00:00,Unknown
1938074S21052,SI,1938,UNNAMED,,,-5,10,1938-03-14 18:00:00,1938-03-15 21:00:00,Unknown
1938079N08085,NI,1938,UNNAMED,,,-5,10,1938-03-20 00:00:00,1938-03-21 03:00:00,Unknown
1938096N03147,WP,1938,UNNAMED,,,-5,57,1938-04-05 21:00:00,1938-04-12 21:00:00,Unknown
1938119N10125,WP,1938,UNNAMED,,,-5,56,1938-04-29 10:00:00,1938-05-04 22:00:00,Unknown
1938129N10125,WP,1938,UNNAMED,,,-5,76,1938-05-09 10:00:00,1938-05-16 22:00:00,Unknown
1938145N21089,NI,1938,UNNAMED,,,-5,26,1938-05-25 00:00:00,1938-05-28 03:00:00,Unknown
1938149N16070,NI,1938,UNNAMED,,,-5,1,1938-05-29 03:00:00,1938-05-29 03:00:00,Unknown
1938172N18148,WP,1938,UNNAMED,,,-5,97,1938-06-21 09:00:00,1938-07-03 09:00:00,Unknown
1938188N14117,WP,1938,UNNAMED,,,-5,36,1938-07-07 10:00:00,1938-07-10 22:00:00,Unknown
1938191N24088,NI,1938,UNNAMED,,,-5,18,1938-07-10 00:00:00,1938-07-12 03:00:00,Unknown
1938196N10147,WP,1938,UNNAMED,,,-5,46,1938-07-15 10:00:00,1938-07-19 22:00:00,Unknown
1938199N15112,WP,1938,UNNAMED,,,-5,16,1938-07-18 10:00:00,1938-07-19 22:00:00,Unknown
1938217N14145,WP,1938,UNNAMED,,,-5,73,1938-08-04 21:00:00,1938-08-13 21:00:00,Unknown
1938218N20150,WP,1938,UNNAMED,,,-5,31,1938-08-05 22:00:00,1938-08-08 22:00:00,Unknown
1938223N22091,NI,1938,UNNAMED,,,-5,18,1938-08-11 00:00:00,1938-08-13 03:00:00,Unknown
1938223N22134,WP,1938,UNNAMED,,,-5,56,1938-08-11 10:00:00,1938-08-16 22:00:00,Unknown
1938232N22129,WP,1938,UNNAMED,,,-5,36,1938-08-20 10:00:00,1938-08-23 22:00:00,Unknown
1938235N12145,WP,1938,UNNAMED,,,-5,36,1938-08-23 10:00:00,1938-08-26 22:00:00,Unknown
1938236N18117,WP,1938,UNNAMED,,,-5,36,1938-08-24 10:00:00,1938-08-27 22:00:00,Unknown
1938238N25152,WP,1938,UNNAMED,,,-5,65,1938-08-25 21:00:00,1938-09-02 21:00:00,Unknown
1938243N16151,WP,1938,UNNAMED,,,-5,81,1938-08-30 21:00:00,1938-09-09 21:00:00,Unknown
1938244N16149,WP,1938,UNNAMED,,,-5,36,1938-09-01 10:00:00,1938-09-04 22:00:00,Unknown
1938250N17127,WP,1938,UNNAMED,,,-5,31,1938-09-06 22:00:00,1938-09-09 22:00:00,Unknown
1938261N18154,WP,1938,UNNAMED,,,-5,69,1938-09-17 21:00:00,1938-09-26 09:00:00,Unknown
1938266N17148,WP,1938,UNNAMED,,,-5,45,1938-09-23 09:00:00,1938-09-28 21:00:00,Unknown
1938268N13118,WP,1938,UNNAMED,,,-5,36,1938-09-25 10:00:00,1938-09-28 22:00:00,Unknown
1938269N14091,NI,1938,UNNAMED,,,-5,82,1938-09-26 00:00:00,1938-10-06 03:00:00,Unknown
1938271N11156,WP,1938,UNNAMED,,,-5,77,1938-09-27 21:00:00,1938-10-07 09:00:00,Unknown
1938274N12142,WP,1938,UNNAMED,,,-5,76,1938-10-01 10:00:00,1938-10-08 22:00:00,Unknown
1938279N12141,WP,1938,UNNAMED,,,-5,85,1938-10-06 09:00:00,1938-10-16 21:00:00,Unknown
1938279N18090,NI,1938,UNNAMED,,,-5,50,1938-10-06 00:00:00,1938-10-12 03:00:00,Unknown
1938284N15153,WP,1938,UNNAMED,,,-5,89,1938-10-10 21:00:00,1938-10-21 21:00:00,Unknown
1938287N19154,WP,1938,UNNAMED,,,-5,25,1938-10-13 21:00:00,1938-10-16 21:00:00,Unknown
1938307N10133,WP,1938,UNNAMED,,,-5,76,1938-11-03 10:00:00,1938-11-10 22:00:00,Unknown
1938309N12073,NI,1938,UNNAMED,,,-5,26,1938-11-05 00:00:00,1938-11-08 03:00:00,Unknown
1938310N08091,NI,1938,UNNAMED,,,-5,50,1938-11-06 00:00:00,1938-11-12 03:00:00,Unknown
1938314N09145,WP,1938,UNNAMED,,,-5,66,1938-11-10 10:00:00,1938-11-16 22:00:00,Unknown
1938325N08132,WP,1938,UNNAMED,,,-5,66,1938-11-21 10:00:00,1938-11-27 22:00:00,Unknown
1938325N09089,NI,1938,UNNAMED,,,-5,42,1938-11-21 00:00:00,1938-11-26 03:00:00,Unknown
1938332N10131,WP,1938,UNNAMED,,,-5,46,1938-11-28 10:00:00,1938-12-02 22:00:00,Unknown
1938338N11140,WP,1938,UNNAMED,,,-5,66,1938-12-04 10:00:00,1938-12-10 22:00:00,Unknown
1938345S12072,SI,1939,UNNAMED,,,-5,17,1938-12-11 00:00:00,1938-12-13 00:00:00,Unknown
1938355S07072,SI,1939,UNNAMED,,,-5,33,1938-12-21 06:00:00,1938-12-25 06:00:00,Unknown
1938355S07432,SI,1939,UNNAMED,,,-5,21,1938-12-20 18:00:00,1938-12-23 06:00:00,Unknown
1939007N07088,NI,1939,UNNAMED,,,-5,26,1939-01-07 00:00:00,1939-01-10 03:00:00,Unknown
1939009S16119,SI,1939,UNNAMED,,954.0,-5,48,1939-01-08 23:00:00,1939-01-13 01:00:00,Unknown
1939010S12090,SI,1939,UNNAMED,,,-5,57,1939-01-10 00:00:00,1939-01-17 00:00:00,Unknown
1939011S09091,SI,1939,UNNAMED,,,-5,17,1939-01-11 00:00:00,1939-01-13 00:00:00,Unknown
1939011S12092,SI,1939,UNNAMED,,,-5,73,1939-01-11 06:00:00,1939-01-20 06:00:00,Unknown
1939019S16039,SI,1939,UNNAMED,,,-5,57,1939-01-19 06:00:00,1939-01-26 06:00:00,Unknown
1939021S08092,SI,1939,UNNAMED,,,-5,33,1939-01-21 06:00:00,1939-01-25 06:00:00,Unknown
1939021S09091,SI,1939,UNNAMED,,,-5,17,1939-01-21 06:00:00,1939-01-23 06:00:00,Unknown
1939023S20043,SI,1939,UNNAMED,,,-5,40,1939-01-23 09:00:00,1939-01-28 06:00:00,Unknown
1939036S06049,SI,1939,UNNAMED,,,-5,39,1939-02-05 06:00:00,1939-02-10 00:00:00,Unknown
1939040S13128,SI,1939,UNNAMED,,,-5,81,1939-02-08 23:00:00,1939-02-16 06:00:00,Unknown
1939041S15070,SI,1939,UNNAMED,,,-5,85,1939-02-09 18:00:00,1939-02-20 06:00:00,Unknown
1939042S06048,SI,1939,UNNAMED,,,-5,49,1939-02-11 06:00:00,1939-02-17 06:00:00,Unknown
1939042S14072,SI,1939,UNNAMED,,,-5,65,1939-02-11 06:00:00,1939-02-19 06:00:00,Unknown
1939043N09128,WP,1939,UNNAMED,,,-5,21,1939-02-11 22:00:00,1939-02-13 22:00:00,Unknown
1939070S12063,SI,1939,UNNAMED,,,-5,49,1939-03-11 06:00:00,1939-03-17 06:00:00,Unknown
1939071S18039,SI,1939,UNNAMED,,,-5,49,1939-03-12 06:00:00,1939-03-18 06:00:00,Unknown
1939077S13063,SI,1939,UNNAMED,,,-5,29,1939-03-17 12:00:00,1939-03-21 00:00:00,Unknown
1939102N07082,NI,1939,UNNAMED,,,-5,18,1939-04-12 00:00:00,1939-04-14 03:00:00,Unknown
1939110S13051,SI,1939,UNNAMED,,,-5,17,1939-04-20 06:00:00,1939-04-22 06:00:00,Unknown
1939121N08133,WP,1939,UNNAMED,,,-5,76,1939-05-01 10:00:00,1939-05-08 22:00:00,Unknown
1939146N14114,WP,1939,UNNAMED,,,-5,56,1939-05-26 10:00:00,1939-05-31 22:00:00,Unknown
1939174N23087,NI,1939,UNNAMED,,,-5,18,1939-06-23 00:00:00,1939-06-25 03:00:00,Unknown
1939184N11137,WP,1939,UNNAMED,,,-5,65,1939-07-02 21:00:00,1939-07-10 21:00:00,Unknown
1939185N11139,WP,1939,UNNAMED,,,-5,77,1939-07-03 21:00:00,1939-07-13 09:00:00,Unknown
1939189N19087,NI,1939,UNNAMED,,,-5,1,1939-07-08 03:00:00,1939-07-08 03:00:00,Unknown
1939191N16118,WP,1939,UNNAMED,,,-5,66,1939-07-10 10:00:00,1939-07-16 22:00:00,Unknown
1939195N23088,NI,1939,UNNAMED,,,-5,18,1939-07-14 00:00:00,1939-07-16 03:00:00,Unknown
1939197N15131,WP,1939,UNNAMED,,,-5,56,1939-07-16 10:00:00,1939-07-21 22:00:00,Unknown
1939201N21089,NI,1939,UNNAMED,,,-5,18,1939-07-20 00:00:00,1939-07-22 03:00:00,Unknown
1939202N15143,WP,1939,UNNAMED,,,-5,26,1939-07-21 10:00:00,1939-07-23 22:00:00,Unknown
1939202N21116,WP,1939,UNNAMED,,,-5,36,1939-07-21 10:00:00,1939-07-24 22:00:00,Unknown
1939206N25142,WP,1939,UNNAMED,,,-5,97,1939-07-24 21:00:00,1939-08-05 21:00:00,Unknown
1939208N20130,WP,1939,UNNAMED,,,-5,46,1939-07-27 10:00:00,1939-07-31 22:00:00,Unknown
1939208N22148,WP,1939,UNNAMED,,,-5,46,1939-07-27 10:00:00,1939-07-31 22:00:00,Unknown
1939210N24091,NI,1939,UNNAMED,,,-5,58,1939-07-29 00:00:00,1939-08-05 03:00:00,Unknown
1939212N22123,WP,1939,UNNAMED,,,-5,61,1939-07-30 21:00:00,1939-08-06 09:00:00,Unknown
1939213N25137,WP,1939,UNNAMED,,,-5,26,1939-08-01 10:00:00,1939-08-03 22:00:00,Unknown
1939214N23125,WP,1939,UNNAMED,,,-5,20,1939-08-01 12:00:00,1939-08-03 10:00:00,Unknown
1939215N21112,WP,1939,UNNAMED,,,-5,26,1939-08-03 10:00:00,1939-08-05 22:00:00,Unknown
1939216N33143,WP,1939,UNNAMED,,,-5,33,1939-08-04 09:00:00,1939-08-08 09:00:00,Unknown
1939220N17145,WP,1939,UNNAMED,,,-5,76,1939-08-08 10:00:00,1939-08-15 22:00:00,Unknown
1939222N14155,WP,1939,UNNAMED,,,-5,65,1939-08-09 21:00:00,1939-08-17 21:00:00,Unknown
1939223N14147,WP,1939,UNNAMED,,,-5,56,1939-08-11 10:00:00,1939-08-16 22:00:00,Unknown
1939228N21089,NI,1939,UNNAMED,,,-5,34,1939-08-16 00:00:00,1939-08-20 03:00:00,Unknown
1939232N11150,WP,1939,UNNAMED,,,-5,121,1939-08-19 21:00:00,1939-09-03 21:00:00,Unknown
1939232N13143,WP,1939,UNNAMED,,,-5,46,1939-08-20 10:00:00,1939-08-24 22:00:00,Unknown
1939234N19091,NI,1939,UNNAMED,,,-5,10,1939-08-22 00:00:00,1939-08-23 03:00:00,Unknown
1939240N19092,NI,1939,UNNAMED,,,-5,34,1939-08-28 00:00:00,1939-09-01 03:00:00,Unknown
1939244N18145,WP,1939,UNNAMED,,,-5,26,1939-09-01 10:00:00,1939-09-03 22:00:00,Unknown
1939249N22086,NI,1939,UNNAMED,,,-5,18,1939-09-06 00:00:00,1939-09-08 03:00:00,Unknown
1939254N10148,WP,1939,UNNAMED,,,-5,109,1939-09-11 09:00:00,1939-09-24 21:00:00,Unknown
1939255N10145,WP,1939,UNNAMED,,,-5,46,1939-09-12 10:00:00,1939-09-16 22:00:00,Unknown
1939255N24085,NI,1939,UNNAMED,,,-5,34,1939-09-12 00:00:00,1939-09-16 03:00:00,Unknown
1939260N12116,WP,1939,UNNAMED,,,-5,26,1939-09-17 10:00:00,1939-09-19 22:00:00,Unknown
1939264N23091,NI,1939,UNNAMED,,,-5,50,1939-09-21 00:00:00,1939-09-27 03:00:00,Unknown
1939272N15115,WP,1939,UNNAMED,,,-5,16,1939-09-29 10:00:00,1939-09-30 22:00:00,Unknown
1939273N17141,WP,1939,UNNAMED,,,-5,16,1939-09-30 10:00:00,1939-10-01 22:00:00,Unknown
1939273N18093,NI,1939,UNNAMED,,,-5,18,1939-09-30 00:00:00,1939-10-02 03:00:00,Unknown
1939275N15152,WP,1939,UNNAMED,,,-5,77,1939-10-01 21:00:00,1939-10-11 09:00:00,Unknown
1939280N16148,WP,1939,UNNAMED,,,-5,53,1939-10-06 21:00:00,1939-10-13 09:00:00,Unknown
1939282N07149,WP,1939,UNNAMED,,,-5,77,1939-10-09 09:00:00,1939-10-18 21:00:00,Unknown
1939290N10073,NI,1939,UNNAMED,,,-5,18,1939-10-17 00:00:00,1939-10-19 03:00:00,Unknown
1939293N11150,WP,1939,UNNAMED,,,-5,36,1939-10-20 10:00:00,1939-10-23 22:00:00,Unknown
1939294N15081,NI,1939,UNNAMED,,,-5,10,1939-10-21 00:00:00,1939-10-22 03:00:00,Unknown
1939308N10133,WP,1939,UNNAMED,,,-5,26,1939-11-04 10:00:00,1939-11-06 22:00:00,Unknown
1939311N09132,WP,1939,UNNAMED,,,-5,66,1939-11-07 10:00:00,1939-11-13 22:00:00,Unknown
1939319N10082,NI,1939,UNNAMED,,,-5,10,1939-11-15 00:00:00,1939-11-16 03:00:00,Unknown
1939322N12074,NI,1939,UNNAMED,,,-5,10,1939-11-18 00:00:00,1939-11-19 03:00:00,Unknown
1939323N10131,WP,1939,UNNAMED,,,-5,66,1939-11-19 10:00:00,1939-11-25 22:00:00,Unknown
1939334N07139,WP,1939,UNNAMED,,,-5,56,1939-11-30 10:00:00,1939-12-05 22:00:00,Unknown
1939337N10095,NI,1939,UNNAMED,,,-5,50,1939-12-03 00:00:00,1939-12-09 03:00:00,Unknown
1939339N11146,WP,1939,UNNAMED,,,-5,66,1939-12-05 10:00:00,1939-12-11 22:00:00,Unknown
1939347S14058,SI,1940,UNNAMED,,,-5,41,1939-12-13 06:00:00,1939-12-18 06:00:00,Unknown
1939350N10135,WP,1939,UNNAMED,,,-5,86,1939-12-16 10:00:00,1939-12-24 22:00:00,Unknown
1939356N08146,WP,1939,UNNAMED,,,-5,46,1939-12-22 10:00:00,1939-12-26 22:00:00,Unknown
1939362S23041,SI,1940,UNNAMED,,,-5,25,1939-12-28 06:00:00,1939-12-31 06:00:00,Unknown
1940001S20116,SI,1940,UNNAMED,,,-5,25,1940-01-01 06:00:00,1940-01-04 06:00:00,Unknown
1940005S18120,SI,1940,UNNAMED,,,-5,31,1940-01-05 01:00:00,1940-01-08 01:00:00,Unknown
1940006S17119,SI,1940,UNNAMED,,990.0,-5,29,1940-01-06 01:00:00,1940-01-09 01:00:00,Unknown
1940007S11066,SI,1940,UNNAMED,,,-5,89,1940-01-07 06:00:00,1940-01-18 06:00:00,Unknown
1940032N08122,WP,1940,UNNAMED,,,-5,5,1940-02-01 00:00:00,1940-02-01 12:00:00,Unknown
1940040S13054,SI,1940,UNNAMED,,,-5,81,1940-02-09 06:00:00,1940-02-19 06:00:00,Unknown
1940054S12058,SI,1940,UNNAMED,,,-5,73,1940-02-23 06:00:00,1940-03-03 06:00:00,Unknown
1940061S14048,SI,1940,UNNAMED,,,-5,39,1940-02-29 12:00:00,1940-03-05 06:00:00,Unknown
1940075S12056,SI,1940,UNNAMED,,,-5,67,1940-03-15 00:00:00,1940-03-23 06:00:00,Unknown
1940082S14152,SI,1940,UNNAMED,,972.0,-5,56,1940-03-24 06:00:00,1940-03-29 01:00:00,Unknown
1940101N08141,WP,1940,UNNAMED,,,-5,29,1940-04-09 12:00:00,1940-04-13 00:00:00,Unknown
1940114N07140,WP,1940,UNNAMED,,,-5,41,1940-04-23 00:00:00,1940-04-28 00:00:00,Unknown
1940122S08074,SI,1940,UNNAMED,,,-5,69,1940-04-30 18:00:00,1940-05-09 06:00:00,Unknown
1940130S09073,SI,1940,UNNAMED,,,-5,65,1940-05-09 00:00:00,1940-05-17 00:00:00,Unknown
1940139N12083,NI,1940,UNNAMED,,,-5,50,1940-05-18 00:00:00,1940-05-24 03:00:00,Unknown
1940142S08074,SI,1940,UNNAMED,,,-5,81,1940-05-21 06:00:00,1940-05-31 06:00:00,Unknown
1940162N08146,WP,1940,UNNAMED,,,-5,53,1940-06-09 12:00:00,1940-06-16 00:00:00,Unknown
1940176N19088,NI,1940,UNNAMED,,,-5,21,1940-06-23 15:00:00,1940-06-26 03:00:00,Unknown
1940181N04141,WP,1940,UNNAMED,,,-5,81,1940-06-29 09:00:00,1940-07-09 09:00:00,Unknown
1940182N21089,NI,1940,UNNAMED,,,-5,26,1940-06-30 00:00:00,1940-07-03 03:00:00,Unknown
1940186N07156,WP,1940,UNNAMED,,,-5,105,1940-07-04 09:00:00,1940-07-17 09:00:00,Unknown
1940190N22088,NI,1940,UNNAMED,,,-5,10,1940-07-08 00:00:00,1940-07-09 03:00:00,Unknown
1940194N12156,WP,1940,UNNAMED,,,-5,113,1940-07-12 09:00:00,1940-07-26 09:00:00,Unknown
1940194N18118,WP,1940,UNNAMED,,,-5,5,1940-07-11 12:00:00,1940-07-12 00:00:00,Unknown
1940195N10146,WP,1940,UNNAMED,,,-5,9,1940-07-13 00:00:00,1940-07-14 00:00:00,Unknown
1940201N14142,WP,1940,UNNAMED,,,-5,37,1940-07-18 12:00:00,1940-07-23 00:00:00,Unknown
1940203N14157,WP,1940,UNNAMED,,,-5,61,1940-07-20 21:00:00,1940-07-28 09:00:00,Unknown
1940207N17150,WP,1940,UNNAMED,,,-5,53,1940-07-24 12:00:00,1940-07-31 00:00:00,Unknown
1940215N13139,WP,1940,UNNAMED,,,-5,21,1940-08-01 12:00:00,1940-08-04 00:00:00,Unknown
1940215N22089,NI,1940,UNNAMED,,,-5,26,1940-08-02 00:00:00,1940-08-05 03:00:00,Unknown
1940215N26140,WP,1940,UNNAMED,,,-5,13,1940-08-01 12:00:00,1940-08-03 00:00:00,Unknown
1940225N15127,WP,1940,UNNAMED,,,-5,45,1940-08-11 12:00:00,1940-08-17 00:00:00,Unknown
1940226N13142,WP,1940,UNNAMED,,,-5,73,1940-08-13 00:00:00,1940-08-22 00:00:00,Unknown
1940226N20080,NI,1940,UNNAMED,,,-5,1,1940-08-13 03:00:00,1940-08-13 03:00:00,Unknown
1940228N22150,WP,1940,UNNAMED,,,-5,5,1940-08-14 12:00:00,1940-08-15 00:00:00,Unknown
1940232N15139,WP,1940,UNNAMED,,,-5,77,1940-08-18 21:00:00,1940-08-28 09:00:00,Unknown
1940233N19087,NI,1940,UNNAMED,,,-5,50,1940-08-20 00:00:00,1940-08-26 03:00:00,Unknown
1940234N11139,WP,1940,UNNAMED,,,-5,33,1940-08-21 00:00:00,1940-08-25 00:00:00,Unknown
1940237N11150,WP,1940,UNNAMED,,,-5,85,1940-08-23 21:00:00,1940-09-03 09:00:00,Unknown
1940239N22090,NI,1940,UNNAMED,,,-5,34,1940-08-26 00:00:00,1940-08-30 03:00:00,Unknown
1940242N18150,WP,1940,UNNAMED,,,-5,5,1940-08-28 12:00:00,1940-08-29 00:00:00,Unknown
1940244N15143,WP,1940,UNNAMED,,,-5,37,1940-08-30 12:00:00,1940-09-04 00:00:00,Unknown
1940246N12156,WP,1940,UNNAMED,,,-5,85,1940-09-01 21:00:00,1940-09-12 09:00:00,Unknown
1940247N15139,WP,1940,UNNAMED,,,-5,29,1940-09-02 12:00:00,1940-09-06 00:00:00,Unknown
1940248N17115,WP,1940,UNNAMED,,,-5,5,1940-09-03 12:00:00,1940-09-04 00:00:00,Unknown
1940249N24130,WP,1940,UNNAMED,,,-5,13,1940-09-04 12:00:00,1940-09-06 00:00:00,Unknown
1940253N10156,WP,1940,UNNAMED,,,-5,85,1940-09-09 09:00:00,1940-09-19 21:00:00,Unknown
1940255N20127,WP,1940,UNNAMED,,,-5,13,1940-09-10 12:00:00,1940-09-12 00:00:00,Unknown
1940259N17087,NI,1940,UNNAMED,,,-5,58,1940-09-15 00:00:00,1940-09-22 03:00:00,Unknown
1940262N14096,NI,1940,UNNAMED,,,-5,26,1940-09-18 00:00:00,1940-09-21 03:00:00,Unknown
1940267N12150,WP,1940,UNNAMED,,,-5,77,1940-09-22 12:00:00,1940-10-02 00:00:00,Unknown
1940273N14150,WP,1940,UNNAMED,,,-5,49,1940-09-29 00:00:00,1940-10-05 00:00:00,Unknown
1940283N14119,WP,1940,UNNAMED,,,-5,45,1940-10-08 12:00:00,1940-10-14 00:00:00,Unknown
1940284N13072,NI,1940,UNNAMED,,,-5,58,1940-10-10 00:00:00,1940-10-17 03:00:00,Unknown
1940286N16115,WP,1940,UNNAMED,,,-5,29,1940-10-11 12:00:00,1940-10-15 00:00:00,Unknown
1940294N18087,NI,1940,UNNAMED,,,-5,18,1940-10-20 00:00:00,1940-10-22 03:00:00,Unknown
1940303N11156,WP,1940,UNNAMED,,,-5,115,1940-10-28 21:00:00,1940-11-10 09:00:00,Unknown
1940308N10074,NI,1940,UNNAMED,,,-5,66,1940-11-03 00:00:00,1940-11-11 03:00:00,Unknown
1940317N11079,NI,1940,UNNAMED,,,-5,34,1940-11-12 00:00:00,1940-11-16 03:00:00,Unknown
1940320N13085,NI,1940,UNNAMED,,,-5,34,1940-11-15 00:00:00,1940-11-19 03:00:00,Unknown
1940328N07149,WP,1940,UNNAMED,,,-5,53,1940-11-22 12:00:00,1940-11-29 00:00:00,Unknown
1940338N10127,WP,1940,UNNAMED,,,-5,29,1940-12-02 12:00:00,1940-12-06 00:00:00,Unknown
1940341N11126,WP,1940,UNNAMED,,,-5,21,1940-12-05 12:00:00,1940-12-08 00:00:00,Unknown
1940344N12150,WP,1940,UNNAMED,,,-5,125,1940-12-08 12:00:00,1940-12-24 00:00:00,Unknown
1940355N11092,NI,1940,UNNAMED,,,-5,18,1940-12-20 00:00:00,1940-12-22 03:00:00,Unknown
1941002S12058,SI,1941,UNNAMED,,,-5,41,1941-01-02 06:00:00,1941-01-07 06:00:00,Unknown
1941002S20050,SI,1941,UNNAMED,,,-5,33,1941-01-02 06:00:00,1941-01-06 06:00:00,Unknown
1941005S17058,SI,1941,UNNAMED,,,-5,33,1941-01-05 06:00:00,1941-01-09 06:00:00,Unknown
1941008S15061,SI,1941,UNNAMED,,,-5,57,1941-01-08 06:00:00,1941-01-15 06:00:00,Unknown
1941013S14054,SI,1941,UNNAMED,,,-5,105,1941-01-13 06:00:00,1941-01-26 06:00:00,Unknown
1941026S20040,SI,1941,UNNAMED,,,-5,41,1941-01-26 06:00:00,1941-01-31 06:00:00,Unknown
1941038N07150,WP,1941,UNNAMED,,,-5,49,1941-02-07 00:00:00,1941-02-13 00:00:00,Unknown
1941041S13075,SI,1941,UNNAMED,,,-5,65,1941-02-10 06:00:00,1941-02-18 06:00:00,Unknown
1941042S13072,SI,1941,UNNAMED,,,-5,81,1941-02-11 06:00:00,1941-02-21 06:00:00,Unknown
1941052S15069,SI,1941,UNNAMED,,,-5,33,1941-02-21 06:00:00,1941-02-25 06:00:00,Unknown
1941058S15069,SI,1941,UNNAMED,,,-5,29,1941-02-26 18:00:00,1941-03-02 06:00:00,Unknown
1941059S16120,SI,1941,UNNAMED,,940.0,-5,36,1941-02-27 23:00:00,1941-03-03 01:00:00,Unknown
1941074S24041,SI,1941,UNNAMED,,,-5,41,1941-03-15 06:00:00,1941-03-20 06:00:00,Unknown
1941106S13075,SI,1941,UNNAMED,,,-5,57,1941-04-16 06:00:00,1941-04-23 06:00:00,Unknown
1941142N13095,NI,1941,UNNAMED,,,-5,34,1941-05-22 00:00:00,1941-05-26 03:00:00,Unknown
1941145N11071,NI,1941,UNNAMED,,,-5,10,1941-05-25 00:00:00,1941-05-26 03:00:00,Unknown
1941152N17084,NI,1941,UNNAMED,,,-5,10,1941-06-01 00:00:00,1941-06-02 03:00:00,Unknown
1941155N20088,NI,1941,UNNAMED,,,-5,10,1941-06-04 00:00:00,1941-06-05 03:00:00,Unknown
1941155N24123,WP,1941,UNNAMED,,,-5,13,1941-06-03 12:00:00,1941-06-05 00:00:00,Unknown
1941166N22090,NI,1941,UNNAMED,,,-5,18,1941-06-15 00:00:00,1941-06-17 03:00:00,Unknown
1941170N09139,WP,1941,UNNAMED,,,-5,13,1941-06-18 12:00:00,1941-06-20 00:00:00,Unknown
1941172N07153,WP,1941,UNNAMED,,,-5,113,1941-06-20 21:00:00,1941-07-04 21:00:00,Unknown
1941178N05150,WP,1941,UNNAMED,,,-5,77,1941-06-26 12:00:00,1941-07-06 00:00:00,Unknown
1941179N21090,NI,1941,UNNAMED,,,-5,50,1941-06-28 00:00:00,1941-07-04 03:00:00,Unknown
1941182N10150,WP,1941,UNNAMED,,,-5,61,1941-06-30 12:00:00,1941-07-08 00:00:00,Unknown
1941187N22088,NI,1941,UNNAMED,,,-5,50,1941-07-06 00:00:00,1941-07-12 03:00:00,Unknown
1941190N15151,WP,1941,UNNAMED,,,-5,57,1941-07-08 21:00:00,1941-07-15 21:00:00,Unknown
1941190N20150,WP,1941,UNNAMED,,,-5,5,1941-07-08 12:00:00,1941-07-09 00:00:00,Unknown
1941198N10151,WP,1941,UNNAMED,,,-5,65,1941-07-16 21:00:00,1941-07-24 21:00:00,Unknown
1941203N18146,WP,1941,UNNAMED,,,-5,41,1941-07-21 21:00:00,1941-07-26 21:00:00,Unknown
1941204N17130,WP,1941,UNNAMED,,,-5,57,1941-07-22 21:00:00,1941-07-29 21:00:00,Unknown
1941209N21092,NI,1941,UNNAMED,,,-5,10,1941-07-28 00:00:00,1941-07-29 03:00:00,Unknown
1941212N10151,WP,1941,UNNAMED,,,-5,101,1941-07-31 09:00:00,1941-08-12 21:00:00,Unknown
1941214N17121,WP,1941,UNNAMED,,,-5,21,1941-08-01 12:00:00,1941-08-04 00:00:00,Unknown
1941219N11152,WP,1941,UNNAMED,,,-5,81,1941-08-06 21:00:00,1941-08-16 21:00:00,Unknown
1941220N21089,NI,1941,UNNAMED,,,-5,42,1941-08-08 00:00:00,1941-08-13 03:00:00,Unknown
1941222N17121,WP,1941,UNNAMED,,,-5,21,1941-08-09 12:00:00,1941-08-12 00:00:00,Unknown
1941225N21145,WP,1941,UNNAMED,,,-5,65,1941-08-12 21:00:00,1941-08-20 21:00:00,Unknown
1941227N19092,NI,1941,UNNAMED,,,-5,42,1941-08-15 00:00:00,1941-08-20 03:00:00,Unknown
1941228N22130,WP,1941,UNNAMED,,,-5,73,1941-08-15 21:00:00,1941-08-24 21:00:00,Unknown
1941229N08150,WP,1941,UNNAMED,,,-5,29,1941-08-16 12:00:00,1941-08-20 00:00:00,Unknown
1941237N10146,WP,1941,UNNAMED,,,-5,81,1941-08-25 00:00:00,1941-09-04 00:00:00,Unknown
1941237N23089,NI,1941,UNNAMED,,,-5,18,1941-08-25 00:00:00,1941-08-27 03:00:00,Unknown
1941243N25086,NI,1941,UNNAMED,,,-5,18,1941-08-31 00:00:00,1941-09-02 03:00:00,Unknown
1941244N11139,WP,1941,UNNAMED,,,-5,33,1941-09-01 00:00:00,1941-09-05 00:00:00,Unknown
1941245N20155,WP,1941,UNNAMED,,,-5,41,1941-09-01 21:00:00,1941-09-06 21:00:00,Unknown
1941250N20089,NI,1941,UNNAMED,,,-5,42,1941-09-07 00:00:00,1941-09-12 03:00:00,Unknown
1941252N12146,WP,1941,UNNAMED,,,-5,89,1941-09-08 21:00:00,1941-09-19 21:00:00,Unknown
1941252N14133,WP,1941,UNNAMED,,,-5,57,1941-09-09 00:00:00,1941-09-16 00:00:00,Unknown
1941255N15084,NI,1941,UNNAMED,,,-5,10,1941-09-12 00:00:00,1941-09-13 03:00:00,Unknown
1941267N10148,WP,1941,UNNAMED,,,-5,65,1941-09-23 21:00:00,1941-10-01 21:00:00,Unknown
1941276N15071,NI,1941,UNNAMED,,,-5,18,1941-10-03 00:00:00,1941-10-05 03:00:00,Unknown
1941277N07088,NI,1941,UNNAMED,,,-5,66,1941-10-04 00:00:00,1941-10-12 03:00:00,Unknown
1941294N11118,WP,1941,UNNAMED,,,-5,13,1941-10-20 12:00:00,1941-10-22 00:00:00,Unknown
1941299N20150,WP,1941,UNNAMED,,,-5,53,1941-10-25 12:00:00,1941-11-01 00:00:00,Unknown
1941319N14083,NI,1941,UNNAMED,,,-5,34,1941-11-15 00:00:00,1941-11-19 03:00:00,Unknown
1941334N08087,NI,1941,UNNAMED,,,-5,50,1941-11-30 00:00:00,1941-12-06 03:00:00,Unknown
1941343N09092,NI,1941,UNNAMED,,,-5,50,1941-12-09 00:00:00,1941-12-15 03:00:00,Unknown
1941347N06134,WP,1941,UNNAMED,,,-5,69,1941-12-12 12:00:00,1941-12-21 00:00:00,Unknown
1941357N06150,WP,1941,UNNAMED,,,-5,61,1941-12-22 12:00:00,1941-12-30 00:00:00,Unknown
1942004S17120,SI,1942,UNNAMED,,990.0,-5,26,1942-01-03 23:00:00,1942-01-06 01:00:00,Unknown
1942021S19043,SI,1942,UNNAMED,,,-5,33,1942-01-21 06:00:00,1942-01-25 06:00:00,Unknown
1942021S28035,SI,1942,UNNAMED,,,-5,17,1942-01-21 06:00:00,1942-01-23 06:00:00,Unknown
1942026N09150,WP,1942,UNNAMED,,,-5,29,1942-01-25 12:00:00,1942-01-29 00:00:00,Unknown
1942026S16116,SI,1942,UNNAMED,,985.0,-5,45,1942-01-25 23:00:00,1942-01-29 23:00:00,Unknown
1942041S17127,SI,1942,UNNAMED,,980.0,-5,46,1942-02-09 23:00:00,1942-02-14 01:00:00,Unknown
1942052S17054,SI,1942,UNNAMED,,,-5,57,1942-02-21 06:00:00,1942-02-28 06:00:00,Unknown
1942080S15055,SI,1942,UNNAMED,,,-5,65,1942-03-21 06:00:00,1942-03-29 06:00:00,Unknown
1942083S19117,SI,1942,UNNAMED,,935.0,-5,26,1942-03-23 23:00:00,1942-03-26 01:00:00,Unknown
1942085S15055,SI,1942,UNNAMED,,,-5,53,1942-03-25 18:00:00,1942-04-01 06:00:00,Unknown
1942099N07149,WP,1942,UNNAMED,,,-5,37,1942-04-08 12:00:00,1942-04-13 00:00:00,Unknown
1942114N10080,NI,1942,UNNAMED,,,-5,1,1942-04-24 03:00:00,1942-04-24 03:00:00,Unknown
1942118N15072,NI,1942,UNNAMED,,,-5,1,1942-04-28 03:00:00,1942-04-28 03:00:00,Unknown
1942123N10148,WP,1942,UNNAMED,,,-5,53,1942-05-02 12:00:00,1942-05-09 00:00:00,Unknown
1942154N16091,NI,1942,UNNAMED,,,-5,10,1942-06-03 00:00:00,1942-06-04 03:00:00,Unknown
1942183N21090,NI,1942,UNNAMED,,,-5,26,1942-07-02 00:00:00,1942-07-05 03:00:00,Unknown
1942188N15143,WP,1942,UNNAMED,,,-5,53,1942-07-06 12:00:00,1942-07-13 00:00:00,Unknown
1942189N21090,NI,1942,UNNAMED,,,-5,42,1942-07-08 00:00:00,1942-07-13 03:00:00,Unknown
1942194N16141,WP,1942,UNNAMED,,,-5,69,1942-07-12 12:00:00,1942-07-21 00:00:00,Unknown
1942196N13147,WP,1942,UNNAMED,,,-5,101,1942-07-15 09:00:00,1942-07-27 21:00:00,Unknown
1942203N24146,WP,1942,UNNAMED,,,-5,37,1942-07-21 12:00:00,1942-07-26 00:00:00,Unknown
1942205N18143,WP,1942,UNNAMED,,,-5,37,1942-07-23 12:00:00,1942-07-28 00:00:00,Unknown
1942205N21089,NI,1942,UNNAMED,,,-5,26,1942-07-24 00:00:00,1942-07-27 03:00:00,Unknown
1942210N20121,WP,1942,UNNAMED,,,-5,13,1942-07-28 12:00:00,1942-07-30 00:00:00,Unknown
1942213N22090,NI,1942,UNNAMED,,,-5,42,1942-08-01 00:00:00,1942-08-06 03:00:00,Unknown
1942214N16121,WP,1942,UNNAMED,,,-5,21,1942-08-01 12:00:00,1942-08-04 00:00:00,Unknown
1942216N24132,WP,1942,UNNAMED,,,-5,97,1942-08-03 21:00:00,1942-08-15 21:00:00,Unknown
1942220N24147,WP,1942,UNNAMED,,,-5,5,1942-08-07 12:00:00,1942-08-08 00:00:00,Unknown
1942220N25147,WP,1942,UNNAMED,,,-5,29,1942-08-08 09:00:00,1942-08-11 21:00:00,Unknown
1942224N26139,WP,1942,UNNAMED,,,-5,21,1942-08-11 12:00:00,1942-08-14 00:00:00,Unknown
1942228N14147,WP,1942,UNNAMED,,,-5,29,1942-08-15 12:00:00,1942-08-19 00:00:00,Unknown
1942233N15150,WP,1942,UNNAMED,,,-5,65,1942-08-20 21:00:00,1942-08-28 21:00:00,Unknown
1942240N20132,WP,1942,UNNAMED,,,-5,33,1942-08-27 21:00:00,1942-08-31 21:00:00,Unknown
1942241N17118,WP,1942,UNNAMED,,,-5,45,1942-08-28 12:00:00,1942-09-03 00:00:00,Unknown
1942241N18090,NI,1942,UNNAMED,,,-5,82,1942-08-29 00:00:00,1942-09-08 03:00:00,Unknown
1942252N17131,WP,1942,UNNAMED,,,-5,33,1942-09-08 21:00:00,1942-09-12 21:00:00,Unknown
1942252N21092,NI,1942,UNNAMED,,,-5,34,1942-09-09 00:00:00,1942-09-13 03:00:00,Unknown
1942257N14140,WP,1942,UNNAMED,,,-5,29,1942-09-13 12:00:00,1942-09-17 00:00:00,Unknown
1942259N16137,WP,1942,UNNAMED,,,-5,29,1942-09-16 09:00:00,1942-09-19 21:00:00,Unknown
1942262N19127,WP,1942,UNNAMED,,,-5,41,1942-09-18 21:00:00,1942-09-23 21:00:00,Unknown
1942262N23089,NI,1942,UNNAMED,,,-5,26,1942-09-19 00:00:00,1942-09-22 03:00:00,Unknown
1942265N21155,WP,1942,UNNAMED,,,-5,25,1942-09-21 21:00:00,1942-09-24 21:00:00,Unknown
1942268N12140,WP,1942,UNNAMED,,,-5,69,1942-09-24 12:00:00,1942-10-03 00:00:00,Unknown
1942269N17087,NI,1942,UNNAMED,,,-5,26,1942-09-26 00:00:00,1942-09-29 03:00:00,Unknown
1942272N10144,WP,1942,UNNAMED,,,-5,41,1942-09-28 21:00:00,1942-10-03 21:00:00,Unknown
1942281N15114,WP,1942,UNNAMED,,,-5,29,1942-10-07 12:00:00,1942-10-11 00:00:00,Unknown
1942286N20152,WP,1942,UNNAMED,,,-5,25,1942-10-12 21:00:00,1942-10-15 21:00:00,Unknown
1942287N17090,NI,1942,UNNAMED,,,-5,34,1942-10-14 00:00:00,1942-10-18 03:00:00,Unknown
1942289N16138,WP,1942,UNNAMED,,,-5,21,1942-10-15 12:00:00,1942-10-18 00:00:00,Unknown
1942304N11085,NI,1942,UNNAMED,,,-5,34,1942-10-31 00:00:00,1942-11-04 03:00:00,Unknown
1942315N11130,WP,1942,UNNAMED,,,-5,37,1942-11-10 12:00:00,1942-11-15 00:00:00,Unknown
1942317N14095,NI,1942,UNNAMED,,,-5,26,1942-11-13 00:00:00,1942-11-16 03:00:00,Unknown
1942348N06130,WP,1942,UNNAMED,,,-5,29,1942-12-13 12:00:00,1942-12-17 00:00:00,Unknown
1942355S18119,SI,1943,UNNAMED,,990.0,-5,14,1942-12-21 01:00:00,1942-12-22 12:00:00,Unknown
1943001S15045,SI,1943,UNNAMED,,,-5,25,1943-01-01 06:00:00,1943-01-04 06:00:00,Unknown
1943001S16045,SI,1943,UNNAMED,,,-5,9,1943-01-01 06:00:00,1943-01-02 06:00:00,Unknown
1943007S17041,SI,1943,UNNAMED,,,-5,29,1943-01-06 18:00:00,1943-01-10 06:00:00,Unknown
1943008S12047,SI,1943,UNNAMED,,,-5,17,1943-01-08 06:00:00,1943-01-10 06:00:00,Unknown
1943009S16045,SI,1943,UNNAMED,,,-5,9,1943-01-09 00:00:00,1943-01-10 00:00:00,Unknown
1943010S16042,SI,1943,UNNAMED,,,-5,37,1943-01-09 18:00:00,1943-01-14 06:00:00,Unknown
1943015S19051,SI,1943,UNNAMED,,,-5,97,1943-01-15 06:00:00,1943-01-27 06:00:00,Unknown
1943016N10133,WP,1943,UNNAMED,,,-5,17,1943-01-16 00:00:00,1943-01-18 00:00:00,Unknown
1943022S23056,SI,1943,UNNAMED,,,-5,33,1943-01-22 06:00:00,1943-01-26 06:00:00,Unknown
1943032S16045,SI,1943,UNNAMED,,,-5,37,1943-01-31 18:00:00,1943-02-05 06:00:00,Unknown
1943037S11077,SI,1943,UNNAMED,,,-5,109,1943-02-05 18:00:00,1943-02-19 06:00:00,Unknown
1943040S16043,SI,1943,UNNAMED,,,-5,17,1943-02-09 00:00:00,1943-02-11 00:00:00,Unknown
1943042S19117,SI,1943,UNNAMED,,985.0,-5,34,1943-02-10 23:00:00,1943-02-14 01:00:00,Unknown
1943052S19115,SI,1943,UNNAMED,,,-5,41,1943-02-21 06:00:00,1943-02-26 06:00:00,Unknown
1943054S17118,SI,1943,UNNAMED,,980.0,-5,85,1943-02-23 01:00:00,1943-03-02 17:00:00,Unknown
1943061S16130,SI,1943,UNNAMED,,960.0,-5,70,1943-03-01 23:00:00,1943-03-07 23:00:00,Unknown
1943072S20110,SI,1943,UNNAMED,,985.0,-5,18,1943-03-13 01:00:00,1943-03-14 19:30:00,Unknown
1943081S12076,SI,1943,UNNAMED,,,-5,65,1943-03-22 06:00:00,1943-03-30 06:00:00,Unknown
1943100N06143,WP,1943,UNNAMED,,,-5,45,1943-04-09 12:00:00,1943-04-15 00:00:00,Unknown
1943105N18139,WP,1943,UNNAMED,,,-5,9,1943-04-15 00:00:00,1943-04-16 00:00:00,Unknown
1943105S18119,SI,1943,UNNAMED,,990.0,-5,11,1943-04-15 01:00:00,1943-04-16 01:00:00,Unknown
1943119N08143,WP,1943,UNNAMED,,,-5,93,1943-04-28 12:00:00,1943-05-10 00:00:00,Unknown
1943131N10134,WP,1943,UNNAMED,,,-5,81,1943-05-10 21:00:00,1943-05-20 21:00:00,Unknown
1943133N11082,NI,1943,UNNAMED,,,-5,82,1943-05-13 00:00:00,1943-05-23 03:00:00,Unknown
1943151N20089,NI,1943,UNNAMED,,,-5,18,1943-05-31 00:00:00,1943-06-02 03:00:00,Unknown
1943159N16123,WP,1943,UNNAMED,,,-5,45,1943-06-07 12:00:00,1943-06-13 00:00:00,Unknown
1943161N12139,WP,1943,UNNAMED,,,-5,21,1943-06-09 12:00:00,1943-06-12 00:00:00,Unknown
1943179N25155,WP,1943,UNNAMED,,,-5,17,1943-06-27 21:00:00,1943-06-29 21:00:00,Unknown
1943182N11143,WP,1943,UNNAMED,,,-5,89,1943-06-30 21:00:00,1943-07-11 21:00:00,Unknown
1943186N22154,WP,1943,UNNAMED,,,-5,53,1943-07-05 09:00:00,1943-07-11 21:00:00,Unknown
1943192N21087,NI,1943,UNNAMED,,,-5,18,1943-07-11 00:00:00,1943-07-13 03:00:00,Unknown
1943193N12148,WP,1943,UNNAMED,,,-5,69,1943-07-11 12:00:00,1943-07-20 00:00:00,Unknown
1943198N18140,WP,1943,UNNAMED,,,-5,69,1943-07-17 09:00:00,1943-07-25 21:00:00,Unknown
1943198N21089,NI,1943,UNNAMED,,,-5,26,1943-07-17 00:00:00,1943-07-20 03:00:00,Unknown
1943199N26143,WP,1943,UNNAMED,,,-5,13,1943-07-17 12:00:00,1943-07-19 00:00:00,Unknown
1943201N15153,WP,1943,UNNAMED,,,-5,69,1943-07-20 09:00:00,1943-07-28 21:00:00,Unknown
1943205N20090,NI,1943,UNNAMED,,,-5,50,1943-07-24 00:00:00,1943-07-30 03:00:00,Unknown
1943205N22124,WP,1943,UNNAMED,,,-5,65,1943-07-23 21:00:00,1943-07-31 21:00:00,Unknown
1943212N20090,NI,1943,UNNAMED,,,-5,18,1943-07-31 00:00:00,1943-08-02 03:00:00,Unknown
1943215N22142,WP,1943,UNNAMED,,,-5,5,1943-08-02 12:00:00,1943-08-03 00:00:00,Unknown
1943216N22089,NI,1943,UNNAMED,,,-5,34,1943-08-04 00:00:00,1943-08-08 03:00:00,Unknown
1943217N22144,WP,1943,UNNAMED,,,-5,89,1943-08-04 21:00:00,1943-08-15 21:00:00,Unknown
1943226N16146,WP,1943,UNNAMED,,,-5,21,1943-08-13 12:00:00,1943-08-16 00:00:00,Unknown
1943227N24125,WP,1943,UNNAMED,,,-5,145,1943-08-14 21:00:00,1943-09-01 21:00:00,Unknown
1943229N24144,WP,1943,UNNAMED,,,-5,61,1943-08-17 09:00:00,1943-08-24 21:00:00,Unknown
1943233N23085,NI,1943,UNNAMED,,,-5,18,1943-08-21 00:00:00,1943-08-23 03:00:00,Unknown
1943240N26142,WP,1943,UNNAMED,,,-5,21,1943-08-27 12:00:00,1943-08-30 00:00:00,Unknown
1943246N18119,WP,1943,UNNAMED,,,-5,25,1943-09-03 00:00:00,1943-09-06 00:00:00,Unknown
1943253N18136,WP,1943,UNNAMED,,,-5,21,1943-09-09 12:00:00,1943-09-12 00:00:00,Unknown
1943254N17133,WP,1943,UNNAMED,,,-5,53,1943-09-10 12:00:00,1943-09-17 00:00:00,Unknown
1943257N15147,WP,1943,UNNAMED,,,-5,61,1943-09-14 09:00:00,1943-09-21 21:00:00,Unknown
1943265N19089,NI,1943,UNNAMED,,,-5,50,1943-09-22 00:00:00,1943-09-28 03:00:00,Unknown
1943270N12155,WP,1943,UNNAMED,,,-5,61,1943-09-27 09:00:00,1943-10-04 21:00:00,Unknown
1943276N13141,WP,1943,UNNAMED,,,-5,53,1943-10-02 12:00:00,1943-10-09 00:00:00,Unknown
1943277N12116,WP,1943,UNNAMED,,,-5,29,1943-10-03 12:00:00,1943-10-07 00:00:00,Unknown
1943278N13084,NI,1943,UNNAMED,,,-5,66,1943-10-05 00:00:00,1943-10-13 03:00:00,Unknown
1943286N15140,WP,1943,UNNAMED,,,-5,57,1943-10-13 00:00:00,1943-10-20 00:00:00,Unknown
1943289N15081,NI,1943,UNNAMED,,,-5,26,1943-10-16 00:00:00,1943-10-19 03:00:00,Unknown
1943296N10137,WP,1943,UNNAMED,,,-5,49,1943-10-23 00:00:00,1943-10-29 00:00:00,Unknown
1943302N14087,NI,1943,UNNAMED,,,-5,18,1943-10-29 00:00:00,1943-10-31 03:00:00,Unknown
1943305N12121,WP,1943,UNNAMED,,,-5,36,1943-11-01 10:00:00,1943-11-04 22:00:00,Unknown
1943305S11101,SI,1944,UNNAMED,,,-5,13,1943-10-31 18:00:00,1943-11-02 06:00:00,Unknown
1943313S11100,SI,1944,UNNAMED,,,-5,9,1943-11-09 00:00:00,1943-11-10 00:00:00,Unknown
1943315N11141,WP,1943,UNNAMED,,,-5,61,1943-11-10 12:00:00,1943-11-18 00:00:00,Unknown
1943315S11101,SI,1944,UNNAMED,,,-5,25,1943-11-11 06:00:00,1943-11-14 06:00:00,Unknown
1943320N16070,NI,1943,UNNAMED,,,-5,1,1943-11-16 03:00:00,1943-11-16 03:00:00,Unknown
1943324N08086,NI,1943,UNNAMED,,,-5,18,1943-11-20 00:00:00,1943-11-22 03:00:00,Unknown
1943337N09139,WP,1943,UNNAMED,,,-5,61,1943-12-02 12:00:00,1943-12-10 00:00:00,Unknown
1943351N08137,WP,1943,UNNAMED,,,-5,41,1943-12-17 00:00:00,1943-12-22 00:00:00,Unknown
1944001S05080,SI,1944,UNNAMED,,,-5,77,1944-01-01 06:00:00,1944-01-10 18:00:00,Unknown
1944008N07147,WP,1944,UNNAMED,,,-5,77,1944-01-07 12:00:00,1944-01-17 00:00:00,Unknown
1944011S22037,SI,1944,UNNAMED,,,-5,49,1944-01-11 06:00:00,1944-01-17 06:00:00,Unknown
1944015S23037,SI,1944,UNNAMED,,,-5,33,1944-01-15 06:00:00,1944-01-19 06:00:00,Unknown
1944029S17124,SI,1944,UNNAMED,,998.0,-5,14,1944-01-28 23:00:00,1944-01-30 01:00:00,Unknown
1944030S06063,SI,1944,UNNAMED,,,-5,65,1944-01-30 06:00:00,1944-02-07 06:00:00,Unknown
1944032S05064,SI,1944,UNNAMED,,,-5,97,1944-02-01 06:00:00,1944-02-13 06:00:00,Unknown
1944035S10059,SI,1944,UNNAMED,,,-5,57,1944-02-04 06:00:00,1944-02-11 06:00:00,Unknown
1944039S15056,SI,1944,UNNAMED,,,-5,49,1944-02-08 06:00:00,1944-02-14 06:00:00,Unknown
1944041S15056,SI,1944,UNNAMED,,,-5,49,1944-02-10 00:00:00,1944-02-16 00:00:00,Unknown
1944042S10074,SI,1944,UNNAMED,,,-5,49,1944-02-11 06:00:00,1944-02-17 06:00:00,Unknown
1944049N09125,WP,1944,UNNAMED,,,-5,13,1944-02-17 12:00:00,1944-02-19 00:00:00,Unknown
1944050S10074,SI,1944,UNNAMED,,,-5,37,1944-02-18 18:00:00,1944-02-23 06:00:00,Unknown
1944060N04085,NI,1944,UNNAMED,,,-5,42,1944-02-29 00:00:00,1944-03-05 03:00:00,Unknown
1944064S13132,SI,1944,UNNAMED,,970.0,-5,126,1944-03-03 23:00:00,1944-03-15 01:00:00,Unknown
1944071S10059,SI,1944,UNNAMED,,,-5,49,1944-03-11 06:00:00,1944-03-17 06:00:00,Unknown
1944071S18115,SI,1944,UNNAMED,,,-5,33,1944-03-11 06:00:00,1944-03-15 06:00:00,Unknown
1944077S10059,SI,1944,UNNAMED,,,-5,37,1944-03-16 18:00:00,1944-03-21 06:00:00,Unknown
1944082S13042,SI,1944,UNNAMED,,,-5,25,1944-03-22 06:00:00,1944-03-25 06:00:00,Unknown
1944090S12054,SI,1944,UNNAMED,,,-5,49,1944-03-30 06:00:00,1944-04-05 06:00:00,Unknown
1944092S07074,SI,1944,UNNAMED,,,-5,97,1944-04-01 06:00:00,1944-04-13 06:00:00,Unknown
1944092S11057,SI,1944,UNNAMED,,,-5,33,1944-04-01 06:00:00,1944-04-05 06:00:00,Unknown
1944134N16142,WP,1944,UNNAMED,,,-5,29,1944-05-12 12:00:00,1944-05-16 00:00:00,Unknown
1944141N15092,NI,1944,UNNAMED,,,-5,10,1944-05-20 00:00:00,1944-05-21 03:00:00,Unknown
1944163N11139,WP,1944,UNNAMED,,,-5,33,1944-06-11 00:00:00,1944-06-15 00:00:00,Unknown
1944166N17070,NI,1944,UNNAMED,,,-5,26,1944-06-14 00:00:00,1944-06-17 03:00:00,Unknown
1944167N22091,NI,1944,UNNAMED,,,-5,10,1944-06-15 00:00:00,1944-06-16 03:00:00,Unknown
1944190N13114,WP,1944,UNNAMED,,,-5,21,1944-07-07 12:00:00,1944-07-10 00:00:00,Unknown
1944191N19087,NI,1944,UNNAMED,,,-5,58,1944-07-09 00:00:00,1944-07-16 03:00:00,Unknown
1944198N14130,WP,1944,UNNAMED,,,-5,45,1944-07-15 12:00:00,1944-07-21 00:00:00,Unknown
1944201N22087,NI,1944,UNNAMED,,,-5,18,1944-07-19 00:00:00,1944-07-21 03:00:00,Unknown
1944205N18125,WP,1944,UNNAMED,,,-5,13,1944-07-22 12:00:00,1944-07-24 00:00:00,Unknown
1944205N21091,NI,1944,UNNAMED,,,-5,34,1944-07-23 00:00:00,1944-07-27 03:00:00,Unknown
1944210N15134,WP,1944,UNNAMED,,,-5,69,1944-07-28 09:00:00,1944-08-05 21:00:00,Unknown
1944210N20090,NI,1944,UNNAMED,,,-5,50,1944-07-28 00:00:00,1944-08-03 03:00:00,Unknown
1944215N21140,WP,1944,UNNAMED,,,-5,53,1944-08-02 09:00:00,1944-08-08 21:00:00,Unknown
1944218N22127,WP,1944,UNNAMED,,,-5,37,1944-08-05 09:00:00,1944-08-09 21:00:00,Unknown
1944223N10135,WP,1944,UNNAMED,,,-5,45,1944-08-09 12:00:00,1944-08-15 00:00:00,Unknown
1944224N25078,NI,1944,UNNAMED,,,-5,18,1944-08-11 00:00:00,1944-08-13 03:00:00,Unknown
1944227N23084,NI,1944,UNNAMED,,,-5,42,1944-08-14 00:00:00,1944-08-19 03:00:00,Unknown
1944231N19089,NI,1944,UNNAMED,,,-5,42,1944-08-18 00:00:00,1944-08-23 03:00:00,Unknown
1944232N20142,WP,1944,UNNAMED,,,-5,77,1944-08-19 09:00:00,1944-08-28 21:00:00,Unknown
1944237N21091,NI,1944,UNNAMED,,,-5,66,1944-08-24 00:00:00,1944-09-01 03:00:00,Unknown
1944254N13142,WP,1944,UNNAMED,,,-5,53,1944-09-09 12:00:00,1944-09-16 00:00:00,Unknown
1944259S08075,SI,1945,UNNAMED,,,-5,89,1944-09-15 06:00:00,1944-09-26 06:00:00,Unknown
1944264N17137,WP,1944,UNNAMED,,,-5,37,1944-09-19 12:00:00,1944-09-24 00:00:00,Unknown
1944268N24141,WP,1944,UNNAMED,,,-5,21,1944-09-23 12:00:00,1944-09-26 00:00:00,Unknown
1944273N19089,NI,1944,UNNAMED,,,-5,26,1944-09-29 00:00:00,1944-10-02 03:00:00,Unknown
1944275N11136,WP,1944,UNNAMED,,,-5,37,1944-09-30 12:00:00,1944-10-05 00:00:00,Unknown
1944275S04070,SI,1945,UNNAMED,,,-5,81,1944-10-01 06:00:00,1944-10-11 06:00:00,Unknown
1944277N21089,NI,1944,UNNAMED,,,-5,18,1944-10-03 00:00:00,1944-10-05 03:00:00,Unknown
1944279N20134,WP,1944,UNNAMED,,,-5,41,1944-10-04 21:00:00,1944-10-09 21:00:00,Unknown
1944288N13085,NI,1944,UNNAMED,,,-5,18,1944-10-14 00:00:00,1944-10-16 03:00:00,Unknown
1944294N17144,WP,1944,UNNAMED,,,-5,13,1944-10-19 12:00:00,1944-10-21 00:00:00,Unknown
1944295S07054,SI,1945,UNNAMED,,,-5,41,1944-10-21 06:00:00,1944-10-26 06:00:00,Unknown
1944297S05070,SI,1945,UNNAMED,,,-5,69,1944-10-22 18:00:00,1944-10-31 06:00:00,Unknown
1944299N12084,NI,1944,UNNAMED,,,-5,34,1944-10-25 00:00:00,1944-10-29 03:00:00,Unknown
1944303N12132,WP,1944,UNNAMED,,,-5,45,1944-10-28 12:00:00,1944-11-03 00:00:00,Unknown
1944311N13090,NI,1944,UNNAMED,,,-5,18,1944-11-06 00:00:00,1944-11-08 03:00:00,Unknown
1944313N14135,WP,1944,UNNAMED,,,-5,37,1944-11-07 12:00:00,1944-11-12 00:00:00,Unknown
1944324N08136,WP,1944,UNNAMED,,,-5,13,1944-11-18 12:00:00,1944-11-20 00:00:00,Unknown
1944325N17146,WP,1944,UNNAMED,,,-5,13,1944-11-19 12:00:00,1944-11-21 00:00:00,Unknown
1944333N11086,NI,1944,UNNAMED,,,-5,10,1944-11-28 00:00:00,1944-11-29 03:00:00,Unknown
1944336S04070,SI,1945,UNNAMED,,,-5,41,1944-12-01 06:00:00,1944-12-06 06:00:00,Unknown
1944344S04070,SI,1945,UNNAMED,,,-5,25,1944-12-09 00:00:00,1944-12-12 00:00:00,Unknown
1944346S15053,SI,1945,UNNAMED,,,-5,25,1944-12-11 00:00:00,1944-12-14 00:00:00,Unknown
1944356S14052,SI,1945,UNNAMED,,,-5,41,1944-12-21 06:00:00,1944-12-26 06:00:00,Unknown
1944356S15053,SI,1945,UNNAMED,,,-5,25,1944-12-21 06:00:00,1944-12-24 06:00:00,Unknown
1944366N10087,NI,1944,UNNAMED,,,-5,18,1944-12-31 00:00:00,1945-01-02 03:00:00,Unknown
1945008S08069,SI,1945,UNNAMED,,,-5,28,1945-01-08 06:00:00,1945-01-11 15:00:00,Unknown
1945010S08069,SI,1945,UNNAMED,,,-5,77,1945-01-09 18:00:00,1945-01-19 06:00:00,Unknown
1945011S12046,SI,1945,UNNAMED,,,-5,49,1945-01-11 06:00:00,1945-01-17 06:00:00,Unknown
1945016S13043,SI,1945,UNNAMED,,,-5,29,1945-01-15 12:00:00,1945-01-19 00:00:00,Unknown
1945023S06075,SI,1945,UNNAMED,,,-5,105,1945-01-23 06:00:00,1945-02-05 06:00:00,Unknown
1945029S13127,SI,1945,UNNAMED,,950.0,-5,90,1945-01-28 23:30:00,1945-02-06 01:00:00,Unknown
1945032S19051,SI,1945,UNNAMED,,,-5,33,1945-02-01 06:00:00,1945-02-05 06:00:00,Unknown
1945032S27115,SI,1945,UNNAMED,,,-5,25,1945-02-01 06:00:00,1945-02-04 06:00:00,Unknown
1945036S19051,SI,1945,UNNAMED,,,-5,21,1945-02-04 18:00:00,1945-02-07 06:00:00,Unknown
1945039S09074,SI,1945,UNNAMED,,,-5,89,1945-02-08 00:00:00,1945-02-19 00:00:00,Unknown
1945060S14122,SI,1945,UNNAMED,,945.0,-5,81,1945-02-28 23:00:00,1945-03-08 01:00:00,Unknown
1945061S17114,SI,1945,UNNAMED,,,-5,13,1945-03-01 12:00:00,1945-03-03 00:00:00,Unknown
1945083S19114,SI,1945,UNNAMED,,995.0,-5,14,1945-03-23 23:00:00,1945-03-25 01:00:00,Unknown
1945088S08077,SI,1945,UNNAMED,,,-5,93,1945-03-28 18:00:00,1945-04-09 06:00:00,Unknown
1945093N12135,WP,1945,UNNAMED,,,-5,29,1945-04-02 12:00:00,1945-04-06 00:00:00,Unknown
1945094S12104,SI,1945,UNNAMED,,995.0,-5,33,1945-04-04 01:00:00,1945-04-07 07:00:00,Unknown
1945100S17114,SI,1945,UNNAMED,,,-5,13,1945-04-09 12:00:00,1945-04-11 00:00:00,Unknown
1945110N09160,WP,1945,ANN,,,0,57,1945-04-19 12:00:00,1945-04-26 12:00:00,Unknown
1945120N12093,NI,1945,UNNAMED,,,-5,20,1945-04-29 18:00:00,1945-05-02 03:00:00,Unknown
1945134N19136,WP,1945,BETTY,,,0,25,1945-05-13 12:00:00,1945-05-16 12:00:00,Unknown
1945153N11133,WP,1945,CONNIE,,,1,49,1945-06-01 12:00:00,1945-06-07 12:00:00,Unknown
1945166N07146,WP,1945,UNNAMED,,,-5,37,1945-06-14 12:00:00,1945-06-19 00:00:00,Unknown
1945170N13134,WP,1945,DORIS,,,0,25,1945-06-18 12:00:00,1945-06-21 12:00:00,Unknown
1945177N23085,NI,1945,UNNAMED,,,-5,36,1945-06-25 18:00:00,1945-06-30 03:00:00,Unknown
1945183N12117,WP,1945,UNNAMED,,,-5,13,1945-07-01 12:00:00,1945-07-03 00:00:00,Unknown
1945185N14113,WP,1945,NANCY,,,0,39,1945-07-03 12:00:00,1945-07-08 06:00:00,Unknown
1945188N20089,NI,1945,UNNAMED,,,-5,20,1945-07-06 18:00:00,1945-07-09 03:00:00,Unknown
1945189N07140,WP,1945,UNNAMED,,,-5,70,1945-07-07 21:00:00,1945-07-16 12:00:00,Unknown
1945196N09133,WP,1945,OPAL,,,1,61,1945-07-14 12:00:00,1945-07-22 00:00:00,Unknown
1945202N17088,NI,1945,UNNAMED,,,-5,12,1945-07-20 18:00:00,1945-07-22 03:00:00,Unknown
1945202N34130,WP,1945,UNNAMED,,,-5,19,1945-07-20 15:00:00,1945-07-22 21:00:00,Unknown
1945204N09137,WP,1945,EDNA,,,0,61,1945-07-23 09:00:00,1945-07-30 21:00:00,Unknown
1945204N17118,WP,1945,PEGGY,,,0,9,1945-07-22 12:00:00,1945-07-23 12:00:00,Unknown
1945207N22141,WP,1945,UNNAMED,,,-5,97,1945-07-25 21:00:00,1945-08-06 21:00:00,Unknown
1945211N23129,WP,1945,EVA,,,1,45,1945-07-30 00:00:00,1945-08-04 12:00:00,Unknown
1945218N16124,WP,1945,QUEENIE,,,1,33,1945-08-05 12:00:00,1945-08-09 12:00:00,Unknown
1945222N22149,WP,1945,FRANCES,,,0,33,1945-08-09 12:00:00,1945-08-13 12:00:00,Unknown
1945228N17161,WP,1945,GRACE,,,0,76,1945-08-15 12:00:00,1945-08-24 21:00:00,Unknown
1945229N15137,WP,1945,SUSAN,,,1,101,1945-08-17 09:00:00,1945-08-29 21:00:00,Unknown
1945232N22138,WP,1945,UNNAMED,,,-5,12,1945-08-20 09:00:00,1945-08-21 18:00:00,Unknown
1945234N22131,WP,1945,RUTH,,,1,49,1945-08-22 00:00:00,1945-08-28 00:00:00,Unknown
1945236N19116,WP,1945,TESS,,,1,15,1945-08-23 12:00:00,1945-08-25 06:00:00,Unknown
1945242N15136,WP,1945,HELEN,,,3,49,1945-08-29 12:00:00,1945-09-04 12:00:00,Unknown
1945243N16085,NI,1945,UNNAMED,,,-5,12,1945-08-30 18:00:00,1945-09-01 03:00:00,Unknown
1945249N18090,NI,1945,UNNAMED,,,-5,52,1945-09-05 18:00:00,1945-09-12 03:00:00,Unknown
1945250N12128,WP,1945,URSULA,,,2,61,1945-09-07 09:00:00,1945-09-14 21:00:00,Unknown
1945253N08157,WP,1945,IDA,,,1,87,1945-09-10 00:00:00,1945-09-20 18:00:00,Unknown
1945261N16121,WP,1945,UNNAMED,,,-5,25,1945-09-17 12:00:00,1945-09-20 12:00:00,Unknown
1945261N18089,NI,1945,UNNAMED,,,-5,60,1945-09-17 18:00:00,1945-09-25 03:00:00,Unknown
1945264N12124,WP,1945,WANDA,,,0,25,1945-09-21 06:00:00,1945-09-24 06:00:00,Unknown
1945264N17114,WP,1945,VERNA,,,0,13,1945-09-20 12:00:00,1945-09-22 00:00:00,Unknown
1945268N12143,WP,1945,JEAN,,,2,57,1945-09-25 00:00:00,1945-10-02 00:00:00,Unknown
1945271N06160,WP,1945,KATE,,,0,65,1945-09-28 00:00:00,1945-10-06 00:00:00,Unknown
1945272N18089,NI,1945,UNNAMED,,,-5,20,1945-09-28 18:00:00,1945-10-01 03:00:00,Unknown
1945275N09161,WP,1945,LOUISE,,,1,81,1945-10-02 00:00:00,1945-10-12 00:00:00,Unknown
1945288N07092,NI,1945,UNNAMED,,,-5,52,1945-10-14 18:00:00,1945-10-21 03:00:00,Unknown
1945305N13133,WP,1945,MARGE,,,0,27,1945-11-01 00:00:00,1945-11-04 06:00:00,Unknown
1945305S07062,SI,1946,UNNAMED,,,-5,41,1945-11-01 06:00:00,1945-11-06 06:00:00,Unknown
1945310N07086,NI,1945,UNNAMED,,,-5,28,1945-11-05 18:00:00,1945-11-09 03:00:00,Unknown
1945315N06076,NI,1945,UNNAMED,,,-5,36,1945-11-10 18:00:00,1945-11-15 03:00:00,Unknown
1945319N10119,WP,1945,YVONNE,,,0,21,1945-11-14 12:00:00,1945-11-17 00:00:00,Unknown
1945325S12065,SI,1946,UNNAMED,,,-5,41,1945-11-21 06:00:00,1945-11-26 06:00:00,Unknown
1945326N10139,WP,1945,NORA,,,1,81,1945-11-21 21:00:00,1945-12-01 21:00:00,Unknown
1945326S10058,SI,1946,UNNAMED,,,-5,29,1945-11-21 12:00:00,1945-11-25 00:00:00,Unknown
1945331S09063,SI,1946,UNNAMED,,,-5,41,1945-11-27 06:00:00,1945-12-02 06:00:00,Unknown
1945332N05089,NI,1945,UNNAMED,,,-5,1,1945-11-28 03:00:00,1945-11-28 03:00:00,Unknown
1945332N05090,NI,1945,UNNAMED,,,-5,3,1945-11-27 18:00:00,1945-11-28 00:00:00,Unknown
1945335S09065,SI,1946,UNNAMED,,,-5,57,1945-12-01 06:00:00,1945-12-08 06:00:00,Unknown
1945338N08087,NI,1945,UNNAMED,,,-5,20,1945-12-03 18:00:00,1945-12-06 03:00:00,Unknown
1945343S11060,SI,1946,UNNAMED,,,-5,49,1945-12-09 06:00:00,1945-12-15 06:00:00,Unknown
1945345S11062,SI,1946,UNNAMED,,,-5,49,1945-12-11 06:00:00,1945-12-17 06:00:00,Unknown
1945346N09088,NI,1945,UNNAMED,,,-5,20,1945-12-11 18:00:00,1945-12-14 03:00:00,Unknown
1945362S15123,SI,1946,UNNAMED,,980.0,-5,59,1945-12-27 23:00:00,1946-01-02 01:00:00,Unknown
1946001S23113,SI,1946,UNNAMED,,,-5,28,1946-01-01 06:00:00,1946-01-04 06:00:00,Unknown
1946014S09069,SI,1946,UNNAMED,,,-5,49,1946-01-14 06:00:00,1946-01-20 06:00:00,Unknown
1946021S12061,SI,1946,UNNAMED,,,-5,73,1946-01-21 06:00:00,1946-01-30 06:00:00,Unknown
1946027S13060,SI,1946,UNNAMED,,,-5,49,1946-01-27 06:00:00,1946-02-02 06:00:00,Unknown
1946029S18118,SI,1946,UNNAMED,,982.0,-5,36,1946-01-28 23:00:00,1946-01-31 23:00:00,Unknown
1946032S20115,SI,1946,UNNAMED,,,-5,17,1946-02-01 06:00:00,1946-02-03 06:00:00,Unknown
1946038S20120,SI,1946,UNNAMED,,995.0,-5,53,1946-02-07 01:00:00,1946-02-12 01:00:00,Unknown
1946042S21038,SI,1946,UNNAMED,,,-5,49,1946-02-10 18:00:00,1946-02-16 18:00:00,Unknown
1946042S21398,SI,1946,UNNAMED,,,-5,49,1946-02-11 06:00:00,1946-02-17 06:00:00,Unknown
1946052S12060,SI,1946,UNNAMED,,,-5,57,1946-02-21 06:00:00,1946-02-28 06:00:00,Unknown
1946057S12060,SI,1946,UNNAMED,,,-5,45,1946-02-25 18:00:00,1946-03-03 06:00:00,Unknown
1946060N07144,WP,1946,UNNAMED,,,-5,25,1946-03-01 00:00:00,1946-03-04 00:00:00,Unknown
1946070S12057,SI,1946,UNNAMED,,,-5,73,1946-03-11 06:00:00,1946-03-20 06:00:00,Unknown
1946070S19114,SI,1946,UNNAMED,,998.0,-5,10,1946-03-11 01:00:00,1946-03-12 01:00:00,Unknown
1946070S20111,SI,1946,UNNAMED,,,-5,17,1946-03-11 06:00:00,1946-03-13 06:00:00,Unknown
1946086N12153,WP,1946,BARBARA,,,3,89,1946-03-27 00:00:00,1946-04-07 00:00:00,Unknown
1946086S20111,SI,1946,UNNAMED,,,-5,13,1946-03-26 12:00:00,1946-03-28 00:00:00,Unknown
1946101S10060,SI,1946,UNNAMED,,,-5,49,1946-04-11 06:00:00,1946-04-17 06:00:00,Unknown
1946101S20111,SI,1946,UNNAMED,,,-5,13,1946-04-10 12:00:00,1946-04-12 00:00:00,Unknown
1946131N11143,WP,1946,CHARLOTT,,,1,49,1946-05-11 00:00:00,1946-05-17 00:00:00,Unknown
1946153N11071,NI,1946,UNNAMED,,,-5,36,1946-06-01 18:00:00,1946-06-06 03:00:00,Unknown
1946168N07133,WP,1946,DOLLY,,,3,55,1946-06-17 00:00:00,1946-06-23 18:00:00,Unknown
1946174N19120,WP,1946,ELINOR,,,0,21,1946-06-23 00:00:00,1946-06-25 12:00:00,Unknown
1946178N09144,WP,1946,GINNY,,,1,49,1946-06-26 12:00:00,1946-07-02 12:00:00,Unknown
1946183N20091,NI,1946,UNNAMED,,,-5,20,1946-07-01 18:00:00,1946-07-04 03:00:00,Unknown
1946190N17137,WP,1946,UNNAMED,,,-5,29,1946-07-08 12:00:00,1946-07-12 00:00:00,Unknown
1946193N13143,WP,1946,INGRID,,,4,65,1946-07-12 00:00:00,1946-07-20 00:00:00,Unknown
1946195N23088,NI,1946,UNNAMED,,,-5,12,1946-07-13 18:00:00,1946-07-15 03:00:00,Unknown
1946201N17087,NI,1946,UNNAMED,,,-5,36,1946-07-19 18:00:00,1946-07-24 03:00:00,Unknown
1946204N17147,WP,1946,JANIE,,,3,69,1946-07-23 00:00:00,1946-07-31 12:00:00,Unknown
1946213N20089,NI,1946,UNNAMED,,,-5,37,1946-07-31 15:00:00,1946-08-05 03:00:00,Unknown
1946217N20090,NI,1946,UNNAMED,,,-5,36,1946-08-04 18:00:00,1946-08-09 03:00:00,Unknown
1946222N15152,WP,1946,LILLY,,,4,89,1946-08-10 00:00:00,1946-08-21 00:00:00,Unknown
1946229N20091,NI,1946,UNNAMED,,,-5,20,1946-08-16 18:00:00,1946-08-19 03:00:00,Unknown
1946234N18130,WP,1946,MAGGIE,,,0,41,1946-08-22 00:00:00,1946-08-27 00:00:00,Unknown
1946241N19116,WP,1946,UNNAMED,,,-5,13,1946-08-28 12:00:00,1946-08-30 00:00:00,Unknown
1946249N14125,WP,1946,UNNAMED,,,-5,21,1946-09-05 12:00:00,1946-09-08 00:00:00,Unknown
1946249N20090,NI,1946,UNNAMED,,,-5,36,1946-09-05 18:00:00,1946-09-10 03:00:00,Unknown
1946250N12150,WP,1946,OPAL,,,3,61,1946-09-06 12:00:00,1946-09-14 00:00:00,Unknown
1946251N11165,WP,1946,PRISCILL,,,3,92,1946-09-08 00:00:00,1946-09-19 09:00:00,Unknown
1946253N23089,NI,1946,UNNAMED,,,-5,36,1946-09-09 18:00:00,1946-09-14 03:00:00,Unknown
1946257N20089,NI,1946,UNNAMED,,,-5,36,1946-09-13 18:00:00,1946-09-18 03:00:00,Unknown
1946261N11161,WP,1946,QUERIDA,,,4,73,1946-09-18 00:00:00,1946-09-27 00:00:00,Unknown
1946276N16092,NI,1946,UNNAMED,,,-5,28,1946-10-02 18:00:00,1946-10-06 03:00:00,Unknown
1946284N16123,WP,1946,UNNAMED,,,-5,25,1946-10-11 00:00:00,1946-10-14 00:00:00,Unknown
1946289N12085,NI,1946,UNNAMED,,,-5,20,1946-10-15 18:00:00,1946-10-18 03:00:00,Unknown
1946292N11131,WP,1946,ALMA,,,4,61,1946-10-18 12:00:00,1946-10-26 00:00:00,Unknown
1946305N09088,NI,1946,UNNAMED,,,-5,44,1946-10-31 18:00:00,1946-11-06 03:00:00,Unknown
1946309N12126,WP,1946,BETTY,,,4,53,1946-11-05 00:00:00,1946-11-11 12:00:00,Unknown
1946310N08089,NI,1946,UNNAMED,,,-5,44,1946-11-05 18:00:00,1946-11-11 03:00:00,Unknown
1946316N07133,WP,1946,UNNAMED,,,-5,13,1946-11-11 12:00:00,1946-11-13 00:00:00,Unknown
1946317N14142,WP,1946,DIANNE,,,2,61,1946-11-13 00:00:00,1946-11-20 12:00:00,Unknown
1946319N09086,NI,1946,UNNAMED,,,-5,52,1946-11-14 18:00:00,1946-11-21 03:00:00,Unknown
1946330S10057,SI,1947,UNNAMED,,,-5,41,1946-11-26 06:00:00,1946-12-01 06:00:00,Unknown
1946335S06071,SI,1947,UNNAMED,,,-5,65,1946-12-01 06:00:00,1946-12-09 06:00:00,Unknown
1946337N11081,NI,1946,UNNAMED,,,-5,1,1946-12-03 03:00:00,1946-12-03 03:00:00,Unknown
1946337N11082,NI,1946,UNNAMED,,,-5,3,1946-12-02 18:00:00,1946-12-03 00:00:00,Unknown
1946340N11086,NI,1946,UNNAMED,,,-5,36,1946-12-05 18:00:00,1946-12-10 03:00:00,Unknown
1946340S06071,SI,1947,UNNAMED,,,-5,55,1946-12-05 18:00:00,1946-12-12 12:00:00,Unknown
1946341N06133,WP,1946,UNNAMED,,,-5,5,1946-12-06 12:00:00,1946-12-07 00:00:00,Unknown
1946349N09129,WP,1946,UNNAMED,,,-5,21,1946-12-14 12:00:00,1946-12-17 00:00:00,Unknown
1946351S14123,SI,1947,UNNAMED,,985.0,-5,31,1946-12-16 23:00:00,1946-12-19 07:00:00,Unknown
1946360S12053,SI,1947,UNNAMED,,,-5,41,1946-12-26 00:00:00,1946-12-31 00:00:00,Unknown
1947011S12063,SI,1947,UNNAMED,,,-5,65,1947-01-11 06:00:00,1947-01-19 06:00:00,Unknown
1947011S19051,SI,1947,UNNAMED,,,-5,25,1947-01-11 06:00:00,1947-01-14 06:00:00,Unknown
1947012S12063,SI,1947,UNNAMED,,,-5,35,1947-01-12 00:00:00,1947-01-16 06:00:00,Unknown
1947018S14059,SI,1947,UNNAMED,,,-5,41,1947-01-18 06:00:00,1947-01-23 06:00:00,Unknown
1947021S13064,SI,1947,UNNAMED,,,-5,57,1947-01-21 06:00:00,1947-01-28 06:00:00,Unknown
1947027S13064,SI,1947,UNNAMED,,,-5,37,1947-01-27 06:00:00,1947-01-31 18:00:00,Unknown
1947028S14059,SI,1947,UNNAMED,,,-5,33,1947-01-28 06:00:00,1947-02-01 06:00:00,Unknown
1947032S12065,SI,1947,UNNAMED,,,-5,65,1947-02-01 06:00:00,1947-02-09 06:00:00,Unknown
1947032S12070,SI,1947,UNNAMED,,,-5,9,1947-02-01 06:00:00,1947-02-02 06:00:00,Unknown
1947035S15121,SI,1947,UNNAMED,,970.0,-5,47,1947-02-03 23:00:00,1947-02-08 01:00:00,Unknown
1947036S15042,SI,1947,UNNAMED,,,-5,33,1947-02-05 06:00:00,1947-02-09 06:00:00,Unknown
1947036S19066,SI,1947,UNNAMED,,,-5,41,1947-02-05 06:00:00,1947-02-10 06:00:00,Unknown
1947041S16070,SI,1947,UNNAMED,,,-5,81,1947-02-09 12:00:00,1947-02-19 12:00:00,Unknown
1947042S20115,SI,1947,UNNAMED,,,-5,25,1947-02-11 06:00:00,1947-02-14 06:00:00,Unknown
1947056N06089,NI,1947,UNNAMED,,,-5,36,1947-02-24 18:00:00,1947-03-01 03:00:00,Unknown
1947064S15051,SI,1947,UNNAMED,,,-5,53,1947-03-04 18:00:00,1947-03-11 06:00:00,Unknown
1947070S16119,SI,1947,UNNAMED,,970.0,-5,43,1947-03-10 23:00:00,1947-03-15 01:00:00,Unknown
1947076S15122,SI,1947,UNNAMED,,992.0,-5,27,1947-03-16 23:00:00,1947-03-19 01:00:00,Unknown
1947078N06131,WP,1947,ANNA,,,0,11,1947-03-19 00:00:00,1947-03-20 06:00:00,Unknown
1947084S19105,SI,1947,UNNAMED,,,-5,14,1947-03-25 01:00:00,1947-03-26 12:00:00,Unknown
1947103N10075,NI,1947,UNNAMED,,,-5,44,1947-04-12 18:00:00,1947-04-18 03:00:00,Unknown
1947108N13096,NI,1947,UNNAMED,,,-5,12,1947-04-17 18:00:00,1947-04-19 03:00:00,Unknown
1947131N11111,WP,1947,UNNAMED,,,-5,5,1947-05-10 12:00:00,1947-05-11 00:00:00,Unknown
1947132N10111,WP,1947,UNNAMED,,,-5,13,1947-05-11 12:00:00,1947-05-13 00:00:00,Unknown
1947133N16138,WP,1947,BERNIDA,,,1,33,1947-05-13 00:00:00,1947-05-17 00:00:00,Unknown
1947137N21108,WP,1947,UNNAMED,,,-5,17,1947-05-17 00:00:00,1947-05-19 00:00:00,Unknown
1947161N21090,NI,1947,UNNAMED,,,-5,3,1947-06-09 18:00:00,1947-06-10 00:00:00,Unknown
1947168N11132,WP,1947,CAROL,,,3,47,1947-06-17 06:00:00,1947-06-23 00:00:00,Unknown
1947174N22120,WP,1947,UNNAMED,,,-5,5,1947-06-22 12:00:00,1947-06-23 00:00:00,Unknown
1947175N19090,NI,1947,UNNAMED,,,-5,44,1947-06-23 18:00:00,1947-06-29 03:00:00,Unknown
1947188N15137,WP,1947,DONNA,,,0,25,1947-07-06 12:00:00,1947-07-09 12:00:00,Unknown
1947191N19091,NI,1947,UNNAMED,,,-5,20,1947-07-09 18:00:00,1947-07-12 03:00:00,Unknown
1947195N13133,WP,1947,UNNAMED,,,-5,21,1947-07-13 12:00:00,1947-07-16 00:00:00,Unknown
1947196N20090,NI,1947,UNNAMED,,,-5,20,1947-07-14 18:00:00,1947-07-17 03:00:00,Unknown
1947198N17115,WP,1947,EILEEN,,,0,23,1947-07-17 06:00:00,1947-07-20 00:00:00,Unknown
1947207N18133,WP,1947,FAITH,,,0,41,1947-07-26 00:00:00,1947-07-31 00:00:00,Unknown
1947217N20136,WP,1947,GWEN,,,3,41,1947-08-04 12:00:00,1947-08-09 12:00:00,Unknown
1947223N16119,NI,1947,UNNAMED,,,-5,20,1947-08-14 15:00:00,1947-08-17 00:00:00,Unknown
1947223N16119,WP,1947,UNNAMED,,,-5,33,1947-08-10 12:00:00,1947-08-14 12:00:00,Unknown
1947224N18115,WP,1947,HELENA,,,1,19,1947-08-12 06:00:00,1947-08-14 12:00:00,Unknown
1947229N18115,WP,1947,UNNAMED,,,-5,21,1947-08-16 12:00:00,1947-08-19 00:00:00,Unknown
1947233N17087,NI,1947,UNNAMED,,,-5,60,1947-08-20 18:00:00,1947-08-28 03:00:00,Unknown
1947235N18114,WP,1947,UNNAMED,,,-5,17,1947-08-23 00:00:00,1947-08-25 00:00:00,Unknown
1947236N09138,WP,1947,INEZ,,,3,63,1947-08-23 12:00:00,1947-08-31 06:00:00,Unknown
1947239N19089,NI,1947,UNNAMED,,,-5,20,1947-08-26 18:00:00,1947-08-29 03:00:00,Unknown
1947245N22089,NI,1947,UNNAMED,,,-5,52,1947-09-01 18:00:00,1947-09-08 03:00:00,Unknown
1947248N13135,WP,1947,JOYCE,,,0,41,1947-09-05 00:00:00,1947-09-10 00:00:00,Unknown
1947254N17143,WP,1947,KATHLEEN,,,2,43,1947-09-10 12:00:00,1947-09-15 18:00:00,Unknown
1947257N25154,WP,1947,LAURA,,,2,33,1947-09-14 00:00:00,1947-09-18 00:00:00,Unknown
1947265N14127,WP,1947,MILDRED,,,1,25,1947-09-22 06:00:00,1947-09-25 06:00:00,Unknown
1947266N18072,NI,1947,UNNAMED,,,-5,28,1947-09-22 18:00:00,1947-09-26 03:00:00,Unknown
1947268N17088,NI,1947,UNNAMED,,,-5,36,1947-09-24 18:00:00,1947-09-29 03:00:00,Unknown
1947270N18118,WP,1947,UNNAMED,,,-5,13,1947-09-26 12:00:00,1947-09-28 00:00:00,Unknown
1947272N11132,WP,1947,UNNAMED,,,-5,5,1947-09-28 12:00:00,1947-09-29 00:00:00,Unknown
1947272N21133,WP,1947,NANETTE,,,2,39,1947-09-29 06:00:00,1947-10-04 00:00:00,Unknown
1947275N14142,WP,1947,PAULINE,,,3,55,1947-10-01 12:00:00,1947-10-08 06:00:00,Unknown
1947275N14155,WP,1947,OLIVE,,,3,29,1947-10-02 06:00:00,1947-10-05 18:00:00,Unknown
1947279N23145,WP,1947,ROSALIND,,,4,63,1947-10-06 06:00:00,1947-10-14 00:00:00,Unknown
1947286N11152,WP,1947,ALICE,,,4,67,1947-10-13 06:00:00,1947-10-21 12:00:00,Unknown
1947288N21090,NI,1947,UNNAMED,,,-5,3,1947-10-14 18:00:00,1947-10-15 00:00:00,Unknown
1947290N15141,WP,1947,BEATRICE,,,0,37,1947-10-16 12:00:00,1947-10-21 00:00:00,Unknown
1947294N09092,NI,1947,UNNAMED,,,-5,20,1947-10-20 18:00:00,1947-10-23 03:00:00,Unknown
1947302N11134,WP,1947,CATHY,,,3,55,1947-10-28 12:00:00,1947-11-04 06:00:00,Unknown
1947302N14087,NI,1947,UNNAMED,,,-5,3,1947-10-28 18:00:00,1947-10-29 00:00:00,Unknown
1947305N12097,NI,1947,UNNAMED,,,-5,44,1947-10-31 18:00:00,1947-11-06 03:00:00,Unknown
1947306N08140,WP,1947,DORA,,,3,67,1947-11-02 00:00:00,1947-11-10 06:00:00,Unknown
1947314N14130,WP,1947,ELNORA,,,0,23,1947-11-10 00:00:00,1947-11-12 18:00:00,Unknown
1947316N09141,WP,1947,FLORA,,,3,61,1947-11-12 00:00:00,1947-11-19 12:00:00,Unknown
1947316N17115,WP,1947,UNNAMED,,,-5,13,1947-11-11 12:00:00,1947-11-13 00:00:00,Unknown
1947321N07145,WP,1947,GLADYS,,,1,43,1947-11-17 06:00:00,1947-11-22 12:00:00,Unknown
1947326N24136,WP,1947,HANNAH,,,3,9,1947-11-22 06:00:00,1947-11-23 06:00:00,Unknown
1947334N10129,WP,1947,IRENE,,,0,31,1947-11-29 12:00:00,1947-12-03 06:00:00,Unknown
1947341N08108,WP,1947,UNNAMED,,,-5,5,1947-12-06 12:00:00,1947-12-07 00:00:00,Unknown
1947345N08092,NI,1947,UNNAMED,,,-5,36,1947-12-10 18:00:00,1947-12-15 03:00:00,Unknown
1947354N09086,NI,1947,UNNAMED,,,-5,20,1947-12-19 18:00:00,1947-12-22 03:00:00,Unknown
1947356N08141,WP,1947,JEAN,,,2,57,1947-12-22 00:00:00,1947-12-29 00:00:00,Unknown
1947362S15120,SI,1948,UNNAMED,,960.0,-5,38,1947-12-27 23:00:00,1947-12-31 01:00:00,Unknown
1948011N07147,WP,1948,KAREN,,,4,69,1948-01-11 06:00:00,1948-01-19 18:00:00,Unknown
1948014N11087,NI,1948,UNNAMED,,,-5,12,1948-01-13 18:00:00,1948-01-15 03:00:00,Unknown
1948018S12072,SI,1948,UNNAMED,,,-5,89,1948-01-18 06:00:00,1948-01-29 06:00:00,Unknown
1948033S11064,SI,1948,UNNAMED,,,-5,49,1948-02-02 06:00:00,1948-02-08 06:00:00,Unknown
1948041S13070,SI,1948,UNNAMED,,,-5,33,1948-02-10 06:00:00,1948-02-14 06:00:00,Unknown
1948044S21041,SI,1948,UNNAMED,,,-5,13,1948-02-12 12:00:00,1948-02-14 00:00:00,Unknown
1948049S15119,SI,1948,UNNAMED,,950.0,-5,60,1948-02-17 23:00:00,1948-02-23 01:00:00,Unknown
1948051S13134,SI,1948,UNNAMED,,996.0,-5,19,1948-02-19 23:30:00,1948-02-25 00:00:00,Unknown
1948069S15125,SI,1948,UNNAMED,,985.0,-5,38,1948-03-08 17:30:00,1948-03-11 23:00:00,Unknown
1948076S15043,SI,1948,UNNAMED,,,-5,33,1948-03-16 06:00:00,1948-03-20 06:00:00,Unknown
1948088S15067,SI,1948,UNNAMED,,,-5,41,1948-03-27 12:00:00,1948-04-01 12:00:00,Unknown
1948094N13093,NI,1948,UNNAMED,,,-5,20,1948-04-02 18:00:00,1948-04-05 03:00:00,Unknown
1948100S16125,SI,1948,UNNAMED,,1000.0,-5,60,1948-04-08 23:00:00,1948-04-14 01:00:00,Unknown
1948137N15093,NI,1948,UNNAMED,,,-5,20,1948-05-15 18:00:00,1948-05-18 03:00:00,Unknown
1948138N10138,WP,1948,LANA,,,1,35,1948-05-16 12:00:00,1948-05-20 18:00:00,Unknown
1948150N12130,WP,1948,MABEL,,,1,35,1948-05-29 00:00:00,1948-06-02 06:00:00,Unknown
1948157N17063,NI,1948,UNNAMED,,,-5,36,1948-06-04 18:00:00,1948-06-09 03:00:00,Unknown
1948160N23121,WP,1948,OPHELIA,,,0,29,1948-06-07 12:00:00,1948-06-11 00:00:00,Unknown
1948161N15138,WP,1948,NADINE,,,0,23,1948-06-09 00:00:00,1948-06-11 18:00:00,Unknown
1948164N16072,NI,1948,UNNAMED,,,-5,12,1948-06-11 18:00:00,1948-06-13 03:00:00,Unknown
1948176N20089,NI,1948,UNNAMED,,,-5,28,1948-06-23 18:00:00,1948-06-27 03:00:00,Unknown
1948183N11145,WP,1948,PEARL,,,2,59,1948-07-01 00:00:00,1948-07-08 06:00:00,Unknown
1948188N20088,NI,1948,UNNAMED,,,-5,20,1948-07-05 18:00:00,1948-07-08 03:00:00,Unknown
1948203N13128,WP,1948,UNNAMED,,,-5,29,1948-07-20 12:00:00,1948-07-24 00:00:00,Unknown
1948206N11129,WP,1948,ROSE,,,1,35,1948-07-23 18:00:00,1948-07-28 00:00:00,Unknown
1948209N20090,NI,1948,UNNAMED,,,-5,20,1948-07-26 18:00:00,1948-07-29 03:00:00,Unknown
1948217N30139,WP,1948,BERTHA,,,1,21,1948-08-04 06:00:00,1948-08-06 18:00:00,Unknown
1948221N19142,WP,1948,CHRIS,,,0,51,1948-08-08 00:00:00,1948-08-14 06:00:00,Unknown
1948223N18155,WP,1948,DOLORES,,,0,33,1948-08-10 00:00:00,1948-08-14 00:00:00,Unknown
1948225N18087,NI,1948,UNNAMED,,,-5,36,1948-08-11 18:00:00,1948-08-16 03:00:00,Unknown
1948233N18118,WP,1948,FLO,,,0,25,1948-08-20 00:00:00,1948-08-23 00:00:00,Unknown
1948236N21089,NI,1948,UNNAMED,,,-5,12,1948-08-22 18:00:00,1948-08-24 03:00:00,Unknown
1948240N14139,WP,1948,GERTRUDE,,,2,69,1948-08-26 12:00:00,1948-09-04 00:00:00,Unknown
1948246N15134,WP,1948,HAZEL,,,1,41,1948-09-02 06:00:00,1948-09-07 06:00:00,Unknown
1948255N14155,WP,1948,IONE,,,4,47,1948-09-11 06:00:00,1948-09-17 00:00:00,Unknown
1948255N17137,WP,1948,JACKIE,,,1,59,1948-09-11 00:00:00,1948-09-18 06:00:00,Unknown
1948263N17086,NI,1948,UNNAMED,,,-5,100,1948-09-18 18:00:00,1948-10-01 03:00:00,Unknown
1948268N15126,WP,1948,KIT,,,0,35,1948-09-24 00:00:00,1948-09-28 06:00:00,Unknown
1948271N17088,NI,1948,UNNAMED,,,-5,12,1948-09-26 18:00:00,1948-09-28 03:00:00,Unknown
1948273N11105,WP,1948,UNNAMED,,,-5,5,1948-09-28 12:00:00,1948-09-29 00:00:00,Unknown
1948273N24144,WP,1948,LIBBY,,,4,63,1948-09-29 06:00:00,1948-10-07 00:00:00,Unknown
1948275N11114,NI,1948,UNNAMED,,,-5,4,1948-10-04 15:00:00,1948-10-05 00:00:00,Unknown
1948275N11114,WP,1948,UNNAMED,,,-5,33,1948-09-30 12:00:00,1948-10-04 12:00:00,Unknown
1948276N20090,NI,1948,UNNAMED,,,-5,12,1948-10-01 18:00:00,1948-10-03 03:00:00,Unknown
1948278N22068,NI,1948,UNNAMED,,,-5,3,1948-10-03 18:00:00,1948-10-04 00:00:00,Unknown
1948278N23069,NI,1948,UNNAMED,,,-5,1,1948-10-04 03:00:00,1948-10-04 03:00:00,Unknown
1948278N25157,WP,1948,MARTHA,,,3,39,1948-10-04 00:00:00,1948-10-08 18:00:00,Unknown
1948280N16095,NI,1948,UNNAMED,,,-5,20,1948-10-05 18:00:00,1948-10-08 03:00:00,Unknown
1948285N23144,WP,1948,NORMA,,,0,13,1948-10-11 06:00:00,1948-10-12 18:00:00,Unknown
1948290N15120,WP,1948,OLGA,,,0,33,1948-10-15 18:00:00,1948-10-19 18:00:00,Unknown
1948294N08072,NI,1948,UNNAMED,,,-5,52,1948-10-19 18:00:00,1948-10-26 03:00:00,Unknown
1948294N14126,WP,1948,UNNAMED,,,-5,21,1948-10-19 12:00:00,1948-10-22 00:00:00,Unknown
1948301N16148,WP,1948,PAT,,,0,37,1948-10-27 06:00:00,1948-10-31 18:00:00,Unknown
1948303N09091,NI,1948,UNNAMED,,,-5,44,1948-10-28 18:00:00,1948-11-03 03:00:00,Unknown
1948306N06111,WP,1948,UNNAMED,,,-5,29,1948-10-31 12:00:00,1948-11-04 00:00:00,Unknown
1948307N13147,WP,1948,RITA,,,3,77,1948-11-01 12:00:00,1948-11-11 00:00:00,Unknown
1948318N11152,WP,1948,AGNES,,,2,61,1948-11-13 00:00:00,1948-11-20 12:00:00,Unknown
1948323N10071,NI,1948,UNNAMED,,,-5,44,1948-11-17 18:00:00,1948-11-23 03:00:00,Unknown
1948334N09128,WP,1948,UNNAMED,,,0,31,1948-11-29 00:00:00,1948-12-02 18:00:00,Unknown
1948336S12131,SI,1949,UNNAMED,,995.0,-5,25,1948-11-30 23:00:00,1948-12-03 00:00:00,Unknown
1948337N09149,WP,1948,BEVERLY,,,1,65,1948-12-02 06:00:00,1948-12-10 06:00:00,Unknown
1948337S13127,SI,1949,UNNAMED,,,-5,1,1948-12-02 00:00:00,1948-12-02 00:00:00,Unknown
1948347N08136,WP,1948,UNNAMED,,,0,31,1948-12-12 06:00:00,1948-12-16 00:00:00,Unknown
1948349S06069,SI,1949,UNNAMED,,,-5,105,1948-12-14 06:00:00,1948-12-27 06:00:00,Unknown
1948360S08071,SI,1949,UNNAMED,,,-5,137,1948-12-25 06:00:00,1949-01-11 06:00:00,Unknown
1949005S13043,SI,1949,UNNAMED,,,-5,41,1949-01-05 06:00:00,1949-01-10 06:00:00,Unknown
1949013N06140,WP,1949,CARMEN,,,2,97,1949-01-13 00:00:00,1949-01-25 00:00:00,Unknown
1949021S21115,SI,1949,UNNAMED,,,-5,25,1949-01-21 06:00:00,1949-01-24 06:00:00,Unknown
1949024S20114,SI,1949,UNNAMED,,1000.0,-5,24,1949-01-24 01:00:00,1949-01-26 07:00:00,Unknown
1949027S22115,SI,1949,UNNAMED,,,-5,13,1949-01-26 12:00:00,1949-01-28 00:00:00,Unknown
1949031S10059,SI,1949,UNNAMED,,,-5,21,1949-01-30 18:00:00,1949-02-02 06:00:00,Unknown
1949042S20109,SI,1949,UNNAMED,,990.0,-5,61,1949-02-11 01:00:00,1949-02-18 06:00:00,Unknown
1949042S22115,SI,1949,UNNAMED,,,-5,13,1949-02-10 12:00:00,1949-02-12 00:00:00,Unknown
1949046S14056,SI,1949,UNNAMED,,,-5,105,1949-02-15 06:00:00,1949-02-28 06:00:00,Unknown
1949062S13056,SI,1949,UNNAMED,,,-5,49,1949-03-03 06:00:00,1949-03-09 06:00:00,Unknown
1949077S15123,SI,1949,UNNAMED,,970.0,-5,95,1949-03-17 23:00:00,1949-03-26 13:00:00,Unknown
1949080S18115,SI,1949,UNNAMED,,,-5,41,1949-03-21 06:00:00,1949-03-26 06:00:00,Unknown
1949087S16060,SI,1949,UNNAMED,,,-5,65,1949-03-28 06:00:00,1949-04-05 06:00:00,Unknown
1949094S11059,SI,1949,UNNAMED,,,-5,25,1949-04-04 06:00:00,1949-04-07 06:00:00,Unknown
1949106S11066,SI,1949,UNNAMED,,,-5,17,1949-04-16 06:00:00,1949-04-18 06:00:00,Unknown
1949112N11089,NI,1949,UNNAMED,,,-5,12,1949-04-21 18:00:00,1949-04-23 03:00:00,Unknown
1949122S23105,SI,1949,UNNAMED,,,-5,21,1949-05-01 12:00:00,1949-05-04 00:00:00,Unknown
1949125N08125,WP,1949,UNNAMED,,,-5,45,1949-05-04 12:00:00,1949-05-10 00:00:00,Unknown
1949131S24105,SI,1949,UNNAMED,,,-5,33,1949-05-11 06:00:00,1949-05-15 06:00:00,Unknown
1949141N11084,NI,1949,UNNAMED,,,-5,12,1949-05-20 18:00:00,1949-05-22 03:00:00,Unknown
1949149N20091,NI,1949,UNNAMED,,,-5,3,1949-05-28 18:00:00,1949-05-29 00:00:00,Unknown
1949149N21093,NI,1949,UNNAMED,,,-5,1,1949-05-29 03:00:00,1949-05-29 03:00:00,Unknown
1949150N17070,NI,1949,UNNAMED,,,-5,12,1949-05-29 18:00:00,1949-05-31 03:00:00,Unknown
1949153S21060,SI,1949,UNNAMED,,,-5,33,1949-06-02 06:00:00,1949-06-06 06:00:00,Unknown
1949159N20088,NI,1949,UNNAMED,,,-5,52,1949-06-07 18:00:00,1949-06-14 03:00:00,Unknown
1949161S23105,SI,1949,UNNAMED,,,-5,21,1949-06-09 12:00:00,1949-06-12 00:00:00,Unknown
1949163N07145,WP,1949,DELLA,,,3,99,1949-06-12 00:00:00,1949-06-24 06:00:00,Unknown
1949171N21122,WP,1949,UNNAMED,,,-5,19,1949-06-20 06:00:00,1949-06-22 12:00:00,Unknown
1949181N06140,WP,1949,ELAINE,,,0,93,1949-06-30 00:00:00,1949-07-11 12:00:00,Unknown
1949192N19142,WP,1949,FAYE,,,2,69,1949-07-10 18:00:00,1949-07-19 06:00:00,Unknown
1949194N19086,NI,1949,UNNAMED,,,-5,20,1949-07-12 18:00:00,1949-07-15 03:00:00,Unknown
1949199N11139,WP,1949,GLORIA,,,3,73,1949-07-18 00:00:00,1949-07-27 00:00:00,Unknown
1949200N12156,WP,1949,HESTER,,,3,83,1949-07-19 00:00:00,1949-07-29 06:00:00,Unknown
1949206N18114,WP,1949,IRMA,,,0,49,1949-07-24 18:00:00,1949-07-30 18:00:00,Unknown
1949209N24121,WP,1949,IRMA,,,-5,7,1949-07-28 06:00:00,1949-07-29 00:00:00,Unknown
1949211N07139,WP,1949,UNNAMED,,,-5,41,1949-07-30 06:00:00,1949-08-04 06:00:00,Unknown
1949211N20143,WP,1949,UNNAMED,,,-5,79,1949-07-29 18:00:00,1949-08-08 12:00:00,Unknown
1949213N20088,NI,1949,UNNAMED,,,-5,16,1949-08-01 06:00:00,1949-08-03 03:00:00,Unknown
1949218N18114,WP,1949,UNNAMED,,,-5,27,1949-08-06 06:00:00,1949-08-09 12:00:00,Unknown
1949219N07134,WP,1949,JUDITH,,,2,99,1949-08-07 00:00:00,1949-08-19 06:00:00,Unknown
1949219N26129,WP,1949,UNNAMED,,,-5,21,1949-08-07 06:00:00,1949-08-09 18:00:00,Unknown
1949222N25133,WP,1949,UNNAMED,,,-5,21,1949-08-09 18:00:00,1949-08-12 06:00:00,Unknown
1949231N35140,WP,1949,JUDITH,,,-5,51,1949-08-19 00:00:00,1949-08-25 06:00:00,Unknown
1949232N07141,WP,1949,UNNAMED,,,-5,33,1949-08-20 00:00:00,1949-08-24 00:00:00,Unknown
1949239N21155,WP,1949,KITTY,,,3,55,1949-08-27 00:00:00,1949-09-02 18:00:00,Unknown
1949243N17145,WP,1949,LISE,,,4,77,1949-08-31 00:00:00,1949-09-09 12:00:00,Unknown
1949245N18126,WP,1949,UNNAMED,,,0,57,1949-09-02 00:00:00,1949-09-09 00:00:00,Unknown
1949245N20152,WP,1949,MADELINE,,,1,45,1949-09-02 00:00:00,1949-09-07 12:00:00,Unknown
1949246N19134,WP,1949,UNNAMED,,,-5,17,1949-09-03 00:00:00,1949-09-05 00:00:00,Unknown
1949250N18087,NI,1949,UNNAMED,,,-5,12,1949-09-06 18:00:00,1949-09-08 03:00:00,Unknown
1949252N17143,WP,1949,NELLY,,,2,57,1949-09-08 12:00:00,1949-09-15 12:00:00,Unknown
1949256N20088,NI,1949,UNNAMED,,,-5,52,1949-09-12 18:00:00,1949-09-19 03:00:00,Unknown
1949259N15142,WP,1949,UNNAMED,,,-5,75,1949-09-15 18:00:00,1949-09-25 00:00:00,Unknown
1949261N11116,WP,1949,UNNAMED,,,0,35,1949-09-17 18:00:00,1949-09-22 00:00:00,Unknown
1949262N16092,NI,1949,UNNAMED,,,-5,36,1949-09-18 18:00:00,1949-09-23 03:00:00,Unknown
1949264N16154,WP,1949,UNNAMED,,,0,53,1949-09-21 06:00:00,1949-09-27 18:00:00,Unknown
1949266N34135,WP,1949,UNNAMED,,,-5,21,1949-09-22 12:00:00,1949-09-25 00:00:00,Unknown
1949270N15134,WP,1949,UNNAMED,,,-5,31,1949-09-26 18:00:00,1949-09-30 12:00:00,Unknown
1949272N07138,WP,1949,OMELIA,,,1,49,1949-09-29 00:00:00,1949-10-05 00:00:00,Unknown
1949281N18089,NI,1949,UNNAMED,,,-5,12,1949-10-07 18:00:00,1949-10-09 03:00:00,Unknown
1949288N13137,WP,1949,UNNAMED,,,-5,83,1949-10-15 00:00:00,1949-10-25 06:00:00,Unknown
1949293N12142,WP,1949,PATRICIA,,,4,79,1949-10-20 00:00:00,1949-10-29 18:00:00,Unknown
1949294N10095,NI,1949,UNNAMED,,,-5,76,1949-10-20 18:00:00,1949-10-30 03:00:00,Unknown
1949303N07132,WP,1949,UNNAMED,,,0,47,1949-10-30 00:00:00,1949-11-04 18:00:00,Unknown
1949308N07137,WP,1949,UNNAMED,,,-5,45,1949-11-04 00:00:00,1949-11-09 12:00:00,Unknown
1949313N06137,WP,1949,RENA,,,0,53,1949-11-08 18:00:00,1949-11-15 06:00:00,Unknown
1949317N09158,WP,1949,ALLYN,,,4,102,1949-11-13 00:00:00,1949-11-25 15:00:00,Unknown
1949335N06138,WP,1949,BETTY,,,0,75,1949-12-01 00:00:00,1949-12-10 06:00:00,Unknown
1949341N10142,WP,1949,CAMILLA,,,2,67,1949-12-06 18:00:00,1949-12-15 00:00:00,Unknown
1950004S11059,SI,1950,UNNAMED,,,-5,81,1950-01-04 06:00:00,1950-01-14 06:00:00,Unknown
1950026S12129,SI,1950,UNNAMED,,990.0,-5,71,1950-01-25 23:30:00,1950-02-01 01:00:00,Unknown
1950026S19069,SI,1950,UNNAMED,,,-5,17,1950-01-26 06:00:00,1950-01-28 06:00:00,Unknown
1950030S21039,SI,1950,UNNAMED,,,-5,17,1950-01-30 06:00:00,1950-02-01 06:00:00,Unknown
1950033S10068,SI,1950,UNNAMED,,,-5,57,1950-02-02 06:00:00,1950-02-09 06:00:00,Unknown
1950040S12065,SI,1950,UNNAMED,,,-5,65,1950-02-09 06:00:00,1950-02-17 06:00:00,Unknown
1950048S13070,SI,1950,UNNAMED,,,-5,21,1950-02-16 18:00:00,1950-02-19 06:00:00,Unknown
1950058S18113,SI,1950,UNNAMED,,,-5,31,1950-02-26 23:00:00,1950-03-01 23:00:00,Unknown
1950058S20114,SI,1950,UNNAMED,,960.0,-5,19,1950-02-27 01:00:00,1950-03-01 01:00:00,Unknown
1950098N05083,NI,1950,UNNAMED,,,-5,36,1950-04-07 18:00:00,1950-04-12 03:00:00,Unknown
1950101N16170,WP,1950,UNNAMED,,,-5,37,1950-04-10 18:00:00,1950-04-15 06:00:00,Unknown
1950108S10055,SI,1950,UNNAMED,,,-5,41,1950-04-18 06:00:00,1950-04-23 06:00:00,Unknown
1950126N09151,WP,1950,DORIS,,,4,79,1950-05-06 00:00:00,1950-05-15 18:00:00,Unknown
1950143N08093,NI,1950,UNNAMED,,,-5,36,1950-05-22 18:00:00,1950-05-27 03:00:00,Unknown
1950156N20116,WP,1950,UNNAMED,,,0,45,1950-06-05 00:00:00,1950-06-10 12:00:00,Unknown
1950160N19091,NI,1950,UNNAMED,,,-5,28,1950-06-08 18:00:00,1950-06-12 03:00:00,Unknown
1950174N19127,WP,1950,ELSIE,,,1,45,1950-06-22 12:00:00,1950-06-28 00:00:00,Unknown
1950174N20089,NI,1950,UNNAMED,,,-5,28,1950-06-22 18:00:00,1950-06-26 03:00:00,Unknown
1950180N19113,WP,1950,UNNAMED,,,-5,5,1950-06-28 12:00:00,1950-06-29 00:00:00,Unknown
1950187N18120,WP,1950,UNNAMED,,,-5,25,1950-07-06 06:00:00,1950-07-09 06:00:00,Unknown
1950191N12149,WP,1950,UNNAMED,,,-5,51,1950-07-09 12:00:00,1950-07-15 18:00:00,Unknown
1950192N20088,NI,1950,UNNAMED,,,-5,12,1950-07-10 18:00:00,1950-07-12 03:00:00,Unknown
1950192N25079,NI,1950,UNNAMED,,,-5,28,1950-07-10 18:00:00,1950-07-14 03:00:00,Unknown
1950195N17139,WP,1950,GRACE,,,1,40,1950-07-13 12:00:00,1950-07-18 09:00:00,Unknown
1950196N21144,WP,1950,FLOSSIE:GRACE,,,0,61,1950-07-15 06:00:00,1950-07-22 18:00:00,Unknown
1950204N22123,WP,1950,UNNAMED,,,-5,15,1950-07-22 12:00:00,1950-07-24 06:00:00,Unknown
1950205N21131,WP,1950,UNNAMED,,,-5,27,1950-07-24 00:00:00,1950-07-27 06:00:00,Unknown
1950206N21089,NI,1950,UNNAMED,,,-5,36,1950-07-24 18:00:00,1950-07-29 03:00:00,Unknown
1950206N22143,WP,1950,HELENE,,,0,75,1950-07-24 18:00:00,1950-08-03 00:00:00,Unknown
1950207N21115,WP,1950,UNNAMED,,,-5,17,1950-07-26 00:00:00,1950-07-28 00:00:00,Unknown
1950213N24139,WP,1950,UNNAMED,,,-5,25,1950-08-01 00:00:00,1950-08-04 00:00:00,Unknown
1950213N25128,WP,1950,UNNAMED,,,-5,23,1950-08-01 06:00:00,1950-08-04 00:00:00,Unknown
1950214N21139,WP,1950,UNNAMED,,,-5,29,1950-08-02 00:00:00,1950-08-05 12:00:00,Unknown
1950215N25087,NI,1950,UNNAMED,,,-5,28,1950-08-02 18:00:00,1950-08-06 03:00:00,Unknown
1950216N26142,WP,1950,UNNAMED,,,-5,29,1950-08-03 18:00:00,1950-08-07 06:00:00,Unknown
1950220N30142,WP,1950,UNNAMED,,,-5,53,1950-08-08 00:00:00,1950-08-14 12:00:00,Unknown
1950221N19124,WP,1950,IDA,,,1,103,1950-08-09 00:00:00,1950-08-21 18:00:00,Unknown
1950221N21089,NI,1950,UNNAMED,,,-5,44,1950-08-08 18:00:00,1950-08-14 03:00:00,Unknown
1950221N21122,WP,1950,UNNAMED,,,-5,13,1950-08-09 06:00:00,1950-08-10 18:00:00,Unknown
1950221N29145,WP,1950,UNNAMED,,,-5,15,1950-08-08 12:00:00,1950-08-10 06:00:00,Unknown
1950222N22161,WP,1950,UNNAMED,,,-5,49,1950-08-10 00:00:00,1950-08-16 00:00:00,Unknown
1950222N25140,WP,1950,UNNAMED,,,-5,37,1950-08-09 18:00:00,1950-08-14 06:00:00,Unknown
1950225N18149,WP,1950,IDA,,,-5,9,1950-08-12 18:00:00,1950-08-13 18:00:00,Unknown
1950226N26124,WP,1950,UNNAMED,,,-5,85,1950-08-13 18:00:00,1950-08-24 06:00:00,Unknown
1950227N20207,WP,1950,UNNAMED,,,-5,54,1950-08-23 09:00:00,1950-08-30 00:00:00,Unknown
1950241N23140,WP,1950,JANE,,,3,69,1950-08-29 06:00:00,1950-09-06 18:00:00,Unknown
1950244N26079,NI,1950,UNNAMED,,,-5,12,1950-08-31 18:00:00,1950-09-02 03:00:00,Unknown
1950247N15145,WP,1950,KEZIA,,,3,97,1950-09-04 06:00:00,1950-09-16 06:00:00,Unknown
1950249N15115,WP,1950,UNNAMED,,,-5,25,1950-09-06 00:00:00,1950-09-09 00:00:00,Unknown
1950252N15085,NI,1950,UNNAMED,,,-5,20,1950-09-08 18:00:00,1950-09-11 03:00:00,Unknown
1950255N13115,WP,1950,UNNAMED,,,-5,13,1950-09-11 12:00:00,1950-09-13 00:00:00,Unknown
1950255N14153,WP,1950,LUCRETIA:NANCY,,,0,61,1950-09-11 18:00:00,1950-09-19 06:00:00,Unknown
1950255N21090,NI,1950,UNNAMED,,,-5,60,1950-09-11 18:00:00,1950-09-19 03:00:00,Unknown
1950256N14137,WP,1950,MISSATHA,,,0,65,1950-09-12 18:00:00,1950-09-20 18:00:00,Unknown
1950257N23138,WP,1950,UNNAMED,,,-5,29,1950-09-14 00:00:00,1950-09-17 12:00:00,Unknown
1950265N19088,NI,1950,UNNAMED,,,-5,12,1950-09-21 18:00:00,1950-09-23 03:00:00,Unknown
1950269N05153,WP,1950,OSSIA,,,3,91,1950-09-25 18:00:00,1950-10-07 00:00:00,Unknown
1950270N19114,WP,1950,UNNAMED,,,-5,17,1950-09-26 12:00:00,1950-09-28 12:00:00,Unknown
1950273N18117,WP,1950,UNNAMED,,,-5,13,1950-09-29 12:00:00,1950-10-01 00:00:00,Unknown
1950284N16117,WP,1950,UNNAMED,,,-5,33,1950-10-11 06:00:00,1950-10-15 06:00:00,Unknown
1950286N14148,WP,1950,UNNAMED,,,-5,35,1950-10-12 18:00:00,1950-10-17 00:00:00,Unknown
1950288S08075,SI,1951,UNNAMED,,,-5,49,1950-10-15 06:00:00,1950-10-21 06:00:00,Unknown
1950290N12082,NI,1950,UNNAMED,,,-5,44,1950-10-16 18:00:00,1950-10-22 03:00:00,Unknown
1950291N20146,WP,1950,PETIE,,,2,53,1950-10-17 18:00:00,1950-10-24 06:00:00,Unknown
1950297N10138,WP,1950,UNNAMED,,,-5,57,1950-10-24 00:00:00,1950-10-31 00:00:00,Unknown
1950299N12145,WP,1950,UNNAMED,,,-5,17,1950-10-26 06:00:00,1950-10-28 06:00:00,Unknown
1950301N09138,WP,1950,RUBY,,,3,67,1950-10-27 12:00:00,1950-11-04 18:00:00,Unknown
1950305N12145,WP,1950,CLARA,,,4,119,1950-11-01 00:00:00,1950-11-15 18:00:00,Unknown
1950308N13151,WP,1950,BILLIE,,,1,55,1950-11-04 06:00:00,1950-11-11 00:00:00,Unknown
1950320N11084,NI,1950,UNNAMED,,,-5,28,1950-11-15 18:00:00,1950-11-19 03:00:00,Unknown
1950322N06138,WP,1950,DELILAH,,,0,57,1950-11-18 06:00:00,1950-11-25 06:00:00,Unknown
1950323N09107,WP,1950,UNNAMED,,,-5,17,1950-11-19 00:00:00,1950-11-21 00:00:00,Unknown
1950335S09074,SI,1951,UNNAMED,,,-5,57,1950-12-01 06:00:00,1950-12-08 06:00:00,Unknown
1950336N07086,NI,1950,UNNAMED,,,-5,32,1950-12-01 18:00:00,1950-12-05 15:00:00,Unknown
1950343S12134,SI,1951,UNNAMED,,992.0,-5,75,1950-12-09 11:00:00,1950-12-16 01:00:00,Unknown
1950345N06172,WP,1950,ELLEN,,,-5,21,1950-12-11 06:00:00,1950-12-13 18:00:00,Unknown
1950352S09063,SI,1951,UNNAMED,,,-5,83,1950-12-18 06:00:00,1950-12-28 12:00:00,Unknown
1950360N10141,WP,1950,FRAN,,,1,51,1950-12-26 06:00:00,1951-01-01 12:00:00,Unknown
1951006S17052,SI,1951,UNNAMED,,,-5,25,1951-01-06 06:00:00,1951-01-09 06:00:00,Unknown
1951008S07074,SI,1951,UNNAMED,,,-5,207,1951-01-08 06:00:00,1951-02-03 00:00:00,Unknown
1951009S16140,SI,1951,UNNAMED,,994.0,-5,26,1951-01-14 06:00:00,1951-01-16 18:00:00,Unknown
1951011S13055,SI,1951,UNNAMED,,,-5,133,1951-01-11 06:00:00,1951-01-27 18:00:00,Unknown
1951020S18054,SI,1951,UNNAMED,,,-5,9,1951-01-20 06:00:00,1951-01-21 06:00:00,Unknown
1951033S14100,SI,1951,UNNAMED,,994.0,-5,21,1951-02-02 01:00:00,1951-02-04 01:00:00,Unknown
1951034S11062,SI,1951,UNNAMED,,,-5,33,1951-02-03 06:00:00,1951-02-07 06:00:00,Unknown
1951037S07074,SI,1951,UNNAMED,,,-5,49,1951-02-06 06:00:00,1951-02-12 06:00:00,Unknown
1951038S11099,SI,1951,UNNAMED,,998.0,-5,41,1951-02-07 01:00:00,1951-02-11 01:00:00,Unknown
1951045S16123,SI,1951,UNNAMED,,990.0,-5,55,1951-02-14 01:00:00,1951-02-18 23:00:00,Unknown
1951046S11061,SI,1951,UNNAMED,,,-5,129,1951-02-15 06:00:00,1951-03-03 06:00:00,Unknown
1951050N20139,WP,1951,UNNAMED,,990.0,-5,19,1951-02-19 06:00:00,1951-02-21 12:00:00,Unknown
1951057S15121,SI,1951,UNNAMED,,980.0,-5,77,1951-02-26 01:00:00,1951-03-05 01:00:00,Unknown
1951077N06158,WP,1951,GEORGIA,,970.0,4,73,1951-03-18 06:00:00,1951-03-27 06:00:00,Unknown
1951093S15054,SI,1951,UNNAMED,,,-5,41,1951-04-02 12:00:00,1951-04-07 12:00:00,Unknown
1951105N08069,NI,1951,UNNAMED,,,-5,60,1951-04-14 18:00:00,1951-04-22 03:00:00,Unknown
1951105N08152,WP,1951,HOPE,,980.0,1,71,1951-04-15 00:00:00,1951-04-23 18:00:00,Unknown
1951119N06145,WP,1951,IRIS,,909.0,5,131,1951-04-28 12:00:00,1951-05-14 18:00:00,Unknown
1951124N04167,WP,1951,JOAN,,980.0,1,108,1951-05-03 12:00:00,1951-05-16 21:00:00,Unknown
1951132N18111,WP,1951,UNNAMED,,,-5,19,1951-05-12 00:00:00,1951-05-14 06:00:00,Unknown
1951155N18088,NI,1951,UNNAMED,,,-5,12,1951-06-03 18:00:00,1951-06-05 03:00:00,Unknown
1951162N18068,NI,1951,UNNAMED,,,-5,12,1951-06-10 18:00:00,1951-06-12 03:00:00,Unknown
1951169N18117,WP,1951,UNNAMED,,,-5,39,1951-06-17 12:00:00,1951-06-22 06:00:00,Unknown
1951177N12136,WP,1951,KATE,,975.0,3,65,1951-06-25 12:00:00,1951-07-03 12:00:00,Unknown
1951177N20088,NI,1951,UNNAMED,,,-5,3,1951-06-25 18:00:00,1951-06-26 00:00:00,Unknown
1951181N21122,WP,1951,UNNAMED,,992.0,-5,77,1951-06-30 06:00:00,1951-07-09 18:00:00,Unknown
1951202N12104,NI,1951,UNNAMED,,,-5,25,1951-07-22 00:00:00,1951-07-25 00:00:00,Unknown
1951202N12104,WP,1951,UNNAMED,,,-5,8,1951-07-21 00:00:00,1951-07-21 21:00:00,Unknown
1951202N18086,NI,1951,UNNAMED,,,-5,3,1951-07-20 18:00:00,1951-07-21 00:00:00,Unknown
1951203N08136,WP,1951,UNNAMED,,,-5,35,1951-07-22 00:00:00,1951-07-26 06:00:00,Unknown
1951203N22144,WP,1951,UNNAMED,,1005.0,-5,33,1951-07-22 00:00:00,1951-07-26 00:00:00,Unknown
1951204N26153,WP,1951,UNNAMED,,,-5,47,1951-07-23 06:00:00,1951-07-29 00:00:00,Unknown
1951205N17089,NI,1951,UNNAMED,,,-5,36,1951-07-23 18:00:00,1951-07-28 03:00:00,Unknown
1951206N11145,WP,1951,LOUISE,,904.0,4,87,1951-07-25 06:00:00,1951-08-05 00:00:00,Unknown
1951211N20087,NI,1951,UNNAMED,,,-5,12,1951-07-29 18:00:00,1951-07-31 03:00:00,Unknown
1951215N10135,WP,1951,UNNAMED,,,-5,33,1951-08-02 18:00:00,1951-08-06 18:00:00,Unknown
1951216N20087,NI,1951,UNNAMED,,,-5,1,1951-08-04 03:00:00,1951-08-04 03:00:00,Unknown
1951216N20088,NI,1951,UNNAMED,,,-5,3,1951-08-03 18:00:00,1951-08-04 00:00:00,Unknown
1951217N14114,WP,1951,UNNAMED,,,-5,25,1951-08-05 06:00:00,1951-08-08 06:00:00,Unknown
1951221N10136,WP,1951,UNNAMED,,989.0,-5,83,1951-08-09 00:00:00,1951-08-19 06:00:00,Unknown
1951223N11148,WP,1951,MARGE,,886.0,3,115,1951-08-10 12:00:00,1951-08-24 18:00:00,Unknown
1951228N20090,NI,1951,UNNAMED,,,-5,12,1951-08-15 18:00:00,1951-08-17 03:00:00,Unknown
1951232N18151,WP,1951,UNNAMED,,,-5,35,1951-08-19 18:00:00,1951-08-24 00:00:00,Unknown
1951239N11144,WP,1951,NORA,,970.0,3,65,1951-08-27 00:00:00,1951-09-04 00:00:00,Unknown
1951243N20089,NI,1951,UNNAMED,,,-5,3,1951-08-30 18:00:00,1951-08-31 00:00:00,Unknown
1951243N22087,NI,1951,UNNAMED,,,-5,1,1951-08-31 03:00:00,1951-08-31 03:00:00,Unknown
1951246N14120,NI,1951,UNNAMED,,,-5,41,1951-09-08 03:00:00,1951-09-13 03:00:00,Unknown
1951246N14120,WP,1951,UNNAMED,,,-5,45,1951-09-02 12:00:00,1951-09-08 00:00:00,Unknown
1951250N21148,WP,1951,UNNAMED,,,-5,49,1951-09-07 00:00:00,1951-09-13 00:00:00,Unknown
1951255N08148,WP,1951,ORA,,970.0,2,85,1951-09-11 18:00:00,1951-09-22 06:00:00,Unknown
1951263N08137,WP,1951,PAT,,980.0,2,111,1951-09-20 00:00:00,1951-10-03 18:00:00,Unknown
1951272N20274,NI,1951,HOW,,,-4,5,1951-10-11 06:00:00,1951-10-11 18:00:00,Unknown
1951277N11113,WP,1951,UNNAMED,,,-5,29,1951-10-03 12:00:00,1951-10-07 00:00:00,Unknown
1951281N11147,WP,1951,RUTH,,924.0,4,103,1951-10-07 12:00:00,1951-10-20 06:00:00,Unknown
1951284N19087,NI,1951,UNNAMED,,,-5,3,1951-10-10 18:00:00,1951-10-11 00:00:00,Unknown
1951292N16114,WP,1951,UNNAMED,,,-5,5,1951-10-18 12:00:00,1951-10-19 00:00:00,Unknown
1951295N21152,WP,1951,SARAH,,960.0,3,52,1951-10-22 00:00:00,1951-10-28 09:00:00,Unknown
1951300N13155,WP,1951,THELMA,,950.0,4,50,1951-10-26 12:00:00,1951-11-01 15:00:00,Unknown
1951301N16128,WP,1951,VERA,,980.0,0,45,1951-10-28 06:00:00,1951-11-02 18:00:00,Unknown
1951316N08063,NI,1951,UNNAMED,,,-5,52,1951-11-11 18:00:00,1951-11-18 03:00:00,Unknown
1951321N09143,WP,1951,WANDA,,985.0,2,81,1951-11-16 12:00:00,1951-11-26 12:00:00,Unknown
1951321S06073,SI,1952,UNNAMED,,,-5,105,1951-11-17 06:00:00,1951-11-30 06:00:00,Unknown
1951328N11085,NI,1951,UNNAMED,,,-5,12,1951-11-23 18:00:00,1951-11-25 03:00:00,Unknown
1951329N11149,WP,1951,UNNAMED,,,-5,49,1951-11-25 00:00:00,1951-12-01 00:00:00,Unknown
1951330S06074,SI,1952,UNNAMED,,,-5,81,1951-11-26 06:00:00,1951-12-06 06:00:00,Unknown
1951337N09150,WP,1951,AMY,,950.0,4,129,1951-12-03 00:00:00,1951-12-19 00:00:00,Unknown
1951340N08090,NI,1951,UNNAMED,,,-5,60,1951-12-05 18:00:00,1951-12-13 03:00:00,Unknown
1951344N09143,WP,1951,BABS,,980.0,3,59,1951-12-10 00:00:00,1951-12-17 06:00:00,Unknown
1951363S08065,SI,1952,UNNAMED,,,-5,89,1951-12-29 06:00:00,1952-01-09 06:00:00,Unknown
1952005S09073,SI,1952,UNNAMED,,,-5,97,1952-01-05 06:00:00,1952-01-17 06:00:00,Unknown
1952011S14042,SI,1952,UNNAMED,,,-5,89,1952-01-11 06:00:00,1952-01-22 06:00:00,Unknown
1952015S11096,SI,1952,UNNAMED,,,-5,17,1952-01-15 06:00:00,1952-01-17 06:00:00,Unknown
1952018S15114,SI,1952,UNNAMED,,975.0,-5,61,1952-01-17 23:00:00,1952-01-23 01:00:00,Unknown
1952034S14055,SI,1952,UNNAMED,,,-5,49,1952-02-03 06:00:00,1952-02-09 06:00:00,Unknown
1952037S24060,SI,1952,UNNAMED,,,-5,25,1952-02-06 06:00:00,1952-02-09 06:00:00,Unknown
1952051S09057,SI,1952,UNNAMED,,,-5,41,1952-02-20 06:00:00,1952-02-25 06:00:00,Unknown
1952056S19115,SI,1952,UNNAMED,,980.0,-5,27,1952-02-24 23:00:00,1952-02-27 01:00:00,Unknown
1952072S17042,SI,1952,UNNAMED,,,-5,97,1952-03-12 06:00:00,1952-03-24 06:00:00,Unknown
1952072S19042,SI,1952,UNNAMED,,,-5,65,1952-03-12 06:00:00,1952-03-20 06:00:00,Unknown
1952074S15056,SI,1952,UNNAMED,,,-5,49,1952-03-14 06:00:00,1952-03-20 06:00:00,Unknown
1952098S17096,SI,1952,UNNAMED,,1000.0,-5,11,1952-04-07 01:00:00,1952-04-08 01:00:00,Unknown
1952104S09044,SI,1952,UNNAMED,,,-5,25,1952-04-13 06:00:00,1952-04-16 06:00:00,Unknown
1952125N07137,WP,1952,UNNAMED,,,-5,29,1952-05-03 12:00:00,1952-05-07 00:00:00,Unknown
1952131S08072,SI,1952,UNNAMED,,,-5,145,1952-05-10 06:00:00,1952-05-28 06:00:00,Unknown
1952137N10093,NI,1952,UNNAMED,,,-5,12,1952-05-15 18:00:00,1952-05-17 03:00:00,Unknown
1952141N12084,NI,1952,UNNAMED,,,-5,28,1952-05-19 18:00:00,1952-05-23 03:00:00,Unknown
1952162N15118,WP,1952,CHARLOTTE,,960.0,2,69,1952-06-09 12:00:00,1952-06-18 00:00:00,Unknown
1952171N12130,WP,1952,DINAH,,960.0,1,62,1952-06-19 00:00:00,1952-06-26 15:00:00,Unknown
1952176N21090,NI,1952,UNNAMED,,,-5,28,1952-06-23 18:00:00,1952-06-27 03:00:00,Unknown
1952178N15123,WP,1952,UNNAMED,,,-5,23,1952-06-26 06:00:00,1952-06-29 00:00:00,Unknown
1952180N05144,WP,1952,EMMA,,973.0,3,69,1952-06-28 00:00:00,1952-07-06 12:00:00,Unknown
1952186N21089,NI,1952,UNNAMED,,,-5,28,1952-07-03 18:00:00,1952-07-07 03:00:00,Unknown
1952187N22153,WP,1952,UNNAMED,,,-5,19,1952-07-04 18:00:00,1952-07-07 00:00:00,Unknown
1952191N23124,WP,1952,FREDA,,990.0,0,57,1952-07-09 06:00:00,1952-07-16 06:00:00,Unknown
1952197N27130,WP,1952,GILDA,,992.0,0,77,1952-07-14 18:00:00,1952-07-24 06:00:00,Unknown
1952202N21089,NI,1952,UNNAMED,,,-5,20,1952-07-19 18:00:00,1952-07-22 03:00:00,Unknown
1952206N09134,WP,1952,HARRIET,,980.0,3,59,1952-07-23 18:00:00,1952-07-31 00:00:00,Unknown
1952209N22087,NI,1952,UNNAMED,,,-5,36,1952-07-26 18:00:00,1952-07-31 03:00:00,Unknown
1952213N21091,NI,1952,UNNAMED,,,-5,36,1952-07-30 18:00:00,1952-08-04 03:00:00,Unknown
1952215N13131,WP,1952,JEANNE:JEANNIE,,985.0,0,93,1952-08-02 00:00:00,1952-08-13 12:00:00,Unknown
1952217N14129,WP,1952,UNNAMED,,,-5,25,1952-08-03 12:00:00,1952-08-06 12:00:00,Unknown
1952217N15127,WP,1952,IVY,,990.0,-5,83,1952-08-04 06:00:00,1952-08-14 12:00:00,Unknown
1952221N23125,WP,1952,UNNAMED,,,-5,35,1952-08-08 06:00:00,1952-08-12 12:00:00,Unknown
1952224N14135,WP,1952,KAREN,,955.0,2,134,1952-08-10 12:00:00,1952-08-27 21:00:00,Unknown
1952226N21089,NI,1952,UNNAMED,,,-5,12,1952-08-12 18:00:00,1952-08-14 03:00:00,Unknown
1952230N19120,WP,1952,UNNAMED,,,-5,29,1952-08-16 18:00:00,1952-08-20 06:00:00,Unknown
1952233N19089,NI,1952,UNNAMED,,,-5,12,1952-08-19 18:00:00,1952-08-21 03:00:00,Unknown
1952236N10135,WP,1952,LOIS,,975.0,1,63,1952-08-22 12:00:00,1952-08-30 06:00:00,Unknown
1952241N08137,WP,1952,MARY,,985.0,1,65,1952-08-28 00:00:00,1952-09-05 00:00:00,Unknown
1952245N09139,WP,1952,NONA,,980.0,1,61,1952-09-01 00:00:00,1952-09-08 12:00:00,Unknown
1952250N08150,WP,1952,UNNAMED,,,-5,39,1952-09-06 00:00:00,1952-09-10 18:00:00,Unknown
1952251N11139,WP,1952,UNNAMED,,,0,71,1952-09-06 18:00:00,1952-09-15 12:00:00,Unknown
1952258N18178,WP,1952,OLIVE,,940.0,5,60,1952-09-13 12:00:00,1952-09-20 21:00:00,Unknown
1952260N17119,WP,1952,UNNAMED,,,0,29,1952-09-15 12:00:00,1952-09-19 00:00:00,Unknown
1952269N11157,WP,1952,POLLY,,975.0,1,93,1952-09-24 12:00:00,1952-10-06 00:00:00,Unknown
1952278N22140,WP,1952,ROSE,,985.0,1,65,1952-10-04 06:00:00,1952-10-12 06:00:00,Unknown
1952280N14084,NI,1952,UNNAMED,,,-5,12,1952-10-05 18:00:00,1952-10-07 03:00:00,Unknown
1952287N09148,WP,1952,TRIX,,965.0,4,109,1952-10-12 12:00:00,1952-10-26 00:00:00,Unknown
1952288N10118,WP,1952,SHIRLEY,,995.0,0,25,1952-10-14 00:00:00,1952-10-17 00:00:00,Unknown
1952289N14085,NI,1952,UNNAMED,,,-5,12,1952-10-14 18:00:00,1952-10-16 03:00:00,Unknown
1952289N15128,NI,1952,VAE,,,-5,15,1952-10-22 06:00:00,1952-10-24 00:00:00,Unknown
1952289N15128,WP,1952,VAE,,975.0,1,56,1952-10-15 06:00:00,1952-10-22 03:00:00,Unknown
1952293N15093,NI,1952,UNNAMED,,,-5,28,1952-10-18 18:00:00,1952-10-22 03:00:00,Unknown
1952296N06152,WP,1952,WILMA,,930.0,5,81,1952-10-21 12:00:00,1952-10-31 12:00:00,Unknown
1952303N09149,WP,1952,AGNES,,920.0,5,81,1952-10-28 12:00:00,1952-11-07 12:00:00,Unknown
1952312N08150,WP,1952,BESS,,915.0,3,79,1952-11-06 18:00:00,1952-11-16 12:00:00,Unknown
1952313N13089,NI,1952,UNNAMED,,,-5,36,1952-11-07 18:00:00,1952-11-12 03:00:00,Unknown
1952320N30131,WP,1952,BESS,,1008.0,-5,14,1952-11-15 09:00:00,1952-11-17 00:00:00,Unknown
1952321N10146,WP,1952,CARMEN,,960.0,3,79,1952-11-15 12:00:00,1952-11-25 06:00:00,Unknown
1952326N07144,WP,1952,DELLA,,980.0,5,59,1952-11-20 12:00:00,1952-11-27 18:00:00,Unknown
1952331N07092,NI,1952,UNNAMED,,,-5,36,1952-11-25 18:00:00,1952-11-30 03:00:00,Unknown
1952337N11073,NI,1952,UNNAMED,,,-5,20,1952-12-01 18:00:00,1952-12-04 03:00:00,Unknown
1952339N17176,WP,1952,ELAINE,,990.0,0,17,1952-12-04 00:00:00,1952-12-06 00:00:00,Unknown
1952342N09081,NI,1952,UNNAMED,,,-5,3,1952-12-06 18:00:00,1952-12-07 00:00:00,Unknown
1952342N11079,NI,1952,UNNAMED,,,-5,1,1952-12-07 03:00:00,1952-12-07 03:00:00,Unknown
1952344N06110,WP,1952,UNNAMED,,,-5,21,1952-12-08 12:00:00,1952-12-11 00:00:00,Unknown
1952348N08129,WP,1952,FAYE,,990.0,0,55,1952-12-13 06:00:00,1952-12-20 00:00:00,Unknown
1952350S15053,SI,1953,UNNAMED,,,-5,41,1952-12-15 06:00:00,1952-12-20 06:00:00,Unknown
1952352N07147,WP,1952,GLORIA,,990.0,4,73,1952-12-16 12:00:00,1952-12-25 12:00:00,Unknown
1952354S20037,SI,1953,UNNAMED,,,-5,33,1952-12-18 12:00:00,1952-12-22 12:00:00,Unknown
1952359N09151,WP,1952,UNNAMED,,,-5,75,1952-12-23 18:00:00,1953-01-02 00:00:00,Unknown
1952363N06171,WP,1952,HESTER,,950.0,5,77,1952-12-27 18:00:00,1953-01-06 06:00:00,Unknown
1953002S17122,SI,1953,UNNAMED,,1000.0,-5,25,1953-01-01 23:00:00,1953-01-04 01:00:00,Unknown
1953008S08057,SI,1953,UNNAMED,,,-5,93,1953-01-07 18:00:00,1953-01-19 06:00:00,Unknown
1953014S19035,SI,1953,UNNAMED,,,-5,57,1953-01-14 06:00:00,1953-01-21 06:00:00,Unknown
1953016S14060,SI,1953,UNNAMED,,,-5,41,1953-01-16 06:00:00,1953-01-21 06:00:00,Unknown
1953019S14061,SI,1953,UNNAMED,,,-5,29,1953-01-18 18:00:00,1953-01-22 06:00:00,Unknown
1953026S09100,SI,1953,UNNAMED,,999.0,-5,31,1953-01-26 01:00:00,1953-01-29 01:00:00,Unknown
1953028N08097,NI,1953,UNNAMED,,,-5,20,1953-01-27 18:00:00,1953-01-30 03:00:00,Unknown
1953035S08056,SI,1953,UNNAMED,,,-5,49,1953-02-04 06:00:00,1953-02-10 06:00:00,Unknown
1953049N07167,WP,1953,IRMA,,980.0,3,65,1953-02-18 00:00:00,1953-02-26 00:00:00,Unknown
1953049S20036,SI,1953,UNNAMED,,,-5,33,1953-02-18 06:00:00,1953-02-22 06:00:00,Unknown
1953079S15119,SI,1953,UNNAMED,,970.0,-5,64,1953-03-19 23:00:00,1953-03-25 01:00:00,Unknown
1953081S09062,SI,1953,UNNAMED,,,-5,41,1953-03-22 06:00:00,1953-03-27 06:00:00,Unknown
1953092S13054,SI,1953,UNNAMED,,,-5,29,1953-04-01 18:00:00,1953-04-05 06:00:00,Unknown
1953101S09062,SI,1953,UNNAMED,,,-5,29,1953-04-10 18:00:00,1953-04-14 06:00:00,Unknown
1953105S10143,SI,1953,UNNAMED,,980.0,-5,62,1953-04-16 15:00:00,1953-04-22 01:00:00,Unknown
1953117S09096,SI,1953,UNNAMED,,,-5,33,1953-04-27 06:00:00,1953-05-01 06:00:00,Unknown
1953120N13091,NI,1953,UNNAMED,,,-5,8,1953-04-29 18:00:00,1953-04-30 15:00:00,Unknown
1953148N08150,WP,1953,JUDY,,940.0,4,87,1953-05-28 00:00:00,1953-06-07 18:00:00,Unknown
1953165N10109,WP,1953,UNNAMED,,,-5,35,1953-06-14 00:00:00,1953-06-18 06:00:00,Unknown
1953167N17087,NI,1953,UNNAMED,,,-5,36,1953-06-15 18:00:00,1953-06-20 03:00:00,Unknown
1953172N08142,WP,1953,UNNAMED,,992.0,0,95,1953-06-21 06:00:00,1953-07-03 00:00:00,Unknown
1953176N05150,WP,1953,KIT,,910.0,5,107,1953-06-25 00:00:00,1953-07-08 06:00:00,Unknown
1953204N20121,WP,1953,UNNAMED,,,-5,19,1953-07-23 06:00:00,1953-07-25 12:00:00,Unknown
1953205N17158,WP,1953,LOLA,,970.0,1,87,1953-07-23 12:00:00,1953-08-03 06:00:00,Unknown
1953211N19130,WP,1953,MAMIE,,980.0,3,91,1953-07-30 00:00:00,1953-08-10 06:00:00,Unknown
1953213N20090,NI,1953,UNNAMED,,,-5,36,1953-07-31 18:00:00,1953-08-05 03:00:00,Unknown
1953219N08155,WP,1953,NINA,,885.0,5,129,1953-08-07 06:00:00,1953-08-23 06:00:00,Unknown
1953220N29135,WP,1953,UNNAMED,,,-5,17,1953-08-07 18:00:00,1953-08-09 18:00:00,Unknown
1953221N18118,WP,1953,UNNAMED,,,0,29,1953-08-08 12:00:00,1953-08-12 00:00:00,Unknown
1953222N17127,WP,1953,OPHELIA,,960.0,3,57,1953-08-09 12:00:00,1953-08-16 12:00:00,Unknown
1953222N20090,NI,1953,UNNAMED,,,-5,12,1953-08-09 18:00:00,1953-08-11 03:00:00,Unknown
1953227N09147,WP,1953,PHYLLIS,,975.0,1,85,1953-08-15 00:00:00,1953-08-25 12:00:00,Unknown
1953231N32116,WP,1953,NINA,,,-5,69,1953-08-18 12:00:00,1953-08-27 00:00:00,Unknown
1953235N10162,WP,1953,RITA,,940.0,4,93,1953-08-23 06:00:00,1953-09-03 18:00:00,Unknown
1953235N14148,WP,1953,UNNAMED,,995.0,0,51,1953-08-23 06:00:00,1953-08-29 12:00:00,Unknown
1953235N22088,NI,1953,UNNAMED,,,-5,1,1953-08-23 03:00:00,1953-08-23 03:00:00,Unknown
1953235N22089,NI,1953,UNNAMED,,,-5,3,1953-08-22 18:00:00,1953-08-23 00:00:00,Unknown
1953256N17128,WP,1953,SUSAN,,970.0,3,65,1953-09-12 12:00:00,1953-09-20 12:00:00,Unknown
1953260N07153,WP,1953,TESS,,900.0,5,103,1953-09-16 12:00:00,1953-09-29 06:00:00,Unknown
1953265N15112,WP,1953,UNNAMED,,,-5,21,1953-09-21 12:00:00,1953-09-24 00:00:00,Unknown
1953266N16092,NI,1953,UNNAMED,,,-5,44,1953-09-22 18:00:00,1953-09-28 03:00:00,Unknown
1953267N16110,WP,1953,UNNAMED,,998.0,0,53,1953-09-24 00:00:00,1953-09-30 12:00:00,Unknown
1953267N20118,WP,1953,UNNAMED,,,-5,13,1953-09-24 06:00:00,1953-09-25 18:00:00,Unknown
1953270N18130,WP,1953,UNNAMED,,999.0,-5,51,1953-09-26 18:00:00,1953-10-03 00:00:00,Unknown
1953274N16113,WP,1953,VIOLA,,967.0,3,77,1953-10-01 00:00:00,1953-10-10 12:00:00,Unknown
1953279N14160,WP,1953,WINNIE,,990.0,1,45,1953-10-06 00:00:00,1953-10-11 12:00:00,Unknown
1953285N09161,WP,1953,ALICE,,915.0,3,90,1953-10-11 12:00:00,1953-10-22 15:00:00,Unknown
1953294N11084,NI,1953,UNNAMED,,,-5,12,1953-10-20 18:00:00,1953-10-22 03:00:00,Unknown
1953299N09138,WP,1953,BETTY,,966.0,4,73,1953-10-25 12:00:00,1953-11-03 12:00:00,Unknown
1953303N11132,WP,1953,UNNAMED,,,-5,29,1953-10-30 06:00:00,1953-11-02 18:00:00,Unknown
1953308N11092,NI,1953,UNNAMED,,,-5,44,1953-11-03 18:00:00,1953-11-09 03:00:00,Unknown
1953313N06155,WP,1953,CORA,,960.0,4,95,1953-11-08 18:00:00,1953-11-20 12:00:00,Unknown
1953326N04147,WP,1953,UNNAMED,,998.0,0,55,1953-11-22 06:00:00,1953-11-29 00:00:00,Unknown
1953327N10091,NI,1953,UNNAMED,,,-5,28,1953-11-22 18:00:00,1953-11-26 03:00:00,Unknown
1953332N06149,WP,1953,UNNAMED,,1000.0,0,59,1953-11-27 18:00:00,1953-12-05 00:00:00,Unknown
1953332N15130,WP,1953,UNNAMED,,,-5,47,1953-11-27 12:00:00,1953-12-03 06:00:00,Unknown
1953336N12116,WP,1953,UNNAMED,,,-5,13,1953-12-01 12:00:00,1953-12-03 00:00:00,Unknown
1953338N12118,WP,1953,UNNAMED,,,-5,25,1953-12-04 00:00:00,1953-12-07 00:00:00,Unknown
1953343N06170,WP,1953,DORIS,,935.0,5,117,1953-12-09 06:00:00,1953-12-23 18:00:00,Unknown
1953362S11055,SI,1954,UNNAMED,,,-5,45,1953-12-27 18:00:00,1954-01-02 06:00:00,Unknown
1954008S10074,SI,1954,UNNAMED,,,-5,113,1954-01-08 06:00:00,1954-01-22 06:00:00,Unknown
1954008S12066,SI,1954,UNNAMED,,,-5,129,1954-01-08 06:00:00,1954-01-24 06:00:00,Unknown
1954057S10061,SI,1954,UNNAMED,,,-5,77,1954-02-25 18:00:00,1954-03-07 06:00:00,Unknown
1954059S14041,SI,1954,UNNAMED,,,-5,61,1954-02-27 18:00:00,1954-03-07 06:00:00,Unknown
1954060N06136,WP,1954,UNNAMED,,990.0,0,43,1954-03-01 00:00:00,1954-03-06 06:00:00,Unknown
1954086S08061,SI,1954,UNNAMED,,,-5,37,1954-03-26 18:00:00,1954-03-31 06:00:00,Unknown
1954098S11076,SI,1954,UNNAMED,,,-5,41,1954-04-08 06:00:00,1954-04-13 06:00:00,Unknown
1954099S09133,SI,1954,UNNAMED,,976.0,-5,22,1954-04-08 23:30:00,1954-04-10 23:30:00,Unknown
1954114N11073,NI,1954,UNNAMED,,,-5,3,1954-04-23 18:00:00,1954-04-24 00:00:00,Unknown
1954114N12073,NI,1954,UNNAMED,,,-5,1,1954-04-24 03:00:00,1954-04-24 03:00:00,Unknown
1954125N07131,WP,1954,ELSIE,,945.0,3,63,1954-05-05 00:00:00,1954-05-12 18:00:00,Unknown
1954160N19070,NI,1954,UNNAMED,,,-5,12,1954-06-08 18:00:00,1954-06-10 03:00:00,Unknown
1954178N17117,WP,1954,UNNAMED,,,-5,17,1954-06-26 12:00:00,1954-06-28 12:00:00,Unknown
1954185N07145,WP,1954,FLOSSIE,,985.0,1,57,1954-07-04 00:00:00,1954-07-11 00:00:00,Unknown
1954186N19088,NI,1954,UNNAMED,,,-5,3,1954-07-04 18:00:00,1954-07-05 00:00:00,Unknown
1954186N20088,NI,1954,UNNAMED,,,-5,1,1954-07-05 03:00:00,1954-07-05 03:00:00,Unknown
1954188N21072,NI,1954,UNNAMED,,,-5,12,1954-07-06 18:00:00,1954-07-08 03:00:00,Unknown
1954201S06089,SI,1955,UNNAMED,,,-5,73,1954-07-20 06:00:00,1954-07-29 06:00:00,Unknown
1954211N18087,NI,1954,UNNAMED,,,-5,3,1954-07-29 18:00:00,1954-07-30 00:00:00,Unknown
1954211N19087,NI,1954,UNNAMED,,,-5,1,1954-07-30 03:00:00,1954-07-30 03:00:00,Unknown
1954212N26133,WP,1954,UNNAMED,,,-5,21,1954-07-31 06:00:00,1954-08-02 18:00:00,Unknown
1954213N24146,WP,1954,UNNAMED,,,-5,69,1954-08-01 00:00:00,1954-08-09 12:00:00,Unknown
1954215N16115,WP,1954,UNNAMED,,,-5,31,1954-08-03 00:00:00,1954-08-06 18:00:00,Unknown
1954219N18086,NI,1954,UNNAMED,,,-5,20,1954-08-06 18:00:00,1954-08-09 03:00:00,Unknown
1954219N20147,WP,1954,UNNAMED,,,-5,31,1954-08-07 00:00:00,1954-08-10 18:00:00,Unknown
1954223N22138,WP,1954,GRACE,,940.0,3,95,1954-08-11 06:00:00,1954-08-23 00:00:00,Unknown
1954223N22150,WP,1954,HELEN,,965.0,1,90,1954-08-10 18:00:00,1954-08-21 21:00:00,Unknown
1954231N10159,NI,1954,IDA,,,-1,1,1954-08-31 12:00:00,1954-08-31 12:00:00,Unknown
1954231N10159,WP,1954,IDA,,890.0,5,104,1954-08-18 12:00:00,1954-08-31 09:00:00,Unknown
1954231N13145,WP,1954,UNNAMED,,996.0,0,75,1954-08-18 18:00:00,1954-08-28 00:00:00,Unknown
1954231N38137,WP,1954,GRACE,,,-5,7,1954-08-19 00:00:00,1954-08-19 18:00:00,Unknown
1954234N17130,WP,1954,UNNAMED,,,-5,25,1954-08-22 00:00:00,1954-08-25 00:00:00,Unknown
1954240N13151,WP,1954,KATHY,,940.0,2,144,1954-08-28 00:00:00,1954-09-14 21:00:00,Unknown
1954243N18139,WP,1954,UNNAMED,,1000.0,-5,18,1954-08-30 15:00:00,1954-09-01 18:00:00,Unknown
1954244N17113,WP,1954,UNNAMED,,990.0,-5,33,1954-09-01 00:00:00,1954-09-05 00:00:00,Unknown
1954245N18088,NI,1954,UNNAMED,,,-5,28,1954-09-01 18:00:00,1954-09-05 03:00:00,Unknown
1954247N19152,WP,1954,JUNE,,905.0,4,101,1954-09-04 06:00:00,1954-09-16 18:00:00,Unknown
1954253N18157,WP,1954,LORNA,,950.0,3,94,1954-09-10 06:00:00,1954-09-21 21:00:00,Unknown
1954253N22117,WP,1954,UNNAMED,,,-5,39,1954-09-10 00:00:00,1954-09-14 18:00:00,Unknown
1954259N20118,WP,1954,UNNAMED,,,-5,21,1954-09-16 00:00:00,1954-09-18 12:00:00,Unknown
1954261N11150,WP,1954,MARIE,,952.0,1,90,1954-09-17 18:00:00,1954-09-28 21:00:00,Unknown
1954264N20088,NI,1954,UNNAMED,,,-5,1,1954-09-21 03:00:00,1954-09-21 03:00:00,Unknown
1954264N20089,NI,1954,UNNAMED,,,-5,3,1954-09-20 18:00:00,1954-09-21 00:00:00,Unknown
1954266N22080,NI,1954,UNNAMED,,,-5,20,1954-09-22 18:00:00,1954-09-25 03:00:00,Unknown
1954269N14088,NI,1954,UNNAMED,,,-5,44,1954-09-25 18:00:00,1954-10-01 03:00:00,Unknown
1954269N18117,WP,1954,UNNAMED,,,-5,27,1954-09-25 12:00:00,1954-09-28 18:00:00,Unknown
1954273N16146,WP,1954,NANCY,,965.0,2,105,1954-09-30 00:00:00,1954-10-13 00:00:00,Unknown
1954278N15118,WP,1954,UNNAMED,,,-5,21,1954-10-05 00:00:00,1954-10-07 12:00:00,Unknown
1954284S07076,SI,1955,UNNAMED,,,-5,97,1954-10-11 06:00:00,1954-10-23 06:00:00,Unknown
1954285N14160,WP,1954,OLGA,,935.0,3,54,1954-10-12 00:00:00,1954-10-18 15:00:00,Unknown
1954293N09088,NI,1954,UNNAMED,,,-5,20,1954-10-19 18:00:00,1954-10-22 03:00:00,Unknown
1954297N17138,WP,1954,UNNAMED,,1004.0,0,39,1954-10-24 00:00:00,1954-10-28 18:00:00,Unknown
1954298N18085,NI,1954,UNNAMED,,,-5,12,1954-10-24 18:00:00,1954-10-26 03:00:00,Unknown
1954300N10141,WP,1954,PAMELA,,900.0,5,99,1954-10-26 18:00:00,1954-11-08 00:00:00,Unknown
1954305N13117,WP,1954,UNNAMED,,,-5,31,1954-11-01 00:00:00,1954-11-04 18:00:00,Unknown
1954307N04148,WP,1954,RUBY,,940.0,5,81,1954-11-02 12:00:00,1954-11-12 12:00:00,Unknown
1954309S12067,SI,1955,UNNAMED,,,-5,29,1954-11-04 18:00:00,1954-11-08 06:00:00,Unknown
1954314N11152,WP,1954,SALLY,,925.0,5,93,1954-11-10 00:00:00,1954-11-21 12:00:00,Unknown
1954322N08143,WP,1954,UNNAMED,,,-5,37,1954-11-18 00:00:00,1954-11-22 12:00:00,Unknown
1954326N12157,WP,1954,TILDA,,940.0,4,81,1954-11-22 00:00:00,1954-12-02 00:00:00,Unknown
1954344N10082,NI,1954,UNNAMED,,,-5,20,1954-12-09 18:00:00,1954-12-12 03:00:00,Unknown
1954350N05086,NI,1954,UNNAMED,,,-5,12,1954-12-15 18:00:00,1954-12-17 03:00:00,Unknown
1954357N08136,WP,1954,UNNAMED,,990.0,-5,49,1954-12-23 00:00:00,1954-12-29 00:00:00,Unknown
1954363S14119,SI,1955,UNNAMED,,945.0,-5,43,1954-12-29 01:00:00,1955-01-01 13:00:00,Unknown
1955001N08140,WP,1955,VIOLET,,995.0,1,61,1955-01-01 00:00:00,1955-01-08 12:00:00,Unknown
1955010S16118,SI,1955,UNNAMED,,960.0,-5,37,1955-01-10 04:00:00,1955-01-14 01:00:00,Unknown
1955012S15120,SI,1955,UNNAMED,,,-5,41,1955-01-11 23:00:00,1955-01-15 23:00:00,Unknown
1955025S08082,SI,1955,UNNAMED,,,-5,29,1955-01-24 18:00:00,1955-01-28 06:00:00,Unknown
1955038S12095,SI,1955,UNNAMED,,,-5,25,1955-02-07 06:00:00,1955-02-10 06:00:00,Unknown
1955040S14067,SI,1955,UNNAMED,,,-5,61,1955-02-08 18:00:00,1955-02-16 06:00:00,Unknown
1955044S17108,SI,1955,UNNAMED,,990.0,-5,25,1955-02-12 23:00:00,1955-02-15 01:00:00,Unknown
1955049S14134,SI,1955,UNNAMED,,960.0,-5,77,1955-02-17 23:00:00,1955-02-24 23:00:00,Unknown
1955054N07134,WP,1955,UNNAMED,,995.0,-5,47,1955-02-23 00:00:00,1955-02-28 18:00:00,Unknown
1955054S10056,SI,1955,UNNAMED,,,-5,73,1955-02-23 06:00:00,1955-03-04 06:00:00,Unknown
1955068S12062,SI,1955,UNNAMED,,,-5,45,1955-03-08 18:00:00,1955-03-14 06:00:00,Unknown
1955080N07168,WP,1955,WILDA,,985.0,2,77,1955-03-21 06:00:00,1955-03-30 18:00:00,Unknown
1955083S11042,SI,1955,UNNAMED,,,-5,33,1955-03-24 06:00:00,1955-03-28 06:00:00,Unknown
1955087S17054,SI,1955,UNNAMED,,,-5,33,1955-03-28 06:00:00,1955-04-01 06:00:00,Unknown
1955104S07093,SI,1955,UNNAMED,,,-5,65,1955-04-14 06:00:00,1955-04-22 06:00:00,Unknown
1955107N07139,WP,1955,ANITA,,980.0,3,107,1955-04-17 00:00:00,1955-04-30 06:00:00,Unknown
1955125N11084,NI,1955,UNNAMED,,,-5,20,1955-05-04 18:00:00,1955-05-07 03:00:00,Unknown
1955137N10085,NI,1955,UNNAMED,,,-5,12,1955-05-16 18:00:00,1955-05-18 03:00:00,Unknown
1955153N18115,WP,1955,BILLIE,,990.0,3,79,1955-06-02 00:00:00,1955-06-11 18:00:00,Unknown
1955174N11114,WP,1955,UNNAMED,,994.0,-5,41,1955-06-23 00:00:00,1955-06-28 00:00:00,Unknown
1955175N17087,NI,1955,UNNAMED,,,-5,12,1955-06-23 18:00:00,1955-06-25 03:00:00,Unknown
1955178N20089,NI,1955,UNNAMED,,,-5,12,1955-06-26 18:00:00,1955-06-28 03:00:00,Unknown
1955186N10147,WP,1955,CLARA,,920.0,4,107,1955-07-05 00:00:00,1955-07-18 06:00:00,Unknown
1955190N19115,WP,1955,UNNAMED,,,-5,21,1955-07-09 06:00:00,1955-07-11 18:00:00,Unknown
1955194N18138,WP,1955,DOT,,995.0,1,35,1955-07-12 18:00:00,1955-07-17 00:00:00,Unknown
1955196N23153,WP,1955,ELLEN,,955.0,1,97,1955-07-15 06:00:00,1955-07-27 06:00:00,Unknown
1955198N23137,WP,1955,UNNAMED,,990.0,0,52,1955-07-17 00:00:00,1955-07-23 09:00:00,Unknown
1955199N20131,WP,1955,FRAN,,965.0,4,50,1955-07-18 00:00:00,1955-07-24 03:00:00,Unknown
1955203N31123,WP,1955,UNNAMED,,990.0,-5,17,1955-07-22 00:00:00,1955-07-24 00:00:00,Unknown
1955204N11153,WP,1955,GEORGIA,,980.0,4,53,1955-07-23 06:00:00,1955-07-29 18:00:00,Unknown
1955214N16134,WP,1955,UNNAMED,,995.0,-5,41,1955-08-02 00:00:00,1955-08-07 00:00:00,Unknown
1955215N12139,WP,1955,HOPE,,975.0,1,141,1955-08-02 18:00:00,1955-08-20 06:00:00,Unknown
1955218N16117,WP,1955,UNNAMED,,985.0,-5,89,1955-08-05 18:00:00,1955-08-16 18:00:00,Unknown
1955220N30159,WP,1955,UNNAMED,,998.0,-5,35,1955-08-07 18:00:00,1955-08-12 00:00:00,Unknown
1955222N35176,WP,1955,UNNAMED,,1000.0,-5,17,1955-08-10 00:00:00,1955-08-12 00:00:00,Unknown
1955227N20127,WP,1955,UNNAMED,,,-5,29,1955-08-14 18:00:00,1955-08-18 06:00:00,Unknown
1955232N09137,WP,1955,IRIS,,965.0,1,53,1955-08-19 12:00:00,1955-08-26 00:00:00,Unknown
1955236N24150,WP,1955,UNNAMED,,,-5,31,1955-08-23 18:00:00,1955-08-27 12:00:00,Unknown
1955237N18087,NI,1955,UNNAMED,,,-5,28,1955-08-24 18:00:00,1955-08-28 03:00:00,Unknown
1955238N27122,WP,1955,UNNAMED,,,-5,29,1955-08-26 06:00:00,1955-08-29 18:00:00,Unknown
1955241N17144,WP,1955,JOAN,,968.0,1,71,1955-08-29 06:00:00,1955-09-08 18:00:00,Unknown
1955244N24120,WP,1955,UNNAMED,,,-5,29,1955-08-31 18:00:00,1955-09-04 06:00:00,Unknown
1955245N21090,NI,1955,UNNAMED,,,-5,36,1955-09-01 18:00:00,1955-09-06 03:00:00,Unknown
1955245N23119,WP,1955,UNNAMED,,,-5,17,1955-09-01 18:00:00,1955-09-03 18:00:00,Unknown
1955257N20115,WP,1955,UNNAMED,,,-5,15,1955-09-14 00:00:00,1955-09-15 18:00:00,Unknown
1955259N10153,WP,1955,KATE,,930.0,4,85,1955-09-16 06:00:00,1955-09-26 18:00:00,Unknown
1955263N13150,WP,1955,LOUISE,,930.0,5,98,1955-09-20 00:00:00,1955-10-02 03:00:00,Unknown
1955264N19087,NI,1955,UNNAMED,,,-5,20,1955-09-20 18:00:00,1955-09-23 03:00:00,Unknown
1955271N12145,WP,1955,MARGE,,965.0,3,61,1955-09-27 12:00:00,1955-10-05 00:00:00,Unknown
1955273N18090,NI,1955,UNNAMED,,,-5,28,1955-09-29 18:00:00,1955-10-03 03:00:00,Unknown
1955275N15147,WP,1955,UNNAMED,,1004.0,-5,43,1955-10-01 18:00:00,1955-10-07 00:00:00,Unknown
1955276N11116,WP,1955,UNNAMED,,,0,43,1955-10-03 06:00:00,1955-10-08 12:00:00,Unknown
1955277N16134,WP,1955,NORA,,955.0,2,75,1955-10-04 06:00:00,1955-10-13 12:00:00,Unknown
1955279N13091,NI,1955,UNNAMED,,,-5,60,1955-10-05 18:00:00,1955-10-13 03:00:00,Unknown
1955289N12085,NI,1955,UNNAMED,,,-5,12,1955-10-15 18:00:00,1955-10-17 03:00:00,Unknown
1955289N19128,WP,1955,OPAL,,982.0,2,63,1955-10-15 12:00:00,1955-10-23 06:00:00,Unknown
1955295N10143,WP,1955,UNNAMED,,,0,43,1955-10-22 06:00:00,1955-10-27 12:00:00,Unknown
1955295N16086,NI,1955,UNNAMED,,,-5,12,1955-10-21 18:00:00,1955-10-23 03:00:00,Unknown
1955297N17138,WP,1955,UNNAMED,,,-5,17,1955-10-24 00:00:00,1955-10-26 00:00:00,Unknown
1955308N09092,NI,1955,UNNAMED,,,-5,28,1955-11-03 18:00:00,1955-11-07 03:00:00,Unknown
1955316S11124,SI,1956,UNNAMED,,990.0,-5,62,1955-11-12 01:00:00,1955-11-18 01:00:00,Unknown
1955317N13115,WP,1955,UNNAMED,,,-5,21,1955-11-13 00:00:00,1955-11-15 12:00:00,Unknown
1955329N10129,WP,1955,PATSY,,980.0,4,75,1955-11-25 06:00:00,1955-12-04 12:00:00,Unknown
1955333N09084,NI,1955,UNNAMED,,,-5,20,1955-11-28 18:00:00,1955-12-01 03:00:00,Unknown
1955343S17118,SI,1956,UNNAMED,,995.0,-5,25,1955-12-08 23:00:00,1955-12-11 01:00:00,Unknown
1955346N06142,WP,1955,RUTH,,925.0,5,53,1955-12-12 00:00:00,1955-12-18 12:00:00,Unknown
1955355S11082,SI,1956,UNNAMED,,,-5,37,1955-12-20 18:00:00,1955-12-25 06:00:00,Unknown
1956004S11095,SI,1956,UNNAMED,,,-5,25,1956-01-04 06:00:00,1956-01-07 06:00:00,Unknown
1956007S19042,SI,1956,UNNAMED,,,-5,41,1956-01-07 06:00:00,1956-01-12 06:00:00,Unknown
1956015S12128,SI,1956,UNNAMED,,970.0,-5,107,1956-01-14 23:00:00,1956-01-24 23:00:00,Unknown
1956018N13115,WP,1956,UNNAMED,,,-5,19,1956-01-18 00:00:00,1956-01-20 06:00:00,Unknown
1956019S13059,SI,1956,UNNAMED,,,-5,97,1956-01-19 06:00:00,1956-01-31 06:00:00,Unknown
1956028S10122,SI,1956,UNNAMED,,980.0,-5,99,1956-01-27 23:00:00,1956-02-05 23:00:00,Unknown
1956032S13057,SI,1956,UNNAMED,,,-5,57,1956-02-01 06:00:00,1956-02-08 06:00:00,Unknown
1956032S13133,SI,1956,UNNAMED,,994.0,-5,76,1956-01-31 23:00:00,1956-02-07 23:00:00,Unknown
1956040N07092,NI,1956,UNNAMED,,,-5,20,1956-02-08 18:00:00,1956-02-11 03:00:00,Unknown
1956041S18041,SI,1956,UNNAMED,,,-5,25,1956-02-10 06:00:00,1956-02-13 06:00:00,Unknown
1956047S15124,SI,1956,UNNAMED,,960.0,-5,168,1956-02-15 23:00:00,1956-03-01 23:00:00,Unknown
1956052S12065,SI,1956,UNNAMED,,,-5,69,1956-02-20 18:00:00,1956-02-29 06:00:00,Unknown
1956060S20117,SI,1956,UNNAMED,,960.0,-5,51,1956-02-29 09:00:00,1956-03-05 01:00:00,Unknown
1956076S13057,SI,1956,UNNAMED,,,-5,65,1956-03-16 00:00:00,1956-03-24 00:00:00,Unknown
1956081N02154,WP,1956,SARAH,,970.0,4,125,1956-03-21 06:00:00,1956-04-05 18:00:00,Unknown
1956081S26053,SI,1956,UNNAMED,,,-5,9,1956-03-21 06:00:00,1956-03-22 06:00:00,Unknown
1956084S12138,SI,1956,UNNAMED,,994.0,0,25,1956-03-25 21:00:00,1956-03-28 00:00:00,Unknown
1956086S09062,SI,1956,UNNAMED,,,-5,81,1956-03-26 06:00:00,1956-04-05 06:00:00,Unknown
1956087S08080,SI,1956,UNNAMED,,,-5,53,1956-03-26 18:00:00,1956-04-02 06:00:00,Unknown
1956100N12123,WP,1956,UNNAMED,,1002.0,0,49,1956-04-09 00:00:00,1956-04-15 00:00:00,Unknown
1956107N06147,WP,1956,THELMA,,935.0,5,73,1956-04-16 00:00:00,1956-04-25 00:00:00,Unknown
1956118N08091,NI,1956,UNNAMED,,,-5,44,1956-04-26 18:00:00,1956-05-02 03:00:00,Unknown
1956121S19108,SI,1956,UNNAMED,,990.0,-5,14,1956-04-29 23:00:00,1956-05-01 01:00:00,Unknown
1956150N22090,NI,1956,UNNAMED,,,-5,44,1956-05-28 18:00:00,1956-06-03 03:00:00,Unknown
1956157N19114,WP,1956,UNNAMED,,,-5,15,1956-06-04 18:00:00,1956-06-06 12:00:00,Unknown
1956161N21088,NI,1956,UNNAMED,,,-5,3,1956-06-08 18:00:00,1956-06-09 00:00:00,Unknown
1956161N22088,NI,1956,UNNAMED,,,-5,1,1956-06-09 03:00:00,1956-06-09 03:00:00,Unknown
1956168N20159,WP,1956,UNNAMED,,1000.0,0,41,1956-06-16 00:00:00,1956-06-21 00:00:00,Unknown
1956177N17086,NI,1956,UNNAMED,,,-5,12,1956-06-24 18:00:00,1956-06-26 03:00:00,Unknown
1956178N20070,NI,1956,UNNAMED,,,-5,12,1956-06-25 18:00:00,1956-06-27 03:00:00,Unknown
1956180N18119,WP,1956,UNNAMED,,,-5,17,1956-06-28 06:00:00,1956-06-30 06:00:00,Unknown
1956183N19088,NI,1956,UNNAMED,,,-5,28,1956-06-30 18:00:00,1956-07-04 03:00:00,Unknown
1956185N07138,WP,1956,UNNAMED,,,-5,17,1956-07-03 00:00:00,1956-07-05 00:00:00,Unknown
1956187N12126,WP,1956,VERA,,990.0,1,33,1956-07-05 00:00:00,1956-07-09 00:00:00,Unknown
1956204N17117,WP,1956,UNNAMED,,,-5,17,1956-07-21 18:00:00,1956-07-23 18:00:00,Unknown
1956205N22135,WP,1956,UNNAMED,,,-5,41,1956-07-23 06:00:00,1956-07-28 06:00:00,Unknown
1956207N13145,WP,1956,WANDA,,915.0,5,91,1956-07-24 18:00:00,1956-08-05 00:00:00,Unknown
1956209N22122,WP,1956,UNNAMED,,,-5,7,1956-07-26 12:00:00,1956-07-27 06:00:00,Unknown
1956214N19088,NI,1956,UNNAMED,,,-5,44,1956-07-31 18:00:00,1956-08-06 03:00:00,Unknown
1956215N23146,WP,1956,AMY,,965.0,1,31,1956-08-02 06:00:00,1956-08-06 00:00:00,Unknown
1956216N09143,WP,1956,UNNAMED,,,-5,21,1956-08-02 18:00:00,1956-08-05 06:00:00,Unknown
1956218N13115,WP,1956,UNNAMED,,,-5,19,1956-08-04 18:00:00,1956-08-07 00:00:00,Unknown
1956220N08137,WP,1956,UNNAMED,,998.0,0,27,1956-08-07 06:00:00,1956-08-10 12:00:00,Unknown
1956220N21088,NI,1956,UNNAMED,,,-5,28,1956-08-06 18:00:00,1956-08-10 03:00:00,Unknown
1956223N16126,WP,1956,BABS,,960.0,3,77,1956-08-10 06:00:00,1956-08-19 18:00:00,Unknown
1956223N18120,WP,1956,UNNAMED,,,-5,21,1956-08-10 00:00:00,1956-08-12 12:00:00,Unknown
1956227N18088,NI,1956,UNNAMED,,,-5,44,1956-08-13 18:00:00,1956-08-19 03:00:00,Unknown
1956229N18108,WP,1956,UNNAMED,,,-5,23,1956-08-16 00:00:00,1956-08-18 18:00:00,Unknown
1956238N14117,WP,1956,UNNAMED,,,-5,21,1956-08-25 00:00:00,1956-08-27 12:00:00,Unknown
1956238N14143,WP,1956,CHARLOTTE,,975.0,3,65,1956-08-25 00:00:00,1956-09-02 00:00:00,Unknown
1956240S11098,SI,1957,UNNAMED,,1002.0,-1,44,1956-08-26 16:00:00,1956-08-30 16:00:00,Unknown
1956242N16132,WP,1956,DINAH,,970.0,2,71,1956-08-28 18:00:00,1956-09-06 12:00:00,Unknown
1956245N24140,WP,1956,EMMA,,930.0,4,85,1956-09-01 00:00:00,1956-09-11 12:00:00,Unknown
1956253N21090,NI,1956,UNNAMED,,,-5,28,1956-09-08 18:00:00,1956-09-12 03:00:00,Unknown
1956254N20128,WP,1956,UNNAMED,,,-5,29,1956-09-10 06:00:00,1956-09-13 18:00:00,Unknown
1956257N18116,WP,1956,UNNAMED,,,-5,27,1956-09-13 00:00:00,1956-09-16 06:00:00,Unknown
1956257N18131,WP,1956,FREDA,,975.0,2,101,1956-09-13 00:00:00,1956-09-25 12:00:00,Unknown
1956261N12129,WP,1956,GILDA,,935.0,5,69,1956-09-17 06:00:00,1956-09-25 18:00:00,Unknown
1956263N15142,WP,1956,HARRIET,,953.0,3,80,1956-09-19 00:00:00,1956-09-28 21:00:00,Unknown
1956267N26141,WP,1956,IVY,,990.0,1,39,1956-09-22 18:00:00,1956-09-27 12:00:00,Unknown
1956270N22117,WP,1956,UNNAMED,,,-5,31,1956-09-26 00:00:00,1956-09-29 18:00:00,Unknown
1956282N18071,NI,1956,UNNAMED,,,-5,28,1956-10-07 18:00:00,1956-10-11 03:00:00,Unknown
1956288N11132,WP,1956,JEAN,,940.0,4,101,1956-10-14 00:00:00,1956-10-26 12:00:00,Unknown
1956291N13154,WP,1956,UNNAMED,,,0,27,1956-10-16 12:00:00,1956-10-19 18:00:00,Unknown
1956300N06091,NI,1956,UNNAMED,,,-5,37,1956-10-25 15:00:00,1956-10-30 03:00:00,Unknown
1956302S10098,SI,1957,UNNAMED,,999.0,-1,65,1956-10-27 16:00:00,1956-11-01 01:00:00,Unknown
1956302S11089,SI,1957,UNNAMED,,,-5,12,1956-10-28 06:00:00,1956-10-29 00:00:00,Unknown
1956314N08153,WP,1956,KAREN:LUCILLE,,975.0,2,115,1956-11-09 00:00:00,1956-11-23 06:00:00,Unknown
1956317N10108,WP,1956,UNNAMED,,,-5,17,1956-11-12 00:00:00,1956-11-14 00:00:00,Unknown
1956321N18124,WP,1956,MARY,,995.0,-5,5,1956-11-16 00:00:00,1956-11-16 12:00:00,Unknown
1956324N09085,NI,1956,UNNAMED,,,-5,12,1956-11-18 18:00:00,1956-11-20 03:00:00,Unknown
1956324N17135,WP,1956,UNNAMED,,,-5,25,1956-11-19 00:00:00,1956-11-22 00:00:00,Unknown
1956328N14129,WP,1956,NADINE,,990.0,1,25,1956-11-22 18:00:00,1956-11-25 18:00:00,Unknown
1956329N09136,WP,1956,OLIVE,,990.0,1,47,1956-11-24 06:00:00,1956-11-30 00:00:00,Unknown
1956342N14128,WP,1956,POLLY,,980.0,2,27,1956-12-07 06:00:00,1956-12-10 12:00:00,Unknown
1956351S10133,SI,1957,UNNAMED,,,-5,9,1956-12-16 11:00:00,1956-12-17 06:00:00,Unknown
1956361N10131,WP,1956,UNNAMED,,,-5,47,1956-12-26 06:00:00,1957-01-01 00:00:00,Unknown
1957003N07140,WP,1957,UNNAMED,,995.0,0,35,1957-01-03 00:00:00,1957-01-07 06:00:00,Unknown
1957008S19132,SI,1957,UNNAMED,,,-5,11,1957-01-07 12:00:00,1957-01-08 18:00:00,Unknown
1957013S13042,SI,1957,UNNAMED,,,-5,33,1957-01-13 06:00:00,1957-01-17 06:00:00,Unknown
1957013S18040,SI,1957,UNNAMED,,,-5,49,1957-01-13 06:00:00,1957-01-19 06:00:00,Unknown
1957016S11127,SI,1957,UNNAMED,,995.0,-1,69,1957-01-15 16:00:00,1957-01-22 01:00:00,Unknown
1957017S09064,SI,1957,UNNAMED,,,-5,73,1957-01-17 06:00:00,1957-01-26 06:00:00,Unknown
1957021N03152,WP,1957,ROSE,,952.0,4,75,1957-01-21 06:00:00,1957-01-30 12:00:00,Unknown
1957026S09099,SI,1957,UNNAMED,,943.0,0,202,1957-01-25 16:00:00,1957-02-09 01:00:00,Unknown
1957027S10091,SI,1957,UNNAMED,,,-5,9,1957-01-26 18:00:00,1957-01-27 06:00:00,Unknown
1957033S16041,SI,1957,UNNAMED,,,-5,73,1957-02-02 06:00:00,1957-02-11 06:00:00,Unknown
1957041S12122,SI,1957,UNNAMED,,960.0,-5,95,1957-02-09 23:00:00,1957-02-17 23:00:00,Unknown
1957061S11134,SI,1957,UNNAMED,,993.0,-1,86,1957-03-01 23:00:00,1957-03-09 00:00:00,Unknown
1957063S10134,SI,1957,UNNAMED,,,-5,51,1957-03-03 23:00:00,1957-03-08 23:00:00,Unknown
1957072S20043,SI,1957,UNNAMED,,,-5,25,1957-03-13 06:00:00,1957-03-16 06:00:00,Unknown
1957072S20051,SI,1957,UNNAMED,,,-5,10,1957-03-13 06:00:00,1957-03-14 09:00:00,Unknown
1957072S20055,SI,1957,UNNAMED,,,-5,25,1957-03-13 06:00:00,1957-03-16 06:00:00,Unknown
1957072S22042,SI,1957,UNNAMED,,,-5,33,1957-03-13 06:00:00,1957-03-17 06:00:00,Unknown
1957082S15118,SI,1957,UNNAMED,,980.0,-5,75,1957-03-22 23:00:00,1957-03-29 23:00:00,Unknown
1957096S10136,SI,1957,UNNAMED,,1006.0,-5,8,1957-04-06 15:00:00,1957-04-07 06:00:00,Unknown
1957101N05136,WP,1957,SHIRLEY,,975.0,3,59,1957-04-11 00:00:00,1957-04-18 06:00:00,Unknown
1957122N03154,WP,1957,TRIX,,950.0,4,118,1957-05-02 00:00:00,1957-05-16 15:00:00,Unknown
1957147N14073,NI,1957,UNNAMED,,,-5,12,1957-05-26 18:00:00,1957-05-28 03:00:00,Unknown
1957168N05156,WP,1957,VIRGINIA,,900.0,5,91,1957-06-17 06:00:00,1957-06-28 12:00:00,Unknown
1957180N15128,WP,1957,UNNAMED,,,-5,17,1957-06-29 00:00:00,1957-07-01 00:00:00,Unknown
1957183N16117,WP,1957,UNNAMED,,,-5,33,1957-07-01 18:00:00,1957-07-05 18:00:00,Unknown
1957192N07141,WP,1957,WENDY,,985.0,2,59,1957-07-10 18:00:00,1957-07-18 00:00:00,Unknown
1957213N23124,WP,1957,UNNAMED,,,-5,21,1957-07-31 18:00:00,1957-08-03 06:00:00,Unknown
1957223N08145,WP,1957,AGNES,,905.0,4,113,1957-08-10 12:00:00,1957-08-24 12:00:00,Unknown
1957226N17119,WP,1957,UNNAMED,,984.0,0,75,1957-08-13 18:00:00,1957-08-23 00:00:00,Unknown
1957231N20091,NI,1957,UNNAMED,,,-5,52,1957-08-18 18:00:00,1957-08-25 03:00:00,Unknown
1957233N24137,WP,1957,UNNAMED,,998.0,-5,53,1957-08-21 00:00:00,1957-08-27 12:00:00,Unknown
1957235N11160,WP,1957,UNNAMED,,,-5,57,1957-08-23 00:00:00,1957-08-30 00:00:00,Unknown
1957237N22119,WP,1957,UNNAMED,,,-5,19,1957-08-25 06:00:00,1957-08-27 12:00:00,Unknown
1957238N14153,WP,1957,BESS,,950.0,3,119,1957-08-26 06:00:00,1957-09-10 00:00:00,Unknown
1957244N15210,WP,1957,DELLA,,960.0,4,59,1957-09-09 15:00:00,1957-09-16 21:00:00,Unknown
1957249N18125,WP,1957,CARMEN,,960.0,3,85,1957-09-05 18:00:00,1957-09-16 06:00:00,Unknown
1957253N15087,NI,1957,UNNAMED,,,-5,28,1957-09-09 18:00:00,1957-09-13 03:00:00,Unknown
1957258N17147,WP,1957,ELAINE,,945.0,4,51,1957-09-14 18:00:00,1957-09-21 00:00:00,Unknown
1957261N10147,WP,1957,FAYE,,930.0,5,104,1957-09-17 18:00:00,1957-09-30 15:00:00,Unknown
1957261N12135,WP,1957,GLORIA,,980.0,2,59,1957-09-17 12:00:00,1957-09-24 18:00:00,Unknown
1957266N19090,NI,1957,UNNAMED,,,-5,20,1957-09-22 18:00:00,1957-09-25 03:00:00,Unknown
1957276N09151,WP,1957,HESTER,,900.0,4,79,1957-10-03 00:00:00,1957-10-12 18:00:00,Unknown
1957281N15118,WP,1957,IRMA,,990.0,1,47,1957-10-07 12:00:00,1957-10-13 06:00:00,Unknown
1957284N13133,WP,1957,UNNAMED,,1000.0,0,45,1957-10-11 00:00:00,1957-10-16 12:00:00,Unknown
1957291N14155,WP,1957,JUDY,,960.0,4,94,1957-10-18 06:00:00,1957-10-29 21:00:00,Unknown
1957294N11070,NI,1957,UNNAMED,,,-5,36,1957-10-20 18:00:00,1957-10-25 03:00:00,Unknown
1957309N11161,WP,1957,KIT,,910.0,5,107,1957-11-04 18:00:00,1957-11-18 00:00:00,Unknown
1957311N06171,WP,1957,LOLA,,900.0,5,119,1957-11-07 06:00:00,1957-11-22 00:00:00,Unknown
1957313N11068,NI,1957,UNNAMED,,,-5,28,1957-11-08 18:00:00,1957-11-12 03:00:00,Unknown
1957321N06172,WP,1957,MAMIE,,960.0,3,63,1957-11-17 06:00:00,1957-11-25 00:00:00,Unknown
1957347S22038,SI,1958,UNNAMED,,,-5,33,1957-12-13 00:00:00,1957-12-17 00:00:00,Unknown
1957350S16119,SI,1958,UNNAMED,,1004.0,-5,46,1957-12-16 01:00:00,1957-12-19 01:00:00,Unknown
1957358S13056,SI,1958,UNNAMED,,,-5,65,1957-12-24 00:00:00,1958-01-01 00:00:00,Unknown
1957359N07083,NI,1957,UNNAMED,,,-5,12,1957-12-24 18:00:00,1957-12-26 03:00:00,Unknown
1958007N03171,WP,1958,OPHELIA,,940.0,5,91,1958-01-06 18:00:00,1958-01-18 00:00:00,Unknown
1958011S11137,SI,1958,UNNAMED,,1004.0,-1,39,1958-01-13 09:00:00,1958-01-16 17:00:00,Unknown
1958015S15122,SI,1958,UNNAMED,,990.0,-5,85,1958-01-14 23:00:00,1958-01-22 01:00:00,Unknown
1958016S18060,SI,1958,UNNAMED,,,-5,33,1958-01-16 06:00:00,1958-01-20 06:00:00,Unknown
1958022S21050,SI,1958,UNNAMED,,,-5,17,1958-01-22 06:00:00,1958-01-24 06:00:00,Unknown
1958023S21042,SI,1958,UNNAMED,,,-5,49,1958-01-23 06:00:00,1958-01-29 06:00:00,Unknown
1958030S12055,SI,1958,UNNAMED,,,-5,33,1958-01-30 06:00:00,1958-02-03 06:00:00,Unknown
1958039S08093,SI,1958,UNNAMED,,,-5,45,1958-02-07 18:00:00,1958-02-13 06:00:00,Unknown
1958039S08101,SI,1958,UNNAMED,,997.0,0,108,1958-02-07 16:00:00,1958-02-15 04:00:00,Unknown
1958044S14107,SI,1958,UNNAMED,,993.0,-5,36,1958-02-12 23:00:00,1958-02-16 01:00:00,Unknown
1958052S19038,SI,1958,UNNAMED,,,-5,57,1958-02-21 06:00:00,1958-02-28 06:00:00,Unknown
1958055S12066,SI,1958,UNNAMED,,,-5,37,1958-02-23 18:00:00,1958-02-28 06:00:00,Unknown
1958060S16117,SI,1958,UNNAMED,,960.0,-5,42,1958-03-01 01:00:00,1958-03-05 07:00:00,Unknown
1958062S14057,SI,1958,UNNAMED,,,-5,61,1958-03-02 18:00:00,1958-03-10 06:00:00,Unknown
1958062S16118,SI,1958,UNNAMED,,,-5,41,1958-03-02 23:00:00,1958-03-06 23:00:00,Unknown
1958063S12068,SI,1958,UNNAMED,,,-5,41,1958-03-04 06:00:00,1958-03-09 06:00:00,Unknown
1958073S12060,SI,1958,UNNAMED,,,-5,65,1958-03-14 06:00:00,1958-03-22 06:00:00,Unknown
1958073S19115,SI,1958,UNNAMED,,950.0,-5,48,1958-03-13 23:00:00,1958-03-17 23:00:00,Unknown
1958088S08095,SI,1958,UNNAMED,,,-5,17,1958-03-29 06:00:00,1958-03-31 06:00:00,Unknown
1958095S12067,SI,1958,UNNAMED,,,-5,45,1958-04-04 18:00:00,1958-04-10 06:00:00,Unknown
1958119N13128,WP,1958,UNNAMED,,995.0,-5,11,1958-04-29 00:00:00,1958-04-30 06:00:00,Unknown
1958127N13083,NI,1958,UNNAMED,,,-5,12,1958-05-06 18:00:00,1958-05-08 03:00:00,Unknown
1958136N16088,NI,1958,UNNAMED,,,-5,24,1958-05-16 06:00:00,1958-05-19 03:00:00,Unknown
1958143N06158,WP,1958,PHYLLIS,,940.0,5,117,1958-05-23 00:00:00,1958-06-06 12:00:00,Unknown
1958147N15114,WP,1958,UNNAMED,,990.0,-5,85,1958-05-26 18:00:00,1958-06-06 06:00:00,Unknown
1958158N08151,WP,1958,RITA,,985.0,1,55,1958-06-07 00:00:00,1958-06-13 18:00:00,Unknown
1958159N20127,WP,1958,UNNAMED,,998.0,-5,41,1958-06-08 00:00:00,1958-06-13 00:00:00,Unknown
1958164N12146,WP,1958,SUSAN,,985.0,3,47,1958-06-13 00:00:00,1958-06-18 18:00:00,Unknown
1958179N04158,WP,1958,TESS,,1000.0,1,65,1958-06-28 00:00:00,1958-07-06 00:00:00,Unknown
1958182N08113,WP,1958,UNNAMED,,,-5,29,1958-06-30 12:00:00,1958-07-04 00:00:00,Unknown
1958189N11149,WP,1958,VIOLA,,965.0,3,77,1958-07-07 18:00:00,1958-07-17 06:00:00,Unknown
1958190N20088,NI,1958,UNNAMED,,,-5,20,1958-07-08 18:00:00,1958-07-11 03:00:00,Unknown
1958192N16135,WP,1958,WINNIE,,925.0,5,57,1958-07-11 00:00:00,1958-07-18 00:00:00,Unknown
1958194N05146,WP,1958,ALICE,,925.0,4,120,1958-07-13 06:00:00,1958-07-28 03:00:00,Unknown
1958194N20115,WP,1958,BETTY,,985.0,0,27,1958-07-13 00:00:00,1958-07-16 06:00:00,Unknown
1958197N21088,NI,1958,UNNAMED,,,-5,12,1958-07-15 18:00:00,1958-07-17 03:00:00,Unknown
1958200N18113,WP,1958,UNNAMED,,992.0,-5,47,1958-07-19 06:00:00,1958-07-25 00:00:00,Unknown
1958203N09160,WP,1958,DORIS,,935.0,4,69,1958-07-22 00:00:00,1958-07-30 12:00:00,Unknown
1958216N15118,WP,1958,UNNAMED,,995.0,-5,63,1958-08-03 12:00:00,1958-08-11 06:00:00,Unknown
1958217N23152,WP,1958,ELSIE,,965.0,1,45,1958-08-04 12:00:00,1958-08-10 00:00:00,Unknown
1958217N28142,WP,1958,UNNAMED,,,-5,43,1958-08-05 06:00:00,1958-08-10 12:00:00,Unknown
1958232N12139,WP,1958,FLOSSIE,,970.0,2,67,1958-08-19 12:00:00,1958-08-27 18:00:00,Unknown
1958235N15114,WP,1958,UNNAMED,,,-5,51,1958-08-22 18:00:00,1958-08-29 00:00:00,Unknown
1958237N15129,WP,1958,UNNAMED,,994.0,-5,47,1958-08-25 06:00:00,1958-08-31 00:00:00,Unknown
1958240N08146,WP,1958,GRACE,,905.0,5,103,1958-08-27 18:00:00,1958-09-09 12:00:00,Unknown
1958240N15111,WP,1958,UNNAMED,,,-5,51,1958-08-28 00:00:00,1958-09-03 06:00:00,Unknown
1958241N19088,NI,1958,UNNAMED,,,-5,44,1958-08-28 18:00:00,1958-09-03 03:00:00,Unknown
1958246N09146,WP,1958,UNNAMED,,986.0,-5,89,1958-09-02 12:00:00,1958-09-13 12:00:00,Unknown
1958248N19117,WP,1958,UNNAMED,,,-5,31,1958-09-05 06:00:00,1958-09-09 00:00:00,Unknown
1958251N10142,WP,1958,HELEN,,920.0,5,113,1958-09-08 00:00:00,1958-09-22 00:00:00,Unknown
1958251N20090,NI,1958,UNNAMED,,,-5,44,1958-09-07 18:00:00,1958-09-13 03:00:00,Unknown
1958256N21090,NI,1958,UNNAMED,,,-5,20,1958-09-12 18:00:00,1958-09-15 03:00:00,Unknown
1958263N13148,WP,1958,IDA,,877.0,5,71,1958-09-20 06:00:00,1958-09-29 00:00:00,Unknown
1958263N19175,WP,1958,JUNE,,990.0,-5,25,1958-09-20 00:00:00,1958-09-23 00:00:00,Unknown
1958263N20176,WP,1958,JUNE,,,1,21,1958-09-20 00:00:00,1958-09-22 12:00:00,Unknown
1958263N21176,WP,1958,JUNE,,,-5,15,1958-09-20 00:00:00,1958-09-21 18:00:00,Unknown
1958263N23179,WP,1958,UNNAMED,,,-5,14,1958-09-20 00:00:00,1958-09-22 00:00:00,Unknown
1958268N15118,WP,1958,UNNAMED,,1000.0,-5,49,1958-09-24 12:00:00,1958-09-30 12:00:00,Unknown
1958279N10086,NI,1958,UNNAMED,,,-5,84,1958-10-05 18:00:00,1958-10-16 03:00:00,Unknown
1958281S07092,SI,1959,UNNAMED,,,-5,25,1958-10-08 06:00:00,1958-10-11 06:00:00,Unknown
1958290N13082,NI,1958,UNNAMED,,,-5,28,1958-10-16 18:00:00,1958-10-20 03:00:00,Unknown
1958291N11103,NI,1958,UNNAMED,,,-5,15,1958-10-19 06:00:00,1958-10-21 00:00:00,Unknown
1958291N11103,WP,1958,UNNAMED,,,-5,14,1958-10-17 12:00:00,1958-10-19 03:00:00,Unknown
1958293N12128,WP,1958,KATHY,,975.0,3,69,1958-10-20 06:00:00,1958-10-28 18:00:00,Unknown
1958295N10149,WP,1958,LORNA,,940.0,3,124,1958-10-21 18:00:00,1958-11-06 03:00:00,Unknown
1958295N19090,NI,1958,UNNAMED,,,-5,20,1958-10-21 18:00:00,1958-10-24 03:00:00,Unknown
1958297N12161,WP,1958,MARIE,,940.0,4,93,1958-10-23 18:00:00,1958-11-04 06:00:00,Unknown
1958310N16085,NI,1958,UNNAMED,,,-5,28,1958-11-05 18:00:00,1958-11-09 03:00:00,Unknown
1958320S08099,SI,1959,UNNAMED,,992.0,-1,87,1958-11-16 06:00:00,1958-11-22 22:00:00,Unknown
1958322N08093,NI,1958,UNNAMED,,,-5,92,1958-11-17 18:00:00,1958-11-29 03:00:00,Unknown
1958323N06108,WP,1958,UNNAMED,,,-5,21,1958-11-18 12:00:00,1958-11-21 00:00:00,Unknown
1958325N11133,WP,1958,NANCY,,920.0,5,47,1958-11-21 00:00:00,1958-11-26 18:00:00,Unknown
1958326N10119,WP,1958,UNNAMED,,,-5,27,1958-11-22 00:00:00,1958-11-25 06:00:00,Unknown
1958332N11139,WP,1958,PAMELA,,1000.0,0,47,1958-11-28 06:00:00,1958-12-04 00:00:00,Unknown
1958335N05170,WP,1958,OLGA,,950.0,4,67,1958-12-01 06:00:00,1958-12-09 12:00:00,Unknown
1958344N12141,WP,1958,UNNAMED,,985.0,-5,25,1958-12-09 18:00:00,1958-12-12 18:00:00,Unknown
1958351S19041,SI,1959,UNNAMED,,,-5,33,1958-12-17 06:00:00,1958-12-21 06:00:00,Unknown
1958364S13108,SI,1959,UNNAMED,,1000.0,-5,63,1958-12-29 23:00:00,1959-01-04 23:00:00,Unknown
1959004S14124,SI,1959,BERTHA,,985.0,-5,97,1959-01-04 01:00:00,1959-01-12 18:00:00,Unknown
1959004S15101,SI,1959,UNNAMED,,,-5,16,1959-01-04 11:00:00,1959-01-05 23:00:00,Unknown
1959010S19037,SI,1959,UNNAMED,,,-5,41,1959-01-10 06:00:00,1959-01-15 06:00:00,Unknown
1959013S20042,SI,1959,UNNAMED,,,-5,25,1959-01-13 06:00:00,1959-01-16 06:00:00,Unknown
1959024S10050,SI,1959,UNNAMED,,,-5,25,1959-01-24 00:00:00,1959-01-27 00:00:00,Unknown
1959026S11061,SI,1959,UNNAMED,,,-5,49,1959-01-26 06:00:00,1959-02-01 06:00:00,Unknown
1959027S10059,SI,1959,UNNAMED,,,-5,37,1959-01-26 18:00:00,1959-01-31 06:00:00,Unknown
1959038S08099,SI,1959,UNNAMED,,,-5,29,1959-02-06 18:00:00,1959-02-10 06:00:00,Unknown
1959039S10096,SI,1959,UNNAMED,,1001.0,-1,61,1959-02-07 16:00:00,1959-02-12 01:00:00,Unknown
1959040S13060,SI,1959,UNNAMED,,,-5,49,1959-02-09 06:00:00,1959-02-15 06:00:00,Unknown
1959045S13044,SI,1959,UNNAMED,,,-5,105,1959-02-14 06:00:00,1959-02-27 06:00:00,Unknown
1959058N09141,WP,1959,RUBY,,998.0,0,23,1959-02-26 18:00:00,1959-03-01 12:00:00,Unknown
1959060S12059,SI,1959,UNNAMED,,,-5,65,1959-03-01 06:00:00,1959-03-09 06:00:00,Unknown
1959063N06165,WP,1959,SALLY,,990.0,0,111,1959-03-04 00:00:00,1959-03-17 18:00:00,Unknown
1959064S13108,SI,1959,UNNAMED,,990.0,-5,70,1959-03-04 23:00:00,1959-03-11 01:00:00,Unknown
1959072S13065,SI,1959,UNNAMED,,,-5,89,1959-03-13 06:00:00,1959-03-24 06:00:00,Unknown
1959075S14107,SI,1959,UNNAMED,,980.0,-5,71,1959-03-16 01:00:00,1959-03-22 01:00:00,Unknown
1959081S12064,SI,1959,UNNAMED,,,-5,129,1959-03-22 06:00:00,1959-04-07 06:00:00,Unknown
1959092S10135,SI,1959,UNNAMED,,990.0,-5,109,1959-04-02 09:00:00,1959-04-11 23:00:00,Unknown
1959104N05149,WP,1959,TILDA,,930.0,4,87,1959-04-13 18:00:00,1959-04-24 12:00:00,Unknown
1959109S12076,SI,1959,UNNAMED,,,-5,37,1959-04-18 18:00:00,1959-04-23 06:00:00,Unknown
1959139N09071,NI,1959,UNNAMED,,,-5,44,1959-05-18 18:00:00,1959-05-24 03:00:00,Unknown
1959174N10085,NI,1959,UNNAMED,,,-5,12,1959-06-22 18:00:00,1959-06-24 03:00:00,Unknown
1959176N18071,NI,1959,UNNAMED,,,-5,36,1959-06-24 18:00:00,1959-06-29 03:00:00,Unknown
1959178N11109,WP,1959,VIOLET,,,-5,17,1959-06-27 06:00:00,1959-06-29 06:00:00,Unknown
1959179N18089,NI,1959,UNNAMED,,,-5,44,1959-06-27 18:00:00,1959-07-03 03:00:00,Unknown
1959185N16118,WP,1959,WILDA,,990.0,-5,55,1959-07-03 18:00:00,1959-07-10 12:00:00,Unknown
1959185N19089,NI,1959,UNNAMED,,,-5,12,1959-07-03 18:00:00,1959-07-05 03:00:00,Unknown
1959190N08145,WP,1959,BILLIE,,970.0,2,91,1959-07-08 12:00:00,1959-07-19 18:00:00,Unknown
1959191N21090,NI,1959,UNNAMED,,,-5,68,1959-07-09 18:00:00,1959-07-18 03:00:00,Unknown
1959198N16088,NI,1959,UNNAMED,,,-5,20,1959-07-16 18:00:00,1959-07-19 03:00:00,Unknown
1959209N16115,WP,1959,UNNAMED,,,-5,23,1959-07-28 00:00:00,1959-07-30 18:00:00,Unknown
1959211N21148,WP,1959,ELLEN,,965.0,3,115,1959-07-30 00:00:00,1959-08-13 06:00:00,Unknown
1959215N24089,NI,1959,UNNAMED,,,-5,28,1959-08-02 18:00:00,1959-08-06 03:00:00,Unknown
1959222N15153,WP,1959,GEORGIA,,960.0,3,51,1959-08-10 00:00:00,1959-08-16 06:00:00,Unknown
1959226N16140,WP,1959,HOPE,,,-5,51,1959-08-13 18:00:00,1959-08-20 00:00:00,Unknown
1959230N13111,WP,1959,UNNAMED,,,-5,19,1959-08-18 06:00:00,1959-08-20 12:00:00,Unknown
1959231N16130,WP,1959,IRIS,,965.0,2,41,1959-08-18 18:00:00,1959-08-23 18:00:00,Unknown
1959236N10132,WP,1959,KATE,,1000.0,0,31,1959-08-24 00:00:00,1959-08-27 18:00:00,Unknown
1959236N12139,WP,1959,JOAN,,885.0,5,81,1959-08-23 18:00:00,1959-09-02 18:00:00,Unknown
1959237N18086,NI,1959,UNNAMED,,,-5,20,1959-08-24 18:00:00,1959-08-27 03:00:00,Unknown
1959241N12148,WP,1959,LOUISE,,965.0,4,87,1959-08-29 06:00:00,1959-09-09 00:00:00,Unknown
1959245N17112,WP,1959,MARGE,,,-5,15,1959-09-01 18:00:00,1959-09-03 12:00:00,Unknown
1959248N09160,WP,1959,OPAL:RUTH,,,0,9,1959-09-05 06:00:00,1959-09-06 06:00:00,Unknown
1959248N13132,WP,1959,NORA,,988.0,0,73,1959-09-05 06:00:00,1959-09-14 06:00:00,Unknown
1959249N19181,WP,1959,PATSY,120.0,990.0,4,16,1959-09-07 21:00:00,1959-09-11 00:00:00,Intense (>=96kt)
1959253N21086,NI,1959,UNNAMED,,,-5,44,1959-09-09 18:00:00,1959-09-15 03:00:00,Unknown
1959254N14148,WP,1959,SARAH,,905.0,5,105,1959-09-10 12:00:00,1959-09-23 12:00:00,Unknown
1959261N11143,WP,1959,THELMA,,,-5,33,1959-09-18 06:00:00,1959-09-22 06:00:00,Unknown
1959263N11160,WP,1959,VERA,,895.0,5,75,1959-09-20 00:00:00,1959-09-29 06:00:00,Unknown
1959266N13108,WP,1959,UNNAMED,,,-5,13,1959-09-22 12:00:00,1959-09-24 00:00:00,Unknown
1959270N17092,NI,1959,UNNAMED,,,-5,44,1959-09-26 18:00:00,1959-10-02 03:00:00,Unknown
1959274N09137,WP,1959,AMY,,980.0,1,75,1959-10-01 00:00:00,1959-10-10 06:00:00,Unknown
1959275N16120,WP,1959,UNNAMED,,,-5,17,1959-10-02 00:00:00,1959-10-04 00:00:00,Unknown
1959278N15118,WP,1959,BABS,,1004.0,0,49,1959-10-04 18:00:00,1959-10-10 18:00:00,Unknown
1959281N09143,WP,1959,CHARLOTTE,,905.0,5,101,1959-10-07 18:00:00,1959-10-20 06:00:00,Unknown
1959284N20072,NI,1959,UNNAMED,,,-5,60,1959-10-10 18:00:00,1959-10-18 03:00:00,Unknown
1959286N07168,WP,1959,DINAH,,915.0,5,90,1959-10-12 18:00:00,1959-10-23 21:00:00,Unknown
1959299N18144,WP,1959,UNNAMED,,,-5,21,1959-10-25 12:00:00,1959-10-28 00:00:00,Unknown
1959300N09083,NI,1959,UNNAMED,,,-5,28,1959-10-26 18:00:00,1959-10-30 03:00:00,Unknown
1959303S07066,SI,1960,UNNAMED,,,-5,45,1959-10-29 18:00:00,1959-11-04 06:00:00,Unknown
1959305N06167,WP,1959,EMMA,,960.0,3,117,1959-11-01 00:00:00,1959-11-15 12:00:00,Unknown
1959307N13140,WP,1959,UNNAMED,,,-5,105,1959-11-03 00:00:00,1959-11-16 00:00:00,Unknown
1959317N09137,WP,1959,FREDA,,945.0,4,65,1959-11-13 00:00:00,1959-11-21 00:00:00,Unknown
1959325S06088,SI,1960,UNNAMED,,,-5,45,1959-11-20 18:00:00,1959-11-26 06:00:00,Unknown
1959332N10081,NI,1959,UNNAMED,,,-5,68,1959-11-27 18:00:00,1959-12-06 03:00:00,Unknown
1959335S12065,SI,1960,UNNAMED,,,-5,81,1959-12-01 06:00:00,1959-12-11 06:00:00,Unknown
1959339N09091,NI,1959,UNNAMED,,,-5,20,1959-12-04 18:00:00,1959-12-07 03:00:00,Unknown
1959346N06147,WP,1959,GILDA,,925.0,5,87,1959-12-11 18:00:00,1959-12-22 12:00:00,Unknown
1959356N05152,WP,1959,HARRIET,,930.0,4,103,1959-12-22 00:00:00,1960-01-03 18:00:00,Unknown
1959359S12133,SI,1960,UNNAMED,,992.0,-5,7,1959-12-24 12:00:00,1959-12-25 03:00:00,Unknown
1959360S13072,SI,1960,UNNAMED,,,-5,73,1959-12-26 06:00:00,1960-01-04 06:00:00,Unknown
1960012S12081,SI,1960,UNNAMED,,,-5,85,1960-01-11 18:00:00,1960-01-22 06:00:00,Unknown
1960022S15124,SI,1960,UNNAMED,,980.0,-5,89,1960-01-22 01:00:00,1960-01-29 23:00:00,Unknown
1960028N06135,WP,1960,IVY,,,-5,51,1960-01-28 06:00:00,1960-02-03 12:00:00,Unknown
1960028S18043,SI,1960,UNNAMED,,,-5,33,1960-01-28 06:00:00,1960-02-01 06:00:00,Unknown
1960051S10073,SI,1960,UNNAMED,,,-5,89,1960-02-20 06:00:00,1960-03-02 06:00:00,Unknown
1960067N08148,WP,1960,JEAN,,,-5,31,1960-03-07 00:00:00,1960-03-10 18:00:00,Unknown
1960075S12149,SI,1960,UNNAMED,,965.0,-5,94,1960-03-21 21:00:00,1960-03-27 23:00:00,Unknown
1960078S20037,SI,1960,UNNAMED,,,-5,73,1960-03-18 06:00:00,1960-03-27 06:00:00,Unknown
1960091S10077,SI,1960,UNNAMED,,,-5,61,1960-03-30 18:00:00,1960-04-07 06:00:00,Unknown
1960112N09127,WP,1960,KAREN,,990.0,1,47,1960-04-21 06:00:00,1960-04-27 00:00:00,Unknown
1960112S09129,SI,1960,UNNAMED,,980.0,-5,69,1960-04-20 23:00:00,1960-04-27 01:00:00,Unknown
1960132N09070,NI,1960,UNNAMED,,,-5,60,1960-05-10 18:00:00,1960-05-18 03:00:00,Unknown
1960146N08131,WP,1960,LUCILLE,,985.0,0,81,1960-05-25 06:00:00,1960-06-04 06:00:00,Unknown
1960148N12125,WP,1960,LUCILLE,,,-5,9,1960-05-26 15:00:00,1960-05-27 15:00:00,Unknown
1960148N20089,NI,1960,UNNAMED,,,-5,20,1960-05-26 18:00:00,1960-05-29 03:00:00,Unknown
1960154N12137,WP,1960,NADINE,,985.0,0,83,1960-06-01 18:00:00,1960-06-12 00:00:00,Unknown
1960154N17116,WP,1960,MARY,,980.0,1,91,1960-06-02 00:00:00,1960-06-13 06:00:00,Unknown
1960164N29134,WP,1960,MARY,,992.0,-5,51,1960-06-11 15:00:00,1960-06-17 21:00:00,Unknown
1960173N08137,WP,1960,OLIVE,,950.0,4,83,1960-06-21 06:00:00,1960-07-01 12:00:00,Unknown
1960175N13115,WP,1960,UNNAMED,,,-5,37,1960-06-22 18:00:00,1960-06-27 06:00:00,Unknown
1960182N20089,NI,1960,UNNAMED,,,-5,28,1960-06-29 18:00:00,1960-07-03 03:00:00,Unknown
1960185N21070,NI,1960,UNNAMED,,,-5,12,1960-07-02 18:00:00,1960-07-04 03:00:00,Unknown
1960197S05098,SI,1961,UNNAMED,,995.0,-5,49,1960-07-15 00:00:00,1960-07-21 00:00:00,Unknown
1960199N17129,WP,1960,POLLY,,950.0,4,133,1960-07-17 00:00:00,1960-08-02 12:00:00,Unknown
1960207N22154,WP,1960,ROSE,,990.0,0,56,1960-07-24 12:00:00,1960-07-31 09:00:00,Unknown
1960210N13134,WP,1960,SHIRLEY,,910.0,4,77,1960-07-27 18:00:00,1960-08-06 06:00:00,Unknown
1960211N15115,WP,1960,UNNAMED,,,-5,41,1960-07-29 06:00:00,1960-08-03 06:00:00,Unknown
1960215N11138,WP,1960,TRIX,,930.0,4,95,1960-08-02 06:00:00,1960-08-14 00:00:00,Unknown
1960218N18119,WP,1960,UNNAMED,,,-5,21,1960-08-05 06:00:00,1960-08-07 18:00:00,Unknown
1960219N20153,WP,1960,UNNAMED,,1000.0,-5,29,1960-08-06 00:00:00,1960-08-09 12:00:00,Unknown
1960220N18140,WP,1960,VIRGINIA,,980.0,2,49,1960-08-07 00:00:00,1960-08-13 00:00:00,Unknown
1960221N22122,WP,1960,TRIX,,,-5,23,1960-08-08 00:00:00,1960-08-10 18:00:00,Unknown
1960222N21089,NI,1960,UNNAMED,,,-5,12,1960-08-08 18:00:00,1960-08-10 03:00:00,Unknown
1960223N21127,WP,1960,AGNES,,994.0,0,65,1960-08-10 00:00:00,1960-08-18 00:00:00,Unknown
1960223N23136,WP,1960,WENDY,,990.0,1,47,1960-08-10 00:00:00,1960-08-15 18:00:00,Unknown
1960226N19090,NI,1960,UNNAMED,,,-5,60,1960-08-12 18:00:00,1960-08-20 03:00:00,Unknown
1960226N20117,WP,1960,UNNAMED,,,-5,25,1960-08-13 06:00:00,1960-08-16 06:00:00,Unknown
1960227N21144,WP,1960,BESS,,980.0,1,121,1960-08-13 12:00:00,1960-08-28 12:00:00,Unknown
1960227N23126,WP,1960,CARMEN,,975.0,1,91,1960-08-14 06:00:00,1960-08-25 12:00:00,Unknown
1960230N13155,WP,1960,DELLA,,970.0,2,151,1960-08-17 00:00:00,1960-09-04 18:00:00,Unknown
1960231N22117,WP,1960,ELAINE,,975.0,1,73,1960-08-17 18:00:00,1960-08-26 18:00:00,Unknown
1960235N10159,WP,1960,FAYE,,945.0,4,123,1960-08-21 12:00:00,1960-09-05 18:00:00,Unknown
1960237N20090,NI,1960,UNNAMED,,,-5,36,1960-08-23 18:00:00,1960-08-28 03:00:00,Unknown
1960243N11137,WP,1960,GLORIA,,,0,53,1960-08-29 18:00:00,1960-09-05 06:00:00,Unknown
1960244N25124,WP,1960,GLORIA,,1008.0,-5,19,1960-08-31 00:00:00,1960-09-02 06:00:00,Unknown
1960248N15148,WP,1960,HESTER,,1000.0,0,61,1960-09-04 00:00:00,1960-09-11 12:00:00,Unknown
1960253N09153,WP,1960,IRMA,,,0,89,1960-09-09 00:00:00,1960-09-20 00:00:00,Unknown
1960260N14119,WP,1960,UNNAMED,,,-5,11,1960-09-15 18:00:00,1960-09-17 00:00:00,Unknown
1960261N21123,WP,1960,IRMA,,,-5,39,1960-09-17 00:00:00,1960-09-21 18:00:00,Unknown
1960267N18116,WP,1960,UNNAMED,,,-5,41,1960-09-22 12:00:00,1960-09-27 12:00:00,Unknown
1960268N22153,WP,1960,JUDY,,980.0,0,69,1960-09-23 18:00:00,1960-10-02 06:00:00,Unknown
1960270N21087,NI,1960,UNNAMED,,,-5,12,1960-09-25 18:00:00,1960-09-27 03:00:00,Unknown
1960273N10142,WP,1960,KIT,,960.0,2,117,1960-09-29 06:00:00,1960-10-13 18:00:00,Unknown
1960273N13117,NI,1960,UNNAMED,,,-5,44,1960-10-05 18:00:00,1960-10-11 03:00:00,Unknown
1960273N13117,WP,1960,UNNAMED,,,-5,56,1960-09-28 18:00:00,1960-10-05 15:00:00,Unknown
1960282N21132,WP,1960,LOLA,,970.0,1,75,1960-10-08 00:00:00,1960-10-17 06:00:00,Unknown
1960286N11163,WP,1960,MAMIE,,940.0,4,97,1960-10-11 12:00:00,1960-10-23 12:00:00,Unknown
1960294N13138,WP,1960,NINA,,950.0,3,75,1960-10-20 00:00:00,1960-10-29 06:00:00,Unknown
1960297N40158,WP,1960,MAMIE,,990.0,-5,28,1960-10-22 12:00:00,1960-10-25 21:00:00,Unknown
1960302N08090,NI,1960,UNNAMED,,,-5,28,1960-10-27 18:00:00,1960-10-31 03:00:00,Unknown
1960312N11069,NI,1960,UNNAMED,,,-5,28,1960-11-06 18:00:00,1960-11-10 03:00:00,Unknown
1960313N10119,WP,1960,UNNAMED,,,-5,21,1960-11-08 06:00:00,1960-11-10 18:00:00,Unknown
1960314N07109,WP,1960,UNNAMED,,,-5,13,1960-11-08 12:00:00,1960-11-10 00:00:00,Unknown
1960315N10081,NI,1960,UNNAMED,,,-5,1,1960-11-10 03:00:00,1960-11-10 03:00:00,Unknown
1960315N10082,NI,1960,UNNAMED,,,-5,3,1960-11-09 18:00:00,1960-11-10 00:00:00,Unknown
1960316S11083,SI,1961,ANNA,,,-5,25,1960-11-11 06:00:00,1960-11-14 06:00:00,Unknown
1960321N11067,NI,1960,UNNAMED,,,-5,60,1960-11-15 18:00:00,1960-11-23 03:00:00,Unknown
1960324N11084,NI,1960,UNNAMED,,,-5,12,1960-11-18 18:00:00,1960-11-20 03:00:00,Unknown
1960327N09161,WP,1960,OPHELIA,,925.0,4,121,1960-11-21 12:00:00,1960-12-06 12:00:00,Unknown
1960331N10088,NI,1960,UNNAMED,,,-5,52,1960-11-25 18:00:00,1960-12-02 03:00:00,Unknown
1960332N08105,NI,1960,UNNAMED,,,-5,12,1960-11-27 21:00:00,1960-11-29 06:00:00,Unknown
1960332N08105,WP,1960,UNNAMED,,,-5,11,1960-11-26 12:00:00,1960-11-27 18:00:00,Unknown
1960334S12087,SI,1961,BARBARA,,,-5,35,1960-11-29 00:00:00,1960-12-03 06:00:00,Unknown
1960346N07148,WP,1960,PHYLLIS,,965.0,3,79,1960-12-11 00:00:00,1960-12-20 18:00:00,Unknown
1960350S08131,SI,1961,UNNAMED,,969.0,-5,103,1960-12-14 23:00:00,1960-12-24 01:00:00,Unknown
1960364S07096,SI,1961,UNNAMED,,1000.0,-5,79,1960-12-28 16:00:00,1961-01-03 01:00:00,Unknown
1961001S13092,SI,1961,UNNAMED,,,-5,37,1960-12-31 18:00:00,1961-01-03 06:00:00,Unknown
1961001S18039,SI,1961,CLARA,,,-5,43,1961-01-01 00:00:00,1961-01-06 06:00:00,Unknown
1961009N10082,NI,1961,UNNAMED,,,-5,16,1961-01-09 06:00:00,1961-01-11 03:00:00,Unknown
1961014N07141,WP,1961,RITA,,996.0,0,55,1961-01-13 12:00:00,1961-01-20 06:00:00,Unknown
1961014S10135,SI,1961,UNNAMED,,920.0,-5,118,1961-01-14 06:00:00,1961-01-27 01:00:00,Unknown
1961014S10495,SI,1961,UNNAMED,,,-5,112,1961-01-14 03:00:00,1961-01-26 06:00:00,Unknown
1961017S10135,SI,1961,UNNAMED,,,-5,119,1961-01-17 03:00:00,1961-01-28 23:00:00,Unknown
1961024S10057,SI,1961,DORIS,,,-5,77,1961-01-23 18:00:00,1961-02-02 06:00:00,Unknown
1961038S13070,SI,1961,EVA,,,-5,27,1961-02-07 00:00:00,1961-02-10 06:00:00,Unknown
1961040S15117,SI,1961,UNNAMED,,985.0,-5,40,1961-02-09 01:00:00,1961-02-13 01:00:00,Unknown
1961041S14119,SI,1961,UNNAMED,,,-5,51,1961-02-09 23:00:00,1961-02-14 23:00:00,Unknown
1961043S09099,SI,1961,UNNAMED,,990.0,-1,79,1961-02-11 16:00:00,1961-02-17 01:00:00,Unknown
1961048N05086,NI,1961,UNNAMED,,,-5,36,1961-02-17 06:00:00,1961-02-21 15:00:00,Unknown
1961051S12116,SI,1961,UNNAMED,,970.0,-5,99,1961-02-20 00:00:00,1961-03-02 18:00:00,Unknown
1961052S13095,SI,1961,UNNAMED,,990.0,-1,135,1961-02-20 16:00:00,1961-03-01 22:00:00,Unknown
1961053S08133,SI,1961,UNNAMED,,,-5,111,1961-02-21 23:00:00,1961-03-04 23:00:00,Unknown
1961053S12116,SI,1961,UNNAMED,,,-5,111,1961-02-21 23:00:00,1961-03-04 23:00:00,Unknown
1961055S11129,SI,1961,UNNAMED,,950.0,-5,82,1961-02-24 01:00:00,1961-03-03 18:30:00,Unknown
1961058N06132,WP,1961,SUSAN,,,0,23,1961-02-26 18:00:00,1961-03-01 12:00:00,Unknown
1961081N08148,WP,1961,TESS,,940.0,4,91,1961-03-22 06:00:00,1961-04-02 12:00:00,Unknown
1961100N10110,WP,1961,VIOLA,,,0,21,1961-04-09 12:00:00,1961-04-12 00:00:00,Unknown
1961125N11096,NI,1961,WINNIE,,,-5,39,1961-05-04 18:00:00,1961-05-09 12:00:00,Unknown
1961127N06107,WP,1961,UNNAMED,,,-5,21,1961-05-06 12:00:00,1961-05-09 00:00:00,Unknown
1961135N12121,WP,1961,ALICE,,980.0,1,65,1961-05-15 00:00:00,1961-05-23 00:00:00,Unknown
1961141N09135,WP,1961,BETTY,,945.0,4,112,1961-05-21 00:00:00,1961-06-03 21:00:00,Unknown
1961143N14073,NI,1961,UNNAMED,,,-5,20,1961-05-22 18:00:00,1961-05-25 03:00:00,Unknown
1961144N17112,WP,1961,UNNAMED,,,-5,49,1961-05-24 00:00:00,1961-05-30 00:00:00,Unknown
1961147N15095,NI,1961,UNNAMED,,,-5,32,1961-05-26 18:00:00,1961-05-30 15:00:00,Unknown
1961151N08147,WP,1961,UNNAMED,,,-5,53,1961-05-30 12:00:00,1961-06-06 00:00:00,Unknown
1961155N16110,WP,1961,UNNAMED,,,-5,39,1961-06-03 12:00:00,1961-06-08 06:00:00,Unknown
1961159N21090,NI,1961,UNNAMED,,,-5,52,1961-06-07 18:00:00,1961-06-14 03:00:00,Unknown
1961171N11115,WP,1961,CORA,,985.0,1,47,1961-06-20 06:00:00,1961-06-26 00:00:00,Unknown
1961172N19072,NI,1961,UNNAMED,,,-5,52,1961-06-20 18:00:00,1961-06-27 03:00:00,Unknown
1961173N09139,WP,1961,DORIS,,986.0,0,147,1961-06-21 18:00:00,1961-07-10 00:00:00,Unknown
1961175N19128,WP,1961,UNNAMED,,,-5,5,1961-06-24 00:00:00,1961-06-24 12:00:00,Unknown
1961177N27134,WP,1961,UNNAMED,,996.0,-5,29,1961-06-25 12:00:00,1961-06-29 00:00:00,Unknown
1961178N17093,NI,1961,UNNAMED,,,-5,17,1961-06-26 15:00:00,1961-06-28 15:00:00,Unknown
1961178N25133,WP,1961,UNNAMED,,,-5,9,1961-06-26 18:00:00,1961-06-27 18:00:00,Unknown
1961182N22088,NI,1961,UNNAMED,,,-5,17,1961-07-01 03:00:00,1961-07-03 03:00:00,Unknown
1961182N23120,WP,1961,DORIS,,,-5,7,1961-06-30 12:00:00,1961-07-01 06:00:00,Unknown
1961183N22070,NI,1961,UNNAMED,,,-5,32,1961-07-01 18:00:00,1961-07-05 15:00:00,Unknown
1961185N13130,WP,1961,UNNAMED,,,-5,21,1961-07-04 00:00:00,1961-07-06 12:00:00,Unknown
1961188N10147,WP,1961,ELSIE,,975.0,1,77,1961-07-06 12:00:00,1961-07-16 00:00:00,Unknown
1961193N12146,WP,1961,FLOSSIE,,992.0,0,69,1961-07-11 18:00:00,1961-07-20 06:00:00,Unknown
1961198N18134,WP,1961,GRACE,,,0,73,1961-07-16 12:00:00,1961-07-25 12:00:00,Unknown
1961200N24069,NI,1961,UNNAMED,,,-5,8,1961-07-18 18:00:00,1961-07-19 15:00:00,Unknown
1961204N12147,WP,1961,HELEN,,970.0,2,123,1961-07-22 18:00:00,1961-08-07 00:00:00,Unknown
1961207N20143,WP,1961,IDA,,980.0,1,45,1961-07-26 06:00:00,1961-07-31 18:00:00,Unknown
1961213N12134,WP,1961,JUNE,,960.0,2,61,1961-08-01 00:00:00,1961-08-08 12:00:00,Unknown
1961218N10138,WP,1961,UNNAMED,,,-5,39,1961-08-06 00:00:00,1961-08-10 18:00:00,Unknown
1961220N14113,WP,1961,UNNAMED,,1000.0,-5,17,1961-08-08 00:00:00,1961-08-10 00:00:00,Unknown
1961222N17120,WP,1961,UNNAMED,,,-5,7,1961-08-09 18:00:00,1961-08-10 12:00:00,Unknown
1961222N23120,WP,1961,UNNAMED,,,-5,11,1961-08-10 06:00:00,1961-08-11 12:00:00,Unknown
1961225N14143,WP,1961,KATHY,,988.0,1,51,1961-08-13 00:00:00,1961-08-19 06:00:00,Unknown
1961226N14126,WP,1961,UNNAMED,,,-5,17,1961-08-14 00:00:00,1961-08-16 00:00:00,Unknown
1961226N17141,WP,1961,UNNAMED,,,-5,17,1961-08-14 00:00:00,1961-08-16 00:00:00,Unknown
1961230N17119,WP,1961,UNNAMED,,,-5,29,1961-08-18 06:00:00,1961-08-21 18:00:00,Unknown
1961230N22131,WP,1961,UNNAMED,,,-5,19,1961-08-18 00:00:00,1961-08-20 06:00:00,Unknown
1961231N12134,WP,1961,LORNA,,950.0,4,77,1961-08-19 00:00:00,1961-08-28 12:00:00,Unknown
1961237N16151,WP,1961,UNNAMED,,,-5,37,1961-08-24 12:00:00,1961-08-29 00:00:00,Unknown
1961241N18117,WP,1961,UNNAMED,,,-5,23,1961-08-29 06:00:00,1961-09-01 00:00:00,Unknown
1961241N20155,WP,1961,MARIE,,996.0,0,59,1961-08-28 18:00:00,1961-09-05 00:00:00,Unknown
1961247N15127,WP,1961,OLGA,,985.0,1,59,1961-09-04 00:00:00,1961-09-11 06:00:00,Unknown
1961248N18155,WP,1961,PAMELA,,910.0,5,71,1961-09-05 00:00:00,1961-09-13 18:00:00,Unknown
1961248N22089,NI,1961,UNNAMED,,,-5,92,1961-09-05 06:00:00,1961-09-16 15:00:00,Unknown
1961249N14342,NI,1961,DEBBIE,,,-4,1,1961-09-18 18:00:00,1961-09-18 18:00:00,Unknown
1961250N07173,WP,1961,NANCY,,890.0,5,107,1961-09-06 12:00:00,1961-09-19 18:00:00,Unknown
1961254N19094,NI,1961,UNNAMED,,,-5,52,1961-09-10 18:00:00,1961-09-17 03:00:00,Unknown
1961264N12130,WP,1961,RUBY,,992.0,-5,39,1961-09-20 12:00:00,1961-09-25 06:00:00,Unknown
1961265N11156,WP,1961,SALLY,,980.0,1,77,1961-09-21 12:00:00,1961-10-01 00:00:00,Unknown
1961265N21090,NI,1961,UNNAMED,,,-5,12,1961-09-21 18:00:00,1961-09-23 03:00:00,Unknown
1961269N11161,WP,1961,TILDA,,925.0,5,113,1961-09-25 12:00:00,1961-10-09 12:00:00,Unknown
1961270N20090,NI,1961,UNNAMED,,,-5,48,1961-09-26 18:00:00,1961-10-02 15:00:00,Unknown
1961276N22152,WP,1961,VIOLET,,895.0,5,73,1961-10-02 18:00:00,1961-10-11 18:00:00,Unknown
1961279N17119,WP,1961,WILDA,,990.0,-5,63,1961-10-05 18:00:00,1961-10-13 12:00:00,Unknown
1961282N20079,NI,1961,UNNAMED,,,-5,36,1961-10-08 18:00:00,1961-10-13 03:00:00,Unknown
1961284N18137,WP,1961,UNNAMED,,,-5,69,1961-10-10 12:00:00,1961-10-19 00:00:00,Unknown
1961285N25165,WP,1961,UNNAMED,,,-5,21,1961-10-12 00:00:00,1961-10-14 12:00:00,Unknown
1961291N08159,WP,1961,BILLIE,,970.0,1,97,1961-10-18 06:00:00,1961-10-30 06:00:00,Unknown
1961291N12120,NI,1961,ANITA,,,-5,11,1961-10-20 18:00:00,1961-10-22 00:00:00,Unknown
1961291N12120,WP,1961,ANITA,,,-5,22,1961-10-18 00:00:00,1961-10-20 15:00:00,Unknown
1961297N20092,NI,1961,UNNAMED,,,-5,16,1961-10-23 18:00:00,1961-10-25 15:00:00,Unknown
1961298N17166,WP,1961,CLARA,,985.0,1,57,1961-10-25 06:00:00,1961-11-01 06:00:00,Unknown
1961304N16150,WP,1961,UNNAMED,,,-5,7,1961-10-31 06:00:00,1961-11-01 00:00:00,Unknown
1961310N16153,WP,1961,UNNAMED,,,-5,1,1961-11-06 06:00:00,1961-11-06 06:00:00,Unknown
1961312N14153,WP,1961,DOT,,930.0,5,74,1961-11-07 12:00:00,1961-11-16 15:00:00,Unknown
1961325N08128,WP,1961,UNNAMED,,,-5,39,1961-11-20 18:00:00,1961-11-25 12:00:00,Unknown
1961339N08137,WP,1961,ELLEN,,945.0,4,73,1961-12-05 06:00:00,1961-12-14 06:00:00,Unknown
1961354S13044,SI,1962,ADA,,,-5,37,1961-12-19 18:00:00,1961-12-24 06:00:00,Unknown
1961355S19052,SI,1962,BERYL,,,-5,65,1961-12-20 12:00:00,1961-12-28 12:00:00,Unknown
1961364S10066,SI,1962,CHANTAL,,,-5,69,1961-12-29 18:00:00,1962-01-07 06:00:00,Unknown
1962007S14115,SI,1962,UNNAMED,,994.0,-5,65,1962-01-06 12:00:00,1962-01-13 18:00:00,Unknown
1962008S14115,SI,1962,UNNAMED,,,-5,76,1962-01-08 11:00:00,1962-01-15 23:00:00,Unknown
1962015S12064,SI,1962,DAISY,,,-5,69,1962-01-15 06:00:00,1962-01-23 18:00:00,Unknown
1962019S07087,SI,1962,UNNAMED,,,-5,17,1962-01-19 06:00:00,1962-01-21 06:00:00,Unknown
1962020S12123,SI,1962,UNNAMED,,980.0,-5,101,1962-01-20 00:00:00,1962-01-31 01:00:00,Unknown
1962021S07068,SI,1962,FLORA,,,-5,37,1962-01-20 18:00:00,1962-01-25 06:00:00,Unknown
1962022S09088,SI,1962,EMILY,,,-5,1,1962-01-22 06:00:00,1962-01-22 06:00:00,Unknown
1962022S12123,SI,1962,UNNAMED,,,-5,111,1962-01-21 23:00:00,1962-02-01 23:00:00,Unknown
1962028S13130,SI,1962,UNNAMED,,985.0,-5,178,1962-01-27 23:30:00,1962-02-12 23:00:00,Unknown
1962033N06129,WP,1962,FRAN,,1002.0,0,35,1962-02-02 00:00:00,1962-02-06 06:00:00,Unknown
1962036S15064,SI,1962,GINA,,,-5,113,1962-02-05 06:00:00,1962-02-19 06:00:00,Unknown
1962042S17128,SI,1962,UNNAMED,,,-5,61,1962-02-10 23:00:00,1962-02-16 11:00:00,Unknown
1962045S19118,SI,1962,UNNAMED,,993.0,-5,103,1962-02-14 06:00:00,1962-02-22 23:00:00,Unknown
1962047S12057,SI,1962,HELENE,,,-5,37,1962-02-15 18:00:00,1962-02-20 06:00:00,Unknown
1962049S31059,SI,1962,GINA,,,-5,13,1962-02-18 00:00:00,1962-02-19 12:00:00,Unknown
1962052S27047,SI,1962,ISABEL,,,-5,27,1962-02-21 06:00:00,1962-02-24 12:00:00,Unknown
1962053S26048,SI,1962,ISABEL,,,-5,25,1962-02-22 06:00:00,1962-02-25 06:00:00,Unknown
1962058S14070,SI,1962,JENNY,,,-5,47,1962-02-26 12:00:00,1962-03-04 06:00:00,Unknown
1962061S15101,SI,1962,UNNAMED,,1001.0,-1,63,1962-03-01 16:00:00,1962-03-06 01:00:00,Unknown
1962062S26052,SI,1962,JENNY,,,-5,23,1962-03-02 18:00:00,1962-03-05 12:00:00,Unknown
1962068S13055,SI,1962,KATE,,,-5,49,1962-03-09 06:00:00,1962-03-15 06:00:00,Unknown
1962077S15072,SI,1962,LUCY,,,-5,35,1962-03-17 18:00:00,1962-03-22 00:00:00,Unknown
1962089S10077,SI,1962,MAUD,,,-5,99,1962-03-30 06:00:00,1962-04-11 12:00:00,Unknown
1962106N10143,WP,1962,GEORGIA,,930.0,4,107,1962-04-15 18:00:00,1962-04-29 00:00:00,Unknown
1962134N10082,NI,1962,UNNAMED,,,-5,72,1962-05-13 18:00:00,1962-05-22 15:00:00,Unknown
1962135N07132,WP,1962,HOPE,,980.0,1,107,1962-05-14 18:00:00,1962-05-28 00:00:00,Unknown
1962139N11110,WP,1962,UNNAMED,,,-5,53,1962-05-18 18:00:00,1962-05-25 06:00:00,Unknown
1962144N17092,NI,1962,UNNAMED,,,-5,16,1962-05-23 18:00:00,1962-05-25 15:00:00,Unknown
1962145N08133,WP,1962,IRIS,,990.0,0,47,1962-05-25 06:00:00,1962-05-31 00:00:00,Unknown
1962148N17065,NI,1962,UNNAMED,,,-5,20,1962-05-27 18:00:00,1962-05-30 03:00:00,Unknown
1962157N19088,NI,1962,UNNAMED,,,-5,20,1962-06-05 18:00:00,1962-06-08 03:00:00,Unknown
1962187N17129,WP,1962,JOAN,,985.0,1,73,1962-07-06 00:00:00,1962-07-15 00:00:00,Unknown
1962189N09134,WP,1962,UNNAMED,,,-5,33,1962-07-08 06:00:00,1962-07-12 06:00:00,Unknown
1962189N22069,NI,1962,UNNAMED,,,-5,57,1962-07-08 03:00:00,1962-07-15 03:00:00,Unknown
1962190N17116,WP,1962,UNNAMED,,,-5,31,1962-07-09 06:00:00,1962-07-13 00:00:00,Unknown
1962192N17087,NI,1962,UNNAMED,,,-5,20,1962-07-10 18:00:00,1962-07-13 03:00:00,Unknown
1962198N15124,WP,1962,KATE,,970.0,1,79,1962-07-16 12:00:00,1962-07-26 06:00:00,Unknown
1962198N16113,WP,1962,UNNAMED,,,-5,7,1962-07-17 00:00:00,1962-07-17 18:00:00,Unknown
1962202N20158,WP,1962,LOUISE,,960.0,1,73,1962-07-20 12:00:00,1962-07-29 12:00:00,Unknown
1962206N14140,WP,1962,NORA,,968.0,1,100,1962-07-25 06:00:00,1962-08-06 15:00:00,Unknown
1962209N13149,WP,1962,MARGE,,1002.0,0,15,1962-07-28 00:00:00,1962-07-29 18:00:00,Unknown
1962211N09153,WP,1962,OPAL,,900.0,5,123,1962-07-30 00:00:00,1962-08-14 06:00:00,Unknown
1962211N19120,WP,1962,UNNAMED,,,-5,17,1962-07-29 12:00:00,1962-07-31 12:00:00,Unknown
1962217N10142,WP,1962,PATSY,,988.0,1,57,1962-08-05 00:00:00,1962-08-12 00:00:00,Unknown
1962224N11151,WP,1962,RUTH,,915.0,5,104,1962-08-12 00:00:00,1962-08-25 09:00:00,Unknown
1962226N22128,WP,1962,SARAH,,975.0,1,95,1962-08-14 00:00:00,1962-08-25 18:00:00,Unknown
1962226N25162,WP,1962,UNNAMED,,,-5,11,1962-08-14 00:00:00,1962-08-15 06:00:00,Unknown
1962232N17149,WP,1962,THELMA,,950.0,4,98,1962-08-20 00:00:00,1962-09-01 03:00:00,Unknown
1962236N20131,WP,1962,VERA,,990.0,1,35,1962-08-24 00:00:00,1962-08-28 06:00:00,Unknown
1962237N07155,WP,1962,WANDA,,960.0,2,93,1962-08-25 00:00:00,1962-09-05 12:00:00,Unknown
1962241N14150,WP,1962,AMY,,940.0,5,103,1962-08-28 18:00:00,1962-09-10 12:00:00,Unknown
1962248N08143,WP,1962,UNNAMED,,,-5,11,1962-09-05 06:00:00,1962-09-06 12:00:00,Unknown
1962251N17086,NI,1962,UNNAMED,,,-5,56,1962-09-07 18:00:00,1962-09-14 15:00:00,Unknown
1962254N11123,NI,1962,BABE:BABS,,,-5,8,1962-09-18 03:00:00,1962-09-19 00:00:00,Unknown
1962254N11123,WP,1962,BABE:BABS,,994.0,0,55,1962-09-11 06:00:00,1962-09-18 00:00:00,Unknown
1962254N22166,WP,1962,UNNAMED,,1002.0,-5,51,1962-09-11 06:00:00,1962-09-17 12:00:00,Unknown
1962259N17086,NI,1962,UNNAMED,,,-5,48,1962-09-15 18:00:00,1962-09-21 15:00:00,Unknown
1962261N15121,WP,1962,CARLA:CLARA,,985.0,1,43,1962-09-18 06:00:00,1962-09-23 12:00:00,Unknown
1962262N19092,NI,1962,UNNAMED,,,-5,52,1962-09-19 06:00:00,1962-09-25 15:00:00,Unknown
1962263N32154,WP,1962,UNNAMED,,,-5,37,1962-09-20 00:00:00,1962-09-24 12:00:00,Unknown
1962266N12133,WP,1962,UNNAMED,,,-5,45,1962-09-22 12:00:00,1962-09-28 00:00:00,Unknown
1962268N12144,WP,1962,DINAH,,955.0,3,87,1962-09-24 18:00:00,1962-10-05 12:00:00,Unknown
1962272N10161,WP,1962,EMMA,,890.0,5,117,1962-09-28 12:00:00,1962-10-13 00:00:00,Unknown
1962274N16158,WP,1962,FREDA,,950.0,3,74,1962-10-01 06:00:00,1962-10-10 09:00:00,Unknown
1962279S08087,SI,1963,AMY,,,0,83,1962-10-06 00:00:00,1962-10-16 06:00:00,Unknown
1962292N11119,NI,1962,HARRIET,,1004.0,-5,7,1962-10-26 06:00:00,1962-10-27 00:00:00,Unknown
1962292N11119,WP,1962,HARRIET,,1000.0,0,56,1962-10-19 06:00:00,1962-10-26 03:00:00,Unknown
1962292N11139,WP,1962,GILDA,,955.0,4,107,1962-10-18 18:00:00,1962-11-01 00:00:00,Unknown
1962294N21153,WP,1962,UNNAMED,,,-5,9,1962-10-21 06:00:00,1962-10-22 06:00:00,Unknown
1962295N08085,NI,1962,UNNAMED,,,-5,36,1962-10-22 06:00:00,1962-10-26 15:00:00,Unknown
1962299N10094,NI,1962,UNNAMED,,,-5,40,1962-10-26 06:00:00,1962-10-31 03:00:00,Unknown
1962300N12140,WP,1962,IVY,,996.0,3,23,1962-10-27 00:00:00,1962-10-29 18:00:00,Unknown
1962308N08138,WP,1962,JEAN,,975.0,2,127,1962-11-04 06:00:00,1962-11-20 00:00:00,Unknown
1962311N06154,WP,1962,KAREN,,900.0,5,90,1962-11-07 06:00:00,1962-11-18 09:00:00,Unknown
1962327N05144,NI,1962,LUCY,,,-1,1,1962-12-01 18:00:00,1962-12-01 18:00:00,Unknown
1962327N05144,WP,1962,LUCY,,975.0,3,68,1962-11-23 06:00:00,1962-12-01 15:00:00,Unknown
1962329N07104,NI,1962,UNNAMED,,,-5,32,1962-11-25 18:00:00,1962-11-29 15:00:00,Unknown
1962329N07104,WP,1962,UNNAMED,,,-5,6,1962-11-25 00:00:00,1962-11-25 15:00:00,Unknown
1962335N10113,WP,1962,MARY,,,0,21,1962-12-01 00:00:00,1962-12-03 12:00:00,Unknown
1962336S13066,SI,1963,BERTHA,,,-5,41,1962-12-01 12:00:00,1962-12-06 12:00:00,Unknown
1962340N07141,WP,1962,NADINE,,974.0,0,47,1962-12-05 18:00:00,1962-12-11 12:00:00,Unknown
1962343N10090,NI,1962,UNNAMED,,,-5,32,1962-12-09 06:00:00,1962-12-13 03:00:00,Unknown
1962350S04089,SI,1963,CECILE,,,0,105,1962-12-16 00:00:00,1962-12-29 00:00:00,Unknown
1963001S10080,SI,1963,UNNAMED,,,0,81,1963-01-01 00:00:00,1963-01-11 00:00:00,Unknown
1963003N05085,NI,1963,UNNAMED,,,-5,28,1963-01-02 18:00:00,1963-01-06 03:00:00,Unknown
1963007S12117,SI,1963,UNNAMED,,980.0,-5,92,1963-01-06 23:00:00,1963-01-14 23:00:00,Unknown
1963009S10083,SI,1963,DELIA,,,1,91,1963-01-09 00:00:00,1963-01-20 06:00:00,Unknown
1963019S13124,SI,1963,UNNAMED,,987.0,-5,159,1963-01-18 23:00:00,1963-01-30 01:00:00,Unknown
1963021S11101,SI,1963,UNNAMED,,1000.0,-5,64,1963-01-20 23:00:00,1963-01-24 19:00:00,Unknown
1963029S09089,SI,1963,EMMA,,996.0,-5,104,1963-01-29 00:00:00,1963-02-09 06:00:00,Unknown
1963034S19123,SI,1963,UNNAMED,,940.0,-5,85,1963-02-02 23:00:00,1963-02-10 01:00:00,Unknown
1963041S13062,SI,1963,FANNY,,,-5,77,1963-02-09 18:00:00,1963-02-19 06:00:00,Unknown
1963043S12070,SI,1963,GRACE,,,-5,81,1963-02-12 06:00:00,1963-02-22 06:00:00,Unknown
1963043S18123,SI,1963,UNNAMED,,990.0,-5,63,1963-02-11 23:00:00,1963-02-17 01:00:00,Unknown
1963047S13128,SI,1963,UNNAMED,,995.0,0,42,1963-02-15 16:00:00,1963-02-19 07:00:00,Unknown
1963058S23041,SI,1963,HILDA,,,-5,25,1963-02-27 06:00:00,1963-03-02 06:00:00,Unknown
1963062S13064,SI,1963,IRENE,,,-5,17,1963-03-03 06:00:00,1963-03-05 06:00:00,Unknown
1963064S12070,SI,1963,JULIE,,,-5,53,1963-03-04 18:00:00,1963-03-11 06:00:00,Unknown
1963074S10101,SI,1963,UNNAMED,,990.0,0,132,1963-03-14 16:00:00,1963-03-24 01:00:00,Unknown
1963084N04149,WP,1963,UNNAMED,,,-5,5,1963-03-25 06:00:00,1963-03-25 18:00:00,Unknown
1963089N08145,WP,1963,UNNAMED,,,-5,65,1963-03-30 06:00:00,1963-04-07 06:00:00,Unknown
1963100S11137,SI,1963,UNNAMED,,986.0,-5,34,1963-04-12 08:30:00,1963-04-14 23:00:00,Unknown
1963116N08146,WP,1963,OLIVE,,920.0,4,109,1963-04-25 12:00:00,1963-05-09 00:00:00,Unknown
1963138N08068,NI,1963,UNNAMED,,,-5,72,1963-05-17 18:00:00,1963-05-26 15:00:00,Unknown
1963144N09090,NI,1963,UNNAMED,,,-5,44,1963-05-23 18:00:00,1963-05-29 03:00:00,Unknown
1963147N12135,WP,1963,POLLY,,978.0,1,92,1963-05-27 00:00:00,1963-06-07 09:00:00,Unknown
1963157N20088,NI,1963,UNNAMED,,,-5,20,1963-06-05 18:00:00,1963-06-08 03:00:00,Unknown
1963158N20116,WP,1963,ROSE,,980.0,0,90,1963-06-06 12:00:00,1963-06-17 15:00:00,Unknown
1963163N13135,WP,1963,SHIRLEY,,935.0,5,109,1963-06-12 06:00:00,1963-06-25 18:00:00,Unknown
1963167N09156,WP,1963,TRIX,,984.0,1,157,1963-06-15 18:00:00,1963-07-05 06:00:00,Unknown
1963174N14096,NI,1963,UNNAMED,,,-5,32,1963-06-22 18:00:00,1963-06-26 15:00:00,Unknown
1963182N11144,WP,1963,VIRGINIA,,990.0,0,67,1963-07-01 06:00:00,1963-07-09 12:00:00,Unknown
1963185N22089,NI,1963,UNNAMED,,,-5,24,1963-07-03 18:00:00,1963-07-06 15:00:00,Unknown
1963190N15149,WP,1963,WENDY,,930.0,4,123,1963-07-09 00:00:00,1963-07-24 06:00:00,Unknown
1963191N15131,WP,1963,UNNAMED,,,-5,31,1963-07-09 18:00:00,1963-07-13 12:00:00,Unknown
1963196N10146,WP,1963,AGNES,,992.0,2,79,1963-07-15 06:00:00,1963-07-25 00:00:00,Unknown
1963200N31116,WP,1963,WENDY,,,-5,7,1963-07-18 12:00:00,1963-07-19 06:00:00,Unknown
1963207N13151,WP,1963,BESS,,930.0,4,174,1963-07-25 18:00:00,1963-08-16 09:00:00,Unknown
1963208N11118,WP,1963,UNNAMED,,,-5,47,1963-07-27 06:00:00,1963-08-02 00:00:00,Unknown
1963219N09146,WP,1963,CARMEN,,930.0,4,91,1963-08-07 06:00:00,1963-08-18 12:00:00,Unknown
1963221N20089,NI,1963,UNNAMED,,,-5,52,1963-08-08 18:00:00,1963-08-15 03:00:00,Unknown
1963232N14118,WP,1963,UNNAMED,,,-5,33,1963-08-20 00:00:00,1963-08-24 00:00:00,Unknown
1963235N17164,WP,1963,ELAINE,,965.0,3,62,1963-08-23 00:00:00,1963-08-30 15:00:00,Unknown
1963236N22137,WP,1963,DELLA,,975.0,3,75,1963-08-23 18:00:00,1963-09-02 00:00:00,Unknown
1963237N16119,WP,1963,UNNAMED,,,-5,53,1963-08-24 18:00:00,1963-08-31 06:00:00,Unknown
1963238N12148,WP,1963,UNNAMED,,,-5,5,1963-08-26 06:00:00,1963-08-26 18:00:00,Unknown
1963240N09157,WP,1963,FAYE,,960.0,3,113,1963-08-28 00:00:00,1963-09-11 00:00:00,Unknown
1963244N13111,WP,1963,UNNAMED,,,-5,35,1963-08-31 18:00:00,1963-09-05 00:00:00,Unknown
1963247N18145,WP,1963,GLORIA,,920.0,4,95,1963-09-03 18:00:00,1963-09-15 12:00:00,Unknown
1963251N13151,WP,1963,HESTER,,998.0,0,67,1963-09-07 18:00:00,1963-09-16 00:00:00,Unknown
1963251N16097,NI,1963,UNNAMED,,,-5,68,1963-09-07 18:00:00,1963-09-16 03:00:00,Unknown
1963260N10153,WP,1963,IRMA,,1002.0,0,47,1963-09-16 12:00:00,1963-09-22 06:00:00,Unknown
1963264N17120,NI,1963,UNNAMED,,,-5,42,1963-09-24 00:00:00,1963-09-29 03:00:00,Unknown
1963264N17120,WP,1963,UNNAMED,,,-5,26,1963-09-20 18:00:00,1963-09-23 21:00:00,Unknown
1963270N08154,WP,1963,JUDY,,920.0,5,102,1963-09-27 06:00:00,1963-10-09 21:00:00,Unknown
1963274N15115,NI,1963,UNNAMED,,,-5,5,1963-10-06 12:00:00,1963-10-07 00:00:00,Unknown
1963274N15115,WP,1963,UNNAMED,,,-5,48,1963-09-30 12:00:00,1963-10-06 09:00:00,Unknown
1963276N10140,WP,1963,KIT,,930.0,4,87,1963-10-03 06:00:00,1963-10-14 00:00:00,Unknown
1963277N15096,NI,1963,UNNAMED,,,-5,32,1963-10-03 18:00:00,1963-10-07 15:00:00,Unknown
1963279N07165,WP,1963,LOLA,,943.0,4,130,1963-10-06 00:00:00,1963-10-22 03:00:00,Unknown
1963282N07108,WP,1963,UNNAMED,,,-5,13,1963-10-08 12:00:00,1963-10-10 00:00:00,Unknown
1963286N16071,NI,1963,UNNAMED,,,-5,36,1963-10-12 18:00:00,1963-10-17 03:00:00,Unknown
1963287N19164,WP,1963,MAMIE,,965.0,3,45,1963-10-13 12:00:00,1963-10-19 00:00:00,Unknown
1963291N09092,NI,1963,UNNAMED,,,-5,80,1963-10-18 06:00:00,1963-10-28 03:00:00,Unknown
1963291N12156,WP,1963,NINA,,,0,49,1963-10-18 00:00:00,1963-10-24 00:00:00,Unknown
1963296N15164,WP,1963,ORA,,982.0,1,76,1963-10-22 18:00:00,1963-11-01 03:00:00,Unknown
1963297N10092,NI,1963,UNNAMED,,,-5,16,1963-10-23 18:00:00,1963-10-25 15:00:00,Unknown
1963308N09103,WP,1963,UNNAMED,,,-5,13,1963-11-03 12:00:00,1963-11-05 00:00:00,Unknown
1963329N19065,NI,1963,UNNAMED,,,-5,8,1963-11-24 18:00:00,1963-11-25 15:00:00,Unknown
1963334N05090,NI,1963,UNNAMED,,,-5,48,1963-11-30 06:00:00,1963-12-06 03:00:00,Unknown
1963334N09073,NI,1963,UNNAMED,,,-5,64,1963-11-29 18:00:00,1963-12-07 15:00:00,Unknown
1963336S05073,SI,1964,AMANDA,,,-5,52,1963-12-01 12:00:00,1963-12-07 21:00:00,Unknown
1963340S05073,SI,1964,AMANDA,,,-5,69,1963-12-05 18:00:00,1963-12-14 06:00:00,Unknown
1963343N10130,WP,1963,PHYLLIS,,994.0,1,53,1963-12-08 12:00:00,1963-12-15 00:00:00,Unknown
1963347S24070,SI,1964,AMANDA,,,-5,13,1963-12-13 00:00:00,1963-12-14 12:00:00,Unknown
1963349N12131,WP,1963,RITA,,998.0,0,57,1963-12-15 00:00:00,1963-12-22 00:00:00,Unknown
1963352N02174,WP,1963,SUSAN,,935.0,4,93,1963-12-18 00:00:00,1963-12-29 12:00:00,Unknown
1963357S08057,SI,1964,BETTY,,,-5,41,1963-12-23 06:00:00,1963-12-28 06:00:00,Unknown
1964004S14125,SI,1964,BESSIE,,950.0,-5,100,1964-01-03 23:00:00,1964-01-13 01:00:00,Unknown
1964009S18035,SI,1964,CHRISTINE,,,-5,57,1964-01-09 06:00:00,1964-01-16 06:00:00,Unknown
1964015S13064,SI,1964,DANIELLE,,,-5,65,1964-01-15 06:00:00,1964-01-23 06:00:00,Unknown
1964028S09131,SI,1964,DORA,,1003.0,-1,21,1964-01-27 23:00:00,1964-01-29 12:00:00,Unknown
1964029S13066,SI,1964,EILEEN,,,-5,97,1964-01-29 06:00:00,1964-02-10 06:00:00,Unknown
1964051S11057,SI,1964,FRANCES,,,-5,37,1964-02-19 18:00:00,1964-02-24 06:00:00,Unknown
1964054S09073,SI,1964,GISELLE,,,-5,89,1964-02-22 18:00:00,1964-03-04 18:00:00,Unknown
1964056S05100,SI,1964,EVA,,990.0,0,94,1964-02-24 16:00:00,1964-03-02 01:00:00,Unknown
1964064S13064,SI,1964,HARRIET,,,-5,107,1964-03-04 06:00:00,1964-03-17 12:00:00,Unknown
1964067S10137,SI,1964,CARMEN,,996.0,-5,42,1964-03-07 18:00:00,1964-03-11 00:00:00,Unknown
1964067S14106,SI,1964,HAZEL,,980.0,1,146,1964-03-06 16:00:00,1964-03-17 01:00:00,Unknown
1964084S13129,SI,1964,KATIE,,960.0,-5,101,1964-03-23 23:30:00,1964-04-01 18:00:00,Unknown
1964085S13129,SI,1964,UNNAMED,,,-5,104,1964-03-24 23:00:00,1964-04-02 23:00:00,Unknown
1964090S14072,SI,1964,INGRID,,,-5,41,1964-03-29 12:00:00,1964-04-03 12:00:00,Unknown
1964093S13082,SI,1964,NORMA,,,-1,33,1964-04-02 00:00:00,1964-04-06 00:00:00,Unknown
1964120S13061,SI,1964,JOSE,,,-5,33,1964-04-29 06:00:00,1964-05-03 06:00:00,Unknown
1964124S11089,SI,1964,KAREN,,,-5,61,1964-05-02 18:00:00,1964-05-10 06:00:00,Unknown
1964127N12086,NI,1964,UNNAMED,,,-5,28,1964-05-05 18:00:00,1964-05-09 03:00:00,Unknown
1964133N10134,WP,1964,TESS,,960.0,2,123,1964-05-12 00:00:00,1964-05-27 06:00:00,Unknown
1964138N13144,WP,1964,UNNAMED,,,-5,11,1964-05-16 18:00:00,1964-05-18 00:00:00,Unknown
1964143N13112,WP,1964,VIOLA,,980.0,1,71,1964-05-21 18:00:00,1964-05-30 12:00:00,Unknown
1964161N17071,NI,1964,UNNAMED,,,-5,40,1964-06-08 18:00:00,1964-06-13 15:00:00,Unknown
1964177N09142,WP,1964,WINNIE,,968.0,3,79,1964-06-24 18:00:00,1964-07-04 12:00:00,Unknown
1964178N12149,WP,1964,ALICE,,1000.0,1,27,1964-06-26 00:00:00,1964-06-29 06:00:00,Unknown
1964184N22133,WP,1964,BETTY,,960.0,3,43,1964-07-02 00:00:00,1964-07-07 06:00:00,Unknown
1964185N21090,NI,1964,UNNAMED,,,-5,36,1964-07-02 18:00:00,1964-07-07 03:00:00,Unknown
1964187N07150,WP,1964,CORA,,970.0,5,53,1964-07-05 00:00:00,1964-07-11 12:00:00,Unknown
1964193N10145,WP,1964,DORIS,,995.0,1,51,1964-07-11 00:00:00,1964-07-17 06:00:00,Unknown
1964196N17144,WP,1964,ELSIE,,1000.0,3,49,1964-07-13 12:00:00,1964-07-19 12:00:00,Unknown
1964204N14137,WP,1964,UNNAMED,,,-5,9,1964-07-21 12:00:00,1964-07-22 12:00:00,Unknown
1964206N18128,WP,1964,FLOSSIE,,980.0,1,71,1964-07-24 00:00:00,1964-08-01 18:00:00,Unknown
1964208N17142,WP,1964,GRACE,,998.0,0,81,1964-07-25 18:00:00,1964-08-04 18:00:00,Unknown
1964209N17150,WP,1964,HELEN,,930.0,4,79,1964-07-27 00:00:00,1964-08-05 18:00:00,Unknown
1964215N07150,WP,1964,IDA,,925.0,4,85,1964-08-01 12:00:00,1964-08-12 00:00:00,Unknown
1964218N19088,NI,1964,UNNAMED,,,-5,16,1964-08-04 18:00:00,1964-08-06 15:00:00,Unknown
1964220N19071,NI,1964,UNNAMED,,,-5,8,1964-08-06 18:00:00,1964-08-07 15:00:00,Unknown
1964222N10144,WP,1964,JUNE,,998.0,0,75,1964-08-09 00:00:00,1964-08-18 06:00:00,Unknown
1964222N20090,NI,1964,UNNAMED,,,-5,32,1964-08-08 18:00:00,1964-08-12 15:00:00,Unknown
1964224N25161,WP,1964,KATHY,,948.0,4,151,1964-08-10 18:00:00,1964-08-29 12:00:00,Unknown
1964225N16139,WP,1964,LORNA,,1002.0,0,23,1964-08-11 12:00:00,1964-08-14 06:00:00,Unknown
1964225N18128,WP,1964,MARIE,,980.0,1,65,1964-08-12 06:00:00,1964-08-20 06:00:00,Unknown
1964228N21088,NI,1964,UNNAMED,,,-5,12,1964-08-14 18:00:00,1964-08-16 03:00:00,Unknown
1964230N25156,WP,1964,NANCY,,,0,23,1964-08-17 00:00:00,1964-08-19 18:00:00,Unknown
1964234N20107,WP,1964,OLGA,,,0,33,1964-08-21 06:00:00,1964-08-25 06:00:00,Unknown
1964236N22088,NI,1964,UNNAMED,,,-5,32,1964-08-22 18:00:00,1964-08-26 15:00:00,Unknown
1964238N16172,WP,1964,PAMELA,,,0,11,1964-08-25 00:00:00,1964-08-26 06:00:00,Unknown
1964240N15111,NI,1964,UNNAMED,,,-5,4,1964-08-28 15:00:00,1964-08-29 00:00:00,Unknown
1964240N15111,WP,1964,UNNAMED,,,-5,17,1964-08-26 12:00:00,1964-08-28 12:00:00,Unknown
1964245N20132,WP,1964,RUBY,,970.0,4,43,1964-09-01 06:00:00,1964-09-06 12:00:00,Unknown
1964246N16144,WP,1964,UNNAMED,,,-5,7,1964-09-02 06:00:00,1964-09-03 00:00:00,Unknown
1964247N09159,WP,1964,SALLY,,895.0,5,71,1964-09-03 00:00:00,1964-09-11 18:00:00,Unknown
1964252N11117,WP,1964,UNNAMED,,,-5,21,1964-09-07 12:00:00,1964-09-10 00:00:00,Unknown
1964256N17141,NI,1964,TILDA,,,-5,8,1964-09-24 03:00:00,1964-09-25 00:00:00,Unknown
1964256N17141,WP,1964,TILDA,,965.0,3,97,1964-09-12 00:00:00,1964-09-24 00:00:00,Unknown
1964257N13118,WP,1964,VIOLET,,,1,31,1964-09-12 18:00:00,1964-09-16 12:00:00,Unknown
1964259N13131,WP,1964,UNNAMED,,,-5,19,1964-09-15 00:00:00,1964-09-17 06:00:00,Unknown
1964261N12149,WP,1964,WILDA,,895.0,5,82,1964-09-16 18:00:00,1964-09-26 21:00:00,Unknown
1964263N19135,WP,1964,UNNAMED,,,-5,47,1964-09-18 18:00:00,1964-09-24 12:00:00,Unknown
1964267N17120,WP,1964,ANITA,,996.0,0,41,1964-09-23 06:00:00,1964-09-28 06:00:00,Unknown
1964267N21089,NI,1964,UNNAMED,,,-5,28,1964-09-22 18:00:00,1964-09-26 03:00:00,Unknown
1964269N12142,NI,1964,BILLIE,,1004.0,-5,7,1964-10-02 06:00:00,1964-10-03 00:00:00,Unknown
1964269N12142,WP,1964,BILLIE,,994.0,0,60,1964-09-24 18:00:00,1964-10-02 03:00:00,Unknown
1964271N17086,NI,1964,UNNAMED,,,-5,20,1964-09-27 06:00:00,1964-09-29 15:00:00,Unknown
1964276N07142,WP,1964,CLARA,,980.0,1,59,1964-10-01 12:00:00,1964-10-08 18:00:00,Unknown
1964278N07156,WP,1964,DOT,,980.0,2,127,1964-10-03 18:00:00,1964-10-19 12:00:00,Unknown
1964278N21091,NI,1964,UNNAMED,,,-5,32,1964-10-03 18:00:00,1964-10-07 15:00:00,Unknown
1964282N09168,WP,1964,ELLEN,,,0,19,1964-10-08 00:00:00,1964-10-10 06:00:00,Unknown
1964286N10112,NI,1964,UNNAMED,,,-5,18,1964-10-14 21:00:00,1964-10-17 00:00:00,Unknown
1964286N10112,WP,1964,UNNAMED,,,-5,27,1964-10-11 12:00:00,1964-10-14 18:00:00,Unknown
1964287N13165,WP,1964,FRAN,,996.0,0,79,1964-10-13 00:00:00,1964-10-22 18:00:00,Unknown
1964291N11143,NI,1964,GEORGIA,,,-5,12,1964-10-24 15:00:00,1964-10-26 00:00:00,Unknown
1964291N11143,WP,1964,GEORGIA,,994.0,0,61,1964-10-17 00:00:00,1964-10-24 12:00:00,Unknown
1964291N16091,NI,1964,UNNAMED,,,-5,36,1964-10-16 18:00:00,1964-10-21 03:00:00,Unknown
1964295N07158,WP,1964,HOPE,,975.0,1,79,1964-10-21 00:00:00,1964-10-30 18:00:00,Unknown
1964295N08148,WP,1964,UNNAMED,,,-5,27,1964-10-20 18:00:00,1964-10-24 00:00:00,Unknown
1964305N12128,WP,1964,IRIS,,996.0,1,45,1964-10-31 00:00:00,1964-11-05 12:00:00,Unknown
1964307N09072,NI,1964,UNNAMED,,,-5,56,1964-11-01 18:00:00,1964-11-08 15:00:00,Unknown
1964307S09105,SI,1965,RITA,,996.0,0,110,1964-11-01 16:00:00,1964-11-11 16:00:00,Unknown
1964308N08096,NI,1964,UNNAMED,,,-5,40,1964-11-03 06:00:00,1964-11-08 03:00:00,Unknown
1964309N11132,WP,1964,JOAN,,1000.0,1,81,1964-11-04 00:00:00,1964-11-14 00:00:00,Unknown
1964316N13117,NI,1964,KATE,,,-5,15,1964-11-18 06:00:00,1964-11-20 00:00:00,Unknown
1964316N13117,WP,1964,KATE,,990.0,1,60,1964-11-10 18:00:00,1964-11-18 03:00:00,Unknown
1964319N08141,WP,1964,LOUISE:MARGE,,915.0,5,97,1964-11-14 00:00:00,1964-11-26 00:00:00,Unknown
1964321N14086,NI,1964,UNNAMED,,,-5,100,1964-11-16 06:00:00,1964-11-28 15:00:00,Unknown
1964332N12120,WP,1964,NORA,,995.0,0,47,1964-11-26 18:00:00,1964-12-02 12:00:00,Unknown
1964336S10135,SI,1965,FLORA,,995.0,0,63,1964-11-30 17:00:00,1964-12-04 05:00:00,Unknown
1964339S12059,SI,1965,ARLETTE,,,-5,33,1964-12-04 06:00:00,1964-12-08 06:00:00,Unknown
1964342S13068,SI,1965,BESSIE,,,-5,33,1964-12-07 00:00:00,1964-12-11 00:00:00,Unknown
1964344N06153,WP,1964,OPAL,,900.0,5,77,1964-12-08 18:00:00,1964-12-18 06:00:00,Unknown
1964346N04176,WP,1964,UNNAMED,,,-5,13,1964-12-10 12:00:00,1964-12-12 00:00:00,Unknown
1964352N05093,NI,1964,UNNAMED,,,-5,57,1964-12-17 03:00:00,1964-12-24 03:00:00,Unknown
1964353S23035,SI,1965,CONNIE,,,-5,31,1964-12-17 12:00:00,1964-12-21 06:00:00,Unknown
1964357S09092,SI,1965,EDNA,,,-5,51,1964-12-22 00:00:00,1964-12-28 06:00:00,Unknown
1964359S23040,SI,1965,DOREEN,,,-5,15,1964-12-23 12:00:00,1964-12-25 06:00:00,Unknown
1964365N11131,WP,1964,UNNAMED,,,-5,19,1964-12-30 06:00:00,1965-01-01 12:00:00,Unknown
1965004S13110,SI,1965,UNA,,1000.0,-5,23,1965-01-03 23:00:00,1965-01-05 23:00:00,Unknown
1965005S11069,SI,1965,FREDA,,,-5,41,1965-01-05 06:00:00,1965-01-10 06:00:00,Unknown
1965006S18041,SI,1965,UNNAMED,,,-5,17,1965-01-06 06:00:00,1965-01-08 06:00:00,Unknown
1965007S20039,SI,1965,GINETTE,,,-5,9,1965-01-06 18:00:00,1965-01-07 18:00:00,Unknown
1965015N10131,WP,1965,UNNAMED,,,-5,17,1965-01-15 00:00:00,1965-01-17 00:00:00,Unknown
1965015S17043,SI,1965,HAZEL,,,-5,9,1965-01-15 06:00:00,1965-01-16 06:00:00,Unknown
1965017N12126,WP,1965,PATSY,,990.0,1,73,1965-01-17 00:00:00,1965-01-26 00:00:00,Unknown
1965018S17054,SI,1965,IRIS,,,-5,85,1965-01-17 18:00:00,1965-01-28 06:00:00,Unknown
1965021N07151,WP,1965,RUTH,,994.0,0,48,1965-01-20 18:00:00,1965-01-26 15:00:00,Unknown
1965024N15137,WP,1965,UNNAMED,,,-5,19,1965-01-24 00:00:00,1965-01-26 06:00:00,Unknown
1965026S12133,SI,1965,JUDY,,1002.0,-5,11,1965-01-25 23:00:00,1965-01-26 15:00:00,Unknown
1965037S14060,SI,1965,JUDY,,,-5,25,1965-02-06 06:00:00,1965-02-09 06:00:00,Unknown
1965041S10076,SI,1965,KATHLEEN,,,-5,81,1965-02-10 06:00:00,1965-02-20 06:00:00,Unknown
1965046N07114,WP,1965,SARAH,,1002.0,0,31,1965-02-14 12:00:00,1965-02-18 06:00:00,Unknown
1965046N09140,WP,1965,THELMA,,,0,37,1965-02-15 06:00:00,1965-02-19 18:00:00,Unknown
1965046S07091,SI,1965,ANNIE,,,0,97,1965-02-14 12:00:00,1965-02-26 12:00:00,Unknown
1965049S13086,SI,1965,UNNAMED,,,-5,25,1965-02-18 06:00:00,1965-02-21 06:00:00,Unknown
1965051S19041,SI,1965,LESLEY,,,-5,49,1965-02-20 06:00:00,1965-02-26 06:00:00,Unknown
1965053S12137,SI,1965,MARIE,,994.0,-5,39,1965-02-26 06:00:00,1965-03-01 12:00:00,Unknown
1965053S17080,SI,1965,MAUREEN,,,-5,1,1965-02-22 06:00:00,1965-02-22 06:00:00,Unknown
1965054S04051,SI,1965,UNNAMED,,,-5,9,1965-02-23 06:00:00,1965-02-24 06:00:00,Unknown
1965054S06056,SI,1965,NANCY,,,-5,1,1965-02-23 06:00:00,1965-02-23 06:00:00,Unknown
1965055S13085,SI,1965,GAY:OLIVE:PEGGY,,,-5,123,1965-02-24 00:00:00,1965-03-11 06:00:00,Unknown
1965056S15110,SI,1965,DOLLY,,972.0,-5,74,1965-02-25 11:00:00,1965-03-03 23:00:00,Unknown
1965063S18126,SI,1965,JOAN,,965.0,-5,116,1965-03-04 11:00:00,1965-03-14 23:00:00,Unknown
1965065N10128,WP,1965,VERA,,1004.0,0,13,1965-03-06 06:00:00,1965-03-07 18:00:00,Unknown
1965079S11119,SI,1965,MAVIS,,986.0,-5,76,1965-03-20 11:00:00,1965-03-26 23:00:00,Unknown
1965083S09130,SI,1965,RUTH,,972.0,-5,125,1965-03-23 23:00:00,1965-04-03 23:00:00,Unknown
1965101N06158,WP,1965,WANDA,,996.0,1,53,1965-04-11 00:00:00,1965-04-17 12:00:00,Unknown
1965117S08062,SI,1965,ROSE,,,-5,73,1965-04-27 06:00:00,1965-05-06 06:00:00,Unknown
1965129N14085,NI,1965,UNNAMED,,,-5,24,1965-05-09 06:00:00,1965-05-12 03:00:00,Unknown
1965140N09134,WP,1965,AMY,,976.0,3,72,1965-05-20 06:00:00,1965-05-29 03:00:00,Unknown
1965146N15089,NI,1965,UNNAMED,,,-5,49,1965-05-26 03:00:00,1965-06-01 03:00:00,Unknown
1965149N18113,WP,1965,CARLA,,988.0,4,69,1965-05-29 00:00:00,1965-06-06 12:00:00,Unknown
1965150N18109,WP,1965,BABE,,990.0,1,75,1965-05-30 06:00:00,1965-06-08 12:00:00,Unknown
1965161N09151,WP,1965,DINAH,,935.0,5,113,1965-06-10 06:00:00,1965-06-24 06:00:00,Unknown
1965161N16111,WP,1965,UNNAMED,,,-5,23,1965-06-09 18:00:00,1965-06-12 12:00:00,Unknown
1965169N08142,WP,1965,EMMA,,993.0,0,98,1965-06-18 06:00:00,1965-06-30 09:00:00,Unknown
1965182N12121,WP,1965,UNNAMED,,,-5,17,1965-07-01 00:00:00,1965-07-03 00:00:00,Unknown
1965183N09137,WP,1965,UNNAMED,,,-5,51,1965-07-02 06:00:00,1965-07-08 12:00:00,Unknown
1965187N08144,NI,1965,FREDA,,,-5,2,1965-07-16 15:00:00,1965-07-16 18:00:00,Unknown
1965187N08144,WP,1965,FREDA,,925.0,5,83,1965-07-06 06:00:00,1965-07-16 12:00:00,Unknown
1965187N14130,WP,1965,UNNAMED,,,-5,19,1965-07-06 00:00:00,1965-07-08 06:00:00,Unknown
1965191N15114,WP,1965,UNNAMED,,,-5,23,1965-07-09 18:00:00,1965-07-12 12:00:00,Unknown
1965194N06156,WP,1965,GILDA,,985.0,0,99,1965-07-12 18:00:00,1965-07-25 00:00:00,Unknown
1965194N19087,NI,1965,UNNAMED,,,-5,24,1965-07-12 18:00:00,1965-07-15 15:00:00,Unknown
1965199N26180,WP,1965,UNNAMED,,,-5,36,1965-07-17 15:00:00,1965-07-22 00:00:00,Unknown
1965200N10152,WP,1965,HARRIET,,970.0,3,93,1965-07-19 06:00:00,1965-07-30 18:00:00,Unknown
1965205N07163,WP,1965,JEAN,,940.0,5,168,1965-07-24 00:00:00,1965-08-13 21:00:00,Unknown
1965207N21090,NI,1965,UNNAMED,,,-5,24,1965-07-25 18:00:00,1965-07-28 15:00:00,Unknown
1965208N14133,WP,1965,IVY,,990.0,1,41,1965-07-27 00:00:00,1965-08-01 00:00:00,Unknown
1965212N26077,NI,1965,UNNAMED,,,-5,5,1965-07-31 03:00:00,1965-07-31 15:00:00,Unknown
1965214N24139,WP,1965,KIM,,990.0,0,55,1965-08-02 00:00:00,1965-08-08 18:00:00,Unknown
1965222S08092,SI,1966,UNNAMED,,,-5,37,1965-08-09 18:00:00,1965-08-14 06:00:00,Unknown
1965226N17116,NI,1965,NADINE,,,-5,11,1965-08-19 18:00:00,1965-08-21 00:00:00,Unknown
1965226N17116,WP,1965,NADINE,,990.0,0,44,1965-08-14 06:00:00,1965-08-19 15:00:00,Unknown
1965226N20139,WP,1965,MARY,,950.0,5,89,1965-08-14 00:00:00,1965-08-25 00:00:00,Unknown
1965227N12173,WP,1965,LUCY,,940.0,5,95,1965-08-14 12:00:00,1965-08-26 06:00:00,Unknown
1965227S11077,SI,1966,ANNE,,,-5,1,1965-08-15 06:00:00,1965-08-15 06:00:00,Unknown
1965229S08062,SI,1966,BRENDA,,,-5,15,1965-08-16 18:00:00,1965-08-18 12:00:00,Unknown
1965235N20087,NI,1965,UNNAMED,,,-5,17,1965-08-23 03:00:00,1965-08-25 03:00:00,Unknown
1965238N14114,NI,1965,UNNAMED,,,-5,19,1965-08-27 18:00:00,1965-08-30 00:00:00,Unknown
1965238N14114,WP,1965,UNNAMED,,,-5,18,1965-08-25 12:00:00,1965-08-27 15:00:00,Unknown
1965238N14144,WP,1965,OLIVE,,940.0,5,93,1965-08-26 06:00:00,1965-09-06 18:00:00,Unknown
1965238N20159,WP,1965,UNNAMED,,,-5,17,1965-08-26 00:00:00,1965-08-28 00:00:00,Unknown
1965239N17111,NI,1965,UNNAMED,,,-5,3,1965-08-28 18:00:00,1965-08-29 00:00:00,Unknown
1965239N17111,WP,1965,UNNAMED,,,-5,18,1965-08-26 12:00:00,1965-08-28 15:00:00,Unknown
1965241N19118,WP,1965,POLLY,,994.0,0,45,1965-08-28 12:00:00,1965-09-03 00:00:00,Unknown
1965242N15139,WP,1965,ROSE,,980.0,3,63,1965-08-30 00:00:00,1965-09-06 18:00:00,Unknown
1965243N19091,NI,1965,UNNAMED,,,-5,40,1965-08-30 18:00:00,1965-09-04 15:00:00,Unknown
1965244N09145,WP,1965,SHIRLEY,,940.0,4,101,1965-08-31 18:00:00,1965-09-13 06:00:00,Unknown
1965251N11143,WP,1965,TRIX,,935.0,4,126,1965-09-07 18:00:00,1965-09-23 09:00:00,Unknown
1965256N13149,WP,1965,VIRGINIA,,980.0,1,56,1965-09-12 18:00:00,1965-09-19 15:00:00,Unknown
1965256N14119,WP,1965,UNNAMED,,,-5,11,1965-09-13 00:00:00,1965-09-14 06:00:00,Unknown
1965258N12107,NI,1965,UNNAMED,,,-5,1,1965-09-17 00:00:00,1965-09-17 00:00:00,Unknown
1965258N12107,WP,1965,UNNAMED,,,-5,20,1965-09-14 12:00:00,1965-09-16 21:00:00,Unknown
1965259N08153,WP,1965,WENDY,,980.0,0,121,1965-09-15 18:00:00,1965-09-30 18:00:00,Unknown
1965262N15084,NI,1965,UNNAMED,,,-5,44,1965-09-18 18:00:00,1965-09-24 03:00:00,Unknown
1965265N15119,WP,1965,AGNES,,,-5,21,1965-09-21 18:00:00,1965-09-24 06:00:00,Unknown
1965266N12112,WP,1965,AGNES,,990.0,0,51,1965-09-23 06:00:00,1965-09-29 12:00:00,Unknown
1965269N08156,WP,1965,BESS,,900.0,5,100,1965-09-25 12:00:00,1965-10-07 21:00:00,Unknown
1965274N09162,WP,1965,CARMEN,,914.0,5,83,1965-10-01 06:00:00,1965-10-11 12:00:00,Unknown
1965276N11111,WP,1965,UNNAMED,,,-5,13,1965-10-02 12:00:00,1965-10-04 00:00:00,Unknown
1965280N18091,NI,1965,UNNAMED,,,-5,16,1965-10-06 18:00:00,1965-10-08 15:00:00,Unknown
1965281N06165,WP,1965,UNNAMED,,,-5,11,1965-10-08 06:00:00,1965-10-09 12:00:00,Unknown
1965283N08168,WP,1965,DELLA,,975.0,2,92,1965-10-10 00:00:00,1965-10-21 09:00:00,Unknown
1965294N13083,NI,1965,UNNAMED,,,-5,36,1965-10-20 18:00:00,1965-10-25 03:00:00,Unknown
1965302N10102,NI,1965,UNNAMED,,,-5,12,1965-10-29 15:00:00,1965-10-31 00:00:00,Unknown
1965302N10102,WP,1965,UNNAMED,,,-5,9,1965-10-28 12:00:00,1965-10-29 12:00:00,Unknown
1965309N08112,WP,1965,ELAINE,,996.0,0,69,1965-11-05 00:00:00,1965-11-13 12:00:00,Unknown
1965310N12086,NI,1965,UNNAMED,,,-5,32,1965-11-05 18:00:00,1965-11-09 15:00:00,Unknown
1965317N09169,WP,1965,FAYE,,930.0,4,113,1965-11-13 00:00:00,1965-11-27 00:00:00,Unknown
1965335S05087,SI,1966,ALICE,,,-5,37,1965-11-30 12:00:00,1965-12-05 00:00:00,Unknown
1965339N06071,NI,1965,UNNAMED,,,-5,56,1965-12-05 06:00:00,1965-12-12 03:00:00,Unknown
1965340N05092,NI,1965,UNNAMED,,,-5,76,1965-12-05 18:00:00,1965-12-15 03:00:00,Unknown
1965352N09111,NI,1965,GLORIA,,,-5,16,1965-12-21 03:00:00,1965-12-23 00:00:00,Unknown
1965352N09111,WP,1965,GLORIA,,,0,23,1965-12-18 06:00:00,1965-12-21 00:00:00,Unknown
1965355S09134,SI,1966,AMANDA:GISELE,,990.0,-5,84,1965-12-20 23:00:00,1966-01-02 01:00:00,Unknown
1965358S11061,SI,1966,CLAUDE,,,-5,137,1965-12-24 06:00:00,1966-01-10 06:00:00,Unknown
1965359S09101,SI,1966,CAROL-DAISY,,997.0,-1,50,1965-12-25 00:00:00,1965-12-29 00:00:00,Unknown
1965364N08088,NI,1965,UNNAMED,,,-5,41,1965-12-30 03:00:00,1966-01-04 03:00:00,Unknown
1965364S11094,SI,1966,CAROL-DAISY,,999.0,-1,36,1965-12-30 00:00:00,1966-01-02 00:00:00,Unknown
1966001S17123,SI,1966,UNNAMED,,,-5,29,1966-01-01 09:00:00,1966-01-03 23:00:00,Unknown
1966003S10075,SI,1966,DENISE,,,-5,69,1966-01-02 18:00:00,1966-01-11 06:00:00,Unknown
1966012S10093,SI,1966,UNNAMED,,,-5,33,1966-01-11 13:00:00,1966-01-14 06:00:00,Unknown
1966016S14130,SI,1966,JOY,,995.0,-5,45,1966-01-15 23:00:00,1966-01-20 01:00:00,Unknown
1966017S17077,SI,1966,UNNAMED,,,-5,21,1966-01-16 18:00:00,1966-01-19 06:00:00,Unknown
1966019S14065,SI,1966,EVELYN,,,-5,9,1966-01-19 06:00:00,1966-01-20 06:00:00,Unknown
1966031S10052,SI,1966,FRANCINE,,,-5,13,1966-01-30 18:00:00,1966-02-01 06:00:00,Unknown
1966036S15113,SI,1966,LISA,,990.0,-5,58,1966-02-04 23:00:00,1966-02-10 01:00:00,Unknown
1966040S11135,SI,1966,BETTY,,993.0,-5,47,1966-02-09 03:00:00,1966-02-13 01:00:00,Unknown
1966045S15042,SI,1966,GERMAINE,,,-5,25,1966-02-14 06:00:00,1966-02-17 06:00:00,Unknown
1966052S19041,SI,1966,HILARY,,,-5,21,1966-02-20 18:00:00,1966-02-23 06:00:00,Unknown
1966055S11099,SI,1966,JUDITH:MARTHA,,992.0,0,174,1966-02-23 16:00:00,1966-03-08 12:00:00,Unknown
1966061S21090,SI,1966,UNNAMED,,,-5,35,1966-03-01 16:00:00,1966-03-04 03:00:00,Unknown
1966062S13067,SI,1966,IVY,,,-5,73,1966-03-03 06:00:00,1966-03-12 06:00:00,Unknown
1966065S21069,SI,1966,UNNAMED,,,-5,17,1966-03-06 07:00:00,1966-03-07 12:00:00,Unknown
1966073S13101,SI,1966,KAY:NANCY,,995.0,0,194,1966-03-13 16:00:00,1966-03-29 06:00:00,Unknown
1966080S10100,SI,1966,NELLIE,,987.0,1,103,1966-03-21 04:00:00,1966-03-28 01:00:00,Unknown
1966081S16107,SI,1966,SANDRA,,1001.0,-5,26,1966-03-21 23:00:00,1966-03-24 01:00:00,Unknown
1966088S13121,SI,1966,SHIRLEY,,965.0,-5,84,1966-03-28 23:00:00,1966-04-04 23:00:00,Unknown
1966093N07166,WP,1966,HESTER,,988.0,2,101,1966-04-03 06:00:00,1966-04-15 18:00:00,Unknown
1966112S07066,SI,1966,LILY,,,-5,73,1966-04-22 06:00:00,1966-05-01 06:00:00,Unknown
1966118N08088,NI,1966,UNNAMED,,,-5,53,1966-04-28 03:00:00,1966-05-04 15:00:00,Unknown
1966130N06139,WP,1966,IRMA,,972.0,4,99,1966-05-10 00:00:00,1966-05-22 06:00:00,Unknown
1966137N14096,NI,1966,UNNAMED,,,-5,12,1966-05-16 18:00:00,1966-05-18 03:00:00,Unknown
1966141N16117,WP,1966,JUDY,,974.0,2,115,1966-05-21 06:00:00,1966-06-04 12:00:00,Unknown
1966153N15088,NI,1966,UNNAMED,,,-5,12,1966-06-02 06:00:00,1966-06-03 15:00:00,Unknown
1966167N21090,NI,1966,UNNAMED,,,-5,20,1966-06-15 18:00:00,1966-06-18 03:00:00,Unknown
1966171N09151,WP,1966,KIT,,880.0,5,110,1966-06-20 00:00:00,1966-07-03 15:00:00,Unknown
1966179N21088,NI,1966,UNNAMED,,,-5,9,1966-06-28 03:00:00,1966-06-29 03:00:00,Unknown
1966189N11127,WP,1966,LOLA,,990.0,0,51,1966-07-08 06:00:00,1966-07-14 12:00:00,Unknown
1966195N18135,WP,1966,MAMIE,,988.0,2,37,1966-07-14 00:00:00,1966-07-18 12:00:00,Unknown
1966197N18143,WP,1966,NINA,,996.0,1,39,1966-07-15 12:00:00,1966-07-20 06:00:00,Unknown
1966198N20088,NI,1966,UNNAMED,,,-5,12,1966-07-16 18:00:00,1966-07-18 03:00:00,Unknown
1966201N08133,WP,1966,UNNAMED,,,-5,29,1966-07-20 06:00:00,1966-07-23 18:00:00,Unknown
1966201N21156,WP,1966,UNNAMED,,,-5,81,1966-07-20 00:00:00,1966-07-30 00:00:00,Unknown
1966204N16116,WP,1966,ORA,,980.0,2,45,1966-07-22 12:00:00,1966-07-28 00:00:00,Unknown
1966209N21088,NI,1966,UNNAMED,,,-5,28,1966-07-27 18:00:00,1966-07-31 03:00:00,Unknown
1966210N11113,WP,1966,PHYLLIS,,1000.0,0,45,1966-07-29 06:00:00,1966-08-03 18:00:00,Unknown
1966214N15145,WP,1966,RITA,,980.0,1,83,1966-08-01 18:00:00,1966-08-12 00:00:00,Unknown
1966215N20163,WP,1966,UNNAMED,,996.0,-5,27,1966-08-02 18:00:00,1966-08-06 00:00:00,Unknown
1966222N25140,WP,1966,TESS,,972.0,2,83,1966-08-10 06:00:00,1966-08-20 12:00:00,Unknown
1966223N16118,WP,1966,SUSAN,,985.0,1,63,1966-08-11 00:00:00,1966-08-18 18:00:00,Unknown
1966230N18149,WP,1966,VIOLA,,975.0,2,39,1966-08-18 00:00:00,1966-08-22 18:00:00,Unknown
1966230N27132,WP,1966,WINNIE,,970.0,0,91,1966-08-18 06:00:00,1966-08-29 12:00:00,Unknown
1966233N13340,NI,1966,FAITH,,,-4,48,1966-09-07 21:00:00,1966-09-13 18:00:00,Unknown
1966234N18169,WP,1966,BETTY,,986.0,0,115,1966-08-21 12:00:00,1966-09-04 18:00:00,Unknown
1966236N13144,WP,1966,ALICE,,938.0,4,95,1966-08-23 18:00:00,1966-09-04 12:00:00,Unknown
1966241N17147,WP,1966,CORA,,918.0,5,95,1966-08-28 18:00:00,1966-09-09 12:00:00,Unknown
1966243N12112,WP,1966,UNNAMED,,,-5,17,1966-08-31 06:00:00,1966-09-02 06:00:00,Unknown
1966244N18165,WP,1966,UNNAMED,,998.0,-5,67,1966-08-31 18:00:00,1966-09-09 00:00:00,Unknown
1966245N20088,NI,1966,UNNAMED,,,-5,52,1966-09-02 06:00:00,1966-09-08 15:00:00,Unknown
1966247N17137,WP,1966,DORIS,,980.0,0,66,1966-09-04 00:00:00,1966-09-12 03:00:00,Unknown
1966252N16151,WP,1966,FLOSSIE,,965.0,1,95,1966-09-09 06:00:00,1966-09-21 00:00:00,Unknown
1966252N17112,WP,1966,ELSIE,,945.0,4,87,1966-09-08 18:00:00,1966-09-19 12:00:00,Unknown
1966253N22133,WP,1966,UNNAMED,,,-5,35,1966-09-10 00:00:00,1966-09-14 06:00:00,Unknown
1966254N15149,WP,1966,UNNAMED,,,-5,17,1966-09-10 18:00:00,1966-09-12 18:00:00,Unknown
1966254N17160,WP,1966,GRACE,,972.0,0,54,1966-09-10 18:00:00,1966-09-17 09:00:00,Unknown
1966259N15142,WP,1966,HELEN,,978.0,0,101,1966-09-16 00:00:00,1966-09-28 12:00:00,Unknown
1966261N13158,WP,1966,IDA,,960.0,3,67,1966-09-18 00:00:00,1966-09-26 06:00:00,Unknown
1966262N11160,WP,1966,JUNE,,976.0,2,92,1966-09-18 18:00:00,1966-09-30 03:00:00,Unknown
1966263N19149,WP,1966,UNNAMED,,990.0,-5,41,1966-09-20 00:00:00,1966-09-25 00:00:00,Unknown
1966265N12111,WP,1966,UNNAMED,,,-5,7,1966-09-21 12:00:00,1966-09-22 06:00:00,Unknown
1966270N09090,NI,1966,UNNAMED,,,-5,37,1966-09-27 03:00:00,1966-10-01 15:00:00,Unknown
1966271S08085,SI,1967,ANGELA,,,-5,65,1966-09-28 06:00:00,1966-10-06 06:00:00,Unknown
1966272N13072,NI,1966,UNNAMED,,,-5,53,1966-09-28 15:00:00,1966-10-05 03:00:00,Unknown
1966272N23138,WP,1966,UNNAMED,,994.0,-5,43,1966-09-29 00:00:00,1966-10-04 06:00:00,Unknown
1966280N13154,WP,1966,KATHY,,947.0,3,108,1966-10-06 18:00:00,1966-10-20 03:00:00,Unknown
1966282N12132,WP,1966,UNNAMED,,,-5,21,1966-10-09 06:00:00,1966-10-11 18:00:00,Unknown
1966284N12086,NI,1966,UNNAMED,,,-5,17,1966-10-10 15:00:00,1966-10-12 15:00:00,Unknown
1966294N09115,WP,1966,UNNAMED,,,-5,23,1966-10-20 12:00:00,1966-10-23 06:00:00,Unknown
1966295N12071,NI,1966,UNNAMED,,,-5,24,1966-10-21 18:00:00,1966-10-24 15:00:00,Unknown
1966299N10137,WP,1966,LORNA,,990.0,0,73,1966-10-26 00:00:00,1966-11-04 00:00:00,Unknown
1966302N10161,WP,1966,UNNAMED,,995.0,-5,43,1966-10-28 18:00:00,1966-11-03 00:00:00,Unknown
1966303N14168,WP,1966,MARIE,,948.0,3,48,1966-10-29 18:00:00,1966-11-04 15:00:00,Unknown
1966305N09096,NI,1966,UNNAMED,,,-5,88,1966-10-31 18:00:00,1966-11-11 15:00:00,Unknown
1966312N08084,NI,1966,UNNAMED,,,-5,56,1966-11-07 18:00:00,1966-11-14 15:00:00,Unknown
1966313N18120,WP,1966,UNNAMED,,,-5,25,1966-11-09 00:00:00,1966-11-12 00:00:00,Unknown
1966315N15111,WP,1966,UNNAMED,,,-5,7,1966-11-11 06:00:00,1966-11-12 00:00:00,Unknown
1966321N09138,WP,1966,NANCY,,976.0,0,73,1966-11-17 00:00:00,1966-11-26 00:00:00,Unknown
1966322N09087,NI,1966,UNNAMED,,,-5,36,1966-11-17 18:00:00,1966-11-22 03:00:00,Unknown
1966325N08140,WP,1966,OLGA,,994.0,0,37,1966-11-21 00:00:00,1966-11-25 12:00:00,Unknown
1966326S10091,SI,1967,BERYL,,,-1,90,1966-11-21 16:00:00,1966-11-30 18:00:00,Unknown
1966329N10096,NI,1966,UNNAMED,,,-5,44,1966-11-24 18:00:00,1966-11-30 03:00:00,Unknown
1966331N13130,WP,1966,UNNAMED,,,-5,37,1966-11-27 00:00:00,1966-12-01 12:00:00,Unknown
1966337S11065,SI,1967,BELLA,,,-5,17,1966-12-03 06:00:00,1966-12-05 06:00:00,Unknown
1966341N08088,NI,1966,UNNAMED,,,-5,48,1966-12-07 06:00:00,1966-12-13 03:00:00,Unknown
1966345S09060,SI,1967,COLETTE,,,-5,89,1966-12-11 06:00:00,1966-12-22 06:00:00,Unknown
1966349N09149,WP,1966,UNNAMED,,,-5,37,1966-12-15 00:00:00,1966-12-19 12:00:00,Unknown
1966350N08090,NI,1966,UNNAMED,,,-5,32,1966-12-15 18:00:00,1966-12-19 15:00:00,Unknown
1966354S13089,SI,1967,CLARA:ELISA,,,0,136,1966-12-19 16:00:00,1967-01-02 18:00:00,Unknown
1966357S21040,SI,1967,DAPHNE,,,-5,37,1966-12-22 18:00:00,1966-12-27 06:00:00,Unknown
1966358N07139,WP,1966,PAMELA,,965.0,2,57,1966-12-24 06:00:00,1966-12-31 06:00:00,Unknown
1966360S11100,SI,1967,DELILAH,,995.0,-1,89,1966-12-25 16:00:00,1967-01-01 06:00:00,Unknown
1966362S18043,SI,1967,UNNAMED,,,-5,17,1966-12-28 06:00:00,1966-12-30 06:00:00,Unknown
1966362S21072,SI,1967,UNNAMED,,,-5,22,1966-12-28 04:00:00,1966-12-30 06:00:00,Unknown
1966364N08088,NI,1966,UNNAMED,,,-5,40,1966-12-30 06:00:00,1967-01-04 03:00:00,Unknown
1967001N06083,NI,1967,UNNAMED,,,-5,54,1967-01-01 00:00:00,1967-01-07 15:00:00,Unknown
1967003S20040,SI,1967,FLORENCE,,,-5,33,1967-01-03 06:00:00,1967-01-07 06:00:00,Unknown
1967006S15114,SI,1967,EDITH,,965.0,-5,54,1967-01-05 23:00:00,1967-01-09 23:00:00,Unknown
1967008S09071,SI,1967,GILBERTE,,,-5,85,1967-01-08 06:00:00,1967-01-18 18:00:00,Unknown
1967009N07144,WP,1967,UNNAMED,,,-5,49,1967-01-09 00:00:00,1967-01-15 00:00:00,Unknown
1967015S14124,SI,1967,ELSIE,,965.0,-5,96,1967-01-14 23:00:00,1967-01-23 01:00:00,Unknown
1967028N05140,WP,1967,RUBY,,996.0,0,101,1967-01-28 00:00:00,1967-02-09 12:00:00,Unknown
1967039S13063,SI,1967,HUGUETTE,,,-5,81,1967-02-07 18:00:00,1967-02-17 18:00:00,Unknown
1967052S20038,SI,1967,IRMA,,,-5,25,1967-02-21 06:00:00,1967-02-24 06:00:00,Unknown
1967059N02145,WP,1967,SALLY,,980.0,2,57,1967-02-28 00:00:00,1967-03-07 00:00:00,Unknown
1967062S16123,SI,1967,GWEN,,992.0,-1,43,1967-03-03 04:00:00,1967-03-07 00:00:00,Unknown
1967075N08148,WP,1967,THERESE,,990.0,0,86,1967-03-15 18:00:00,1967-03-26 09:00:00,Unknown
1967091N04151,WP,1967,VIOLET,,930.0,4,95,1967-03-31 18:00:00,1967-04-12 12:00:00,Unknown
1967096S10096,SI,1967,JACKIE:LAURA,,970.0,0,134,1967-04-05 18:00:00,1967-04-15 01:00:00,Unknown
1967097S11089,SI,1967,JACKIE,,,-5,72,1967-04-07 06:00:00,1967-04-12 06:00:00,Unknown
1967128N06137,WP,1967,WILDA,,1004.0,0,43,1967-05-08 00:00:00,1967-05-13 06:00:00,Unknown
1967132S10076,SI,1967,KATHY,,,-5,77,1967-05-12 06:00:00,1967-05-21 18:00:00,Unknown
1967135N11092,NI,1967,UNNAMED,,,-5,32,1967-05-14 18:00:00,1967-05-18 15:00:00,Unknown
1967154N07154,WP,1967,UNNAMED,,,-5,47,1967-06-02 12:00:00,1967-06-08 06:00:00,Unknown
1967175N10142,WP,1967,ANITA,,975.0,1,57,1967-06-24 00:00:00,1967-07-01 00:00:00,Unknown
1967176N13111,WP,1967,UNNAMED,,,-5,15,1967-06-24 18:00:00,1967-06-26 12:00:00,Unknown
1967180N20088,NI,1967,UNNAMED,,,-5,5,1967-06-28 15:00:00,1967-06-29 03:00:00,Unknown
1967181N09148,WP,1967,BILLIE,,980.0,1,105,1967-06-29 18:00:00,1967-07-12 18:00:00,Unknown
1967183N20155,WP,1967,CLARA,,960.0,3,83,1967-07-02 00:00:00,1967-07-12 06:00:00,Unknown
1967200N16136,WP,1967,DOT,,985.0,-5,45,1967-07-19 00:00:00,1967-07-24 12:00:00,Unknown
1967200N19148,WP,1967,DOT,,975.0,0,97,1967-07-19 06:00:00,1967-07-31 06:00:00,Unknown
1967201N26134,WP,1967,UNNAMED,,,-5,21,1967-07-20 00:00:00,1967-07-22 12:00:00,Unknown
1967206N15153,WP,1967,ELLEN,,970.0,1,96,1967-07-25 00:00:00,1967-08-05 21:00:00,Unknown
1967207N20088,NI,1967,UNNAMED,,,-5,32,1967-07-25 18:00:00,1967-07-29 15:00:00,Unknown
1967209N16113,WP,1967,FRAN,,982.0,0,73,1967-07-27 18:00:00,1967-08-05 18:00:00,Unknown
1967209N17139,WP,1967,GEORGIA,,975.0,0,133,1967-07-27 18:00:00,1967-08-13 06:00:00,Unknown
1967211N25128,WP,1967,UNNAMED,,,-5,17,1967-07-29 18:00:00,1967-07-31 18:00:00,Unknown
1967211N44125,WP,1967,UNNAMED,,1001.0,-5,9,1967-07-29 21:00:00,1967-07-30 21:00:00,Unknown
1967212N19090,NI,1967,UNNAMED,,,-5,24,1967-07-30 18:00:00,1967-08-02 15:00:00,Unknown
1967215N20166,WP,1967,HOPE,,984.0,0,71,1967-08-03 00:00:00,1967-08-11 18:00:00,Unknown
1967216N18132,WP,1967,UNNAMED,,,-5,35,1967-08-04 06:00:00,1967-08-08 12:00:00,Unknown
1967220N17119,WP,1967,UNNAMED,,,-5,27,1967-08-08 06:00:00,1967-08-11 12:00:00,Unknown
1967221N18132,WP,1967,UNNAMED,,988.0,-5,35,1967-08-09 06:00:00,1967-08-13 12:00:00,Unknown
1967222N10145,WP,1967,IRIS,,994.0,0,67,1967-08-10 06:00:00,1967-08-18 12:00:00,Unknown
1967227N19144,WP,1967,LOUISE,,980.0,0,73,1967-08-15 00:00:00,1967-08-24 00:00:00,Unknown
1967228N14132,WP,1967,KATE,,982.0,1,67,1967-08-16 06:00:00,1967-08-24 12:00:00,Unknown
1967229N21164,WP,1967,JOAN,,988.0,0,75,1967-08-16 18:00:00,1967-08-26 00:00:00,Unknown
1967230N21090,NI,1967,UNNAMED,,,-5,12,1967-08-17 18:00:00,1967-08-19 03:00:00,Unknown
1967233N09145,WP,1967,UNNAMED,,,-5,27,1967-08-21 00:00:00,1967-08-24 06:00:00,Unknown
1967235N13130,WP,1967,UNNAMED,,,-5,27,1967-08-23 06:00:00,1967-08-26 12:00:00,Unknown
1967235N18144,WP,1967,MARGE,,940.0,4,55,1967-08-23 06:00:00,1967-08-30 00:00:00,Unknown
1967237N15140,WP,1967,NORA,,990.0,1,55,1967-08-25 06:00:00,1967-09-01 00:00:00,Unknown
1967241N15170,WP,1967,OPAL,,920.0,5,169,1967-08-29 00:00:00,1967-09-19 00:00:00,Unknown
1967245N21090,NI,1967,UNNAMED,,,-5,44,1967-09-01 18:00:00,1967-09-07 03:00:00,Unknown
1967246N21124,WP,1967,PATSY,,995.0,0,35,1967-09-03 00:00:00,1967-09-07 06:00:00,Unknown
1967248N23168,WP,1967,RUTH,,940.0,3,77,1967-09-05 00:00:00,1967-09-14 12:00:00,Unknown
1967252N11211,WP,1967,SARAH,,930.0,4,77,1967-09-14 03:00:00,1967-09-23 15:00:00,Unknown
1967253N29167,WP,1967,THELMA,,964.0,0,44,1967-09-10 00:00:00,1967-09-15 09:00:00,Unknown
1967256N18163,WP,1967,VERA,,994.0,0,34,1967-09-12 18:00:00,1967-09-16 21:00:00,Unknown
1967257N17119,WP,1967,UNNAMED,,,-5,19,1967-09-13 18:00:00,1967-09-16 00:00:00,Unknown
1967259N17145,WP,1967,WANDA,,962.0,2,85,1967-09-16 00:00:00,1967-09-26 12:00:00,Unknown
1967259N24153,WP,1967,UNNAMED,,986.0,-5,38,1967-09-16 06:00:00,1967-09-20 21:00:00,Unknown
1967260N15125,WP,1967,UNNAMED,,,-5,27,1967-09-17 06:00:00,1967-09-20 12:00:00,Unknown
1967263N25086,NI,1967,UNNAMED,,,-5,8,1967-09-19 18:00:00,1967-09-20 15:00:00,Unknown
1967264N17116,WP,1967,UNNAMED,,,-5,27,1967-09-21 06:00:00,1967-09-24 12:00:00,Unknown
1967268N06165,WP,1967,AMY,,962.0,1,99,1967-09-24 18:00:00,1967-10-07 00:00:00,Unknown
1967270N20089,NI,1967,UNNAMED,,,-5,25,1967-09-26 15:00:00,1967-09-29 15:00:00,Unknown
1967271N25135,WP,1967,UNNAMED,,992.0,-5,51,1967-09-28 00:00:00,1967-10-04 06:00:00,Unknown
1967278N15119,WP,1967,UNNAMED,,,-5,33,1967-10-05 06:00:00,1967-10-09 06:00:00,Unknown
1967280N20150,WP,1967,BABE,,980.0,0,39,1967-10-06 12:00:00,1967-10-11 06:00:00,Unknown
1967281N18089,NI,1967,UNNAMED,,,-5,28,1967-10-07 18:00:00,1967-10-11 03:00:00,Unknown
1967283N11150,WP,1967,CARLA,,900.0,5,81,1967-10-10 00:00:00,1967-10-20 00:00:00,Unknown
1967289N09149,WP,1967,DINAH,,950.0,3,122,1967-10-16 00:00:00,1967-10-31 03:00:00,Unknown
1967293N07079,NI,1967,UNNAMED,,,-5,16,1967-10-19 18:00:00,1967-10-21 15:00:00,Unknown
1967293N09090,NI,1967,UNNAMED,,,-5,32,1967-10-19 18:00:00,1967-10-23 15:00:00,Unknown
1967303N07150,WP,1967,EMMA,,908.0,5,79,1967-10-30 00:00:00,1967-11-08 18:00:00,Unknown
1967303S10071,SI,1968,ANITA,,,-5,25,1967-10-30 06:00:00,1967-11-02 06:00:00,Unknown
1967304N10085,NI,1967,UNNAMED,,,-5,20,1967-10-30 18:00:00,1967-11-02 03:00:00,Unknown
1967310N11129,WP,1967,FREDA,,972.0,2,45,1967-11-06 06:00:00,1967-11-11 18:00:00,Unknown
1967311N09160,WP,1967,GILDA,,910.0,4,99,1967-11-07 06:00:00,1967-11-19 12:00:00,Unknown
1967320N10171,WP,1967,HARRIET,,950.0,3,73,1967-11-15 18:00:00,1967-11-24 18:00:00,Unknown
1967323N23119,WP,1967,GILDA,,,-5,7,1967-11-18 12:00:00,1967-11-19 06:00:00,Unknown
1967331N06085,NI,1967,UNNAMED,,,-5,28,1967-11-26 18:00:00,1967-11-30 03:00:00,Unknown
1967338N05088,NI,1967,UNNAMED,,,-5,40,1967-12-03 18:00:00,1967-12-08 15:00:00,Unknown
1967342S08078,SI,1968,BELINDA,,,-5,121,1967-12-08 06:00:00,1967-12-23 06:00:00,Unknown
1967350N10135,WP,1967,IVY,,980.0,0,41,1967-12-16 06:00:00,1967-12-21 06:00:00,Unknown
1967354S12057,SI,1968,CARMEN,,,-5,69,1967-12-19 18:00:00,1967-12-28 06:00:00,Unknown
1967363S10078,SI,1968,AMY:ELSPETH,,,-5,102,1967-12-29 06:00:00,1968-01-09 06:00:00,Unknown
1967364S17043,SI,1968,DEBBY,,,-5,25,1967-12-30 06:00:00,1968-01-02 06:00:00,Unknown
1968007S17042,SI,1968,FLOSSIE,,,-5,57,1968-01-07 06:00:00,1968-01-14 06:00:00,Unknown
1968009S13071,SI,1968,GEORGETTE,,,-5,185,1968-01-09 06:00:00,1968-02-01 06:00:00,Unknown
1968011S11120,SI,1968,BETSY,,998.0,-5,69,1968-01-10 23:00:00,1968-01-17 01:00:00,Unknown
1968017S11072,SI,1968,HENRIETTE,,,-5,89,1968-01-17 06:00:00,1968-01-28 06:00:00,Unknown
1968018S12132,SI,1968,UNNAMED,,,-5,21,1968-01-17 22:00:00,1968-01-19 22:00:00,Unknown
1968019S07097,SI,1968,DOREEN,,970.0,0,93,1968-01-18 22:00:00,1968-01-26 06:00:00,Unknown
1968019S12132,SI,1968,BERTHA:BETTY,,988.0,0,80,1968-01-19 00:00:00,1968-01-26 01:00:00,Unknown
1968020N06138,WP,1968,UNNAMED,,,-5,45,1968-01-20 06:00:00,1968-01-25 18:00:00,Unknown
1968026S14139,SI,1968,DIXIE,,,-5,2,1968-01-28 21:00:00,1968-01-28 23:00:00,Unknown
1968034S15140,SI,1968,UNNAMED,,1005.0,-5,2,1968-02-05 03:00:00,1968-02-05 05:00:00,Unknown
1968036S19118,SI,1968,ELLA,,1001.0,-5,28,1968-02-04 23:00:00,1968-02-07 01:00:00,Unknown
1968040S13062,SI,1968,IDA,,,-5,57,1968-02-09 06:00:00,1968-02-16 06:00:00,Unknown
1968044S15122,SI,1968,GINA:JANINE,,995.0,-5,159,1968-02-12 23:00:00,1968-03-02 06:00:00,Unknown
1968051S13139,SI,1968,BERTHA:BONNIE,,997.0,-5,56,1968-02-22 03:00:00,1968-02-27 01:00:00,Unknown
1968057N07133,WP,1968,UNNAMED,,,-5,43,1968-02-26 06:00:00,1968-03-02 12:00:00,Unknown
1968066S13055,SI,1968,KARINE,,,-5,65,1968-03-06 06:00:00,1968-03-14 06:00:00,Unknown
1968086S13078,SI,1968,MONIQUE,,,-5,65,1968-03-26 06:00:00,1968-04-03 06:00:00,Unknown
1968086S16043,SI,1968,LOTTIE,,,-5,9,1968-03-26 06:00:00,1968-03-27 06:00:00,Unknown
1968096S10079,SI,1968,NOREEN,,,-5,81,1968-04-05 06:00:00,1968-04-15 06:00:00,Unknown
1968097N05157,WP,1968,JEAN,,935.0,3,115,1968-04-05 12:00:00,1968-04-19 18:00:00,Unknown
1968128N14096,NI,1968,UNNAMED,,,-5,32,1968-05-06 18:00:00,1968-05-10 15:00:00,Unknown
1968149N10150,WP,1968,KIM,,950.0,3,108,1968-05-28 00:00:00,1968-06-10 09:00:00,Unknown
1968154N08146,WP,1968,UNNAMED,,,-5,5,1968-06-02 06:00:00,1968-06-02 18:00:00,Unknown
1968155N13160,WP,1968,UNNAMED,,,-5,67,1968-06-03 06:00:00,1968-06-11 12:00:00,Unknown
1968155N20115,WP,1968,UNNAMED,,,-5,27,1968-06-03 00:00:00,1968-06-06 06:00:00,Unknown
1968164N21090,NI,1968,UNNAMED,,,-5,24,1968-06-11 18:00:00,1968-06-14 15:00:00,Unknown
1968178N13156,WP,1968,LUCY,,935.0,3,57,1968-06-26 00:00:00,1968-07-03 00:00:00,Unknown
1968191N23088,NI,1968,UNNAMED,,,-5,24,1968-07-08 18:00:00,1968-07-11 15:00:00,Unknown
1968201N13152,WP,1968,MARY,,925.0,4,148,1968-07-19 00:00:00,1968-08-06 09:00:00,Unknown
1968202N19133,WP,1968,NADINE,,970.0,0,71,1968-07-20 00:00:00,1968-07-28 18:00:00,Unknown
1968203N18119,WP,1968,OLIVE,,988.0,0,57,1968-07-21 00:00:00,1968-07-28 00:00:00,Unknown
1968208N18089,NI,1968,UNNAMED,,,-5,56,1968-07-25 18:00:00,1968-08-01 15:00:00,Unknown
1968208N24120,WP,1968,NADINE,,,-5,3,1968-07-25 12:00:00,1968-07-25 18:00:00,Unknown
1968209N25157,WP,1968,UNNAMED,,,-5,41,1968-07-27 00:00:00,1968-08-01 00:00:00,Unknown
1968210N21150,WP,1968,UNNAMED,,,-5,39,1968-07-28 00:00:00,1968-08-01 18:00:00,Unknown
1968216N17114,WP,1968,UNNAMED,,,-5,29,1968-08-03 06:00:00,1968-08-06 18:00:00,Unknown
1968216N22090,NI,1968,UNNAMED,,,-5,48,1968-08-02 18:00:00,1968-08-08 15:00:00,Unknown
1968217N17163,WP,1968,POLLY,,965.0,0,117,1968-08-03 12:00:00,1968-08-18 00:00:00,Unknown
1968218N15141,WP,1968,ROSE,,970.0,0,81,1968-08-05 00:00:00,1968-08-15 00:00:00,Unknown
1968220N18166,WP,1968,UNNAMED,,,-5,7,1968-08-07 00:00:00,1968-08-07 18:00:00,Unknown
1968220N20175,WP,1968,UNNAMED,,,-5,7,1968-08-07 00:00:00,1968-08-07 18:00:00,Unknown
1968222N19139,WP,1968,UNNAMED,,,-5,25,1968-08-09 00:00:00,1968-08-12 00:00:00,Unknown
1968224N22091,NI,1968,UNNAMED,,,-5,28,1968-08-10 18:00:00,1968-08-14 03:00:00,Unknown
1968227N14145,WP,1968,SHIRLEY,,960.0,1,79,1968-08-14 06:00:00,1968-08-24 00:00:00,Unknown
1968235N15135,WP,1968,UNNAMED,,,-5,25,1968-08-22 00:00:00,1968-08-25 00:00:00,Unknown
1968235N19090,NI,1968,UNNAMED,,,-5,20,1968-08-21 18:00:00,1968-08-24 03:00:00,Unknown
1968235N20138,WP,1968,TRIX,,980.0,0,90,1968-08-22 00:00:00,1968-09-02 03:00:00,Unknown
1968237N21177,WP,1968,VIRGINIA,,990.0,0,17,1968-08-24 00:00:00,1968-08-26 00:00:00,Unknown
1968240N11173,WP,1968,AGNES,,900.0,5,124,1968-08-27 06:00:00,1968-09-11 15:00:00,Unknown
1968240N15151,WP,1968,WENDY,,920.0,5,115,1968-08-27 00:00:00,1968-09-10 06:00:00,Unknown
1968243N23120,WP,1968,BESS,,965.0,1,97,1968-08-29 18:00:00,1968-09-10 18:00:00,Unknown
1968246N14164,WP,1968,UNNAMED,,,-5,77,1968-09-02 00:00:00,1968-09-11 12:00:00,Unknown
1968250N24120,WP,1968,WENDY,,,-5,5,1968-09-06 00:00:00,1968-09-06 12:00:00,Unknown
1968254N19091,NI,1968,UNNAMED,,,-5,28,1968-09-09 18:00:00,1968-09-13 03:00:00,Unknown
1968256N16148,WP,1968,DELLA,,930.0,4,127,1968-09-11 18:00:00,1968-09-27 12:00:00,Unknown
1968259N16152,WP,1968,CARMEN,,935.0,3,85,1968-09-15 00:00:00,1968-09-25 12:00:00,Unknown
1968266N06142,WP,1968,ELAINE,,910.0,5,93,1968-09-22 06:00:00,1968-10-03 18:00:00,Unknown
1968273N14089,NI,1968,UNNAMED,,,-5,48,1968-09-28 18:00:00,1968-10-04 15:00:00,Unknown
1968275N13161,WP,1968,FAYE,,915.0,5,95,1968-09-30 12:00:00,1968-10-12 06:00:00,Unknown
1968283N10148,WP,1968,UNNAMED,,,-5,31,1968-10-09 06:00:00,1968-10-13 00:00:00,Unknown
1968286N07142,WP,1968,GLORIA,,955.0,2,103,1968-10-12 06:00:00,1968-10-25 00:00:00,Unknown
1968290N14118,WP,1968,HESTER,,995.0,0,43,1968-10-15 18:00:00,1968-10-21 00:00:00,Unknown
1968292N09165,WP,1968,IRMA,,955.0,1,70,1968-10-18 00:00:00,1968-10-26 15:00:00,Unknown
1968295N09169,WP,1968,JUDY,,930.0,4,117,1968-10-21 00:00:00,1968-11-04 12:00:00,Unknown
1968295N11089,NI,1968,UNNAMED,,,-5,60,1968-10-20 18:00:00,1968-10-28 03:00:00,Unknown
1968300N10166,WP,1968,KIT,,960.0,1,90,1968-10-26 00:00:00,1968-11-06 03:00:00,Unknown
1968302S06065,SI,1969,ANNIE,,,-5,61,1968-10-28 00:00:00,1968-11-04 12:00:00,Unknown
1968307N11087,NI,1968,UNNAMED,,,-5,28,1968-11-01 18:00:00,1968-11-05 03:00:00,Unknown
1968311N08165,WP,1968,LOLA,,940.0,3,68,1968-11-05 12:00:00,1968-11-13 21:00:00,Unknown
1968314N08089,NI,1968,UNNAMED,,,-5,52,1968-11-08 18:00:00,1968-11-15 03:00:00,Unknown
1968314N08138,WP,1968,MAMIE,,975.0,1,129,1968-11-09 00:00:00,1968-11-25 00:00:00,Unknown
1968314S12132,SI,1969,BETTY,,,-5,11,1968-11-09 00:00:00,1968-11-10 06:00:00,Unknown
1968320N07168,WP,1968,NINA,,960.0,1,111,1968-11-15 06:00:00,1968-11-29 00:00:00,Unknown
1968325N05168,WP,1968,ORA,,930.0,4,91,1968-11-19 12:00:00,1968-11-30 18:00:00,Unknown
1968347N05091,NI,1968,UNNAMED,,,-5,48,1968-12-11 18:00:00,1968-12-17 15:00:00,Unknown
1968351S11092,SI,1969,AMBER,,975.0,-5,91,1968-12-15 18:00:00,1968-12-24 06:00:00,Unknown
1968354S12108,SI,1969,BEATIE,,1001.0,-5,67,1968-12-18 23:00:00,1968-12-24 23:00:00,Unknown
1968362S11091,SI,1969,BERTHE:BETTINA,,,-5,78,1968-12-26 16:00:00,1969-01-04 12:00:00,Unknown
1968362S11113,SI,1969,CHERI,,995.0,-1,86,1968-12-26 22:00:00,1969-01-04 06:00:00,Unknown
1969015S07057,SI,1969,CLAIRE,,,-5,23,1969-01-14 18:00:00,1969-01-17 12:00:00,Unknown
1969016N07177,WP,1969,PHYLLIS,,965.0,2,69,1969-01-16 06:00:00,1969-01-24 18:00:00,Unknown
1969027S08071,SI,1969,DANY,,,-5,113,1969-01-27 06:00:00,1969-02-10 06:00:00,Unknown
1969027S11113,SI,1969,UNNAMED,,,-5,41,1969-01-26 23:00:00,1969-01-30 23:00:00,Unknown
1969029S26042,SI,1969,EVE,,,-5,33,1969-01-29 06:00:00,1969-02-02 06:00:00,Unknown
1969036S13080,SI,1969,ENID:FANNY,,,-5,94,1969-02-04 18:00:00,1969-02-15 06:00:00,Unknown
1969044S21039,SI,1969,GILLETTE,,,-5,49,1969-02-13 06:00:00,1969-02-19 06:00:00,Unknown
1969046S19123,SI,1969,GLADYS,,987.0,-5,61,1969-02-14 23:00:00,1969-02-20 01:00:00,Unknown
1969052N05155,WP,1969,UNNAMED,,,-5,21,1969-02-21 06:00:00,1969-02-23 18:00:00,Unknown
1969060S12136,SI,1969,AUDREY:BONNIE,,975.0,-5,74,1969-03-03 00:00:00,1969-03-09 01:00:00,Unknown
1969066N05170,WP,1969,RITA,,995.0,0,39,1969-03-06 18:00:00,1969-03-11 12:00:00,Unknown
1969078S09068,SI,1969,HELENE,,,-5,73,1969-03-19 06:00:00,1969-03-28 06:00:00,Unknown
1969088S10097,SI,1969,LEONIE,,990.0,0,111,1969-03-28 22:00:00,1969-04-07 01:00:00,Unknown
1969105N06148,WP,1969,SUSAN,,940.0,3,93,1969-04-15 06:00:00,1969-04-26 18:00:00,Unknown
1969134N15087,NI,1969,UNNAMED,,,-5,48,1969-05-13 18:00:00,1969-05-19 15:00:00,Unknown
1969156N19068,NI,1969,UNNAMED,,,-5,16,1969-06-04 18:00:00,1969-06-06 15:00:00,Unknown
1969167N15088,NI,1969,UNNAMED,,,-5,32,1969-06-16 06:00:00,1969-06-20 03:00:00,Unknown
1969187N09131,WP,1969,TESS,,970.0,1,49,1969-07-06 00:00:00,1969-07-12 00:00:00,Unknown
1969192N10143,WP,1969,UNNAMED,,,-5,57,1969-07-11 00:00:00,1969-07-18 00:00:00,Unknown
1969201N04151,WP,1969,VIOLA,,900.0,4,91,1969-07-20 00:00:00,1969-07-31 06:00:00,Unknown
1969203N14117,WP,1969,UNNAMED,,,-5,31,1969-07-21 12:00:00,1969-07-25 06:00:00,Unknown
1969208N12145,WP,1969,WINNIE,,988.0,0,57,1969-07-26 12:00:00,1969-08-02 12:00:00,Unknown
1969209N19090,NI,1969,UNNAMED,,,-5,40,1969-07-27 18:00:00,1969-08-01 15:00:00,Unknown
1969213N21140,WP,1969,ALICE,,985.0,0,51,1969-08-01 00:00:00,1969-08-07 06:00:00,Unknown
1969216N09143,WP,1969,BETTY,,960.0,1,59,1969-08-04 00:00:00,1969-08-11 06:00:00,Unknown
1969220N21090,NI,1969,UNNAMED,,,-5,8,1969-08-07 18:00:00,1969-08-08 15:00:00,Unknown
1969225N10150,WP,1969,CORA,,935.0,2,105,1969-08-12 18:00:00,1969-08-25 18:00:00,Unknown
1969225N21090,NI,1969,UNNAMED,,,-5,28,1969-08-12 18:00:00,1969-08-16 03:00:00,Unknown
1969231S09069,SI,1970,ALINE,,,-5,29,1969-08-18 18:00:00,1969-08-22 06:00:00,Unknown
1969241N10127,NI,1969,DORIS,,,-5,3,1969-09-03 12:00:00,1969-09-03 18:00:00,Unknown
1969241N10127,WP,1969,DORIS,,975.0,1,44,1969-08-29 00:00:00,1969-09-03 09:00:00,Unknown
1969247N13131,WP,1969,UNNAMED,,,-5,41,1969-09-03 12:00:00,1969-09-08 12:00:00,Unknown
1969247N18140,WP,1969,UNNAMED,,,-5,19,1969-09-04 00:00:00,1969-09-06 06:00:00,Unknown
1969249N17087,NI,1969,UNNAMED,,,-5,48,1969-09-05 18:00:00,1969-09-11 15:00:00,Unknown
1969250N20119,WP,1969,UNNAMED,,,-5,47,1969-09-07 06:00:00,1969-09-13 00:00:00,Unknown
1969251N13111,WP,1969,UNNAMED,,,-5,21,1969-09-08 00:00:00,1969-09-10 12:00:00,Unknown
1969252N12143,WP,1969,UNNAMED,,,-5,59,1969-09-09 06:00:00,1969-09-16 12:00:00,Unknown
1969256N19156,WP,1969,UNNAMED,,,-5,33,1969-09-13 00:00:00,1969-09-17 00:00:00,Unknown
1969259N15165,WP,1969,ELSIE,,895.0,5,147,1969-09-16 00:00:00,1969-10-04 06:00:00,Unknown
1969261N14178,WP,1969,UNNAMED,,,-5,33,1969-09-18 00:00:00,1969-09-22 00:00:00,Unknown
1969261N17088,NI,1969,UNNAMED,,,-5,36,1969-09-17 18:00:00,1969-09-22 03:00:00,Unknown
1969266N21093,NI,1969,UNNAMED,,,-5,28,1969-09-22 18:00:00,1969-09-26 03:00:00,Unknown
1969270N13139,WP,1969,FLOSSIE,,960.0,0,109,1969-09-27 00:00:00,1969-10-10 12:00:00,Unknown
1969271N23163,WP,1969,GRACE,,940.0,2,81,1969-09-28 00:00:00,1969-10-08 00:00:00,Unknown
1969273N15119,WP,1969,UNNAMED,,,-5,11,1969-09-30 00:00:00,1969-10-01 06:00:00,Unknown
1969277N13114,WP,1969,UNNAMED,,,-5,17,1969-10-03 12:00:00,1969-10-05 12:00:00,Unknown
1969279N11158,WP,1969,HELEN,,930.0,3,69,1969-10-05 12:00:00,1969-10-14 00:00:00,Unknown
1969281S07076,SI,1970,BLANCHE,,,-5,63,1969-10-07 12:00:00,1969-10-15 06:00:00,Unknown
1969282N18087,NI,1969,UNNAMED,,,-5,20,1969-10-08 18:00:00,1969-10-11 03:00:00,Unknown
1969287N11150,WP,1969,IDA,,915.0,4,88,1969-10-14 00:00:00,1969-10-24 21:00:00,Unknown
1969294N11083,NI,1969,UNNAMED,,,-5,24,1969-10-20 18:00:00,1969-10-23 15:00:00,Unknown
1969299N10142,WP,1969,JUNE,,940.0,3,95,1969-10-26 00:00:00,1969-11-06 18:00:00,Unknown
1969306N08156,WP,1969,KATHY,,925.0,3,87,1969-11-02 00:00:00,1969-11-12 18:00:00,Unknown
1969308N12095,NI,1969,UNNAMED,,,-5,44,1969-11-03 18:00:00,1969-11-09 03:00:00,Unknown
1969316S08074,SI,1970,CORINNE:CORRINE,,,-5,81,1969-11-11 12:00:00,1969-11-21 12:00:00,Unknown
1969325N14118,WP,1969,UNNAMED,,,-5,45,1969-11-21 00:00:00,1969-11-26 12:00:00,Unknown
1969328N09138,WP,1969,LORNA,,985.0,0,61,1969-11-23 12:00:00,1969-12-01 00:00:00,Unknown
1969335N12138,WP,1969,UNNAMED,,,-5,29,1969-12-01 06:00:00,1969-12-04 18:00:00,Unknown
1969345N11081,NI,1969,UNNAMED,,,-5,20,1969-12-10 18:00:00,1969-12-13 03:00:00,Unknown
1969352N10146,WP,1969,MARIE,,995.0,0,36,1969-12-18 00:00:00,1969-12-21 18:00:00,Unknown
1969355N04091,NI,1969,UNNAMED,,,-5,48,1969-12-20 18:00:00,1969-12-26 15:00:00,Unknown
1969363S21042,SI,1970,DELPHINE,,,-5,25,1969-12-29 06:00:00,1970-01-01 06:00:00,Unknown
1970003S07097,SI,1970,DIANE:FRANCOISE,,996.0,-5,115,1970-01-03 00:00:00,1970-01-17 06:00:00,Unknown
1970007S17041,SI,1970,ELIANE,,,-5,35,1970-01-07 00:00:00,1970-01-11 06:00:00,Unknown
1970010S12056,SI,1970,GENEVIEVE,,,-5,73,1970-01-10 06:00:00,1970-01-19 06:00:00,Unknown
1970022S11064,SI,1970,HERMINE,,,-5,41,1970-01-22 00:00:00,1970-01-27 00:00:00,Unknown
1970026S24055,SI,1970,HERMINE,,,-5,16,1970-01-25 21:00:00,1970-01-27 18:00:00,Unknown
1970027S12130,SI,1970,GLYNIS,,970.0,-5,100,1970-01-26 23:30:00,1970-02-06 01:00:00,Unknown
1970033S16085,SI,1970,ISEULT,,,-5,109,1970-02-01 12:00:00,1970-02-15 00:00:00,Unknown
1970040S13101,SI,1970,JUDY,,960.0,-5,126,1970-02-09 01:00:00,1970-02-24 01:00:00,Unknown
1970040S16083,SI,1970,JANE,,,-5,171,1970-02-09 00:00:00,1970-03-02 06:00:00,Unknown
1970041S16123,SI,1970,INGRID,,970.0,-5,76,1970-02-09 16:00:00,1970-02-17 01:00:00,Unknown
1970050N07151,WP,1970,NANCY,,950.0,4,73,1970-02-19 00:00:00,1970-02-28 00:00:00,Unknown
1970073N07138,WP,1970,UNNAMED,,,-5,29,1970-03-14 06:00:00,1970-03-17 18:00:00,Unknown
1970075S16061,SI,1970,KATIA,,,-5,81,1970-03-16 06:00:00,1970-03-26 06:00:00,Unknown
1970078S11098,SI,1970,KATHY:MICHELE,,990.0,-5,93,1970-03-19 00:00:00,1970-03-30 12:00:00,Unknown
1970079S11071,SI,1970,LOUISE,,,-5,95,1970-03-20 06:00:00,1970-04-01 00:00:00,Unknown
1970091S31067,SI,1970,LOUISE,,,-5,7,1970-03-31 12:00:00,1970-04-01 06:00:00,Unknown
1970122N10089,NI,1970,UNNAMED,,,-5,40,1970-05-01 18:00:00,1970-05-06 15:00:00,Unknown
1970124S18108,SI,1970,LULU,,996.0,-5,47,1970-05-04 01:00:00,1970-05-09 01:00:00,Unknown
1970143N19091,NI,1970,UNNAMED,,,-5,8,1970-05-22 18:00:00,1970-05-23 15:00:00,Unknown
1970148N14072,NI,1970,UNNAMED,,,-5,44,1970-05-28 06:00:00,1970-06-02 15:00:00,Unknown
1970158N21090,NI,1970,UNNAMED,,,-5,36,1970-06-06 18:00:00,1970-06-11 03:00:00,Unknown
1970162N17116,WP,1970,UNNAMED,,,-5,45,1970-06-11 06:00:00,1970-06-16 18:00:00,Unknown
1970166N17111,WP,1970,UNNAMED,,,-5,27,1970-06-14 12:00:00,1970-06-17 18:00:00,Unknown
1970172N15111,WP,1970,UNNAMED,,,-5,31,1970-06-20 12:00:00,1970-06-24 06:00:00,Unknown
1970177N07142,WP,1970,PAMELA,,980.0,0,47,1970-06-26 00:00:00,1970-07-01 18:00:00,Unknown
1970178N07153,WP,1970,OLGA,,905.0,5,87,1970-06-26 12:00:00,1970-07-07 06:00:00,Unknown
1970180N20088,NI,1970,UNNAMED,,,-5,33,1970-06-29 03:00:00,1970-07-03 03:00:00,Unknown
1970187N18091,NI,1970,UNNAMED,,,-5,20,1970-07-06 06:00:00,1970-07-08 15:00:00,Unknown
1970190N12140,WP,1970,RUBY,,985.0,0,115,1970-07-08 12:00:00,1970-07-22 18:00:00,Unknown
1970192N30158,WP,1970,UNNAMED,,,-5,29,1970-07-10 12:00:00,1970-07-14 00:00:00,Unknown
1970196N19154,WP,1970,UNNAMED,,,-5,75,1970-07-15 06:00:00,1970-07-24 12:00:00,Unknown
1970200N24161,WP,1970,SALLY,,992.0,0,40,1970-07-19 06:00:00,1970-07-24 03:00:00,Unknown
1970203N19147,WP,1970,UNNAMED,,,-5,41,1970-07-21 12:00:00,1970-07-26 12:00:00,Unknown
1970206N25150,WP,1970,UNNAMED,,,-5,65,1970-07-25 00:00:00,1970-08-02 00:00:00,Unknown
1970207N21139,WP,1970,UNNAMED,,,-5,83,1970-07-26 00:00:00,1970-08-05 06:00:00,Unknown
1970209N25140,WP,1970,UNNAMED,,994.0,-5,41,1970-07-27 18:00:00,1970-08-01 18:00:00,Unknown
1970211N27183,WP,1970,THERESE,,990.0,0,41,1970-07-30 15:00:00,1970-08-04 15:00:00,Unknown
1970213N24120,WP,1970,UNNAMED,,,-5,9,1970-08-01 00:00:00,1970-08-02 00:00:00,Unknown
1970215N21137,WP,1970,VIOLET,,992.0,0,55,1970-08-03 06:00:00,1970-08-10 00:00:00,Unknown
1970219N18140,WP,1970,WILDA,,940.0,3,97,1970-08-07 00:00:00,1970-08-19 00:00:00,Unknown
1970225N12149,WP,1970,ANITA,,910.0,4,89,1970-08-13 06:00:00,1970-08-24 06:00:00,Unknown
1970228N17117,WP,1970,UNNAMED,,,-5,25,1970-08-16 06:00:00,1970-08-19 06:00:00,Unknown
1970229N18086,NI,1970,UNNAMED,,,-5,20,1970-08-17 06:00:00,1970-08-19 15:00:00,Unknown
1970231N30149,WP,1970,UNNAMED,,,-5,17,1970-08-18 12:00:00,1970-08-20 12:00:00,Unknown
1970233N15138,WP,1970,BILLIE,,945.0,3,89,1970-08-21 00:00:00,1970-09-01 00:00:00,Unknown
1970233N17155,WP,1970,UNNAMED,,,-5,41,1970-08-21 00:00:00,1970-08-26 00:00:00,Unknown
1970237N25168,WP,1970,UNNAMED,,,-5,49,1970-08-25 00:00:00,1970-08-31 00:00:00,Unknown
1970237N28154,WP,1970,CLARA,,960.0,2,87,1970-08-25 00:00:00,1970-09-04 18:00:00,Unknown
1970242N22124,WP,1970,UNNAMED,,,-5,45,1970-08-29 18:00:00,1970-09-04 06:00:00,Unknown
1970245N19131,WP,1970,FRAN,,975.0,0,79,1970-09-01 12:00:00,1970-09-11 06:00:00,Unknown
1970245N22087,NI,1970,UNNAMED,,,-5,92,1970-09-01 18:00:00,1970-09-13 03:00:00,Unknown
1970246N14142,WP,1970,ELLEN,,985.0,0,31,1970-09-02 12:00:00,1970-09-06 06:00:00,Unknown
1970247N10151,WP,1970,UNNAMED,,,-5,5,1970-09-04 06:00:00,1970-09-04 18:00:00,Unknown
1970247N18111,WP,1970,UNNAMED,,,-5,17,1970-09-03 12:00:00,1970-09-05 12:00:00,Unknown
1970250N15140,WP,1970,GEORGIA,,905.0,5,73,1970-09-07 00:00:00,1970-09-16 00:00:00,Unknown
1970251N20091,NI,1970,UNNAMED,,,-5,80,1970-09-07 18:00:00,1970-09-17 15:00:00,Unknown
1970259N24166,WP,1970,UNNAMED,,,-5,61,1970-09-16 00:00:00,1970-09-23 12:00:00,Unknown
1970259S10059,SI,1971,ANDREE,,,-5,25,1970-09-16 06:00:00,1970-09-19 06:00:00,Unknown
1970261N09140,WP,1970,UNNAMED,,,-5,67,1970-09-17 12:00:00,1970-09-25 18:00:00,Unknown
1970262N13175,WP,1970,HOPE,,900.0,5,97,1970-09-18 12:00:00,1970-09-30 12:00:00,Unknown
1970264N17085,NI,1970,UNNAMED,,,-5,16,1970-09-20 18:00:00,1970-09-22 15:00:00,Unknown
1970266N12112,WP,1970,UNNAMED,,,-5,39,1970-09-23 00:00:00,1970-09-27 18:00:00,Unknown
1970271N10132,WP,1970,UNNAMED,,,-5,43,1970-09-27 12:00:00,1970-10-02 18:00:00,Unknown
1970274S08076,SI,1971,BETSY,,,-5,65,1970-10-01 06:00:00,1970-10-09 06:00:00,Unknown
1970275N11112,WP,1970,IRIS,,960.0,3,55,1970-10-02 00:00:00,1970-10-08 18:00:00,Unknown
1970275N16137,WP,1970,UNNAMED,,,-5,37,1970-10-01 12:00:00,1970-10-06 00:00:00,Unknown
1970277N10151,WP,1970,UNNAMED,,,-5,7,1970-10-04 06:00:00,1970-10-05 00:00:00,Unknown
1970279N14147,WP,1970,UNNAMED,,,-5,31,1970-10-06 00:00:00,1970-10-09 18:00:00,Unknown
1970282N08147,WP,1970,JOAN,,905.0,5,79,1970-10-09 00:00:00,1970-10-18 18:00:00,Unknown
1970284N14072,NI,1970,UNNAMED,,,-5,20,1970-10-10 18:00:00,1970-10-13 03:00:00,Unknown
1970286N06143,WP,1970,KATE,,940.0,4,103,1970-10-13 06:00:00,1970-10-26 00:00:00,Unknown
1970287N26164,WP,1970,UNNAMED,,,-5,33,1970-10-14 00:00:00,1970-10-18 00:00:00,Unknown
1970291N14085,NI,1970,UNNAMED,,,-5,52,1970-10-17 18:00:00,1970-10-24 03:00:00,Unknown
1970296N07134,WP,1970,LOUISE,,990.0,0,55,1970-10-23 06:00:00,1970-10-30 00:00:00,Unknown
1970299N10157,WP,1970,MARGE,,990.0,0,105,1970-10-26 00:00:00,1970-11-08 00:00:00,Unknown
1970304S09087,SI,1971,ANDREA:CLAUDINE,,970.0,-5,107,1970-10-31 00:00:00,1970-11-13 06:00:00,Unknown
1970305N10111,WP,1970,NORA,,1000.0,0,27,1970-11-01 00:00:00,1970-11-04 06:00:00,Unknown
1970312N12086,NI,1970,UNNAMED,,,-5,44,1970-11-07 18:00:00,1970-11-13 03:00:00,Unknown
1970315N08128,WP,1970,OPAL,,990.0,0,55,1970-11-10 18:00:00,1970-11-17 12:00:00,Unknown
1970318N13157,WP,1970,PATSY,,910.0,4,69,1970-11-13 18:00:00,1970-11-22 06:00:00,Unknown
1970323N09085,NI,1970,UNNAMED,,,-5,16,1970-11-18 18:00:00,1970-11-20 15:00:00,Unknown
1970324N05143,NI,1970,RUTH,,,-5,3,1970-11-29 12:00:00,1970-11-29 18:00:00,Unknown
1970324N05143,WP,1970,RUTH,,996.0,0,76,1970-11-20 00:00:00,1970-11-29 09:00:00,Unknown
1970324S08092,SI,1971,CARMEN,,990.0,-5,83,1970-11-20 00:00:00,1970-11-30 06:00:00,Unknown
1970326N10071,NI,1970,UNNAMED,,,-5,56,1970-11-21 18:00:00,1970-11-28 15:00:00,Unknown
1970330S09138,SI,1971,BEVERLEY:EVA,,970.0,-5,84,1970-11-27 09:00:00,1970-12-07 01:00:00,Unknown
1970345S09089,SI,1971,DOMINIQUE:HILARY,,,-5,139,1970-12-11 00:00:00,1970-12-28 06:00:00,Unknown
1970349N11115,WP,1970,UNNAMED,,,-5,21,1970-12-14 12:00:00,1970-12-17 00:00:00,Unknown
1970353S08097,SI,1971,JANET,,980.0,-5,49,1970-12-19 00:00:00,1970-12-25 00:00:00,Unknown
1970360S10110,SI,1971,LORIS,,980.0,-5,48,1970-12-26 01:00:00,1970-12-31 01:00:00,Unknown
1971005S18039,SI,1971,EDITH,,,-5,41,1971-01-05 06:00:00,1971-01-10 06:00:00,Unknown
1971008N07139,WP,1971,SARAH,,1000.0,-5,8,1971-01-08 00:00:00,1971-01-08 21:00:00,Unknown
1971008N08143,WP,1971,SARAH,,990.0,0,51,1971-01-08 06:00:00,1971-01-14 12:00:00,Unknown
1971015S12100,SI,1971,GINETTE:MYRTLE,,976.0,-5,129,1971-01-15 06:00:00,1971-01-31 06:00:00,Unknown
1971017S11059,SI,1971,FELICIE,,,-5,161,1971-01-17 06:00:00,1971-02-06 06:00:00,Unknown
1971020S11094,SI,1971,POLLY,,980.0,-5,91,1971-01-20 00:00:00,1971-01-31 06:00:00,Unknown
1971022S14118,SI,1971,RITA,,980.0,0,77,1971-01-22 01:00:00,1971-01-30 01:00:00,Unknown
1971029S14121,SI,1971,SHEILA:SOPHIE,,925.0,1,83,1971-01-29 00:00:00,1971-02-06 00:00:00,Unknown
1971032S15137,SI,1971,AGGIE,,998.0,-1,6,1971-02-03 15:00:00,1971-02-04 00:00:00,Unknown
1971033S16061,SI,1971,HELGA,,,-5,103,1971-02-02 06:00:00,1971-02-15 00:00:00,Unknown
1971041S12090,SI,1971,IPHIGENIE:TILLY,,,-5,59,1971-02-10 00:00:00,1971-02-17 06:00:00,Unknown
1971044S17083,SI,1971,TILLY,,,-5,9,1971-02-13 00:00:00,1971-02-14 00:00:00,Unknown
1971046S18040,SI,1971,JOELLE,,,-5,81,1971-02-15 06:00:00,1971-02-25 06:00:00,Unknown
1971047S15090,SI,1971,KALINKA,,,-5,81,1971-02-16 06:00:00,1971-02-26 06:00:00,Unknown
1971050S13093,SI,1971,LISE:YVONNE,,975.0,-5,99,1971-02-19 00:00:00,1971-03-03 06:00:00,Unknown
1971066S10091,SI,1971,MAGGIE:MURIEL,,960.0,-5,105,1971-03-07 00:00:00,1971-03-20 00:00:00,Unknown
1971071S16039,SI,1971,NELLY,,,-5,113,1971-03-12 06:00:00,1971-03-26 06:00:00,Unknown
1971074N06134,WP,1971,THELMA,,994.0,0,77,1971-03-15 00:00:00,1971-03-24 12:00:00,Unknown
1971082S17121,SI,1971,MAVIS,,975.0,0,49,1971-03-23 00:00:00,1971-03-29 00:00:00,Unknown
1971093N28158,WP,1971,UNNAMED,,,-5,33,1971-04-03 00:00:00,1971-04-07 00:00:00,Unknown
1971096N07151,WP,1971,VERA,,1002.0,-5,20,1971-04-06 06:00:00,1971-04-08 15:00:00,Unknown
1971098N08142,WP,1971,VERA,,965.0,2,119,1971-04-07 12:00:00,1971-04-22 06:00:00,Unknown
1971112N11132,WP,1971,WANDA,,980.0,1,105,1971-04-22 00:00:00,1971-05-05 00:00:00,Unknown
1971118N05155,WP,1971,AMY,,890.0,5,81,1971-04-27 18:00:00,1971-05-07 18:00:00,Unknown
1971122N14120,WP,1971,BABE,,990.0,0,82,1971-05-02 06:00:00,1971-05-12 09:00:00,Unknown
1971124N10093,NI,1971,UNNAMED,,,-5,37,1971-05-03 15:00:00,1971-05-08 03:00:00,Unknown
1971136N10137,WP,1971,UNNAMED,,,-5,29,1971-05-16 00:00:00,1971-05-19 12:00:00,Unknown
1971137N10129,WP,1971,CARLA,,995.0,0,61,1971-05-17 00:00:00,1971-05-24 12:00:00,Unknown
1971141N07156,WP,1971,DINAH,,960.0,2,83,1971-05-21 00:00:00,1971-05-31 06:00:00,Unknown
1971147N09139,WP,1971,EMMA,,1000.0,0,55,1971-05-27 06:00:00,1971-06-03 00:00:00,Unknown
1971153N19062,NI,1971,UNNAMED,,,-5,25,1971-06-01 15:00:00,1971-06-04 15:00:00,Unknown
1971154N20088,NI,1971,UNNAMED,,,-5,41,1971-06-03 03:00:00,1971-06-08 03:00:00,Unknown
1971160N10135,WP,1971,FREDA,,980.0,1,85,1971-06-09 00:00:00,1971-06-19 12:00:00,Unknown
1971164N12115,WP,1971,UNNAMED,,,-5,31,1971-06-13 06:00:00,1971-06-17 00:00:00,Unknown
1971171N20089,NI,1971,UNNAMED,,,-5,29,1971-06-20 03:00:00,1971-06-23 15:00:00,Unknown
1971173N09136,WP,1971,GILDA,,975.0,2,57,1971-06-22 00:00:00,1971-06-29 00:00:00,Unknown
1971181N09138,WP,1971,HARRIET,,925.0,4,65,1971-06-30 00:00:00,1971-07-08 00:00:00,Unknown
1971185N23137,WP,1971,IVY,,990.0,0,55,1971-07-04 00:00:00,1971-07-10 18:00:00,Unknown
1971189N12130,NI,1971,KIM,,,-5,5,1971-07-14 06:00:00,1971-07-14 18:00:00,Unknown
1971189N12130,WP,1971,KIM,,980.0,0,50,1971-07-08 00:00:00,1971-07-14 03:00:00,Unknown
1971190N09141,WP,1971,JEAN,,975.0,2,83,1971-07-08 18:00:00,1971-07-19 00:00:00,Unknown
1971190S06074,SI,1972,ODETTE,,,-5,57,1971-07-09 06:00:00,1971-07-16 06:00:00,Unknown
1971192N07153,WP,1971,LUCY,,910.0,4,107,1971-07-11 00:00:00,1971-07-24 06:00:00,Unknown
1971195N24183,WP,1971,MARY,,975.0,1,61,1971-07-14 12:00:00,1971-07-22 00:00:00,Unknown
1971196N20089,NI,1971,UNNAMED,,,-5,57,1971-07-15 03:00:00,1971-07-22 03:00:00,Unknown
1971200N11144,WP,1971,NADINE,,900.0,5,69,1971-07-19 00:00:00,1971-07-27 12:00:00,Unknown
1971201N24120,WP,1971,LUCY,,,-5,11,1971-07-20 00:00:00,1971-07-21 06:00:00,Unknown
1971205N10153,WP,1971,OLIVE,,935.0,2,139,1971-07-24 06:00:00,1971-08-10 12:00:00,Unknown
1971207N22089,NI,1971,UNNAMED,,,-5,29,1971-07-26 03:00:00,1971-07-29 15:00:00,Unknown
1971216N11143,WP,1971,POLLY,,980.0,0,101,1971-08-03 12:00:00,1971-08-16 00:00:00,Unknown
1971218N08161,WP,1971,ROSE,,960.0,4,93,1971-08-06 06:00:00,1971-08-17 18:00:00,Unknown
1971220N21088,NI,1971,UNNAMED,,,-5,17,1971-08-07 15:00:00,1971-08-09 15:00:00,Unknown
1971220N21126,WP,1971,UNNAMED,,,-5,19,1971-08-08 00:00:00,1971-08-10 06:00:00,Unknown
1971222N23155,WP,1971,SHIRLEY,,955.0,2,72,1971-08-10 00:00:00,1971-08-18 21:00:00,Unknown
1971231N24151,WP,1971,TRIX,,915.0,3,142,1971-08-18 12:00:00,1971-09-05 03:00:00,Unknown
1971235N23166,WP,1971,UNNAMED,,988.0,-1,56,1971-08-23 00:00:00,1971-08-29 21:00:00,Unknown
1971240N11113,WP,1971,UNNAMED,,,-5,33,1971-08-28 06:00:00,1971-09-01 06:00:00,Unknown
1971242N09135,WP,1971,VIRGINIA,,955.0,3,91,1971-08-30 00:00:00,1971-09-10 06:00:00,Unknown
1971242N23082,NI,1971,UNNAMED,,,-5,21,1971-08-30 03:00:00,1971-09-01 15:00:00,Unknown
1971246N22172,WP,1971,WENDY,,915.0,5,101,1971-09-03 00:00:00,1971-09-15 12:00:00,Unknown
1971251N18127,WP,1971,AGNES,,975.0,1,93,1971-09-08 06:00:00,1971-09-19 18:00:00,Unknown
1971255N17158,WP,1971,UNNAMED,,,-5,25,1971-09-12 00:00:00,1971-09-15 00:00:00,Unknown
1971256N25162,WP,1971,UNNAMED,,,-1,37,1971-09-13 00:00:00,1971-09-17 12:00:00,Unknown
1971258N20158,WP,1971,BESS,,905.0,5,95,1971-09-15 00:00:00,1971-09-26 18:00:00,Unknown
1971266N16145,WP,1971,CARMEN,,990.0,0,57,1971-09-22 12:00:00,1971-09-29 12:00:00,Unknown
1971267N12130,NI,1971,DELLA,,,-5,1,1971-10-01 12:00:00,1971-10-01 12:00:00,Unknown
1971267N12130,WP,1971,DELLA,,980.0,1,60,1971-09-24 00:00:00,1971-10-01 09:00:00,Unknown
1971267N15084,NI,1971,UNNAMED,,,-5,9,1971-09-24 03:00:00,1971-09-25 03:00:00,Unknown
1971269N17116,WP,1971,UNNAMED,,,-5,39,1971-09-25 12:00:00,1971-09-30 06:00:00,Unknown
1971271N19089,NI,1971,UNNAMED,,,-5,29,1971-09-27 15:00:00,1971-10-01 03:00:00,Unknown
1971274N06134,WP,1971,ELAINE,,965.0,3,73,1971-10-01 00:00:00,1971-10-10 00:00:00,Unknown
1971275N10176,WP,1971,FAYE:GLORIA,,985.0,1,113,1971-10-02 00:00:00,1971-10-16 00:00:00,Unknown
1971278N18134,WP,1971,UNNAMED,,,-5,21,1971-10-05 06:00:00,1971-10-07 18:00:00,Unknown
1971280N09141,WP,1971,UNNAMED,,992.0,-5,83,1971-10-07 00:00:00,1971-10-17 06:00:00,Unknown
1971281N16134,WP,1971,FAYE:GLORIA,,,1,28,1971-10-07 18:00:00,1971-10-11 03:00:00,Unknown
1971287N16089,NI,1971,UNNAMED,,,-5,29,1971-10-14 03:00:00,1971-10-17 15:00:00,Unknown
1971287N17125,WP,1971,FAYE:GLORIA,,,-5,10,1971-10-13 15:00:00,1971-10-14 18:00:00,Unknown
1971291N11134,WP,1971,HESTER,,970.0,2,51,1971-10-18 00:00:00,1971-10-24 06:00:00,Unknown
1971293S09086,SI,1972,RHODA,,,-5,49,1971-10-20 00:00:00,1971-10-26 00:00:00,Unknown
1971300N11071,NI,1971,UNNAMED,,,-5,41,1971-10-27 03:00:00,1971-11-01 03:00:00,Unknown
1971300N12091,NI,1971,UNNAMED,,,-5,49,1971-10-26 15:00:00,1971-11-01 15:00:00,Unknown
1971308N09163,WP,1971,UNNAMED,,,-5,37,1971-11-04 00:00:00,1971-11-08 12:00:00,Unknown
1971308N11092,NI,1971,UNNAMED,,,-5,25,1971-11-03 15:00:00,1971-11-06 15:00:00,Unknown
1971309N23172,WP,1971,UNNAMED,,,-5,25,1971-11-05 00:00:00,1971-11-08 00:00:00,Unknown
1971311N06141,WP,1971,IRMA,,885.0,5,84,1971-11-07 00:00:00,1971-11-17 09:00:00,Unknown
1971319N06108,WP,1971,JUDY,,1000.0,0,33,1971-11-15 00:00:00,1971-11-19 00:00:00,Unknown
1971322N03111,WP,1971,JUDY,,,-5,16,1971-11-17 15:00:00,1971-11-19 12:00:00,Unknown
1971324N06112,WP,1971,UNNAMED,,,-5,37,1971-11-20 00:00:00,1971-11-24 12:00:00,Unknown
1971331N11114,WP,1971,UNNAMED,,,-5,27,1971-11-27 00:00:00,1971-11-30 06:00:00,Unknown
1971336S09139,SI,1972,KITTY,,1000.0,-5,17,1971-12-03 18:00:00,1971-12-05 12:00:00,Unknown
1971337S07125,SI,1972,SALLY,,950.0,1,97,1971-12-03 00:00:00,1971-12-13 00:00:00,Unknown
1971343S10080,SI,1972,AGNES,,,-5,121,1971-12-09 06:00:00,1971-12-24 06:00:00,Unknown
1971348N07073,NI,1971,UNNAMED,,,-5,57,1971-12-14 03:00:00,1971-12-21 03:00:00,Unknown
1971362N10130,WP,1971,UNNAMED,,,-5,17,1971-12-27 18:00:00,1971-12-29 18:00:00,Unknown
1972001S15070,SI,1972,BELLE,,,-5,53,1972-01-01 06:00:00,1972-01-07 18:00:00,Unknown
1972004N10142,WP,1972,KIT,,940.0,4,93,1972-01-04 00:00:00,1972-01-15 12:00:00,Unknown
1972033S21036,SI,1972,CAROLINE,,,-5,97,1972-02-02 06:00:00,1972-02-14 06:00:00,Unknown
1972035S18051,SI,1972,DOLLY,,,-5,49,1972-02-04 06:00:00,1972-02-10 06:00:00,Unknown
1972039S13068,SI,1972,EUGENIE,,,-5,113,1972-02-07 18:00:00,1972-02-21 18:00:00,Unknown
1972041S12088,SI,1972,FABIENNE,,,-5,145,1972-02-10 06:00:00,1972-02-28 06:00:00,Unknown
1972051S12115,SI,1972,GIGI:TESSIE,,950.0,0,83,1972-02-20 00:00:00,1972-03-01 06:00:00,Unknown
1972055S11122,SI,1972,VICKY,,960.0,2,149,1972-02-23 18:00:00,1972-03-04 04:00:00,Unknown
1972056S21089,SI,1972,GIGI:TESSIE,,,-5,10,1972-02-24 18:00:00,1972-02-25 21:00:00,Unknown
1972059N08133,WP,1972,UNNAMED,,,-5,35,1972-02-28 06:00:00,1972-03-03 12:00:00,Unknown
1972059S31078,SI,1972,UNNAMED,,,-5,13,1972-02-27 12:00:00,1972-02-29 00:00:00,Unknown
1972060S08097,SI,1972,ANGELA,,994.0,0,25,1972-02-29 00:00:00,1972-03-03 00:00:00,Unknown
1972060S15075,SI,1972,HERMIONE,,,-5,93,1972-02-29 06:00:00,1972-03-11 18:00:00,Unknown
1972080S10105,SI,1972,BELINDA,,980.0,0,75,1972-03-20 00:00:00,1972-03-29 06:00:00,Unknown
1972090N05154,WP,1972,UNNAMED,,,-1,67,1972-03-30 00:00:00,1972-04-07 06:00:00,Unknown
1972097S13084,SI,1972,CAROL,,965.0,-5,65,1972-04-06 00:00:00,1972-04-14 00:00:00,Unknown
1972098N09091,NI,1972,UNNAMED,,,2,33,1972-04-07 03:00:00,1972-04-11 03:00:00,Unknown
1972148N07168,WP,1972,LOLA,,955.0,3,93,1972-05-27 06:00:00,1972-06-07 18:00:00,Unknown
1972152N09146,WP,1972,NINA,,996.0,0,57,1972-05-31 00:00:00,1972-06-07 00:00:00,Unknown
1972153N14117,WP,1972,MAMIE,,990.0,0,61,1972-06-01 00:00:00,1972-06-08 12:00:00,Unknown
1972161N16123,WP,1972,UNNAMED,,,-5,25,1972-06-09 00:00:00,1972-06-12 00:00:00,Unknown
1972174N11137,WP,1972,ORA,,980.0,1,73,1972-06-21 18:00:00,1972-06-30 18:00:00,Unknown
1972177N22068,NI,1972,UNNAMED,,,-5,17,1972-06-25 03:00:00,1972-06-27 03:00:00,Unknown
1972183N22067,NI,1972,UNNAMED,,,-5,9,1972-07-01 03:00:00,1972-07-02 03:00:00,Unknown
1972187N08161,WP,1972,PHYLLIS,,945.0,4,143,1972-07-04 18:00:00,1972-07-22 12:00:00,Unknown
1972187N09150,WP,1972,RITA,,910.0,5,201,1972-07-05 00:00:00,1972-07-30 00:00:00,Unknown
1972187N11126,WP,1972,SUSAN,,980.0,1,97,1972-07-05 00:00:00,1972-07-17 00:00:00,Unknown
1972187N14112,WP,1972,UNNAMED,,,-5,31,1972-07-05 00:00:00,1972-07-08 18:00:00,Unknown
1972187N22088,NI,1972,UNNAMED,,,-5,13,1972-07-05 03:00:00,1972-07-06 15:00:00,Unknown
1972189N11171,WP,1972,TESS,,940.0,4,147,1972-07-07 00:00:00,1972-07-25 06:00:00,Unknown
1972195N21091,NI,1972,UNNAMED,,,-5,17,1972-07-13 03:00:00,1972-07-15 03:00:00,Unknown
1972202N11165,WP,1972,VIOLA,,975.0,0,71,1972-07-19 18:00:00,1972-07-28 12:00:00,Unknown
1972204N20148,WP,1972,UNNAMED,,990.0,-5,69,1972-07-22 00:00:00,1972-07-30 12:00:00,Unknown
1972210N07162,WP,1972,ALICE,,965.0,2,123,1972-07-28 00:00:00,1972-08-12 06:00:00,Unknown
1972210N21132,WP,1972,WINNIE,,990.0,0,65,1972-07-27 12:00:00,1972-08-04 12:00:00,Unknown
1972218N22089,NI,1972,UNNAMED,,,-5,61,1972-08-05 03:00:00,1972-08-12 15:00:00,Unknown
1972221N11151,WP,1972,BETTY,,910.0,4,97,1972-08-08 00:00:00,1972-08-20 00:00:00,Unknown
1972225N22090,NI,1972,UNNAMED,,,-5,65,1972-08-12 03:00:00,1972-08-20 03:00:00,Unknown
1972234N17128,WP,1972,CORA,,975.0,1,73,1972-08-21 00:00:00,1972-08-30 00:00:00,Unknown
1972238N24165,WP,1972,DORIS,,985.0,0,53,1972-08-24 12:00:00,1972-08-31 00:00:00,Unknown
1972241N24086,NI,1972,UNNAMED,,,-5,25,1972-08-28 03:00:00,1972-08-31 03:00:00,Unknown
1972242N41163,WP,1972,DORIS,,992.0,-5,28,1972-08-29 03:00:00,1972-09-01 12:00:00,Unknown
1972244N12123,NI,1972,ELSIE,,,-5,4,1972-09-06 15:00:00,1972-09-07 00:00:00,Unknown
1972244N12123,WP,1972,ELSIE,,975.0,1,57,1972-08-30 12:00:00,1972-09-06 12:00:00,Unknown
1972246N21157,WP,1972,UNNAMED,,,-5,69,1972-09-01 12:00:00,1972-09-10 00:00:00,Unknown
1972251N12137,WP,1972,FLOSSIE,,975.0,1,91,1972-09-07 06:00:00,1972-09-18 12:00:00,Unknown
1972251N15097,NI,1972,UNNAMED,,,1,61,1972-09-07 03:00:00,1972-09-14 15:00:00,Unknown
1972254N14145,WP,1972,HELEN,,955.0,3,87,1972-09-10 06:00:00,1972-09-21 00:00:00,Unknown
1972255N15130,WP,1972,GRACE,,990.0,0,79,1972-09-10 18:00:00,1972-09-20 12:00:00,Unknown
1972256N10162,WP,1972,UNNAMED,,,-1,41,1972-09-12 00:00:00,1972-09-17 00:00:00,Unknown
1972260N16152,WP,1972,IDA,,930.0,3,93,1972-09-16 00:00:00,1972-09-27 12:00:00,Unknown
1972264N17092,NI,1972,UNNAMED,,,1,45,1972-09-20 03:00:00,1972-09-25 15:00:00,Unknown
1972271N15125,WP,1972,LORNA,,990.0,1,57,1972-09-27 06:00:00,1972-10-04 06:00:00,Unknown
1972272N12167,WP,1972,KATHY,,980.0,0,91,1972-09-27 18:00:00,1972-10-09 00:00:00,Unknown
1972277N12087,NI,1972,UNNAMED,,,-5,25,1972-10-02 15:00:00,1972-10-05 15:00:00,Unknown
1972278N14171,WP,1972,MARIE,,935.0,4,99,1972-10-04 00:00:00,1972-10-16 06:00:00,Unknown
1972289N14173,WP,1972,NANCY,,945.0,3,113,1972-10-15 00:00:00,1972-10-29 00:00:00,Unknown
1972294N06061,NI,1972,UNNAMED,,,-5,49,1972-10-19 15:00:00,1972-10-25 15:00:00,Unknown
1972295N07178,WP,1972,OLGA,,940.0,3,87,1972-10-20 12:00:00,1972-10-31 06:00:00,Unknown
1972307N18144,WP,1972,PAMELA,,940.0,3,63,1972-11-02 00:00:00,1972-11-09 18:00:00,Unknown
1972314N26115,WP,1972,PAMELA,,,-5,13,1972-11-09 00:00:00,1972-11-10 12:00:00,Unknown
1972316N05185,WP,1972,RUBY,70.0,940.0,3,61,1972-11-14 06:00:00,1972-11-21 18:00:00,Moderate (64-95kt)
1972318N09067,NI,1972,UNNAMED,,,-5,65,1972-11-13 03:00:00,1972-11-21 03:00:00,Unknown
1972320N10091,NI,1972,UNNAMED,,,2,65,1972-11-15 03:00:00,1972-11-23 03:00:00,Unknown
1972331N14091,NI,1972,UNNAMED,,,-5,29,1972-11-26 03:00:00,1972-11-29 15:00:00,Unknown
1972331S08062,SI,1973,ARIANE,,,-5,53,1972-11-26 06:00:00,1972-12-02 18:00:00,Unknown
1972335N06142,WP,1972,THERESE,,945.0,3,97,1972-11-30 00:00:00,1972-12-12 00:00:00,Unknown
1972335N08116,NI,1972,SALLY,,,0,29,1972-12-04 15:00:00,1972-12-08 03:00:00,Unknown
1972335N08116,WP,1972,SALLY,,985.0,1,37,1972-11-30 00:00:00,1972-12-04 12:00:00,Unknown
1972336N10089,NI,1972,UNNAMED,,,-5,57,1972-12-01 03:00:00,1972-12-08 03:00:00,Unknown
1972337S21061,SI,1973,ARIANE,,,-5,29,1972-12-01 18:00:00,1972-12-05 06:00:00,Unknown
1972342S09087,SI,1973,BEATRICE:IVY,,,-5,147,1972-12-07 00:00:00,1972-12-25 06:00:00,Unknown
1972347N06171,WP,1972,VIOLET,,995.0,0,79,1972-12-11 18:00:00,1972-12-21 12:00:00,Unknown
1972355N08084,NI,1972,UNNAMED,,,-5,5,1972-12-20 03:00:00,1972-12-20 15:00:00,Unknown
1973002S07060,SI,1973,CHARLOTTE,,,-5,85,1973-01-02 06:00:00,1973-01-12 18:00:00,Unknown
1973010S12115,SI,1973,JEAN,80.0,964.0,-5,116,1973-01-10 00:00:00,1973-01-17 01:00:00,Moderate (64-95kt)
1973011S21037,SI,1973,DOROTHEE,,,-5,49,1973-01-10 12:00:00,1973-01-16 12:00:00,Unknown
1973017S12059,SI,1973,EMMANUELLE,,,-5,33,1973-01-17 06:00:00,1973-01-21 06:00:00,Unknown
1973017S15044,SI,1973,FAUSTINE,,,-5,41,1973-01-17 06:00:00,1973-01-22 06:00:00,Unknown
1973019S15120,SI,1973,KERRY,90.0,960.0,2,84,1973-01-19 00:00:00,1973-01-24 04:00:00,Moderate (64-95kt)
1973021S12086,SI,1973,GERTRUDE:LEILA,,,-5,109,1973-01-21 06:00:00,1973-02-03 18:00:00,Unknown
1973024S12054,SI,1973,HORTENSE,,,-5,97,1973-01-24 06:00:00,1973-02-05 06:00:00,Unknown
1973027S15139,SI,1973,ADELINE,,,-5,10,1973-01-30 09:00:00,1973-01-31 12:00:00,Unknown
1973028S16123,SI,1973,MAUD,45.0,990.0,-5,53,1973-01-28 00:00:00,1973-01-31 07:00:00,Weak (<64kt)
1973045S09065,SI,1973,JESSY,,,-5,109,1973-02-14 06:00:00,1973-02-27 18:00:00,Unknown
1973045S12052,SI,1973,ISIS,,,-5,41,1973-02-14 06:00:00,1973-02-19 06:00:00,Unknown
1973056S11073,SI,1973,KITTY,,,-5,65,1973-02-25 06:00:00,1973-03-05 06:00:00,Unknown
1973057S31062,SI,1973,JESSY,,,-5,39,1973-02-25 12:00:00,1973-03-02 06:00:00,Unknown
1973058S11138,SI,1973,LEAH,65.0,973.0,-5,145,1973-03-01 03:00:00,1973-03-11 01:00:00,Moderate (64-95kt)
1973060S08161,SI,1973,MADGE,90.0,952.0,0,190,1973-03-06 03:00:00,1973-03-18 01:00:00,Moderate (64-95kt)
1973060S14132,SI,1973,LEAH,,,-5,82,1973-03-01 09:00:00,1973-03-07 06:00:00,Unknown
1973063S12071,SI,1973,LYDIE,,,-5,97,1973-03-04 06:00:00,1973-03-16 06:00:00,Unknown
1973066S21099,SI,1973,LEAH,,,-5,12,1973-03-07 10:00:00,1973-03-08 03:00:00,Unknown
1973068S22096,SI,1973,LEAH,,,-5,11,1973-03-09 09:00:00,1973-03-10 00:00:00,Unknown
1973072S12127,SI,1973,NELLIE,80.0,964.0,0,161,1973-03-13 01:00:00,1973-03-23 01:00:00,Moderate (64-95kt)
1973079S09131,SI,1973,BELLA,25.0,1000.0,-5,21,1973-03-19 23:30:00,1973-03-22 00:00:00,Weak (<64kt)
1973085S09104,SI,1973,PAULA,35.0,997.0,-5,53,1973-03-25 18:00:00,1973-04-01 06:00:00,Weak (<64kt)
1973108S12082,SI,1973,ROMA,,,-5,41,1973-04-18 00:00:00,1973-04-23 00:00:00,Unknown
1973116S05131,SI,1973,FLORES,80.0,950.0,-5,39,1973-04-26 00:00:00,1973-04-30 06:00:00,Moderate (64-95kt)
1973119S09087,SI,1973,MARCELLE,60.0,972.0,-5,84,1973-04-28 18:00:00,1973-05-09 03:00:00,Weak (<64kt)
1973121S06079,SI,1973,UNNAMED,,,-5,41,1973-05-01 06:00:00,1973-05-06 06:00:00,Unknown
1973146N12061,NI,1973,UNNAMED,,,-5,21,1973-05-26 00:00:00,1973-05-28 12:00:00,Unknown
1973158N16068,NI,1973,UNNAMED,,,-5,49,1973-06-06 12:00:00,1973-06-12 12:00:00,Unknown
1973179N11128,WP,1973,WILDA,,980.0,0,63,1973-06-28 06:00:00,1973-07-06 00:00:00,Unknown
1973184N11110,WP,1973,ANITA,,980.0,1,55,1973-07-03 06:00:00,1973-07-10 00:00:00,Unknown
1973187N19087,NI,1973,UNNAMED,,,-5,25,1973-07-06 00:00:00,1973-07-09 00:00:00,Unknown
1973188N21071,NI,1973,UNNAMED,,,-5,13,1973-07-07 00:00:00,1973-07-08 12:00:00,Unknown
1973192N10129,WP,1973,BILLIE,,915.0,4,73,1973-07-11 06:00:00,1973-07-20 06:00:00,Unknown
1973193N13111,WP,1973,DOT,,975.0,2,81,1973-07-11 12:00:00,1973-07-21 12:00:00,Unknown
1973193N20089,NI,1973,UNNAMED,,,-5,21,1973-07-12 00:00:00,1973-07-14 12:00:00,Unknown
1973193N26164,WP,1973,CLARA,,980.0,0,41,1973-07-12 00:00:00,1973-07-17 00:00:00,Unknown
1973197N20136,WP,1973,ELLEN,,940.0,3,105,1973-07-16 00:00:00,1973-07-29 00:00:00,Unknown
1973200N21088,NI,1973,UNNAMED,,,-5,29,1973-07-19 00:00:00,1973-07-22 12:00:00,Unknown
1973204N10141,WP,1973,FRAN,,1000.0,0,65,1973-07-23 06:00:00,1973-07-31 06:00:00,Unknown
1973217N19123,WP,1973,GEORGIA,,980.0,1,81,1973-08-05 06:00:00,1973-08-15 06:00:00,Unknown
1973219N17142,WP,1973,IRIS,,970.0,2,116,1973-08-06 12:00:00,1973-08-20 21:00:00,Unknown
1973220N23159,WP,1973,HOPE,,998.0,0,45,1973-08-08 00:00:00,1973-08-13 12:00:00,Unknown
1973222N25168,WP,1973,UNNAMED,,,-1,69,1973-08-10 00:00:00,1973-08-18 12:00:00,Unknown
1973226N27076,NI,1973,UNNAMED,,,-5,37,1973-08-14 00:00:00,1973-08-18 12:00:00,Unknown
1973229N20134,WP,1973,JOAN,,992.0,0,49,1973-08-17 00:00:00,1973-08-23 00:00:00,Unknown
1973232N17124,WP,1973,KATE,,975.0,0,59,1973-08-20 06:00:00,1973-08-27 12:00:00,Unknown
1973232N24120,WP,1973,JOAN,,,-5,15,1973-08-20 00:00:00,1973-08-21 18:00:00,Unknown
1973236N23125,WP,1973,UNNAMED,,,-5,29,1973-08-24 00:00:00,1973-08-27 12:00:00,Unknown
1973238N21088,NI,1973,UNNAMED,,,-5,45,1973-08-26 00:00:00,1973-08-31 12:00:00,Unknown
1973240N18112,WP,1973,UNNAMED,,,-1,49,1973-08-28 00:00:00,1973-09-03 00:00:00,Unknown
1973242N12136,WP,1973,LOUISE,,975.0,1,81,1973-08-30 00:00:00,1973-09-09 00:00:00,Unknown
1973245N22088,NI,1973,UNNAMED,,,-5,25,1973-09-02 00:00:00,1973-09-05 00:00:00,Unknown
1973253N14129,WP,1973,MARGE,,965.0,1,49,1973-09-10 00:00:00,1973-09-16 00:00:00,Unknown
1973255S08086,SI,1974,ALICE,,,-5,97,1973-09-12 06:00:00,1973-09-24 06:00:00,Unknown
1973263N15115,WP,1973,UNNAMED,,,-5,27,1973-09-20 06:00:00,1973-09-23 12:00:00,Unknown
1973274N10136,WP,1973,NORA,,875.0,5,81,1973-10-01 00:00:00,1973-10-11 00:00:00,Unknown
1973277N11114,WP,1973,OPAL,,970.0,1,67,1973-10-03 18:00:00,1973-10-12 00:00:00,Unknown
1973278N13144,WP,1973,PATSY,,895.0,5,85,1973-10-05 00:00:00,1973-10-15 12:00:00,Unknown
1973280N12090,NI,1973,UNNAMED,,,0,49,1973-10-06 12:00:00,1973-10-12 12:00:00,Unknown
1973284N12144,WP,1973,RUTH,,960.0,2,83,1973-10-10 18:00:00,1973-10-21 00:00:00,Unknown
1973289S06078,SI,1974,BERNADETTE,,,-5,99,1973-10-16 00:00:00,1973-10-28 06:00:00,Unknown
1973298N15070,NI,1973,UNNAMED,,,-5,21,1973-10-25 00:00:00,1973-10-27 12:00:00,Unknown
1973300N10134,WP,1973,UNNAMED,,,-5,43,1973-10-27 00:00:00,1973-11-01 06:00:00,Unknown
1973308N07091,NI,1973,UNNAMED,,,0,45,1973-11-03 12:00:00,1973-11-09 00:00:00,Unknown
1973313N12116,WP,1973,SARAH,,985.0,0,27,1973-11-09 00:00:00,1973-11-12 06:00:00,Unknown
1973317N08122,NI,1973,THELMA,,,-5,2,1973-11-18 15:00:00,1973-11-18 18:00:00,Unknown
1973317N08122,WP,1973,THELMA,,992.0,0,43,1973-11-13 06:00:00,1973-11-18 12:00:00,Unknown
1973319N13090,NI,1973,UNNAMED,,,0,29,1973-11-14 12:00:00,1973-11-18 00:00:00,Unknown
1973320N05142,WP,1973,VERA,,990.0,0,93,1973-11-16 00:00:00,1973-11-27 12:00:00,Unknown
1973321S11135,SI,1974,INES,80.0,970.0,-5,87,1973-11-17 00:00:00,1973-11-25 00:00:00,Moderate (64-95kt)
1973325S09091,SI,1974,ANNIE,55.0,981.0,-5,137,1973-11-21 00:00:00,1973-12-08 00:00:00,Weak (<64kt)
1973330S10116,SI,1974,BERYL,70.0,973.0,-5,129,1973-11-26 00:00:00,1973-12-04 01:00:00,Moderate (64-95kt)
1973339N07088,NI,1973,UNNAMED,,,0,37,1973-12-05 00:00:00,1973-12-09 12:00:00,Unknown
1973345S10100,SI,1974,CECILY,70.0,973.0,-5,74,1973-12-11 00:00:00,1973-12-19 00:01:00,Moderate (64-95kt)
1973347S10070,SI,1974,CHRISTIANE,,,-5,77,1973-12-13 06:00:00,1973-12-22 18:00:00,Unknown
1973348N07088,NI,1973,UNNAMED,,,-5,17,1973-12-13 12:00:00,1973-12-15 12:00:00,Unknown
1973349N09117,WP,1973,UNNAMED,,,-5,29,1973-12-15 00:00:00,1973-12-18 12:00:00,Unknown
1973354S10098,SI,1974,DALIDA:DEIDRE:DELID,80.0,965.0,-5,146,1973-12-20 00:00:00,1974-01-06 06:00:00,Moderate (64-95kt)
1973355N01152,WP,1973,UNNAMED,,,-5,53,1973-12-21 00:00:00,1973-12-27 12:00:00,Unknown
1973358N09119,WP,1973,UNNAMED,,,-5,25,1973-12-24 00:00:00,1973-12-27 00:00:00,Unknown
1973360N04090,NI,1973,UNNAMED,,,-5,17,1973-12-25 12:00:00,1973-12-27 12:00:00,Unknown
1973363S18119,SI,1974,ERICA,50.0,977.0,-5,113,1973-12-29 01:00:00,1974-01-05 01:00:00,Weak (<64kt)
1973364S19043,SI,1974,ESMERALDA,,,-5,57,1973-12-30 06:00:00,1974-01-06 06:00:00,Unknown
1974006S15125,SI,1974,FIONA:GWENDA,55.0,982.0,-5,121,1974-01-06 01:00:00,1974-01-14 00:00:00,Weak (<64kt)
1974008N07132,WP,1974,WANDA,,992.0,0,53,1974-01-08 06:00:00,1974-01-14 18:00:00,Unknown
1974019S13054,SI,1974,FREDEGONDE,,,-5,33,1974-01-19 06:00:00,1974-01-23 06:00:00,Unknown
1974020S12052,SI,1974,UNNAMED,,,-5,9,1974-01-19 18:00:00,1974-01-20 18:00:00,Unknown
1974039S18153,SI,1974,YVONNE,,,-5,33,1974-02-17 00:00:00,1974-02-21 00:00:00,Unknown
1974054S14084,SI,1974,GHISLAINE,,,-5,81,1974-02-22 12:00:00,1974-03-04 12:00:00,Unknown
1974059S17122,SI,1974,HELEN,70.0,973.0,-5,130,1974-02-28 00:00:00,1974-03-08 01:00:00,Moderate (64-95kt)
1974068S12112,SI,1974,ISOBEL,70.0,973.0,-5,130,1974-03-09 00:00:00,1974-03-17 01:00:00,Moderate (64-95kt)
1974072N08147,WP,1974,AMY,,988.0,0,67,1974-03-12 18:00:00,1974-03-21 00:00:00,Unknown
1974075S12121,SI,1974,JESSIE,80.0,964.0,-5,146,1974-03-16 00:00:00,1974-03-25 01:00:00,Moderate (64-95kt)
1974076S13138,SI,1974,JENNY,50.0,988.0,-5,161,1974-03-18 06:00:00,1974-03-31 01:00:00,Weak (<64kt)
1974102S11061,SI,1974,HONORINE,,,-5,93,1974-04-12 06:00:00,1974-04-23 18:00:00,Unknown
1974105N12062,NI,1974,UNNAMED,,,-5,21,1974-04-14 12:00:00,1974-04-17 00:00:00,Unknown
1974115N07150,WP,1974,BABE,,985.0,0,72,1974-04-25 00:00:00,1974-05-03 21:00:00,Unknown
1974121N09154,WP,1974,CARLA,,965.0,1,61,1974-05-01 00:00:00,1974-05-08 12:00:00,Unknown
1974137N11069,NI,1974,UNNAMED,,,-5,41,1974-05-17 00:00:00,1974-05-22 00:00:00,Unknown
1974150N22089,NI,1974,UNNAMED,,,-5,21,1974-05-29 12:00:00,1974-06-01 00:00:00,Unknown
1974156N06144,WP,1974,DINAH,,965.0,1,77,1974-06-05 06:00:00,1974-06-14 18:00:00,Unknown
1974157N18112,WP,1974,UNNAMED,,,-1,21,1974-06-05 18:00:00,1974-06-08 06:00:00,Unknown
1974163N08141,WP,1974,EMMA,,990.0,0,57,1974-06-12 00:00:00,1974-06-19 00:00:00,Unknown
1974167N18086,NI,1974,UNNAMED,,,-5,21,1974-06-15 12:00:00,1974-06-18 00:00:00,Unknown
1974168N17147,WP,1974,FREDA,,990.0,0,53,1974-06-17 00:00:00,1974-06-23 12:00:00,Unknown
1974177N17153,WP,1974,GILDA,,945.0,2,171,1974-06-26 00:00:00,1974-07-17 06:00:00,Unknown
1974187N17128,WP,1974,UNNAMED,,,-5,25,1974-07-06 06:00:00,1974-07-09 06:00:00,Unknown
1974194N10151,WP,1974,HARRIET,,996.0,0,63,1974-07-13 00:00:00,1974-07-20 18:00:00,Unknown
1974196N16133,WP,1974,JEAN,,994.0,0,53,1974-07-14 12:00:00,1974-07-21 00:00:00,Unknown
1974197N11147,WP,1974,IVY,,950.0,2,67,1974-07-16 00:00:00,1974-07-24 06:00:00,Unknown
1974203N21165,WP,1974,KIM,,990.0,1,51,1974-07-22 00:00:00,1974-07-28 06:00:00,Unknown
1974219N16117,WP,1974,LUCY,,994.0,0,51,1974-08-07 00:00:00,1974-08-13 06:00:00,Unknown
1974219N17128,WP,1974,UNNAMED,,,-5,15,1974-08-07 00:00:00,1974-08-08 18:00:00,Unknown
1974220N19087,NI,1974,UNNAMED,,,-5,13,1974-08-08 00:00:00,1974-08-09 12:00:00,Unknown
1974220N24142,WP,1974,UNNAMED,,,-5,23,1974-08-07 18:00:00,1974-08-10 12:00:00,Unknown
1974222N15149,WP,1974,MARY,,965.0,1,137,1974-08-10 00:00:00,1974-08-27 00:00:00,Unknown
1974223N16157,WP,1974,MARY,,994.0,-5,8,1974-08-11 00:00:00,1974-08-11 21:00:00,Unknown
1974224N16150,WP,1974,UNNAMED,,,-5,17,1974-08-11 12:00:00,1974-08-13 12:00:00,Unknown
1974224N21111,WP,1974,UNNAMED,,,-1,33,1974-08-12 06:00:00,1974-08-16 06:00:00,Unknown
1974225N22089,NI,1974,UNNAMED,,,-5,57,1974-08-13 00:00:00,1974-08-20 00:00:00,Unknown
1974227N17126,WP,1974,NADINE,,980.0,0,29,1974-08-15 00:00:00,1974-08-18 12:00:00,Unknown
1974231N25142,WP,1974,UNNAMED,,,-5,33,1974-08-19 00:00:00,1974-08-23 00:00:00,Unknown
1974234N28121,WP,1974,MARY,,994.0,-5,13,1974-08-21 15:00:00,1974-08-23 03:00:00,Unknown
1974236N18154,WP,1974,POLLY,,950.0,2,125,1974-08-24 00:00:00,1974-09-08 12:00:00,Unknown
1974237N21117,WP,1974,ROSE,,985.0,0,65,1974-08-24 18:00:00,1974-09-01 18:00:00,Unknown
1974238N23125,WP,1974,UNNAMED,,,-1,51,1974-08-26 00:00:00,1974-09-01 06:00:00,Unknown
1974245N24123,WP,1974,SHIRLEY,,970.0,1,77,1974-09-02 00:00:00,1974-09-11 12:00:00,Unknown
1974246N22117,WP,1974,TRIX,,990.0,0,39,1974-09-03 06:00:00,1974-09-08 00:00:00,Unknown
1974254N23153,WP,1974,VIRGINIA,,970.0,1,61,1974-09-10 12:00:00,1974-09-18 00:00:00,Unknown
1974257N20124,WP,1974,UNNAMED,,,-5,17,1974-09-13 18:00:00,1974-09-15 18:00:00,Unknown
1974262N16146,WP,1974,WENDY,,985.0,0,97,1974-09-19 06:00:00,1974-10-01 06:00:00,Unknown
1974263N16071,NI,1974,UNNAMED,,,-5,41,1974-09-19 12:00:00,1974-09-24 12:00:00,Unknown
1974264N18162,WP,1974,AGNES,,960.0,3,104,1974-09-21 00:00:00,1974-10-03 21:00:00,Unknown
1974269N16092,NI,1974,UNNAMED,,,-5,33,1974-09-26 00:00:00,1974-09-30 00:00:00,Unknown
1974280N11143,WP,1974,BESS,,975.0,1,61,1974-10-07 00:00:00,1974-10-14 12:00:00,Unknown
1974280N17085,NI,1974,UNNAMED,,,-5,13,1974-10-07 00:00:00,1974-10-08 12:00:00,Unknown
1974286N11138,WP,1974,CARMEN,,975.0,1,67,1974-10-12 12:00:00,1974-10-20 18:00:00,Unknown
1974287N17086,NI,1974,UNNAMED,,,-5,9,1974-10-14 00:00:00,1974-10-15 00:00:00,Unknown
1974290S09089,SI,1975,MARCIA,50.0,988.0,-5,65,1974-10-17 00:00:00,1974-10-25 00:00:00,Weak (<64kt)
1974291N10150,WP,1974,DELLA,,960.0,2,77,1974-10-18 00:00:00,1974-10-27 12:00:00,Unknown
1974296N14148,WP,1974,ELAINE,,940.0,2,77,1974-10-22 12:00:00,1974-11-01 00:00:00,Unknown
1974297N14070,NI,1974,UNNAMED,,,-5,9,1974-10-24 00:00:00,1974-10-25 00:00:00,Unknown
1974301S08105,SI,1975,NORAH,60.0,981.0,-5,57,1974-10-28 00:00:00,1974-11-04 00:00:00,Weak (<64kt)
1974303N13130,WP,1974,FAYE,,985.0,0,53,1974-10-30 06:00:00,1974-11-05 18:00:00,Unknown
1974306N07142,WP,1974,GLORIA,,930.0,4,73,1974-11-02 00:00:00,1974-11-11 00:00:00,Unknown
1974311S06097,SI,1975,PENNY,60.0,981.0,-5,77,1974-11-06 12:00:00,1974-11-16 00:00:00,Weak (<64kt)
1974315N09135,WP,1974,HESTER,,1000.0,0,41,1974-11-10 12:00:00,1974-11-15 12:00:00,Unknown
1974324N08146,WP,1974,IRMA,,940.0,4,105,1974-11-20 00:00:00,1974-12-03 00:00:00,Unknown
1974327N11088,NI,1974,UNNAMED,,,1,45,1974-11-23 00:00:00,1974-11-28 12:00:00,Unknown
1974333S09127,SI,1975,SELMA,70.0,980.0,0,81,1974-11-29 00:00:00,1974-12-09 00:00:00,Moderate (64-95kt)
1974349N11126,WP,1974,JUDY,,1000.0,0,39,1974-12-14 12:00:00,1974-12-19 06:00:00,Unknown
1974352N09140,WP,1974,KIT,,996.0,0,53,1974-12-18 00:00:00,1974-12-24 12:00:00,Unknown
1974354S08135,SI,1975,TRACY,95.0,950.0,1,60,1974-12-20 03:00:00,1974-12-26 00:00:00,Moderate (64-95kt)
1974357S21041,SI,1975,ADELE,,,-5,9,1974-12-23 06:00:00,1974-12-24 06:00:00,Unknown
1974357S22043,SI,1975,UNNAMED,,,-5,5,1974-12-23 06:00:00,1974-12-23 18:00:00,Unknown
1975006S14046,SI,1975,BLANDINE,,,-5,53,1975-01-06 06:00:00,1975-01-12 18:00:00,Unknown
1975007N08092,NI,1975,UNNAMED,,,-5,33,1975-01-06 12:00:00,1975-01-10 12:00:00,Unknown
1975011S08055,SI,1975,CAMILLE,,,-5,89,1975-01-10 18:00:00,1975-01-21 18:00:00,Unknown
1975014S11091,SI,1975,DEBORAH:ROBYN,80.0,964.0,-5,123,1975-01-14 00:00:00,1975-01-29 06:00:00,Moderate (64-95kt)
1975019N09140,WP,1975,LOLA,,975.0,1,77,1975-01-19 00:00:00,1975-01-28 12:00:00,Unknown
1975025S14053,SI,1975,UNNAMED,,,-5,13,1975-01-24 18:00:00,1975-01-26 06:00:00,Unknown
1975025S16052,SI,1975,ELSA,,,-5,27,1975-01-25 06:00:00,1975-01-28 12:00:00,Unknown
1975032S19045,SI,1975,FERNANDE,,,-5,13,1975-01-31 18:00:00,1975-02-02 06:00:00,Unknown
1975033S11073,SI,1975,GERVAISE,,,-5,69,1975-02-01 18:00:00,1975-02-10 06:00:00,Unknown
1975034S11105,SI,1975,SHIRLEY,55.0,981.0,-5,73,1975-02-03 00:00:00,1975-02-12 00:00:00,Weak (<64kt)
1975046S17124,SI,1975,TRIXIE,115.0,925.0,-5,61,1975-02-15 00:00:00,1975-02-22 00:00:00,Intense (>=96kt)
1975050S18041,SI,1975,HELOSE,,,-5,61,1975-02-19 06:00:00,1975-02-26 18:00:00,Unknown
1975068S13053,SI,1975,INES,,,-5,85,1975-03-09 06:00:00,1975-03-19 18:00:00,Unknown
1975070S11134,SI,1975,WILMA,60.0,980.0,0,45,1975-03-10 12:00:00,1975-03-16 00:00:00,Weak (<64kt)
1975072S15052,SI,1975,UNNAMED,,,-5,25,1975-03-13 06:00:00,1975-03-16 06:00:00,Unknown
1975075S14095,SI,1975,VIDA,50.0,982.0,-5,37,1975-03-16 00:00:00,1975-03-20 12:00:00,Weak (<64kt)
1975077S27062,SI,1975,UNNAMED,,,-5,9,1975-03-18 00:00:00,1975-03-19 00:00:00,Unknown
1975081S12116,SI,1975,BEVERLEY,110.0,929.0,-5,194,1975-03-22 00:00:00,1975-04-03 01:00:00,Intense (>=96kt)
1975097S10137,SI,1975,AMELIA,40.0,990.0,0,12,1975-04-07 21:00:00,1975-04-09 00:00:00,Weak (<64kt)
1975108S09076,SI,1975,JUNON,,,-5,37,1975-04-18 06:00:00,1975-04-22 18:00:00,Unknown
1975110S15104,SI,1975,CLARA,50.0,985.0,-5,98,1975-04-20 00:00:00,1975-04-26 01:00:00,Weak (<64kt)
1975111N05132,WP,1975,UNNAMED,,,-1,57,1975-04-21 00:00:00,1975-04-28 00:00:00,Unknown
1975121N09072,NI,1975,UNNAMED,,,2,85,1975-05-01 00:00:00,1975-05-11 12:00:00,Unknown
1975125N13096,NI,1975,UNNAMED,,,1,33,1975-05-04 12:00:00,1975-05-08 12:00:00,Unknown
1975139S12106,SI,1975,DENISE,45.0,992.0,-5,55,1975-05-18 18:00:00,1975-05-25 00:00:00,Weak (<64kt)
1975150N09073,NI,1975,UNNAMED,,,-5,21,1975-05-29 12:00:00,1975-06-01 00:00:00,Unknown
1975155N16087,NI,1975,UNNAMED,,,-5,29,1975-06-04 00:00:00,1975-06-07 12:00:00,Unknown
1975166N16116,WP,1975,UNNAMED,,,-5,39,1975-06-14 12:00:00,1975-06-19 06:00:00,Unknown
1975169N19087,NI,1975,UNNAMED,,,-5,13,1975-06-18 00:00:00,1975-06-19 12:00:00,Unknown
1975175N21072,NI,1975,UNNAMED,,,-5,17,1975-06-23 12:00:00,1975-06-25 12:00:00,Unknown
1975177N19087,NI,1975,UNNAMED,,,-5,29,1975-06-25 12:00:00,1975-06-29 00:00:00,Unknown
1975184N18145,WP,1975,UNNAMED,,,-5,21,1975-07-03 06:00:00,1975-07-05 18:00:00,Unknown
1975199N24086,NI,1975,UNNAMED,,,-5,41,1975-07-18 00:00:00,1975-07-23 00:00:00,Unknown
1975205N18143,WP,1975,MAMIE,,992.0,0,53,1975-07-24 06:00:00,1975-07-30 18:00:00,Unknown
1975211N20137,WP,1975,NINA,,900.0,4,73,1975-07-30 00:00:00,1975-08-08 00:00:00,Unknown
1975216N18132,WP,1975,UNNAMED,,,-5,27,1975-08-04 00:00:00,1975-08-07 06:00:00,Unknown
1975217N19088,NI,1975,UNNAMED,,,-5,17,1975-08-05 00:00:00,1975-08-07 00:00:00,Unknown
1975217N20126,WP,1975,UNNAMED,,,-1,21,1975-08-05 00:00:00,1975-08-07 12:00:00,Unknown
1975221N18116,WP,1975,RITA,,965.0,1,133,1975-08-09 06:00:00,1975-08-25 18:00:00,Unknown
1975221N18127,WP,1975,ORA,,970.0,1,69,1975-08-09 00:00:00,1975-08-17 12:00:00,Unknown
1975223N14138,WP,1975,PHYLLIS,,920.0,4,73,1975-08-11 00:00:00,1975-08-20 00:00:00,Unknown
1975229N20089,NI,1975,UNNAMED,,,-5,61,1975-08-17 00:00:00,1975-08-24 12:00:00,Unknown
1975229N25123,WP,1975,RITA,,,-5,9,1975-08-16 12:00:00,1975-08-17 12:00:00,Unknown
1975235N23120,WP,1975,UNNAMED,,,-5,27,1975-08-23 00:00:00,1975-08-26 06:00:00,Unknown
1975237N23154,WP,1975,SUSAN,,985.0,0,79,1975-08-25 00:00:00,1975-09-03 18:00:00,Unknown
1975239N15112,WP,1975,UNNAMED,,,-5,39,1975-08-27 00:00:00,1975-08-31 18:00:00,Unknown
1975244N17153,WP,1975,TESS,,945.0,2,101,1975-09-01 00:00:00,1975-09-13 12:00:00,Unknown
1975247N14131,WP,1975,VIOLA,,996.0,0,35,1975-09-04 00:00:00,1975-09-08 06:00:00,Unknown
1975248N15118,WP,1975,UNNAMED,,,-5,45,1975-09-05 00:00:00,1975-09-10 12:00:00,Unknown
1975251N23162,WP,1975,WINNIE,,980.0,1,38,1975-09-08 00:00:00,1975-09-12 15:00:00,Unknown
1975252N19086,NI,1975,UNNAMED,,,-5,33,1975-09-09 00:00:00,1975-09-13 00:00:00,Unknown
1975258N12132,NI,1975,ALICE,,,-5,2,1975-09-21 09:00:00,1975-09-21 12:00:00,Unknown
1975258N12132,WP,1975,ALICE,,970.0,1,51,1975-09-15 00:00:00,1975-09-21 06:00:00,Unknown
1975259N10141,WP,1975,BETTY,,950.0,2,67,1975-09-16 06:00:00,1975-09-24 12:00:00,Unknown
1975267N23088,NI,1975,UNNAMED,,,-5,29,1975-09-24 00:00:00,1975-09-27 12:00:00,Unknown
1975273N09138,WP,1975,CORA,,945.0,3,84,1975-09-29 12:00:00,1975-10-09 21:00:00,Unknown
1975274N10116,WP,1975,DORIS,,985.0,0,57,1975-10-01 00:00:00,1975-10-08 00:00:00,Unknown
1975275N21067,NI,1975,UNNAMED,,,-5,29,1975-10-02 00:00:00,1975-10-05 12:00:00,Unknown
1975281N10142,WP,1975,ELSIE,,900.0,4,57,1975-10-08 00:00:00,1975-10-15 00:00:00,Unknown
1975288N13138,WP,1975,FLOSSIE,,970.0,1,71,1975-10-15 00:00:00,1975-10-23 18:00:00,Unknown
1975289N13129,WP,1975,FLOSSIE,,,-5,7,1975-10-16 06:00:00,1975-10-17 00:00:00,Unknown
1975290N15083,NI,1975,UNNAMED,,,-5,13,1975-10-17 00:00:00,1975-10-18 12:00:00,Unknown
1975291N16122,WP,1975,FLOSSIE,,998.0,-5,11,1975-10-18 09:00:00,1975-10-19 15:00:00,Unknown
1975292N16073,NI,1975,UNNAMED,,,1,45,1975-10-19 00:00:00,1975-10-24 12:00:00,Unknown
1975296N24129,WP,1975,GRACE,,985.0,0,100,1975-10-23 00:00:00,1975-11-04 09:00:00,Unknown
1975299N11085,NI,1975,UNNAMED,,,-5,13,1975-10-26 00:00:00,1975-10-27 12:00:00,Unknown
1975305N14125,WP,1975,HELEN,,1000.0,0,29,1975-11-01 00:00:00,1975-11-04 12:00:00,Unknown
1975305N15085,NI,1975,UNNAMED,,,-5,21,1975-11-01 00:00:00,1975-11-03 12:00:00,Unknown
1975309N11154,WP,1975,IDA,,950.0,2,81,1975-11-05 00:00:00,1975-11-15 00:00:00,Unknown
1975311N11089,NI,1975,UNNAMED,,,0,41,1975-11-07 00:00:00,1975-11-12 00:00:00,Unknown
1975319N08146,WP,1975,JUNE,,875.0,5,87,1975-11-15 00:00:00,1975-11-25 18:00:00,Unknown
1975321S07102,SI,1976,RAY,70.0,973.0,-5,65,1975-11-17 00:00:00,1975-11-25 00:00:00,Moderate (64-95kt)
1975321S13074,SI,1976,AUDREY,,,-5,101,1975-11-17 06:00:00,1975-11-29 18:00:00,Unknown
1975328N09085,NI,1975,UNNAMED,,,0,65,1975-11-24 00:00:00,1975-12-02 00:00:00,Unknown
1975334S11128,SI,1976,JOAN,115.0,915.0,4,163,1975-11-30 00:00:00,1975-12-10 01:00:00,Intense (>=96kt)
1975335S11136,SI,1976,KIM,20.0,1000.0,-1,16,1975-12-05 06:00:00,1975-12-07 03:00:00,Weak (<64kt)
1975337S08075,SI,1976,BARBARA,,,-5,129,1975-12-03 06:00:00,1975-12-19 06:00:00,Unknown
1975346S09101,SI,1976,SUE,40.0,994.0,-5,34,1975-12-12 00:00:00,1975-12-16 00:00:00,Weak (<64kt)
1975357N07116,WP,1975,UNNAMED,,996.0,-1,57,1975-12-23 06:00:00,1975-12-30 06:00:00,Unknown
1975360N10127,WP,1975,UNNAMED,,,-1,37,1975-12-26 00:00:00,1975-12-30 12:00:00,Unknown
1976007S11054,SI,1976,CLOTILDE,,,-5,117,1976-01-07 06:00:00,1976-01-21 18:00:00,Unknown
1976010S12085,SI,1976,DANAE:TERRY,,,-5,155,1976-01-10 00:00:00,1976-01-29 06:00:00,Unknown
1976015S18122,SI,1976,VANESSA,90.0,950.0,-5,210,1976-01-15 00:00:00,1976-01-28 01:00:00,Moderate (64-95kt)
1976026N02151,WP,1976,KATHY,,965.0,1,63,1976-01-26 00:00:00,1976-02-02 18:00:00,Unknown
1976028N10130,WP,1976,UNNAMED,,,-5,43,1976-01-28 00:00:00,1976-02-02 06:00:00,Unknown
1976030S13162,SI,1976,ALAN,25.0,989.0,-5,49,1976-02-04 11:00:00,1976-02-08 12:00:00,Weak (<64kt)
1976033N17144,WP,1976,UNNAMED,,,-5,15,1976-02-01 18:00:00,1976-02-03 12:00:00,Unknown
1976039N06132,WP,1976,UNNAMED,,,-5,17,1976-02-08 00:00:00,1976-02-10 00:00:00,Unknown
1976054S16125,SI,1976,WALLY,75.0,973.0,-5,84,1976-02-22 12:00:00,1976-02-27 16:00:00,Moderate (64-95kt)
1976056N04163,WP,1976,LORNA,,998.0,0,57,1976-02-25 00:00:00,1976-03-03 00:00:00,Unknown
1976062S15115,SI,1976,ALICE,50.0,988.0,-5,177,1976-03-02 01:00:00,1976-03-13 01:00:00,Weak (<64kt)
1976069S11055,SI,1976,ELLA,,,-5,29,1976-03-09 06:00:00,1976-03-12 18:00:00,Unknown
1976074S11118,SI,1976,LINDA,40.0,995.0,-5,27,1976-03-14 00:00:00,1976-03-17 06:00:00,Weak (<64kt)
1976085S13053,SI,1976,FREDERIQUE,,,-5,9,1976-03-25 06:00:00,1976-03-26 06:00:00,Unknown
1976087S13057,SI,1976,GLADYS,,,-5,117,1976-03-27 06:00:00,1976-04-10 18:00:00,Unknown
1976092N11140,WP,1976,MARIE,,930.0,4,125,1976-04-01 00:00:00,1976-04-16 12:00:00,Unknown
1976094S10081,SI,1976,BERT:HELIOTROPE,,,-5,73,1976-04-03 06:00:00,1976-04-12 06:00:00,Unknown
1976115N07163,WP,1976,NANCY,,985.0,0,73,1976-04-24 00:00:00,1976-05-03 00:00:00,Unknown
1976120N12093,NI,1976,UNNAMED,,,0,33,1976-04-29 00:00:00,1976-05-03 00:00:00,Unknown
1976124S07092,SI,1976,CAROL,45.0,991.0,-5,49,1976-05-03 00:00:00,1976-05-09 00:00:00,Weak (<64kt)
1976131N12142,WP,1976,OLGA,,940.0,3,173,1976-05-10 00:00:00,1976-05-31 12:00:00,Unknown
1976135N09153,WP,1976,PAMELA,,920.0,4,145,1976-05-14 00:00:00,1976-06-01 00:00:00,Unknown
1976150N12070,NI,1976,UNNAMED,,,0,61,1976-05-29 00:00:00,1976-06-05 12:00:00,Unknown
1976167N14128,WP,1976,UNNAMED,,,-5,21,1976-06-15 06:00:00,1976-06-17 18:00:00,Unknown
1976172N11141,WP,1976,RUBY,,935.0,4,125,1976-06-20 00:00:00,1976-07-05 12:00:00,Unknown
1976173N17112,WP,1976,UNNAMED,,,-5,19,1976-06-20 12:00:00,1976-06-22 18:00:00,Unknown
1976176N09148,WP,1976,SALLY,,925.0,4,95,1976-06-23 12:00:00,1976-07-05 06:00:00,Unknown
1976190N09163,WP,1976,THERESE,,905.0,4,105,1976-07-08 00:00:00,1976-07-21 00:00:00,Unknown
1976199N08149,WP,1976,WILDA,,985.0,0,63,1976-07-17 00:00:00,1976-07-24 18:00:00,Unknown
1976202N15127,WP,1976,ANITA,,980.0,1,61,1976-07-20 00:00:00,1976-07-27 12:00:00,Unknown
1976202N16118,WP,1976,VIOLET,,985.0,0,67,1976-07-19 12:00:00,1976-07-27 18:00:00,Unknown
1976210N23089,NI,1976,UNNAMED,,,-5,37,1976-07-28 00:00:00,1976-08-01 12:00:00,Unknown
1976213N08160,WP,1976,BILLIE,,915.0,4,103,1976-07-31 00:00:00,1976-08-12 18:00:00,Unknown
1976214N19088,NI,1976,UNNAMED,,,-5,25,1976-08-01 00:00:00,1976-08-04 00:00:00,Unknown
1976215N15118,WP,1976,CLARA,,985.0,0,53,1976-08-02 00:00:00,1976-08-08 12:00:00,Unknown
1976225N20089,NI,1976,UNNAMED,,,-5,57,1976-08-12 00:00:00,1976-08-19 00:00:00,Unknown
1976225N32116,WP,1976,BILLIE,,,-5,13,1976-08-11 12:00:00,1976-08-13 00:00:00,Unknown
1976230N18143,WP,1976,DOT,,990.0,0,69,1976-08-17 00:00:00,1976-08-25 12:00:00,Unknown
1976233N13136,WP,1976,ELLEN,,992.0,0,45,1976-08-20 00:00:00,1976-08-25 12:00:00,Unknown
1976240N21083,NI,1976,UNNAMED,,,-5,105,1976-08-27 00:00:00,1976-09-09 00:00:00,Unknown
1976246N09157,WP,1976,FRAN,,910.0,4,115,1976-09-02 00:00:00,1976-09-16 06:00:00,Unknown
1976252N07159,WP,1976,GEORGIA,,990.0,0,69,1976-09-08 00:00:00,1976-09-16 12:00:00,Unknown
1976252N17093,NI,1976,UNNAMED,,,0,97,1976-09-08 00:00:00,1976-09-20 00:00:00,Unknown
1976257N13144,WP,1976,GEORGIA,,994.0,-5,21,1976-09-12 21:00:00,1976-09-15 09:00:00,Unknown
1976257N15113,WP,1976,IRIS,,975.0,1,149,1976-09-12 18:00:00,1976-10-01 06:00:00,Unknown
1976257N17156,WP,1976,HOPE,,965.0,1,63,1976-09-13 00:00:00,1976-09-20 18:00:00,Unknown
1976262N14152,WP,1976,JOAN,,965.0,1,58,1976-09-18 00:00:00,1976-09-25 03:00:00,Unknown
1976277S08071,SI,1977,AGATHE,,,-5,101,1976-10-02 18:00:00,1976-10-15 06:00:00,Unknown
1976286N11071,NI,1976,UNNAMED,,,0,57,1976-10-12 00:00:00,1976-10-19 00:00:00,Unknown
1976289N09086,NI,1976,UNNAMED,,,-5,53,1976-10-15 00:00:00,1976-10-21 12:00:00,Unknown
1976301N07153,WP,1976,LOUISE,,895.0,5,115,1976-10-27 00:00:00,1976-11-10 06:00:00,Unknown
1976308N13088,NI,1976,UNNAMED,,,-5,33,1976-11-03 00:00:00,1976-11-07 00:00:00,Unknown
1976309N05160,WP,1976,MARGE,,975.0,0,75,1976-11-03 12:00:00,1976-11-12 18:00:00,Unknown
1976312S09090,SI,1977,BRIGITTA,,,-5,197,1976-11-06 18:00:00,1976-12-01 06:00:00,Unknown
1976318N12066,NI,1976,UNNAMED,,,-5,29,1976-11-13 00:00:00,1976-11-16 12:00:00,Unknown
1976320N11087,NI,1976,UNNAMED,,,-5,21,1976-11-15 00:00:00,1976-11-17 12:00:00,Unknown
1976328N08090,NI,1976,UNNAMED,,,-5,61,1976-11-22 12:00:00,1976-11-30 00:00:00,Unknown
1976336N08133,WP,1976,NORA,,990.0,0,57,1976-12-01 00:00:00,1976-12-08 00:00:00,Unknown
1976343N15132,WP,1976,OPAL,,996.0,0,27,1976-12-07 12:00:00,1976-12-10 18:00:00,Unknown
1976350S08103,SI,1977,HARRY,55.0,985.0,-5,49,1976-12-15 00:00:00,1976-12-21 00:00:00,Weak (<64kt)
1976363N08089,NI,1976,UNNAMED,,,0,53,1976-12-28 00:00:00,1977-01-03 12:00:00,Unknown
1977001S11086,SI,1977,CLARENCE,,,-5,127,1977-01-01 00:00:00,1977-01-16 18:00:00,Unknown
1977006S11121,SI,1977,IRENE,80.0,970.0,2,58,1977-01-06 00:00:00,1977-01-13 00:00:00,Moderate (64-95kt)
1977010N10127,WP,1977,UNNAMED,,,-5,29,1977-01-10 00:00:00,1977-01-13 12:00:00,Unknown
1977017S12046,SI,1977,DOMITILE,,,-5,53,1977-01-17 06:00:00,1977-01-23 18:00:00,Unknown
1977025S11064,SI,1977,EMILIE,,,-5,135,1977-01-25 00:00:00,1977-02-10 18:00:00,Unknown
1977026S09075,SI,1977,FIFI,,,-5,129,1977-01-25 18:00:00,1977-02-10 18:00:00,Unknown
1977033S13092,SI,1977,GILDA,,,-5,61,1977-02-01 18:00:00,1977-02-09 06:00:00,Unknown
1977039S12105,SI,1977,UNNAMED,,,-5,81,1977-02-08 06:00:00,1977-02-18 03:00:00,Unknown
1977041S10076,SI,1977,HERVEA,,,-5,173,1977-02-10 06:00:00,1977-03-03 18:00:00,Unknown
1977044S09099,SI,1977,IO:JACK,70.0,975.0,-5,144,1977-02-13 00:00:00,1977-03-02 18:00:00,Moderate (64-95kt)
1977061S14125,SI,1977,KAREN,80.0,970.0,2,124,1977-03-02 01:00:00,1977-03-09 16:00:00,Moderate (64-95kt)
1977082N03165,WP,1977,PATSY,50.0,990.0,0,65,1977-03-23 00:00:00,1977-03-31 00:00:00,Weak (<64kt)
1977083S15125,SI,1977,LEO,90.0,960.0,2,67,1977-03-24 00:00:00,1977-03-28 01:00:00,Moderate (64-95kt)
1977118S08134,SI,1977,VERNA,70.0,973.0,0,41,1977-04-28 00:00:00,1977-05-03 00:00:00,Moderate (64-95kt)
1977129N08084,NI,1977,UNNAMED,,,0,37,1977-05-09 00:00:00,1977-05-13 12:00:00,Unknown
1977144N18125,WP,1977,UNNAMED,,,-1,117,1977-05-24 00:00:00,1977-06-07 12:00:00,Unknown
1977160N16071,NI,1977,UNNAMED,,,0,33,1977-06-09 00:00:00,1977-06-13 00:00:00,Unknown
1977161N06134,WP,1977,RUTH,60.0,975.0,0,91,1977-06-10 00:00:00,1977-06-21 06:00:00,Weak (<64kt)
1977184N13117,WP,1977,UNNAMED,,,-1,27,1977-07-03 00:00:00,1977-07-06 06:00:00,Unknown
1977194N06142,NI,1977,SARAH,,996.0,-5,2,1977-07-22 09:00:00,1977-07-22 12:00:00,Unknown
1977194N06142,WP,1977,SARAH,70.0,970.0,1,75,1977-07-13 00:00:00,1977-07-22 06:00:00,Moderate (64-95kt)
1977200N10138,WP,1977,THELMA,70.0,950.0,2,67,1977-07-19 00:00:00,1977-07-27 06:00:00,Moderate (64-95kt)
1977206N24137,WP,1977,VERA,110.0,925.0,3,73,1977-07-25 06:00:00,1977-08-03 06:00:00,Intense (>=96kt)
1977211N20138,WP,1977,WANDA,40.0,985.0,0,97,1977-07-29 12:00:00,1977-08-10 12:00:00,Weak (<64kt)
1977224N23149,WP,1977,UNNAMED,,,-5,35,1977-08-12 06:00:00,1977-08-16 12:00:00,Unknown
1977227N24144,WP,1977,UNNAMED,,,-5,73,1977-08-14 12:00:00,1977-08-23 12:00:00,Unknown
1977228N19133,WP,1977,AMY,60.0,985.0,0,95,1977-08-16 00:00:00,1977-08-27 18:00:00,Weak (<64kt)
1977233N24123,WP,1977,AMY,,,-5,7,1977-08-20 12:00:00,1977-08-21 06:00:00,Unknown
1977233N28132,WP,1977,UNNAMED,40.0,988.0,-5,47,1977-08-21 06:00:00,1977-08-27 00:00:00,Weak (<64kt)
1977239N22151,WP,1977,UNNAMED,,,-5,17,1977-08-27 00:00:00,1977-08-29 00:00:00,Unknown
1977243N05156,WP,1977,BABE,110.0,905.0,4,97,1977-08-31 00:00:00,1977-09-12 00:00:00,Intense (>=96kt)
1977243N14129,NI,1977,CARLA,,,-5,1,1977-09-05 21:00:00,1977-09-05 21:00:00,Unknown
1977243N14129,WP,1977,CARLA,35.0,990.0,0,50,1977-08-30 18:00:00,1977-09-06 00:00:00,Weak (<64kt)
1977254N19147,WP,1977,DINAH,70.0,965.0,1,127,1977-09-11 06:00:00,1977-09-27 00:00:00,Moderate (64-95kt)
1977255N15145,WP,1977,EMMA,60.0,965.0,0,77,1977-09-12 06:00:00,1977-09-21 18:00:00,Weak (<64kt)
1977264N14133,WP,1977,FREDA,55.0,980.0,0,41,1977-09-21 00:00:00,1977-09-26 00:00:00,Weak (<64kt)
1977276N16155,WP,1977,GILDA,65.0,965.0,1,72,1977-10-02 12:00:00,1977-10-11 09:00:00,Moderate (64-95kt)
1977284N24153,WP,1977,UNNAMED,40.0,990.0,-5,29,1977-10-11 00:00:00,1977-10-14 12:00:00,Weak (<64kt)
1977285N13150,WP,1977,UNNAMED,,,-5,33,1977-10-12 00:00:00,1977-10-16 00:00:00,Unknown
1977287N10145,WP,1977,HARRIET,55.0,980.0,0,65,1977-10-14 06:00:00,1977-10-22 06:00:00,Weak (<64kt)
1977291N07148,WP,1977,IVY,80.0,940.0,2,77,1977-10-18 00:00:00,1977-10-27 12:00:00,Moderate (64-95kt)
1977292N11063,NI,1977,UNNAMED,,,-5,29,1977-10-19 00:00:00,1977-10-22 12:00:00,Unknown
1977300N13092,NI,1977,UNNAMED,,,0,69,1977-10-27 00:00:00,1977-11-04 12:00:00,Unknown
1977300N15162,WP,1977,JEAN,65.0,970.0,1,75,1977-10-27 00:00:00,1977-11-05 06:00:00,Moderate (64-95kt)
1977308N07156,WP,1977,KIM,110.0,920.0,4,111,1977-11-04 00:00:00,1977-11-17 18:00:00,Intense (>=96kt)
1977313N09092,NI,1977,UNNAMED,,,3,113,1977-11-09 00:00:00,1977-11-23 00:00:00,Unknown
1977318N06093,NI,1977,UNNAMED,,,3,53,1977-11-14 00:00:00,1977-11-20 12:00:00,Unknown
1977322S04083,SI,1978,AURORE,92.0,927.0,-5,89,1977-11-18 06:00:00,1977-11-29 06:00:00,Moderate (64-95kt)
1977330N07169,WP,1977,LUCY,110.0,920.0,4,109,1977-11-26 00:00:00,1977-12-09 12:00:00,Intense (>=96kt)
1977337S13076,SI,1978,BABETTE,36.0,991.0,-5,59,1977-12-03 00:00:00,1977-12-10 06:00:00,Weak (<64kt)
1977347S08097,SI,1978,CELIMENE:SAM,50.0,990.0,-5,83,1977-12-13 00:00:00,1977-12-23 06:00:00,Weak (<64kt)
1977352N05171,WP,1977,MARY,85.0,945.0,2,167,1977-12-18 06:00:00,1978-01-08 00:00:00,Moderate (64-95kt)
1977360S10065,SI,1978,UNNAMED,,,-5,17,1977-12-26 06:00:00,1977-12-28 06:00:00,Unknown
1977360S10069,SI,1978,DULCINEE,28.0,997.0,-5,25,1977-12-26 06:00:00,1977-12-29 06:00:00,Weak (<64kt)
1977362S10073,SI,1978,ESTHER,44.0,984.0,-5,41,1977-12-28 06:00:00,1978-01-02 06:00:00,Weak (<64kt)
1978006N06169,WP,1978,NADINE,55.0,970.0,0,60,1978-01-06 00:00:00,1978-01-13 09:00:00,Weak (<64kt)
1978010S11129,SI,1978,TRUDY,90.0,954.0,2,81,1978-01-10 00:00:00,1978-01-20 00:00:00,Moderate (64-95kt)
1978016S10066,SI,1978,FLEUR,82.0,941.0,-5,57,1978-01-16 06:00:00,1978-01-23 06:00:00,Moderate (64-95kt)
1978026S19081,SI,1978,HUBERTE,28.0,997.0,-5,47,1978-01-26 06:00:00,1978-02-01 00:00:00,Weak (<64kt)
1978027S16115,SI,1978,VERN,80.0,964.0,2,113,1978-01-27 01:00:00,1978-02-03 01:00:00,Moderate (64-95kt)
1978027S18043,SI,1978,GEORGIA,36.0,991.0,-5,73,1978-01-27 06:00:00,1978-02-05 06:00:00,Weak (<64kt)
1978038S06049,SI,1978,IRENA,52.0,976.0,-5,57,1978-02-07 06:00:00,1978-02-14 06:00:00,Weak (<64kt)
1978043S16072,SI,1978,JACQUELINE,28.0,997.0,-5,65,1978-02-12 06:00:00,1978-02-20 06:00:00,Weak (<64kt)
1978044S14075,SI,1978,JACQUELINE,28.0,997.0,-5,65,1978-02-13 06:00:00,1978-02-21 06:00:00,Weak (<64kt)
1978063S13055,SI,1978,KIKI,,,-5,11,1978-03-04 06:00:00,1978-03-05 12:00:00,Unknown
1978063S13059,SI,1978,KIKI,36.0,991.0,-5,67,1978-03-04 06:00:00,1978-03-12 12:00:00,Weak (<64kt)
1978065S13056,SI,1978,KIKI,,,-5,8,1978-03-06 09:00:00,1978-03-07 06:00:00,Unknown
1978072S13057,SI,1978,LUCIE,28.0,997.0,-5,41,1978-03-13 06:00:00,1978-03-18 06:00:00,Weak (<64kt)
1978074S11068,SI,1978,MARYLOU,36.0,991.0,-5,35,1978-03-15 00:00:00,1978-03-19 06:00:00,Weak (<64kt)
1978075S14084,SI,1978,WINNIE,100.0,945.0,3,105,1978-03-16 00:00:00,1978-03-29 00:00:00,Intense (>=96kt)
1978077S09071,SI,1978,NADINE,52.0,976.0,-5,41,1978-03-18 06:00:00,1978-03-23 06:00:00,Weak (<64kt)
1978086S14115,SI,1978,ALBY,110.0,930.0,4,145,1978-03-27 00:00:00,1978-04-05 00:00:00,Intense (>=96kt)
1978095S11120,SI,1978,BRENDA,50.0,990.0,0,144,1978-04-05 00:00:00,1978-04-14 01:00:00,Weak (<64kt)
1978105N04149,WP,1978,OLIVE,80.0,955.0,2,129,1978-04-15 00:00:00,1978-05-01 00:00:00,Moderate (64-95kt)
1978134N11091,NI,1978,UNNAMED,,,0,29,1978-05-14 00:00:00,1978-05-17 12:00:00,Unknown
1978165N20138,WP,1978,POLLY,45.0,985.0,0,85,1978-06-13 12:00:00,1978-06-24 00:00:00,Weak (<64kt)
1978172N17130,WP,1978,ROSE,45.0,990.0,0,33,1978-06-21 00:00:00,1978-06-25 00:00:00,Weak (<64kt)
1978176N20117,WP,1978,UNNAMED,,,-5,25,1978-06-24 18:00:00,1978-06-27 18:00:00,Unknown
1978177N11130,WP,1978,SHIRLEY,45.0,992.0,0,49,1978-06-26 00:00:00,1978-07-02 00:00:00,Weak (<64kt)
1978188N24144,WP,1978,UNNAMED,,,-5,33,1978-07-07 00:00:00,1978-07-11 00:00:00,Unknown
1978192N19154,WP,1978,TRIX,70.0,965.0,1,119,1978-07-11 00:00:00,1978-07-25 18:00:00,Moderate (64-95kt)
1978203N14152,WP,1978,VIRGINIA,70.0,975.0,1,109,1978-07-22 00:00:00,1978-08-04 12:00:00,Moderate (64-95kt)
1978203N18114,WP,1978,AGNES,55.0,980.0,0,73,1978-07-22 06:00:00,1978-07-31 06:00:00,Weak (<64kt)
1978203N18139,WP,1978,WENDY,70.0,960.0,1,139,1978-07-22 00:00:00,1978-08-08 06:00:00,Moderate (64-95kt)
1978217N16129,NI,1978,BESS:BONNIE,,,-5,4,1978-08-13 03:00:00,1978-08-13 12:00:00,Unknown
1978217N16129,WP,1978,BESS:BONNIE,40.0,985.0,0,69,1978-08-04 12:00:00,1978-08-13 00:00:00,Weak (<64kt)
1978221N16143,WP,1978,CARMEN,75.0,960.0,1,91,1978-08-09 06:00:00,1978-08-20 12:00:00,Moderate (64-95kt)
1978221N19114,WP,1978,BESS,,,-5,11,1978-08-09 00:00:00,1978-08-10 06:00:00,Unknown
1978222N11131,WP,1978,DELLA,45.0,985.0,0,35,1978-08-09 12:00:00,1978-08-13 18:00:00,Weak (<64kt)
1978226N09162,WP,1978,UNNAMED,40.0,998.0,-1,59,1978-08-14 00:00:00,1978-08-21 06:00:00,Weak (<64kt)
1978226N19120,WP,1978,UNNAMED,,,-5,23,1978-08-14 00:00:00,1978-08-16 18:00:00,Unknown
1978230N09136,WP,1978,ELAINE,65.0,965.0,1,89,1978-08-18 00:00:00,1978-08-29 00:00:00,Moderate (64-95kt)
1978237N06160,WP,1978,FAYE,90.0,935.0,3,139,1978-08-25 00:00:00,1978-09-11 06:00:00,Moderate (64-95kt)
1978240N20130,WP,1978,GLORIA,40.0,992.0,0,77,1978-08-27 18:00:00,1978-09-06 06:00:00,Weak (<64kt)
1978240N27151,WP,1978,HESTER,45.0,990.0,0,35,1978-08-28 06:00:00,1978-09-01 12:00:00,Weak (<64kt)
1978252N17119,WP,1978,UNNAMED,,,-5,55,1978-09-08 18:00:00,1978-09-15 12:00:00,Unknown
1978252N17124,WP,1978,IRMA,,1002.0,-5,13,1978-09-09 00:00:00,1978-09-10 12:00:00,Unknown
1978252N18166,WP,1978,JUDY,80.0,950.0,2,69,1978-09-09 00:00:00,1978-09-17 12:00:00,Moderate (64-95kt)
1978253N21124,WP,1978,IRMA,65.0,970.0,1,53,1978-09-09 12:00:00,1978-09-16 00:00:00,Moderate (64-95kt)
1978260N18124,WP,1978,UNNAMED,,,-5,35,1978-09-17 00:00:00,1978-09-21 06:00:00,Unknown
1978262N14135,NI,1978,KIT,,,-5,2,1978-09-28 09:00:00,1978-09-28 12:00:00,Unknown
1978262N14135,WP,1978,KIT,50.0,990.0,0,75,1978-09-19 00:00:00,1978-09-28 06:00:00,Weak (<64kt)
1978264N08147,WP,1978,LOLA,70.0,965.0,1,117,1978-09-20 12:00:00,1978-10-05 00:00:00,Moderate (64-95kt)
1978272N19154,WP,1978,MAMIE,70.0,960.0,1,52,1978-09-29 00:00:00,1978-10-05 09:00:00,Moderate (64-95kt)
1978279N14142,WP,1978,NINA,60.0,975.0,0,95,1978-10-05 18:00:00,1978-10-17 12:00:00,Weak (<64kt)
1978281N11138,WP,1978,ORA,80.0,940.0,2,92,1978-10-08 00:00:00,1978-10-19 09:00:00,Moderate (64-95kt)
1978282N19164,WP,1978,UNNAMED,,,-1,43,1978-10-08 18:00:00,1978-10-14 00:00:00,Unknown
1978283N06153,WP,1978,UNNAMED,,,-1,59,1978-10-10 00:00:00,1978-10-17 06:00:00,Unknown
1978287N08166,WP,1978,PHYLLIS,80.0,955.0,2,77,1978-10-13 12:00:00,1978-10-23 00:00:00,Moderate (64-95kt)
1978288N10185,WP,1978,RITA,120.0,880.0,5,111,1978-10-16 12:00:00,1978-10-30 06:00:00,Intense (>=96kt)
1978289N15128,WP,1978,UNNAMED,,,-5,43,1978-10-15 18:00:00,1978-10-21 00:00:00,Unknown
1978298N13090,NI,1978,UNNAMED,,,0,25,1978-10-25 00:00:00,1978-10-28 00:00:00,Unknown
1978303N14131,WP,1978,UNNAMED,45.0,992.0,-5,39,1978-10-29 18:00:00,1978-11-03 12:00:00,Weak (<64kt)
1978304N14148,WP,1978,TESS,60.0,972.0,0,66,1978-10-31 00:00:00,1978-11-08 03:00:00,Weak (<64kt)
1978307N10082,NI,1978,UNNAMED,,,1,81,1978-11-03 00:00:00,1978-11-13 00:00:00,Unknown
1978317N09150,WP,1978,UNNAMED,,,-5,36,1978-11-13 00:00:00,1978-11-17 09:00:00,Unknown
1978320N04155,WP,1978,VIOLA,105.0,910.0,4,91,1978-11-16 00:00:00,1978-11-27 06:00:00,Intense (>=96kt)
1978320N15130,WP,1978,UNNAMED,,,-1,35,1978-11-15 18:00:00,1978-11-20 00:00:00,Unknown
1978323N08092,NI,1978,UNNAMED,,,2,81,1978-11-19 00:00:00,1978-11-29 00:00:00,Unknown
1978324S10097,SI,1979,UNNAMED,,,0,29,1978-11-19 12:00:00,1978-11-23 00:00:00,Unknown
1978330N09148,WP,1978,WINNIE,55.0,980.0,0,47,1978-11-25 12:00:00,1978-12-01 06:00:00,Weak (<64kt)
1978347N10127,WP,1978,UNNAMED,,,-5,41,1978-12-13 00:00:00,1978-12-18 00:00:00,Unknown
1978347S20041,SI,1979,ANGELE,82.0,941.0,-5,187,1978-12-13 00:00:00,1979-01-05 06:00:00,Moderate (64-95kt)
1978354S10088,SI,1979,UNNAMED,,,0,49,1978-12-20 00:00:00,1978-12-26 00:00:00,Unknown
1978361N02180,WP,1979,ALICE,95.0,930.0,3,154,1978-12-27 05:00:00,1979-01-15 06:00:00,Moderate (64-95kt)
1979003S10052,SI,1979,BENJAMINE,82.0,941.0,-5,89,1979-01-03 06:00:00,1979-01-14 06:00:00,Moderate (64-95kt)
1979008S14137,SI,1979,GRETA,30.0,992.0,-5,18,1979-01-14 03:00:00,1979-01-16 06:00:00,Weak (<64kt)
1979031S12056,SI,1979,CELINE,92.0,927.0,-5,99,1979-01-31 06:00:00,1979-02-12 12:00:00,Moderate (64-95kt)
1979035S19042,SI,1979,DORA,28.0,997.0,-5,81,1979-02-04 06:00:00,1979-02-14 06:00:00,Weak (<64kt)
1979041S19051,SI,1979,ESTELLE,36.0,991.0,-5,67,1979-02-10 06:00:00,1979-02-18 12:00:00,Weak (<64kt)
1979043S11161,SI,1979,ROSA,50.0,990.0,-5,50,1979-02-26 15:00:00,1979-03-04 00:00:00,Weak (<64kt)
1979045S18053,SI,1979,FATOU,28.0,997.0,-5,37,1979-02-14 06:00:00,1979-02-18 18:00:00,Weak (<64kt)
1979066S13068,SI,1979,GELIE,28.0,997.0,-5,57,1979-03-07 06:00:00,1979-03-14 06:00:00,Weak (<64kt)
1979066S15124,SI,1979,HAZEL,105.0,936.0,3,62,1979-03-07 00:00:00,1979-03-14 12:00:00,Intense (>=96kt)
1979075S13092,SI,1979,IVAN,50.0,988.0,0,43,1979-03-16 00:00:00,1979-03-21 06:00:00,Weak (<64kt)
1979077N07150,WP,1979,BESS,70.0,955.0,2,59,1979-03-18 00:00:00,1979-03-25 06:00:00,Moderate (64-95kt)
1979082S10054,SI,1979,HELIOS,28.0,997.0,-5,65,1979-03-23 06:00:00,1979-03-31 06:00:00,Weak (<64kt)
1979094S10073,SI,1979,IDYLLE,95.0,927.0,-5,127,1979-04-04 06:00:00,1979-04-20 00:00:00,Moderate (64-95kt)
1979097S07091,SI,1979,JANE,50.0,988.0,0,51,1979-04-07 06:00:00,1979-04-13 12:00:00,Weak (<64kt)
1979098N02144,WP,1979,CECIL,75.0,965.0,1,109,1979-04-08 00:00:00,1979-04-21 12:00:00,Moderate (64-95kt)
1979118S06094,SI,1979,UNNAMED,,,0,72,1979-04-28 00:00:00,1979-05-06 21:00:00,Unknown
1979122S04095,SI,1979,KEVIN,50.0,986.0,0,81,1979-05-02 00:00:00,1979-05-12 00:00:00,Weak (<64kt)
1979126N04148,WP,1979,DOT,40.0,985.0,0,93,1979-05-06 00:00:00,1979-05-17 12:00:00,Weak (<64kt)
1979126N07090,NI,1979,UNNAMED,,,2,65,1979-05-05 12:00:00,1979-05-13 12:00:00,Unknown
1979137N19116,WP,1979,UNNAMED,40.0,992.0,-1,79,1979-05-17 00:00:00,1979-05-26 18:00:00,Weak (<64kt)
1979137N19117,WP,1979,UNNAMED,,,-5,29,1979-05-17 06:00:00,1979-05-20 18:00:00,Unknown
1979167N13071,NI,1979,UNNAMED,,,0,33,1979-06-16 00:00:00,1979-06-20 00:00:00,Unknown
1979168N13116,WP,1979,UNNAMED,,,-5,59,1979-06-17 00:00:00,1979-06-24 06:00:00,Unknown
1979174N07143,WP,1979,ELLIS,75.0,955.0,2,113,1979-06-23 00:00:00,1979-07-07 00:00:00,Moderate (64-95kt)
1979180N03155,WP,1979,FAYE,55.0,990.0,0,89,1979-06-28 18:00:00,1979-07-09 18:00:00,Weak (<64kt)
1979204N19143,WP,1979,UNNAMED,,,-1,35,1979-07-23 00:00:00,1979-07-27 06:00:00,Unknown
1979205N10148,NI,1979,HOPE,,1000.0,0,49,1979-08-04 06:00:00,1979-08-10 06:00:00,Unknown
1979205N10148,WP,1979,HOPE,110.0,900.0,4,88,1979-07-24 06:00:00,1979-08-04 03:00:00,Intense (>=96kt)
1979206N19132,WP,1979,GORDON,55.0,975.0,0,49,1979-07-25 06:00:00,1979-07-31 06:00:00,Weak (<64kt)
1979214N12136,WP,1979,UNNAMED,,,-1,39,1979-08-02 06:00:00,1979-08-07 00:00:00,Unknown
1979216N15111,WP,1979,UNNAMED,,,-5,57,1979-08-03 18:00:00,1979-08-10 18:00:00,Unknown
1979218N16149,WP,1979,UNNAMED,,,-5,53,1979-08-06 00:00:00,1979-08-12 12:00:00,Unknown
1979219N15138,WP,1979,IRVING,80.0,955.0,2,109,1979-08-07 00:00:00,1979-08-20 12:00:00,Moderate (64-95kt)
1979220N18113,WP,1979,UNNAMED,,,-5,7,1979-08-08 06:00:00,1979-08-09 00:00:00,Unknown
1979224N32143,WP,1979,UNNAMED,,,-5,49,1979-08-12 06:00:00,1979-08-18 06:00:00,Unknown
1979228N11151,WP,1979,JUDY,110.0,910.0,4,93,1979-08-15 12:00:00,1979-08-27 00:00:00,Intense (>=96kt)
1979228N12169,WP,1979,UNNAMED,,,-1,35,1979-08-16 00:00:00,1979-08-20 06:00:00,Unknown
1979238S08085,SI,1980,TONY,,,-5,41,1979-08-26 00:00:00,1979-08-31 00:00:00,Unknown
1979239N22153,WP,1979,UNNAMED,,,-5,29,1979-08-27 00:00:00,1979-08-30 12:00:00,Unknown
1979242N22143,WP,1979,KEN,45.0,984.0,0,91,1979-08-30 00:00:00,1979-09-10 06:00:00,Weak (<64kt)
1979243N19154,WP,1979,LOLA,80.0,950.0,2,83,1979-08-31 00:00:00,1979-09-10 06:00:00,Moderate (64-95kt)
1979254N10140,WP,1979,MAC,55.0,985.0,1,115,1979-09-11 00:00:00,1979-09-25 06:00:00,Weak (<64kt)
1979258N10120,WP,1979,NANCY,45.0,992.0,0,81,1979-09-15 00:00:00,1979-09-25 00:00:00,Weak (<64kt)
1979259N11078,NI,1979,UNNAMED,,,0,73,1979-09-16 00:00:00,1979-09-25 00:00:00,Unknown
1979262N15149,WP,1979,OWEN,90.0,920.0,3,115,1979-09-19 00:00:00,1979-10-03 06:00:00,Moderate (64-95kt)
1979264N10087,NI,1979,UNNAMED,,,-1,17,1979-09-21 00:00:00,1979-09-23 00:00:00,Unknown
1979266N18150,WP,1979,PAMELA,40.0,994.0,0,31,1979-09-23 00:00:00,1979-09-26 18:00:00,Weak (<64kt)
1979269N19133,WP,1979,UNNAMED,,,-5,33,1979-09-25 12:00:00,1979-09-29 12:00:00,Unknown
1979271N13113,WP,1979,SARAH,90.0,930.0,3,155,1979-09-28 00:00:00,1979-10-17 06:00:00,Moderate (64-95kt)
1979273N11145,WP,1979,ROGER,45.0,985.0,0,87,1979-09-30 00:00:00,1979-10-10 18:00:00,Weak (<64kt)
1979275N06159,WP,1979,TIP,140.0,870.0,5,159,1979-10-02 05:00:00,1979-10-21 21:00:00,Intense (>=96kt)
1979290N11112,WP,1979,UNNAMED,,,-5,31,1979-10-17 06:00:00,1979-10-21 00:00:00,Unknown
1979300N04166,WP,1979,VERA,110.0,915.0,5,117,1979-10-27 00:00:00,1979-11-10 12:00:00,Intense (>=96kt)
1979300N06095,NI,1979,UNNAMED,,,0,45,1979-10-27 00:00:00,1979-11-01 12:00:00,Unknown
1979311N10142,WP,1979,WAYNE,50.0,990.0,0,55,1979-11-07 00:00:00,1979-11-13 18:00:00,Weak (<64kt)
1979317N10072,NI,1979,UNNAMED,,,0,37,1979-11-13 00:00:00,1979-11-17 12:00:00,Unknown
1979327N08088,NI,1979,UNNAMED,,,-1,21,1979-11-23 00:00:00,1979-11-25 12:00:00,Unknown
1979329S07086,SI,1980,ALBINE,,,3,91,1979-11-25 00:00:00,1979-12-06 06:00:00,Unknown
1979333N07169,WP,1979,ABBY,90.0,950.0,3,133,1979-11-29 00:00:00,1979-12-15 12:00:00,Moderate (64-95kt)
1979333N12153,WP,1979,UNNAMED,,,-1,27,1979-11-29 06:00:00,1979-12-02 12:00:00,Unknown
1979343S08093,SI,1980,CLAUDETTE:VIOLA,110.0,930.0,3,155,1979-12-09 00:00:00,1979-12-28 06:00:00,Intense (>=96kt)
1979350N07153,WP,1979,BEN,45.0,994.0,0,60,1979-12-16 05:00:00,1979-12-23 12:00:00,Weak (<64kt)
1979350S17053,SI,1980,BERENICE,,,0,49,1979-12-15 12:00:00,1979-12-21 12:00:00,Unknown
1979357S10095,SI,1980,DANITZA:WILF,70.0,973.0,0,85,1979-12-23 00:00:00,1980-01-02 12:00:00,Moderate (64-95kt)
1980002S15081,SI,1980,DANITZA,29.0,1000.0,-5,13,1980-01-01 12:00:00,1980-01-03 00:00:00,Weak (<64kt)
1980005S11059,SI,1980,EGLANTINE,25.0,1005.0,-5,9,1980-01-05 06:00:00,1980-01-06 06:00:00,Weak (<64kt)
1980005S14120,SI,1980,AMY,115.0,915.0,3,70,1980-01-04 12:00:00,1980-01-13 00:00:00,Intense (>=96kt)
1980009S14066,SI,1980,FLORE,20.0,1005.0,-5,7,1980-01-08 12:00:00,1980-01-09 06:00:00,Weak (<64kt)
1980010S20043,SI,1980,UNNAMED,29.0,1000.0,-5,25,1980-01-10 06:00:00,1980-01-13 06:00:00,Weak (<64kt)
1980010S22048,SI,1980,UNNAMED,29.0,1000.0,-5,19,1980-01-10 06:00:00,1980-01-12 12:00:00,Weak (<64kt)
1980015S18060,SI,1980,HYACINTHE,,,1,129,1980-01-15 06:00:00,1980-01-31 06:00:00,Unknown
1980018S10130,SI,1980,BRIAN,100.0,930.0,2,89,1980-01-18 00:00:00,1980-01-29 00:00:00,Intense (>=96kt)
1980021S10090,SI,1980,CLARA,60.0,980.0,-5,65,1980-01-21 00:00:00,1980-01-29 00:00:00,Weak (<64kt)
1980024S11076,SI,1980,IVANNE,29.0,1000.0,-5,17,1980-01-24 06:00:00,1980-01-26 06:00:00,Weak (<64kt)
1980027S11129,SI,1980,DEAN,110.0,930.0,2,67,1980-01-27 00:00:00,1980-02-04 00:00:00,Intense (>=96kt)
1980032S14071,SI,1980,JACINTHE,,,3,89,1980-02-01 06:00:00,1980-02-12 06:00:00,Unknown
1980043S16131,SI,1980,ENID,110.0,930.0,1,49,1980-02-12 00:00:00,1980-02-18 00:00:00,Intense (>=96kt)
1980051S12102,SI,1980,FRED,105.0,930.0,2,65,1980-02-20 00:00:00,1980-02-28 00:00:00,Intense (>=96kt)
1980056S15059,SI,1980,KOLIA,,,0,161,1980-02-25 06:00:00,1980-03-16 06:00:00,Unknown
1980068S13068,SI,1980,LAURE,,,3,75,1980-03-08 00:00:00,1980-03-17 06:00:00,Unknown
1980073S09133,SI,1980,DORIS:GLORIA,90.0,955.0,3,100,1980-03-12 18:00:00,1980-03-29 00:00:00,Moderate (64-95kt)
1980075S11072,SI,1980,UNNAMED,,,0,45,1980-03-14 12:00:00,1980-03-20 00:00:00,Unknown
1980076N06148,WP,1980,UNNAMED,,,-1,107,1980-03-16 00:00:00,1980-03-29 06:00:00,Unknown
1980082S19118,SI,1980,UNNAMED,,,0,13,1980-03-21 12:00:00,1980-03-23 00:00:00,Unknown
1980085S11135,SI,1980,UNNAMED,,,-5,2,1980-03-25 00:00:00,1980-03-25 03:00:00,Unknown
1980088S14140,SI,1980,UNNAMED,,,-5,5,1980-03-31 00:00:00,1980-03-31 12:00:00,Unknown
1980094N02179,WP,1980,CARMEN,60.0,985.0,0,35,1980-04-03 00:00:00,1980-04-12 00:00:00,Weak (<64kt)
1980126N08150,WP,1980,DOM,85.0,960.0,2,137,1980-05-05 00:00:00,1980-05-22 00:00:00,Moderate (64-95kt)
1980133N07149,WP,1980,ELLEN,105.0,930.0,3,107,1980-05-11 12:00:00,1980-05-24 18:00:00,Intense (>=96kt)
1980137N04158,WP,1980,FORREST,55.0,992.0,0,109,1980-05-16 00:00:00,1980-05-29 12:00:00,Weak (<64kt)
1980140N16116,WP,1980,GEORGIA,55.0,980.0,0,49,1980-05-19 00:00:00,1980-05-25 00:00:00,Weak (<64kt)
1980171N06142,WP,1980,HERBERT,50.0,990.0,0,83,1980-06-19 00:00:00,1980-06-29 06:00:00,Weak (<64kt)
1980181N10130,WP,1980,UNNAMED,,,-5,35,1980-06-28 18:00:00,1980-07-03 00:00:00,Unknown
1980187N09146,WP,1980,IDA,70.0,980.0,0,81,1980-07-05 00:00:00,1980-07-15 00:00:00,Moderate (64-95kt)
1980197N07154,WP,1980,JOE,85.0,940.0,3,73,1980-07-15 00:00:00,1980-07-24 00:00:00,Moderate (64-95kt)
1980197N15133,WP,1980,UNNAMED,,,-1,43,1980-07-14 18:00:00,1980-07-20 00:00:00,Unknown
1980201N08155,WP,1980,KIM,100.0,910.0,4,71,1980-07-19 00:00:00,1980-07-27 18:00:00,Intense (>=96kt)
1980208N23153,WP,1980,LEX,75.0,960.0,1,147,1980-07-26 06:00:00,1980-08-13 12:00:00,Moderate (64-95kt)
1980219N15165,WP,1980,MARGE,90.0,945.0,3,86,1980-08-06 00:00:00,1980-08-16 15:00:00,Moderate (64-95kt)
1980225N11145,WP,1980,UNNAMED,,,-1,65,1980-08-12 00:00:00,1980-08-20 00:00:00,Unknown
1980236N15144,WP,1980,NORRIS,95.0,945.0,2,65,1980-08-23 00:00:00,1980-08-31 00:00:00,Moderate (64-95kt)
1980240N17119,WP,1980,UNNAMED,,,-5,37,1980-08-26 18:00:00,1980-08-31 06:00:00,Unknown
1980243N09134,WP,1980,UNNAMED,,,-5,27,1980-08-30 06:00:00,1980-09-02 12:00:00,Unknown
1980246N05151,WP,1980,ORCHID,70.0,960.0,2,115,1980-09-01 18:00:00,1980-09-16 00:00:00,Moderate (64-95kt)
1980248N11114,WP,1980,UNNAMED,,,-5,21,1980-09-03 18:00:00,1980-09-06 06:00:00,Unknown
1980254N14112,WP,1980,RUTH,55.0,980.0,1,57,1980-09-10 00:00:00,1980-09-17 00:00:00,Weak (<64kt)
1980256N10154,WP,1980,SPERRY,65.0,975.0,1,97,1980-09-12 06:00:00,1980-09-24 06:00:00,Moderate (64-95kt)
1980257N17133,WP,1980,PERCY,100.0,915.0,4,51,1980-09-13 06:00:00,1980-09-19 12:00:00,Intense (>=96kt)
1980269N15147,WP,1980,THELMA,55.0,960.0,0,60,1980-09-25 00:00:00,1980-10-02 09:00:00,Weak (<64kt)
1980270N13165,WP,1980,VERNON,95.0,935.0,3,75,1980-09-26 00:00:00,1980-10-05 06:00:00,Moderate (64-95kt)
1980277N09157,WP,1980,WYNNE,120.0,890.0,5,107,1980-10-02 12:00:00,1980-10-15 18:00:00,Intense (>=96kt)
1980282N19162,WP,1980,ALEX,35.0,998.0,0,47,1980-10-08 06:00:00,1980-10-14 00:00:00,Weak (<64kt)
1980284N09092,NI,1980,UNNAMED,,,0,79,1980-10-10 06:00:00,1980-10-20 00:00:00,Unknown
1980290N10088,NI,1980,UNNAMED,,,-5,25,1980-10-16 00:00:00,1980-10-19 00:00:00,Unknown
1980296N05165,WP,1980,BETTY,100.0,925.0,4,141,1980-10-22 00:00:00,1980-11-08 12:00:00,Intense (>=96kt)
1980300N08137,WP,1980,CARY,45.0,996.0,0,63,1980-10-26 00:00:00,1980-11-02 18:00:00,Weak (<64kt)
1980308S05102,SI,1981,ADELAIDE:ALICE,105.0,940.0,-5,91,1980-11-03 00:00:00,1980-11-14 06:00:00,Intense (>=96kt)
1980317N09118,WP,1980,UNNAMED,,,-5,35,1980-11-12 00:00:00,1980-11-16 06:00:00,Unknown
1980317N11075,NI,1980,UNNAMED,,,0,74,1980-11-12 02:00:00,1980-11-19 08:00:00,Unknown
1980323N04180,WP,1980,DINAH,90.0,950.0,3,71,1980-11-18 09:00:00,1980-11-27 03:00:00,Moderate (64-95kt)
1980327S09082,SI,1981,BETTINA,,,-5,75,1980-11-22 06:00:00,1980-12-01 12:00:00,Unknown
1980329S08095,SI,1981,BERT:CHRISTE,,,-5,123,1980-11-24 06:00:00,1980-12-09 12:00:00,Unknown
1980338N09085,NI,1980,UNNAMED,,,-5,37,1980-12-03 00:00:00,1980-12-07 12:00:00,Unknown
1980345N09092,NI,1980,UNNAMED,,,0,99,1980-12-10 08:00:00,1980-12-20 02:00:00,Unknown
1980347S11122,SI,1981,CAROL,55.0,980.0,-5,17,1980-12-12 00:00:00,1980-12-14 00:00:00,Weak (<64kt)
1980348S11116,SI,1981,CAROL,110.0,940.0,-5,93,1980-12-13 00:00:00,1980-12-24 12:00:00,Intense (>=96kt)
1980349N10138,WP,1980,ED,45.0,990.0,0,81,1980-12-14 00:00:00,1980-12-24 00:00:00,Weak (<64kt)
1980349S09100,SI,1981,DAN,50.0,985.0,-5,33,1980-12-14 00:00:00,1980-12-18 00:00:00,Weak (<64kt)
1980352S13059,SI,1981,DIANA,,,-5,22,1980-12-17 00:00:00,1980-12-19 12:00:00,Unknown
1980355S10117,SI,1981,EDNA,40.0,994.0,-5,57,1980-12-20 00:00:00,1980-12-27 00:00:00,Weak (<64kt)
1980357S11127,SI,1981,FELIX,100.0,940.0,-5,73,1980-12-22 00:00:00,1980-12-31 00:00:00,Intense (>=96kt)
1980364S22036,SI,1981,EDWIG,,,-5,33,1980-12-28 12:00:00,1981-01-01 12:00:00,Unknown
1981003S11059,SI,1981,FLORINE,,,3,65,1981-01-03 06:00:00,1981-01-11 06:00:00,Unknown
1981012S12110,SI,1981,MABEL,110.0,930.0,3,75,1981-01-12 00:00:00,1981-01-21 06:00:00,Intense (>=96kt)
1981015S09078,SI,1981,GAELLE,,,0,29,1981-01-14 12:00:00,1981-01-18 00:00:00,Unknown
1981016S15080,SI,1981,GAELLE,,,-5,33,1981-01-16 06:00:00,1981-01-20 06:00:00,Unknown
1981028S12069,SI,1981,HELYETTE,,,0,75,1981-01-28 00:00:00,1981-02-06 06:00:00,Unknown
1981039S14153,SI,1981,EDDIE,35.0,986.0,-1,29,1981-02-11 18:00:00,1981-02-15 06:00:00,Weak (<64kt)
1981048S12055,SI,1981,IADINE,,,0,73,1981-02-16 12:00:00,1981-02-25 12:00:00,Unknown
1981055S19120,SI,1981,NEIL,105.0,940.0,3,90,1981-02-24 00:00:00,1981-03-07 00:00:00,Intense (>=96kt)
1981061S22047,SI,1981,JOHANNE,,,1,77,1981-03-01 12:00:00,1981-03-11 00:00:00,Unknown
1981069S12135,SI,1981,MAX,85.0,960.0,3,103,1981-03-10 00:00:00,1981-03-19 00:00:00,Moderate (64-95kt)
1981070N03173,WP,1981,FREDA,90.0,945.0,3,59,1981-03-11 00:00:00,1981-03-18 06:00:00,Moderate (64-95kt)
1981087S07057,SI,1981,KLARA,,,0,91,1981-03-28 00:00:00,1981-04-08 06:00:00,Unknown
1981094S06094,SI,1981,OLGA,95.0,940.0,4,113,1981-04-04 00:00:00,1981-04-18 00:00:00,Moderate (64-95kt)
1981096S14059,SI,1981,LISA,,,0,81,1981-04-06 00:00:00,1981-04-16 00:00:00,Unknown
1981102N04162,WP,1981,GERALD,60.0,980.0,0,95,1981-04-12 00:00:00,1981-04-23 18:00:00,Weak (<64kt)
1981109N15147,WP,1981,GERALD,,,-5,9,1981-04-19 06:00:00,1981-04-20 06:00:00,Unknown
1981118N04164,WP,1981,HOLLY,45.0,996.0,0,99,1981-04-28 00:00:00,1981-05-10 06:00:00,Weak (<64kt)
1981142S08091,SI,1981,PADDY,65.0,973.0,0,69,1981-05-22 00:00:00,1981-05-30 12:00:00,Moderate (64-95kt)
1981158N17119,WP,1981,IKE,60.0,965.0,1,85,1981-06-07 00:00:00,1981-06-17 12:00:00,Weak (<64kt)
1981166N11135,WP,1981,JUNE,70.0,965.0,1,93,1981-06-15 00:00:00,1981-06-26 12:00:00,Moderate (64-95kt)
1981176N08150,WP,1981,KELLY,60.0,975.0,1,89,1981-06-25 00:00:00,1981-07-06 00:00:00,Weak (<64kt)
1981178N05160,WP,1981,LYNN,55.0,985.0,0,89,1981-06-27 00:00:00,1981-07-08 00:00:00,Weak (<64kt)
1981195N11138,WP,1981,MAURY,50.0,985.0,0,89,1981-07-14 00:00:00,1981-07-25 00:00:00,Weak (<64kt)
1981201N26147,WP,1981,UNNAMED,,,-5,25,1981-07-19 18:00:00,1981-07-22 18:00:00,Unknown
1981202N24123,WP,1981,NINA,40.0,992.0,0,57,1981-07-21 00:00:00,1981-07-28 00:00:00,Weak (<64kt)
1981207N22150,WP,1981,OGDEN,50.0,975.0,1,55,1981-07-26 00:00:00,1981-08-01 18:00:00,Weak (<64kt)
1981207S12087,SI,1982,UNNAMED,,,-1,25,1981-07-25 12:00:00,1981-07-28 12:00:00,Unknown
1981212N17142,WP,1981,PHYLLIS,55.0,975.0,0,65,1981-07-31 06:00:00,1981-08-08 06:00:00,Weak (<64kt)
1981212N18142,WP,1981,UNNAMED,40.0,988.0,-5,21,1981-07-31 06:00:00,1981-08-02 18:00:00,Weak (<64kt)
1981214N13113,WP,1981,ROY,45.0,985.0,0,73,1981-08-02 00:00:00,1981-08-11 00:00:00,Weak (<64kt)
1981214N16133,WP,1981,UNNAMED,,,-5,31,1981-08-02 00:00:00,1981-08-05 18:00:00,Unknown
1981218N20168,WP,1981,SUSAN,60.0,980.0,0,73,1981-08-06 00:00:00,1981-08-15 00:00:00,Weak (<64kt)
1981226N16119,WP,1981,WARREN,35.0,992.0,0,59,1981-08-14 06:00:00,1981-08-21 12:00:00,Weak (<64kt)
1981226N17142,WP,1981,VANESSA,50.0,980.0,0,74,1981-08-14 06:00:00,1981-08-23 09:00:00,Weak (<64kt)
1981227N18129,WP,1981,THAD,70.0,955.0,2,81,1981-08-15 00:00:00,1981-08-25 00:00:00,Moderate (64-95kt)
1981237N16148,WP,1981,AGNES,80.0,950.0,2,99,1981-08-25 06:00:00,1981-09-06 12:00:00,Moderate (64-95kt)
1981245N23161,WP,1981,BILL,75.0,960.0,2,56,1981-09-01 12:00:00,1981-09-08 09:00:00,Moderate (64-95kt)
1981256N10150,WP,1981,CLARA,100.0,925.0,4,159,1981-09-13 00:00:00,1981-10-02 18:00:00,Intense (>=96kt)
1981261N25174,WP,1981,DOYLE,70.0,965.0,1,55,1981-09-17 18:00:00,1981-09-24 12:00:00,Moderate (64-95kt)
1981265N14117,WP,1981,UNNAMED,,,-5,17,1981-09-22 00:00:00,1981-09-24 00:00:00,Unknown
1981266N09151,WP,1981,ELSIE,120.0,895.0,5,113,1981-09-22 18:00:00,1981-10-06 18:00:00,Intense (>=96kt)
1981277N20116,WP,1981,UNNAMED,,,-5,29,1981-10-03 12:00:00,1981-10-07 00:00:00,Unknown
1981283N07132,NI,1981,FABIAN,,,-5,2,1981-10-16 03:00:00,1981-10-16 06:00:00,Unknown
1981283N07132,WP,1981,FABIAN,45.0,994.0,0,49,1981-10-10 00:00:00,1981-10-16 00:00:00,Weak (<64kt)
1981286N10150,WP,1981,GAY,85.0,950.0,2,87,1981-10-13 00:00:00,1981-10-23 18:00:00,Moderate (64-95kt)
1981291S05081,SI,1982,ALEX,,,2,91,1981-10-18 00:00:00,1981-10-27 12:00:00,Unknown
1981298N07083,NI,1981,UNNAMED,,,0,81,1981-10-25 02:00:00,1981-11-02 02:00:00,Unknown
1981306S03096,SI,1982,ARMELLE:BESSI,52.0,976.0,1,164,1981-11-01 18:00:00,1981-11-20 06:00:00,Weak (<64kt)
1981311N08119,WP,1981,UNNAMED,,,-5,31,1981-11-07 00:00:00,1981-11-10 18:00:00,Unknown
1981317N14153,WP,1981,HAZEN,70.0,955.0,3,87,1981-11-12 12:00:00,1981-11-23 06:00:00,Moderate (64-95kt)
1981319N07163,WP,1981,IRMA,110.0,905.0,4,103,1981-11-15 00:00:00,1981-11-27 18:00:00,Intense (>=96kt)
1981321N13092,NI,1981,UNNAMED,,,1,39,1981-11-17 02:00:00,1981-11-20 20:00:00,Unknown
1981324N08158,WP,1981,JEFF,40.0,1000.0,0,53,1981-11-20 00:00:00,1981-11-26 12:00:00,Weak (<64kt)
1981335S16139,SI,1982,AMELIA,35.0,996.0,0,62,1981-12-02 12:00:00,1981-12-07 00:00:00,Weak (<64kt)
1981337S11133,SI,1982,AMELIA,,,-5,51,1981-12-03 09:00:00,1981-12-07 06:00:00,Unknown
1981339N11089,NI,1981,UNNAMED,,,1,59,1981-12-05 02:00:00,1981-12-10 20:00:00,Unknown
1981343N05150,WP,1981,KIT,100.0,925.0,4,111,1981-12-09 00:00:00,1981-12-22 18:00:00,Intense (>=96kt)
1981351S12060,SI,1982,BENEDICTE,72.0,954.0,-5,65,1981-12-17 00:00:00,1981-12-25 00:00:00,Moderate (64-95kt)
1981354S12140,SI,1982,UNNAMED,40.0,988.0,-5,64,1981-12-20 20:00:00,1981-12-27 00:00:00,Weak (<64kt)
1981355N07149,WP,1981,LEE,80.0,950.0,2,71,1981-12-21 00:00:00,1981-12-29 18:00:00,Moderate (64-95kt)
1981363S10079,SI,1982,CLARISSEE,28.0,997.0,0,75,1981-12-29 00:00:00,1982-01-07 06:00:00,Weak (<64kt)
1982005S10105,SI,1982,CHRIS:DAMIA,112.0,898.0,4,147,1982-01-05 00:00:00,1982-01-23 06:00:00,Intense (>=96kt)
1982011S07094,SI,1982,DAPHNE:FIFI,50.0,986.0,0,93,1982-01-10 18:00:00,1982-01-21 09:00:00,Weak (<64kt)
1982011S11141,SI,1982,BRUNO,50.0,980.0,0,96,1982-01-14 09:00:00,1982-01-22 06:00:00,Weak (<64kt)
1982011S12119,SI,1982,ERROL,55.0,980.0,0,62,1982-01-11 00:00:00,1982-01-18 15:00:00,Weak (<64kt)
1982027S16120,SI,1982,GRAHAM,55.0,980.0,0,53,1982-01-26 18:00:00,1982-02-02 06:00:00,Weak (<64kt)
1982030S15065,SI,1982,ELECTRE,44.0,984.0,0,61,1982-01-30 00:00:00,1982-02-06 12:00:00,Weak (<64kt)
1982031S20048,SI,1982,FRIDA,36.0,991.0,-5,13,1982-01-31 06:00:00,1982-02-01 18:00:00,Weak (<64kt)
1982035S13141,SI,1982,CORAL,25.0,1000.0,-5,10,1982-02-05 20:00:00,1982-02-06 12:00:00,Weak (<64kt)
1982036S16060,SI,1982,GABRIELLE,44.0,984.0,-5,51,1982-02-05 00:00:00,1982-02-11 06:00:00,Weak (<64kt)
1982043S12073,SI,1982,HEBERTE,28.0,997.0,-5,21,1982-02-12 00:00:00,1982-02-14 12:00:00,Weak (<64kt)
1982043S12104,SI,1982,HARRIET,50.0,988.0,0,73,1982-02-12 00:00:00,1982-02-21 00:00:00,Weak (<64kt)
1982054S13123,SI,1982,IAN,80.0,964.0,1,102,1982-02-23 03:00:00,1982-03-07 18:00:00,Moderate (64-95kt)
1982054S23036,SI,1982,UNNAMED,,,0,25,1982-02-22 12:00:00,1982-02-25 12:00:00,Unknown
1982054S23052,SI,1982,ISABEAU,28.0,997.0,-5,9,1982-02-23 06:00:00,1982-02-24 06:00:00,Weak (<64kt)
1982073N07153,WP,1982,MAMIE,50.0,990.0,0,87,1982-03-14 06:00:00,1982-03-25 00:00:00,Weak (<64kt)
1982075S11096,SI,1982,UNNAMED,,,0,37,1982-03-15 12:00:00,1982-03-20 00:00:00,Unknown
1982075S12055,SI,1982,JUSTINE,82.0,941.0,1,89,1982-03-16 06:00:00,1982-03-27 06:00:00,Moderate (64-95kt)
1982077N04161,WP,1982,NELSON,100.0,935.0,3,115,1982-03-18 00:00:00,1982-04-01 06:00:00,Intense (>=96kt)
1982087N04157,WP,1982,ODESSA,75.0,965.0,1,57,1982-03-28 06:00:00,1982-04-04 06:00:00,Moderate (64-95kt)
1982113S06085,SI,1982,KARLA,92.0,927.0,3,89,1982-04-23 06:00:00,1982-05-04 06:00:00,Moderate (64-95kt)
1982120N11083,NI,1982,UNNAMED,115.0,,4,56,1982-04-30 02:00:00,1982-05-05 14:00:00,Intense (>=96kt)
1982136N08140,WP,1982,PAT,90.0,945.0,3,67,1982-05-16 00:00:00,1982-05-24 06:00:00,Moderate (64-95kt)
1982150N13087,NI,1982,UNNAMED,90.0,952.0,0,61,1982-05-30 02:00:00,1982-06-05 03:00:00,Moderate (64-95kt)
1982168N23090,NI,1982,UNNAMED,25.0,,-5,9,1982-06-17 03:00:00,1982-06-18 03:00:00,Weak (<64kt)
1982169N09149,WP,1982,RUBY,70.0,975.0,1,83,1982-06-18 06:00:00,1982-06-28 12:00:00,Moderate (64-95kt)
1982176N18114,WP,1982,TESS:VAL,45.0,985.0,0,91,1982-06-25 00:00:00,1982-07-06 06:00:00,Weak (<64kt)
1982179N19128,WP,1982,SKIP,45.0,992.0,0,45,1982-06-28 00:00:00,1982-07-03 12:00:00,Weak (<64kt)
1982186S06056,SI,1983,UNNAMED,,,-1,17,1982-07-04 18:00:00,1982-07-06 18:00:00,Unknown
1982190N09148,WP,1982,WINONA,50.0,985.0,0,71,1982-07-09 06:00:00,1982-07-18 00:00:00,Weak (<64kt)
1982196N20069,NI,1982,UNNAMED,25.0,,-5,9,1982-07-15 03:00:00,1982-07-16 03:00:00,Weak (<64kt)
1982199N18088,NI,1982,UNNAMED,30.0,,-5,16,1982-07-18 03:00:00,1982-07-20 00:00:00,Weak (<64kt)
1982202N11165,WP,1982,BESS,125.0,900.0,5,129,1982-07-21 00:00:00,1982-08-06 00:00:00,Intense (>=96kt)
1982202N12148,WP,1982,ANDY,100.0,930.0,4,95,1982-07-21 00:00:00,1982-08-01 18:00:00,Intense (>=96kt)
1982213N13145,WP,1982,CECIL,110.0,920.0,4,143,1982-08-01 06:00:00,1982-08-19 00:00:00,Intense (>=96kt)
1982214N23090,NI,1982,UNNAMED,25.0,,-5,17,1982-08-02 03:00:00,1982-08-04 03:00:00,Weak (<64kt)
1982220N08154,WP,1982,DOT,80.0,970.0,1,81,1982-08-08 00:00:00,1982-08-18 00:00:00,Moderate (64-95kt)
1982224N20089,NI,1982,UNNAMED,25.0,,-5,6,1982-08-12 03:00:00,1982-08-12 18:00:00,Weak (<64kt)
1982227N09140,WP,1982,FAYE,80.0,960.0,2,159,1982-08-15 00:00:00,1982-09-03 18:00:00,Moderate (64-95kt)
1982229N09154,WP,1982,ELLIS,100.0,915.0,4,145,1982-08-17 00:00:00,1982-09-04 00:00:00,Intense (>=96kt)
1982230N21088,NI,1982,UNNAMED,25.0,,-5,12,1982-08-18 03:00:00,1982-08-19 12:00:00,Weak (<64kt)
1982237N26080,NI,1982,UNNAMED,25.0,,-5,1,1982-08-25 03:00:00,1982-08-25 03:00:00,Weak (<64kt)
1982238N10161,WP,1982,GORDON,90.0,945.0,3,110,1982-08-26 00:00:00,1982-09-08 15:00:00,Moderate (64-95kt)
1982239N19089,NI,1982,UNNAMED,25.0,,-5,52,1982-08-27 03:00:00,1982-09-02 12:00:00,Weak (<64kt)
1982246N16119,WP,1982,HOPE,55.0,980.0,0,39,1982-09-03 00:00:00,1982-09-07 18:00:00,Weak (<64kt)
1982247N11147,WP,1982,JUDY,80.0,955.0,2,95,1982-09-04 00:00:00,1982-09-15 18:00:00,Moderate (64-95kt)
1982248N14133,WP,1982,IRVING,85.0,950.0,2,95,1982-09-04 18:00:00,1982-09-16 12:00:00,Moderate (64-95kt)
1982252N18089,NI,1982,UNNAMED,25.0,,-5,9,1982-09-09 03:00:00,1982-09-10 03:00:00,Weak (<64kt)
1982257N17140,WP,1982,KEN,95.0,940.0,3,103,1982-09-14 06:00:00,1982-09-27 00:00:00,Moderate (64-95kt)
1982257N20172,WP,1982,LOLA,45.0,990.0,0,46,1982-09-14 00:00:00,1982-09-19 15:00:00,Weak (<64kt)
1982261N20150,WP,1982,UNNAMED,,,-1,53,1982-09-17 12:00:00,1982-09-24 00:00:00,Unknown
1982272N11156,WP,1982,MAC,120.0,895.0,5,109,1982-09-29 00:00:00,1982-10-12 12:00:00,Intense (>=96kt)
1982272N22092,NI,1982,UNNAMED,30.0,,-5,2,1982-09-29 00:00:00,1982-09-29 03:00:00,Weak (<64kt)
1982274N13071,NI,1982,UNNAMED,30.0,,-5,9,1982-10-01 03:00:00,1982-10-02 03:00:00,Weak (<64kt)
1982283N17148,WP,1982,NANCY,100.0,935.0,4,81,1982-10-10 00:00:00,1982-10-20 00:00:00,Intense (>=96kt)
1982286N09170,WP,1982,OWEN,90.0,940.0,3,129,1982-10-13 00:00:00,1982-10-29 00:00:00,Moderate (64-95kt)
1982286N17145,WP,1982,UNNAMED,,,-1,49,1982-10-13 00:00:00,1982-10-19 00:00:00,Unknown
1982287N13091,NI,1982,UNNAMED,55.0,,0,33,1982-10-13 18:00:00,1982-10-16 20:00:00,Weak (<64kt)
1982287N22137,WP,1982,UNNAMED,,,-5,31,1982-10-13 12:00:00,1982-10-17 06:00:00,Unknown
1982290N09084,NI,1982,UNNAMED,55.0,982.0,0,46,1982-10-16 12:00:00,1982-10-21 12:00:00,Weak (<64kt)
1982300S09056,SI,1983,ARILISY,28.0,997.0,-5,33,1982-10-27 06:00:00,1982-10-31 06:00:00,Weak (<64kt)
1982309N12066,NI,1982,UNNAMED,90.0,962.0,2,51,1982-11-04 12:00:00,1982-11-09 12:00:00,Moderate (64-95kt)
1982325N08176,WP,1982,PAMELA,90.0,940.0,3,145,1982-11-21 00:00:00,1982-12-09 00:00:00,Moderate (64-95kt)
1982332N07088,NI,1982,UNNAMED,30.0,,-5,9,1982-11-28 03:00:00,1982-11-29 03:00:00,Weak (<64kt)
1982333N09067,NI,1982,UNNAMED,30.0,,-5,7,1982-11-28 12:00:00,1982-11-29 06:00:00,Weak (<64kt)
1982334S09060,SI,1983,BEMANY,62.0,966.0,1,79,1982-11-29 12:00:00,1982-12-09 06:00:00,Weak (<64kt)
1982337N08084,NI,1982,UNNAMED,25.0,,-5,13,1982-12-02 12:00:00,1982-12-04 00:00:00,Weak (<64kt)
1982339N07139,WP,1982,ROGER,60.0,980.0,1,55,1982-12-05 00:00:00,1982-12-11 18:00:00,Weak (<64kt)
1982353S13064,SI,1983,CLERA,28.0,997.0,-5,11,1982-12-19 06:00:00,1982-12-20 12:00:00,Weak (<64kt)
1982355S09060,SI,1983,DADAFY,52.0,976.0,1,91,1982-12-21 00:00:00,1983-01-01 06:00:00,Weak (<64kt)
1983002S11112,SI,1983,JANE,90.0,947.0,1,72,1983-01-02 00:00:00,1983-01-10 18:00:00,Moderate (64-95kt)
1983010S08049,SI,1983,ELINAH,62.0,966.0,1,57,1983-01-09 12:00:00,1983-01-16 12:00:00,Weak (<64kt)
1983037S18062,SI,1983,UNNAMED,,,0,25,1983-02-05 12:00:00,1983-02-08 12:00:00,Unknown
1983059S13127,SI,1983,KEN,65.0,970.0,0,56,1983-02-27 12:00:00,1983-03-06 09:00:00,Moderate (64-95kt)
1983092S10125,SI,1983,LENA,65.0,980.0,0,57,1983-04-02 00:00:00,1983-04-09 00:00:00,Moderate (64-95kt)
1983110S12080,SI,1983,NAOMI,80.0,960.0,0,103,1983-04-19 12:00:00,1983-05-02 06:00:00,Moderate (64-95kt)
1983112S10096,SI,1983,MONTY,65.0,975.0,0,59,1983-04-22 06:00:00,1983-04-29 12:00:00,Moderate (64-95kt)
1983167N05145,WP,1983,SARAH,35.0,998.0,0,93,1983-06-16 00:00:00,1983-06-27 12:00:00,Weak (<64kt)
1983171N20071,NI,1983,UNNAMED,25.0,,-5,20,1983-06-20 03:00:00,1983-06-22 12:00:00,Weak (<64kt)
1983173S11056,SI,1983,FELY,20.0,1003.0,-5,19,1983-06-22 06:00:00,1983-06-24 12:00:00,Weak (<64kt)
1983175N18087,NI,1983,UNNAMED,30.0,,-5,28,1983-06-24 03:00:00,1983-06-27 12:00:00,Weak (<64kt)
1983186N04153,WP,1983,VERA,75.0,965.0,2,113,1983-07-05 00:00:00,1983-07-19 00:00:00,Moderate (64-95kt)
1983188N06136,WP,1983,TIP,65.0,975.0,1,59,1983-07-07 00:00:00,1983-07-14 06:00:00,Moderate (64-95kt)
1983192S05089,SI,1984,UNNAMED,,,0,33,1983-07-11 06:00:00,1983-07-15 06:00:00,Unknown
1983201N08144,WP,1983,WAYNE,110.0,920.0,4,49,1983-07-20 00:00:00,1983-07-26 00:00:00,Intense (>=96kt)
1983212N06151,WP,1983,ABBY,120.0,895.0,5,193,1983-07-31 00:00:00,1983-08-24 00:00:00,Intense (>=96kt)
1983216N23088,NI,1983,UNNAMED,30.0,,0,55,1983-08-04 00:00:00,1983-08-10 18:00:00,Weak (<64kt)
1983220N16111,WP,1983,CARMEN,40.0,992.0,0,61,1983-08-08 00:00:00,1983-08-15 12:00:00,Weak (<64kt)
1983223N23143,WP,1983,BEN,55.0,985.0,0,33,1983-08-11 06:00:00,1983-08-15 06:00:00,Weak (<64kt)
1983227N15142,WP,1983,UNNAMED,,,-5,1,1983-08-15 00:00:00,1983-08-15 00:00:00,Unknown
1983229N15140,WP,1983,DOM,40.0,996.0,0,114,1983-08-17 06:00:00,1983-08-31 09:00:00,Weak (<64kt)
1983237N25128,WP,1983,UNNAMED,,,-1,21,1983-08-25 06:00:00,1983-08-27 18:00:00,Unknown
1983239N10183,WP,1983,ELLEN,110.0,925.0,4,110,1983-08-27 15:00:00,1983-09-10 06:00:00,Intense (>=96kt)
1983252N25083,NI,1983,UNNAMED,25.0,,-5,13,1983-09-09 00:00:00,1983-09-10 12:00:00,Weak (<64kt)
1983259N08161,WP,1983,FORREST,110.0,885.0,5,118,1983-09-16 00:00:00,1983-09-30 15:00:00,Intense (>=96kt)
1983271N18118,WP,1983,GEORGIA,70.0,980.0,0,37,1983-09-27 12:00:00,1983-10-02 00:00:00,Moderate (64-95kt)
1983274N15119,WP,1983,UNNAMED,,,-5,25,1983-09-30 18:00:00,1983-10-03 18:00:00,Unknown
1983274N18089,NI,1983,UNNAMED,,,0,25,1983-10-01 00:00:00,1983-10-04 00:00:00,Unknown
1983276N06130,NI,1983,HERBERT,,,-5,1,1983-10-11 12:00:00,1983-10-11 12:00:00,Unknown
1983276N06130,WP,1983,HERBERT,45.0,994.0,0,68,1983-10-03 00:00:00,1983-10-11 09:00:00,Weak (<64kt)
1983279N04140,WP,1983,JOE,55.0,975.0,1,67,1983-10-06 00:00:00,1983-10-14 06:00:00,Weak (<64kt)
1983279N17148,WP,1983,IDA,60.0,975.0,1,58,1983-10-06 00:00:00,1983-10-13 03:00:00,Weak (<64kt)
1983282N09155,NI,1983,KIM,,,-1,19,1983-10-18 12:00:00,1983-10-20 18:00:00,Unknown
1983282N09155,WP,1983,KIM,40.0,994.0,0,76,1983-10-09 00:00:00,1983-10-18 09:00:00,Weak (<64kt)
1983287N09164,WP,1983,LEX,50.0,985.0,1,105,1983-10-14 00:00:00,1983-10-27 00:00:00,Weak (<64kt)
1983287N19091,NI,1983,HERBERT,55.0,,-5,12,1983-10-14 03:00:00,1983-10-15 12:00:00,Weak (<64kt)
1983295S08089,SI,1984,OSCAR,75.0,968.0,1,85,1983-10-22 00:00:00,1983-11-01 12:00:00,Moderate (64-95kt)
1983299N07172,WP,1983,MARGE,110.0,895.0,5,108,1983-10-26 00:00:00,1983-11-08 09:00:00,Intense (>=96kt)
1983301N11119,WP,1983,UNNAMED,,,-5,19,1983-10-27 18:00:00,1983-10-30 00:00:00,Unknown
1983309N10091,NI,1983,UNNAMED,90.0,,0,37,1983-11-05 06:00:00,1983-11-09 18:00:00,Moderate (64-95kt)
1983311N15161,WP,1983,NORRIS,45.0,994.0,0,37,1983-11-07 00:00:00,1983-11-11 12:00:00,Weak (<64kt)
1983315S06090,SI,1984,PEARL,,998.0,0,33,1983-11-10 18:00:00,1983-11-14 18:00:00,Unknown
1983317N12153,WP,1983,ORCHID,110.0,930.0,4,113,1983-11-13 00:00:00,1983-11-27 00:00:00,Intense (>=96kt)
1983319N05157,WP,1983,UNNAMED,,,-1,59,1983-11-15 00:00:00,1983-11-22 06:00:00,Unknown
1983321N11111,WP,1983,PERCY,70.0,970.0,1,65,1983-11-17 00:00:00,1983-11-25 00:00:00,Moderate (64-95kt)
1983324S08073,SI,1984,UNNAMED,,,0,45,1983-11-20 06:00:00,1983-11-25 18:00:00,Unknown
1983325N08148,WP,1983,RUTH,50.0,992.0,0,77,1983-11-21 00:00:00,1983-11-30 12:00:00,Weak (<64kt)
1983330S11113,SI,1984,QUENTON,90.0,955.0,1,35,1983-11-26 00:00:00,1983-11-30 03:00:00,Moderate (64-95kt)
1983334N09142,WP,1983,SPERRY,45.0,996.0,0,41,1983-11-30 00:00:00,1983-12-05 00:00:00,Weak (<64kt)
1983339S10065,SI,1984,ANDRY,92.0,927.0,4,89,1983-12-05 06:00:00,1983-12-16 06:00:00,Moderate (64-95kt)
1983347N06154,WP,1983,THELMA,55.0,990.0,0,45,1983-12-13 00:00:00,1983-12-18 12:00:00,Weak (<64kt)
1983352N08129,WP,1983,UNNAMED,,,-5,11,1983-12-17 18:00:00,1983-12-19 00:00:00,Unknown
1983353S06130,SI,1984,ESTHER,50.0,990.0,0,61,1983-12-18 23:00:00,1983-12-24 06:00:00,Weak (<64kt)
1983353S08070,SI,1984,BAKOLY,92.0,927.0,2,99,1983-12-19 00:00:00,1983-12-31 06:00:00,Moderate (64-95kt)
1983356N08081,NI,1983,UNNAMED,25.0,,-5,9,1983-12-21 12:00:00,1983-12-22 12:00:00,Weak (<64kt)
1983359S13083,SI,1984,SHARON,,,-5,49,1983-12-25 00:00:00,1983-12-31 00:00:00,Unknown
1984002S14108,SI,1984,TIM,55.0,980.0,0,72,1984-01-02 06:00:00,1984-01-11 00:00:00,Weak (<64kt)
1984005S15044,SI,1984,CABOTO,36.0,991.0,-5,47,1984-01-04 12:00:00,1984-01-10 06:00:00,Weak (<64kt)
1984016S15073,SI,1984,DOMOINA,52.0,976.0,0,137,1984-01-16 06:00:00,1984-02-02 06:00:00,Weak (<64kt)
1984020S11077,SI,1984,EDOARA,36.0,991.0,0,54,1984-01-19 18:00:00,1984-01-26 06:00:00,Weak (<64kt)
1984022S08086,SI,1984,FANJA:VIVIENNE,65.0,975.0,1,65,1984-01-22 06:00:00,1984-01-30 06:00:00,Moderate (64-95kt)
1984025S14073,SI,1984,GALY,36.0,991.0,-5,113,1984-01-25 06:00:00,1984-02-08 06:00:00,Weak (<64kt)
1984033S12115,SI,1984,WILLY,80.0,960.0,0,74,1984-02-02 00:00:00,1984-02-11 00:00:00,Moderate (64-95kt)
1984035S09101,SI,1984,ANNETTE:JAMINY,92.0,927.0,3,161,1984-02-03 12:00:00,1984-02-23 12:00:00,Moderate (64-95kt)
1984038S12073,SI,1984,HAJA,52.0,976.0,0,121,1984-02-07 06:00:00,1984-02-22 06:00:00,Weak (<64kt)
1984041S17042,SI,1984,IMBOA,52.0,976.0,0,89,1984-02-10 06:00:00,1984-02-21 06:00:00,Weak (<64kt)
1984048S16120,SI,1984,BOBBY,95.0,950.0,2,55,1984-02-16 18:00:00,1984-02-23 12:00:00,Moderate (64-95kt)
1984049S20076,SI,1984,UNNAMED,,,-5,9,1984-02-17 15:00:00,1984-02-18 15:00:00,Unknown
1984053S30068,SI,1984,JAMINY,36.0,1000.0,-5,16,1984-02-22 09:00:00,1984-02-24 06:00:00,Weak (<64kt)
1984057S14124,SI,1984,CHLOE,90.0,955.0,1,55,1984-02-25 21:00:00,1984-03-03 15:00:00,Moderate (64-95kt)
1984062S12131,SI,1984,FERDINAND,60.0,980.0,-5,58,1984-03-02 00:00:00,1984-03-06 00:00:00,Weak (<64kt)
1984066S12151,SI,1984,JIM,55.0,982.0,0,20,1984-03-09 21:00:00,1984-03-12 06:00:00,Weak (<64kt)
1984067S09101,SI,1984,DARYL,90.0,955.0,1,111,1984-03-06 12:00:00,1984-03-20 06:00:00,Moderate (64-95kt)
1984077S12149,SI,1984,KATHY,50.0,994.0,-5,7,1984-03-23 15:00:00,1984-03-24 00:00:00,Weak (<64kt)
1984094S10080,SI,1984,KAMISY,92.0,927.0,3,105,1984-04-03 06:00:00,1984-04-16 06:00:00,Moderate (64-95kt)
1984145N11056,NI,1984,UNNAMED,,,0,39,1984-05-23 12:00:00,1984-05-28 06:00:00,Unknown
1984158N18068,NI,1984,UNNAMED,25.0,,-5,9,1984-06-05 12:00:00,1984-06-06 12:00:00,Weak (<64kt)
1984159N12116,WP,1984,VERNON,40.0,994.0,0,35,1984-06-07 00:00:00,1984-06-11 06:00:00,Weak (<64kt)
1984169N20137,NI,1984,WYNNE,,,-5,2,1984-06-27 03:00:00,1984-06-27 06:00:00,Unknown
1984169N20137,WP,1984,WYNNE,55.0,980.0,0,81,1984-06-17 00:00:00,1984-06-27 00:00:00,Weak (<64kt)
1984180N16130,WP,1984,ALEX,80.0,960.0,1,65,1984-06-28 00:00:00,1984-07-06 00:00:00,Moderate (64-95kt)
1984184N06139,WP,1984,BETTY,50.0,985.0,0,71,1984-07-02 00:00:00,1984-07-10 18:00:00,Weak (<64kt)
1984186N16154,WP,1984,CARY,80.0,955.0,2,137,1984-07-04 00:00:00,1984-07-21 00:00:00,Moderate (64-95kt)
1984204N21162,WP,1984,DINAH,100.0,915.0,4,90,1984-07-21 18:00:00,1984-08-01 21:00:00,Intense (>=96kt)
1984207N29135,WP,1984,ED,80.0,950.0,3,75,1984-07-24 18:00:00,1984-08-03 00:00:00,Moderate (64-95kt)
1984213N20089,NI,1984,UNNAMED,25.0,,-5,62,1984-07-31 03:00:00,1984-08-07 18:00:00,Weak (<64kt)
1984214N12143,WP,1984,FREDA,50.0,985.0,0,150,1984-08-01 00:00:00,1984-08-19 15:00:00,Weak (<64kt)
1984220N03145,WP,1984,UNNAMED,,,-1,63,1984-08-07 00:00:00,1984-08-14 18:00:00,Unknown
1984222N20115,WP,1984,UNNAMED,,,-5,17,1984-08-09 06:00:00,1984-08-11 06:00:00,Unknown
1984225N18142,WP,1984,HOLLY,70.0,960.0,1,91,1984-08-12 00:00:00,1984-08-23 06:00:00,Moderate (64-95kt)
1984227N18118,WP,1984,GERALD,55.0,980.0,0,85,1984-08-14 00:00:00,1984-08-24 12:00:00,Weak (<64kt)
1984227N21135,WP,1984,UNNAMED,,,-5,25,1984-08-14 00:00:00,1984-08-17 00:00:00,Unknown
1984228N20091,NI,1984,UNNAMED,25.0,,-5,37,1984-08-15 00:00:00,1984-08-19 12:00:00,Weak (<64kt)
1984234N16147,WP,1984,UNNAMED,,,-1,65,1984-08-21 00:00:00,1984-08-29 00:00:00,Unknown
1984236N42146,WP,1984,HOLLY,,,-5,13,1984-08-23 00:00:00,1984-08-24 12:00:00,Unknown
1984238N18137,WP,1984,JUNE,65.0,985.0,0,79,1984-08-25 00:00:00,1984-09-03 18:00:00,Moderate (64-95kt)
1984239N08146,WP,1984,IKE,90.0,950.0,4,95,1984-08-26 00:00:00,1984-09-06 18:00:00,Moderate (64-95kt)
1984255N25173,WP,1984,KELLY,70.0,965.0,1,65,1984-09-11 00:00:00,1984-09-19 00:00:00,Moderate (64-95kt)
1984267N18120,WP,1984,LYNN,45.0,998.0,0,41,1984-09-22 18:00:00,1984-09-27 18:00:00,Weak (<64kt)
1984270N19141,WP,1984,NINA,45.0,992.0,0,55,1984-09-26 00:00:00,1984-10-02 18:00:00,Weak (<64kt)
1984270N22147,WP,1984,MAURY,50.0,990.0,0,47,1984-09-26 06:00:00,1984-10-02 00:00:00,Weak (<64kt)
1984277N07151,WP,1984,OGDEN,65.0,980.0,1,61,1984-10-03 00:00:00,1984-10-10 12:00:00,Moderate (64-95kt)
1984281N13146,WP,1984,PHYLLIS,65.0,975.0,1,63,1984-10-07 00:00:00,1984-10-14 18:00:00,Moderate (64-95kt)
1984283N09139,WP,1984,ROY,40.0,996.0,0,41,1984-10-09 00:00:00,1984-10-14 00:00:00,Weak (<64kt)
1984284N11116,WP,1984,SUSAN,40.0,996.0,0,43,1984-10-10 00:00:00,1984-10-15 06:00:00,Weak (<64kt)
1984285N17089,NI,1984,UNNAMED,65.0,,0,41,1984-10-10 12:00:00,1984-10-15 12:00:00,Moderate (64-95kt)
1984290N06153,WP,1984,THAD,90.0,935.0,4,79,1984-10-16 00:00:00,1984-10-25 18:00:00,Moderate (64-95kt)
1984291N13130,WP,1984,WARREN,60.0,975.0,1,133,1984-10-17 00:00:00,1984-11-02 12:00:00,Weak (<64kt)
1984292N08151,WP,1984,UNNAMED,,,-5,9,1984-10-18 00:00:00,1984-10-19 00:00:00,Unknown
1984294N04163,WP,1984,VANESSA,120.0,880.0,5,94,1984-10-20 00:00:00,1984-10-31 15:00:00,Intense (>=96kt)
1984299N18127,WP,1984,UNNAMED,,,-5,17,1984-10-24 12:00:00,1984-10-26 12:00:00,Unknown
1984302N00149,WP,1984,AGNES,105.0,925.0,4,99,1984-10-28 00:00:00,1984-11-09 06:00:00,Intense (>=96kt)
1984313N14154,WP,1984,BILL,100.0,910.0,4,123,1984-11-08 00:00:00,1984-11-23 06:00:00,Intense (>=96kt)
1984314N09088,NI,1984,UNNAMED,115.0,,2,51,1984-11-09 00:00:00,1984-11-15 06:00:00,Intense (>=96kt)
1984314S08081,SI,1985,UNNAMED,,,0,65,1984-11-09 06:00:00,1984-11-17 06:00:00,Unknown
1984317N04164,WP,1984,CLARA,90.0,940.0,3,89,1984-11-12 00:00:00,1984-11-23 00:00:00,Moderate (64-95kt)
1984325S15052,SI,1985,ANETY,36.0,1003.0,-5,27,1984-11-20 00:00:00,1984-11-23 06:00:00,Weak (<64kt)
1984332N08086,NI,1984,UNNAMED,115.0,,1,89,1984-11-27 06:00:00,1984-12-08 06:00:00,Intense (>=96kt)
1984336N05156,WP,1984,DOYLE,100.0,940.0,4,89,1984-12-01 00:00:00,1984-12-12 00:00:00,Intense (>=96kt)
1984337S11082,SI,1985,BOBALAHY,44.0,984.0,0,83,1984-12-02 06:00:00,1984-12-12 12:00:00,Weak (<64kt)
1984339S05102,SI,1985,EMMA,65.0,967.0,0,77,1984-12-03 18:00:00,1984-12-13 06:00:00,Moderate (64-95kt)
1984343S10132,SI,1985,UNNAMED,,,-1,24,1984-12-08 06:00:00,1984-12-11 03:00:00,Unknown
1984355S16129,SI,1985,FRANK,85.0,950.0,1,75,1984-12-19 18:00:00,1984-12-28 00:00:00,Moderate (64-95kt)
1985004N04131,WP,1985,FABIAN,50.0,990.0,0,91,1985-01-04 00:00:00,1985-01-15 06:00:00,Weak (<64kt)
1985005N04157,WP,1985,ELSIE,35.0,1000.0,0,53,1985-01-05 00:00:00,1985-01-11 12:00:00,Weak (<64kt)
1985009S11072,SI,1985,CELESTINA,52.0,976.0,1,113,1985-01-09 06:00:00,1985-01-23 06:00:00,Weak (<64kt)
1985012S11085,SI,1985,UNNAMED,,,0,45,1985-01-12 06:00:00,1985-01-17 18:00:00,Unknown
1985013N11131,WP,1985,FABIAN,,,-5,5,1985-01-13 06:00:00,1985-01-13 18:00:00,Unknown
1985025S09073,SI,1985,DITRA,62.0,966.0,1,59,1985-01-25 06:00:00,1985-02-01 12:00:00,Weak (<64kt)
1985026S16126,SI,1985,GERTIE,60.0,973.0,0,74,1985-01-26 00:00:00,1985-02-03 00:00:00,Weak (<64kt)
1985034S12082,SI,1985,ESITERA,44.0,984.0,0,65,1985-02-03 06:00:00,1985-02-11 06:00:00,Weak (<64kt)
1985040S17054,SI,1985,ESITERA,36.0,991.0,-5,20,1985-02-09 09:00:00,1985-02-11 18:00:00,Weak (<64kt)
1985041S14129,SI,1985,HUBERT,80.0,954.0,0,75,1985-02-10 00:00:00,1985-02-19 06:00:00,Moderate (64-95kt)
1985042S08101,SI,1985,ISOBEL,75.0,960.0,0,87,1985-02-11 06:00:00,1985-02-22 00:00:00,Moderate (64-95kt)
1985042S18060,SI,1985,GERIMENA,44.0,984.0,1,171,1985-02-11 06:00:00,1985-03-04 12:00:00,Weak (<64kt)
1985043S16042,SI,1985,FELIKSA,52.0,976.0,0,57,1985-02-12 00:00:00,1985-02-19 00:00:00,Weak (<64kt)
1985046S09128,SI,1985,JACOB,75.0,950.0,1,105,1985-02-15 00:00:00,1985-02-28 00:00:00,Moderate (64-95kt)
1985050S12076,SI,1985,UNNAMED,,,0,21,1985-02-18 12:00:00,1985-02-21 00:00:00,Unknown
1985060S11112,SI,1985,KIRSTY,110.0,920.0,4,148,1985-03-01 00:00:00,1985-03-19 00:00:00,Intense (>=96kt)
1985065S09118,SI,1985,LINDSAY,80.0,950.0,0,48,1985-03-06 00:00:00,1985-03-11 18:00:00,Moderate (64-95kt)
1985078S14138,SI,1985,SANDY,40.0,990.0,0,79,1985-03-25 00:00:00,1985-04-03 18:00:00,Weak (<64kt)
1985097S09076,SI,1985,HELISAONINA,82.0,941.0,3,97,1985-04-07 06:00:00,1985-04-19 06:00:00,Moderate (64-95kt)
1985100S07104,SI,1985,MARGOT,85.0,942.0,1,120,1985-04-10 03:00:00,1985-04-25 00:00:00,Moderate (64-95kt)
1985101S10136,SI,1985,GRETEL,50.0,984.0,0,23,1985-04-11 12:00:00,1985-04-14 06:00:00,Weak (<64kt)
1985110N12127,WP,1985,UNNAMED,,,-5,85,1985-04-20 00:00:00,1985-04-30 12:00:00,Unknown
1985136N07129,WP,1985,GAY,80.0,950.0,3,101,1985-05-16 00:00:00,1985-05-28 12:00:00,Moderate (64-95kt)
1985142N16089,NI,1985,UNNAMED,65.0,,0,35,1985-05-21 21:00:00,1985-05-25 18:00:00,Moderate (64-95kt)
1985148N15067,NI,1985,UNNAMED,45.0,,0,32,1985-05-28 03:00:00,1985-06-01 00:00:00,Weak (<64kt)
1985162N05154,WP,1985,HAL,80.0,960.0,3,137,1985-06-11 00:00:00,1985-06-28 00:00:00,Moderate (64-95kt)
1985166N19111,WP,1985,UNNAMED,35.0,990.0,-1,59,1985-06-14 18:00:00,1985-06-22 00:00:00,Weak (<64kt)
1985168N05156,WP,1985,IRMA,80.0,960.0,2,167,1985-06-17 00:00:00,1985-07-07 18:00:00,Moderate (64-95kt)
1985168N22122,WP,1985,UNNAMED,,,-5,25,1985-06-17 00:00:00,1985-06-20 00:00:00,Unknown
1985179N21115,WP,1985,UNNAMED,,,-5,33,1985-06-28 00:00:00,1985-07-02 00:00:00,Unknown
1985183N08136,WP,1985,UNNAMED,,,-5,53,1985-07-02 06:00:00,1985-07-08 18:00:00,Unknown
1985199N08143,WP,1985,JEFF,70.0,970.0,1,133,1985-07-18 00:00:00,1985-08-03 12:00:00,Moderate (64-95kt)
1985212N22148,WP,1985,KIT,75.0,960.0,2,147,1985-07-30 12:00:00,1985-08-17 18:00:00,Moderate (64-95kt)
1985213N20088,NI,1985,UNNAMED,25.0,,-5,8,1985-08-01 03:00:00,1985-08-02 00:00:00,Weak (<64kt)
1985217N30075,NI,1985,UNNAMED,25.0,,-5,9,1985-08-05 03:00:00,1985-08-06 03:00:00,Weak (<64kt)
1985218N21088,NI,1985,UNNAMED,25.0,,-5,25,1985-08-06 03:00:00,1985-08-09 03:00:00,Weak (<64kt)
1985220N18128,WP,1985,LEE,60.0,975.0,0,69,1985-08-08 00:00:00,1985-08-16 12:00:00,Weak (<64kt)
1985221N18111,WP,1985,UNNAMED,,,-5,59,1985-08-08 12:00:00,1985-08-15 18:00:00,Unknown
1985226N19088,NI,1985,UNNAMED,25.0,,-5,8,1985-08-14 03:00:00,1985-08-15 00:00:00,Weak (<64kt)
1985226N23126,WP,1985,MAMIE,65.0,975.0,1,63,1985-08-14 00:00:00,1985-08-21 18:00:00,Moderate (64-95kt)
1985227N16149,WP,1985,NELSON,80.0,950.0,2,87,1985-08-15 00:00:00,1985-08-25 18:00:00,Moderate (64-95kt)
1985231N16142,WP,1985,ODESSA,80.0,955.0,2,113,1985-08-19 00:00:00,1985-09-02 00:00:00,Moderate (64-95kt)
1985231N25121,WP,1985,UNNAMED,,,-5,99,1985-08-19 00:00:00,1985-08-31 06:00:00,Unknown
1985236N23125,WP,1985,PAT,75.0,955.0,2,77,1985-08-24 00:00:00,1985-09-02 12:00:00,Moderate (64-95kt)
1985237N21130,WP,1985,RUBY,55.0,985.0,0,80,1985-08-25 00:00:00,1985-09-03 21:00:00,Weak (<64kt)
1985240N08148,WP,1985,TESS,70.0,970.0,1,97,1985-08-28 00:00:00,1985-09-09 00:00:00,Moderate (64-95kt)
1985240N09198,WP,1985,SKIP,75.0,970.0,1,66,1985-08-30 21:00:00,1985-09-08 00:00:00,Moderate (64-95kt)
1985244N27124,WP,1985,UNNAMED,,,-5,29,1985-09-01 00:00:00,1985-09-04 12:00:00,Unknown
1985256N13146,WP,1985,VAL,45.0,996.0,0,47,1985-09-12 12:00:00,1985-09-18 06:00:00,Weak (<64kt)
1985260N13115,WP,1985,WINONA,45.0,990.0,0,57,1985-09-17 00:00:00,1985-09-24 00:00:00,Weak (<64kt)
1985262N18090,NI,1985,UNNAMED,45.0,,-5,20,1985-09-19 03:00:00,1985-09-21 12:00:00,Weak (<64kt)
1985265S10080,SI,1986,UNNAMED,,,0,61,1985-09-22 06:00:00,1985-09-29 18:00:00,Unknown
1985266N25077,NI,1985,UNNAMED,25.0,,-5,12,1985-09-23 03:00:00,1985-09-24 12:00:00,Weak (<64kt)
1985267N08133,WP,1985,ANDY,,1006.0,-5,16,1985-09-24 06:00:00,1985-09-26 03:00:00,Unknown
1985268N03161,WP,1985,BRENDAN,85.0,955.0,2,111,1985-09-25 00:00:00,1985-10-08 18:00:00,Moderate (64-95kt)
1985268N16126,WP,1985,ANDY,55.0,985.0,1,59,1985-09-25 00:00:00,1985-10-02 06:00:00,Weak (<64kt)
1985274N14084,NI,1985,UNNAMED,25.0,,-5,9,1985-10-01 03:00:00,1985-10-02 03:00:00,Weak (<64kt)
1985279N20072,NI,1985,UNNAMED,25.0,,-5,25,1985-10-06 03:00:00,1985-10-09 03:00:00,Weak (<64kt)
1985281N02144,NI,1985,CECIL,,,-5,2,1985-10-17 09:00:00,1985-10-17 12:00:00,Unknown
1985281N02144,WP,1985,CECIL,80.0,960.0,3,75,1985-10-08 00:00:00,1985-10-17 06:00:00,Moderate (64-95kt)
1985282N12090,NI,1985,UNNAMED,45.0,,0,39,1985-10-08 18:00:00,1985-10-13 12:00:00,Weak (<64kt)
1985283N07115,WP,1985,UNNAMED,,,-5,15,1985-10-10 00:00:00,1985-10-11 18:00:00,Unknown
1985284N05159,NI,1985,DOT,,,-5,1,1985-10-22 12:00:00,1985-10-22 12:00:00,Unknown
1985284N05159,WP,1985,DOT,120.0,895.0,5,92,1985-10-11 00:00:00,1985-10-22 09:00:00,Intense (>=96kt)
1985286N05162,WP,1985,ELLIS,50.0,996.0,0,81,1985-10-13 00:00:00,1985-10-23 00:00:00,Weak (<64kt)
1985287N13093,NI,1985,UNNAMED,45.0,,0,30,1985-10-13 12:00:00,1985-10-17 03:00:00,Weak (<64kt)
1985294N10122,WP,1985,FAYE,75.0,965.0,3,95,1985-10-21 00:00:00,1985-11-01 18:00:00,Moderate (64-95kt)
1985316N13081,NI,1985,UNNAMED,25.0,,-5,4,1985-11-12 03:00:00,1985-11-12 12:00:00,Weak (<64kt)
1985317N12082,NI,1985,UNNAMED,35.0,,0,40,1985-11-13 06:00:00,1985-11-18 00:00:00,Weak (<64kt)
1985323N05107,WP,1985,GORDON,40.0,998.0,0,57,1985-11-19 00:00:00,1985-11-26 00:00:00,Weak (<64kt)
1985329S09104,SI,1986,NICHOLAS,85.0,945.0,1,99,1985-11-25 06:00:00,1985-12-07 12:00:00,Moderate (64-95kt)
1985343N04090,NI,1985,UNNAMED,35.0,,0,41,1985-12-09 06:00:00,1985-12-14 06:00:00,Weak (<64kt)
1985347N07155,WP,1985,HOPE,90.0,950.0,3,103,1985-12-13 00:00:00,1985-12-25 18:00:00,Moderate (64-95kt)
1985347N09114,WP,1985,IRVING,50.0,992.0,0,77,1985-12-13 00:00:00,1985-12-22 12:00:00,Weak (<64kt)
1985356S20040,SI,1986,ALIFREDY,36.0,997.0,-5,41,1985-12-22 06:00:00,1985-12-27 06:00:00,Weak (<64kt)
1986005S15043,SI,1986,BEROBIA,44.0,984.0,0,41,1986-01-05 06:00:00,1986-01-10 06:00:00,Weak (<64kt)
1986006N03087,NI,1986,UNNAMED,30.0,,0,43,1986-01-06 00:00:00,1986-01-11 06:00:00,Weak (<64kt)
1986007S07080,SI,1986,DELIFINA,52.0,976.0,3,99,1986-01-07 00:00:00,1986-01-19 06:00:00,Weak (<64kt)
1986007S09098,SI,1986,OPHELIA,45.0,986.0,0,55,1986-01-07 00:00:00,1986-01-13 18:00:00,Weak (<64kt)
1986007S11055,SI,1986,COSTA,52.0,976.0,1,97,1986-01-07 06:00:00,1986-01-19 06:00:00,Weak (<64kt)
1986009S22040,SI,1986,UNNAMED,,,-5,8,1986-01-09 03:00:00,1986-01-10 00:00:00,Unknown
1986011S12130,SI,1986,UNNAMED,,,0,29,1986-01-11 00:00:00,1986-01-14 12:00:00,Unknown
1986017S12131,SI,1986,HECTOR,40.0,982.0,0,74,1986-01-17 02:00:00,1986-01-24 06:00:00,Weak (<64kt)
1986018S14108,SI,1986,PANCHO,55.0,976.0,0,33,1986-01-18 00:00:00,1986-01-22 00:00:00,Weak (<64kt)
1986028N04158,WP,1986,UNNAMED,,,-5,30,1986-01-27 18:00:00,1986-01-31 09:00:00,Unknown
1986029N04152,WP,1986,JUDY,70.0,970.0,2,65,1986-01-29 00:00:00,1986-02-06 00:00:00,Moderate (64-95kt)
1986029S13069,SI,1986,ERINESTA,92.0,927.0,4,107,1986-01-29 06:00:00,1986-02-11 12:00:00,Moderate (64-95kt)
1986036S10082,SI,1986,FILOMENA,36.0,991.0,0,61,1986-02-05 06:00:00,1986-02-12 18:00:00,Weak (<64kt)
1986048S16116,SI,1986,RHONDA,65.0,968.0,0,43,1986-02-17 00:00:00,1986-02-22 00:00:00,Moderate (64-95kt)
1986049S18043,SI,1986,GISTA,52.0,976.0,2,55,1986-02-18 06:00:00,1986-02-25 00:00:00,Weak (<64kt)
1986052S13114,SI,1986,SELWYN,60.0,980.0,0,41,1986-02-21 06:00:00,1986-02-26 06:00:00,Weak (<64kt)
1986056S09130,SI,1986,TIFFANY,50.0,984.0,0,35,1986-02-25 06:00:00,1986-03-01 12:00:00,Weak (<64kt)
1986061S13124,SI,1986,VICTOR,100.0,930.0,3,60,1986-03-02 09:00:00,1986-03-09 06:00:00,Intense (>=96kt)
1986067S11080,SI,1986,HONORININA,82.0,941.0,3,127,1986-03-07 12:00:00,1986-03-23 06:00:00,Moderate (64-95kt)
1986070S13082,SI,1986,IARIMA,36.0,991.0,0,57,1986-03-11 00:00:00,1986-03-18 00:00:00,Weak (<64kt)
1986085S13091,SI,1986,JEFOTRA,72.0,954.0,3,87,1986-03-25 12:00:00,1986-04-05 06:00:00,Moderate (64-95kt)
1986094N06138,WP,1986,UNNAMED,,,-5,27,1986-04-03 12:00:00,1986-04-06 18:00:00,Unknown
1986095S11105,SI,1986,ALISON:KRISOSTOMA,60.0,974.0,1,78,1986-04-04 18:00:00,1986-04-14 06:00:00,Weak (<64kt)
1986103S19089,SI,1986,KRISOSTOMA,,,-5,10,1986-04-12 18:00:00,1986-04-13 21:00:00,Unknown
1986112N02152,WP,1986,KEN,65.0,980.0,2,91,1986-04-22 00:00:00,1986-05-03 06:00:00,Moderate (64-95kt)
1986124S05090,SI,1986,BILLY:LILA,90.0,950.0,2,91,1986-05-04 00:00:00,1986-05-15 03:00:00,Moderate (64-95kt)
1986129S12094,SI,1986,LILA,,,-5,9,1986-05-08 16:00:00,1986-05-09 15:00:00,Unknown
1986130S15088,SI,1986,LILA,,,-5,24,1986-05-10 09:00:00,1986-05-13 06:00:00,Unknown
1986134N08149,WP,1986,LOLA,120.0,910.0,5,90,1986-05-14 00:00:00,1986-05-25 03:00:00,Intense (>=96kt)
1986136N18114,WP,1986,MAC,40.0,992.0,0,113,1986-05-16 06:00:00,1986-05-30 06:00:00,Weak (<64kt)
1986169N07152,WP,1986,NANCY,70.0,955.0,1,75,1986-06-18 00:00:00,1986-06-27 06:00:00,Moderate (64-95kt)
1986172N04161,WP,1986,OWEN,45.0,985.0,0,127,1986-06-21 00:00:00,1986-07-06 18:00:00,Weak (<64kt)
1986175N18112,WP,1986,UNNAMED,,,-5,19,1986-06-23 18:00:00,1986-06-26 00:00:00,Unknown
1986179N11175,WP,1986,PEGGY,110.0,900.0,5,127,1986-06-28 00:00:00,1986-07-13 18:00:00,Intense (>=96kt)
1986190N11162,WP,1986,ROGER,75.0,955.0,2,79,1986-07-09 00:00:00,1986-07-18 18:00:00,Moderate (64-95kt)
1986200N17111,WP,1986,UNNAMED,35.0,996.0,-5,45,1986-07-19 00:00:00,1986-07-24 12:00:00,Weak (<64kt)
1986206N23127,WP,1986,UNNAMED,,,-5,15,1986-07-25 06:00:00,1986-07-27 00:00:00,Unknown
1986209N13139,WP,1986,SARAH,55.0,980.0,0,97,1986-07-28 00:00:00,1986-08-09 00:00:00,Weak (<64kt)
1986212S08085,SI,1987,UNNAMED,,,0,33,1986-07-30 12:00:00,1986-08-03 12:00:00,Unknown
1986214N09234,WP,1986,GEORGETTE,60.0,970.0,1,67,1986-08-08 12:00:00,1986-08-16 18:00:00,Weak (<64kt)
1986221N15115,WP,1986,UNNAMED,,,-5,27,1986-08-09 00:00:00,1986-08-12 06:00:00,Unknown
1986221N17163,WP,1986,TIP,70.0,965.0,1,152,1986-08-09 00:00:00,1986-08-27 21:00:00,Moderate (64-95kt)
1986221N22070,NI,1986,UNNAMED,,,-5,12,1986-08-09 03:00:00,1986-08-10 12:00:00,Unknown
1986223N18088,NI,1986,UNNAMED,25.0,,-5,14,1986-08-10 12:00:00,1986-08-12 03:00:00,Weak (<64kt)
1986225N17134,WP,1986,VERA,90.0,925.0,3,161,1986-08-13 00:00:00,1986-09-02 00:00:00,Moderate (64-95kt)
1986228N19120,NI,1986,WAYNE,,,-5,2,1986-09-06 21:00:00,1986-09-07 00:00:00,Unknown
1986228N19120,WP,1986,WAYNE,75.0,955.0,2,175,1986-08-16 00:00:00,1986-09-06 18:00:00,Moderate (64-95kt)
1986229N18130,WP,1986,UNNAMED,,,0,9,1986-08-16 18:00:00,1986-08-17 18:00:00,Unknown
1986231N21088,NI,1986,UNNAMED,25.0,,-5,4,1986-08-19 03:00:00,1986-08-19 12:00:00,Weak (<64kt)
1986240N24160,WP,1986,UNNAMED,35.0,992.0,-5,85,1986-08-28 06:00:00,1986-09-07 18:00:00,Weak (<64kt)
1986252N06153,WP,1986,ABBY,85.0,945.0,2,121,1986-09-09 00:00:00,1986-09-24 00:00:00,Moderate (64-95kt)
1986259N07170,WP,1986,BEN,100.0,920.0,4,130,1986-09-16 00:00:00,1986-10-02 03:00:00,Intense (>=96kt)
1986267N21088,NI,1986,UNNAMED,25.0,,-5,9,1986-09-24 03:00:00,1986-09-25 03:00:00,Weak (<64kt)
1986270N05178,WP,1986,CARMEN,85.0,940.0,3,115,1986-09-27 00:00:00,1986-10-11 06:00:00,Moderate (64-95kt)
1986275N10134,WP,1986,DOM,40.0,996.0,0,81,1986-10-02 00:00:00,1986-10-12 00:00:00,Weak (<64kt)
1986276N07177,WP,1986,ELLEN,70.0,965.0,1,139,1986-10-03 00:00:00,1986-10-20 06:00:00,Moderate (64-95kt)
1986283N10179,WP,1986,FORREST,90.0,930.0,3,107,1986-10-10 00:00:00,1986-10-23 06:00:00,Moderate (64-95kt)
1986287N09141,WP,1986,GEORGIA,45.0,985.0,0,75,1986-10-14 00:00:00,1986-10-23 06:00:00,Weak (<64kt)
1986302N05178,WP,1986,HERBERT,60.0,985.0,0,115,1986-10-29 00:00:00,1986-11-12 06:00:00,Weak (<64kt)
1986308N11090,NI,1986,UNNAMED,45.0,,0,45,1986-11-04 00:00:00,1986-11-09 12:00:00,Weak (<64kt)
1986309N07162,WP,1986,IDA,50.0,985.0,0,115,1986-11-05 00:00:00,1986-11-19 06:00:00,Weak (<64kt)
1986311N12072,NI,1986,UNNAMED,30.0,,0,37,1986-11-07 00:00:00,1986-11-11 12:00:00,Weak (<64kt)
1986316N06146,WP,1986,JOE,85.0,940.0,3,109,1986-11-12 00:00:00,1986-11-25 12:00:00,Moderate (64-95kt)
1986328N08110,WP,1986,UNNAMED,,,-5,9,1986-11-24 00:00:00,1986-11-25 00:00:00,Unknown
1986330N05173,WP,1986,KIM,110.0,905.0,4,139,1986-11-26 00:00:00,1986-12-13 06:00:00,Intense (>=96kt)
1986333N04179,WP,1986,LEX,50.0,994.0,0,83,1986-11-29 00:00:00,1986-12-09 06:00:00,Weak (<64kt)
1986334N06113,WP,1986,UNNAMED,,,-5,25,1986-11-29 12:00:00,1986-12-02 12:00:00,Unknown
1986343N05176,WP,1986,MARGE,85.0,950.0,2,135,1986-12-09 00:00:00,1986-12-25 18:00:00,Moderate (64-95kt)
1986353N03178,WP,1986,NORRIS,85.0,955.0,2,121,1986-12-19 00:00:00,1987-01-03 00:00:00,Moderate (64-95kt)
1987001S14055,SI,1987,UNNAMED,,,-5,45,1987-01-01 00:00:00,1987-01-06 12:00:00,Unknown
1987006S06076,SI,1987,UNNAMED,,,0,51,1987-01-06 06:00:00,1987-01-12 12:00:00,Unknown
1987007N06162,WP,1987,ORCHID,90.0,955.0,2,63,1987-01-06 12:00:00,1987-01-14 06:00:00,Moderate (64-95kt)
1987009S08095,SI,1987,UNNAMED,,,0,31,1987-01-09 06:00:00,1987-01-13 00:00:00,Unknown
1987015S16125,SI,1987,CONNIE,85.0,950.0,0,67,1987-01-15 00:00:00,1987-01-23 06:00:00,Moderate (64-95kt)
1987016S13066,SI,1987,ALININA,52.0,976.0,1,63,1987-01-16 06:00:00,1987-01-24 00:00:00,Weak (<64kt)
1987019S12140,SI,1987,IRMA,50.0,980.0,-1,15,1987-01-20 18:00:00,1987-01-22 12:00:00,Weak (<64kt)
1987030N06089,NI,1987,UNNAMED,75.0,970.0,0,44,1987-01-30 03:00:00,1987-02-04 12:00:00,Moderate (64-95kt)
1987031S15124,SI,1987,DAMIEN,50.0,980.0,0,74,1987-01-30 21:00:00,1987-02-09 00:00:00,Weak (<64kt)
1987036S15066,SI,1987,BEMAZAVA,36.0,997.0,-5,97,1987-02-05 06:00:00,1987-02-17 06:00:00,Weak (<64kt)
1987040S19051,SI,1987,CLOTILDA,60.0,970.0,0,105,1987-02-09 06:00:00,1987-02-22 06:00:00,Weak (<64kt)
1987053S15127,SI,1987,ELSIE,100.0,940.0,0,48,1987-02-21 12:00:00,1987-02-27 06:00:00,Intense (>=96kt)
1987062S13072,SI,1987,DAODO,72.0,954.0,1,127,1987-03-02 12:00:00,1987-03-18 06:00:00,Moderate (64-95kt)
1987093N05155,WP,1987,PERCY,45.0,1000.0,0,109,1987-04-03 00:00:00,1987-04-16 12:00:00,Weak (<64kt)
1987096S11144,SI,1987,KAY,60.0,976.0,1,62,1987-04-09 09:00:00,1987-04-17 00:00:00,Weak (<64kt)
1987110S07073,SI,1987,UNNAMED,,,0,53,1987-04-20 00:00:00,1987-04-26 12:00:00,Unknown
1987110S27050,SI,1987,ELIZABETHA,52.0,976.0,1,75,1987-04-20 00:00:00,1987-04-29 06:00:00,Weak (<64kt)
1987150N13095,NI,1987,UNNAMED,45.0,980.0,0,49,1987-05-30 06:00:00,1987-06-05 06:00:00,Weak (<64kt)
1987155N16061,NI,1987,UNNAMED,,,0,63,1987-06-04 06:00:00,1987-06-12 00:00:00,Unknown
1987168N17118,WP,1987,RUTH,45.0,992.0,0,31,1987-06-16 12:00:00,1987-06-20 06:00:00,Weak (<64kt)
1987168N22122,WP,1987,UNNAMED,,,-5,15,1987-06-17 00:00:00,1987-06-18 18:00:00,Unknown
1987176N10150,WP,1987,SPERRY,65.0,980.0,1,83,1987-06-24 18:00:00,1987-07-05 00:00:00,Moderate (64-95kt)
1987176S08087,SI,1987,UNNAMED,,,-1,17,1987-06-25 00:00:00,1987-06-27 00:00:00,Unknown
1987188N10151,WP,1987,THELMA,100.0,915.0,4,93,1987-07-06 12:00:00,1987-07-18 00:00:00,Intense (>=96kt)
1987196N09146,WP,1987,VERNON,60.0,985.0,1,57,1987-07-15 06:00:00,1987-07-22 06:00:00,Weak (<64kt)
1987200N04191,WP,1987,WYNNE,100.0,920.0,4,117,1987-07-20 09:00:00,1987-08-03 21:00:00,Intense (>=96kt)
1987202N09144,WP,1987,ALEX,65.0,970.0,1,97,1987-07-21 00:00:00,1987-08-02 00:00:00,Moderate (64-95kt)
1987219N08134,NI,1987,BETTY,,,-5,2,1987-08-17 09:00:00,1987-08-17 12:00:00,Unknown
1987219N08134,WP,1987,BETTY,110.0,890.0,5,83,1987-08-07 00:00:00,1987-08-17 06:00:00,Intense (>=96kt)
1987219N08155,NI,1987,CARY,,,-1,7,1987-08-23 18:00:00,1987-08-24 12:00:00,Unknown
1987219N08155,WP,1987,CARY,75.0,960.0,2,134,1987-08-07 00:00:00,1987-08-23 15:00:00,Moderate (64-95kt)
1987222N27145,WP,1987,UNNAMED,35.0,1002.0,-5,55,1987-08-09 18:00:00,1987-08-16 12:00:00,Weak (<64kt)
1987230N25136,WP,1987,UNNAMED,,,-5,25,1987-08-18 00:00:00,1987-08-21 00:00:00,Unknown
1987231N10159,WP,1987,DINAH,100.0,915.0,4,124,1987-08-19 06:00:00,1987-09-03 15:00:00,Intense (>=96kt)
1987232N07173,WP,1987,ED,,,0,69,1987-08-20 06:00:00,1987-08-28 18:00:00,Unknown
1987238N24090,NI,1987,UNNAMED,25.0,990.0,-5,28,1987-08-26 03:00:00,1987-08-29 12:00:00,Weak (<64kt)
1987244N11177,WP,1987,HOLLY,110.0,900.0,5,137,1987-09-01 06:00:00,1987-09-18 06:00:00,Intense (>=96kt)
1987245N15133,WP,1987,GERALD,80.0,950.0,3,73,1987-09-02 00:00:00,1987-09-11 00:00:00,Moderate (64-95kt)
1987245N17120,WP,1987,UNNAMED,,,-5,29,1987-09-02 06:00:00,1987-09-05 18:00:00,Unknown
1987247N09150,WP,1987,FREDA,105.0,915.0,4,131,1987-09-03 18:00:00,1987-09-20 00:00:00,Intense (>=96kt)
1987255N23086,NI,1987,UNNAMED,25.0,993.0,-5,9,1987-09-11 12:00:00,1987-09-12 12:00:00,Weak (<64kt)
1987258N23082,NI,1987,UNNAMED,25.0,997.0,-5,12,1987-09-15 03:00:00,1987-09-16 12:00:00,Weak (<64kt)
1987264N10190,WP,1987,PEKE,80.0,950.0,3,73,1987-09-28 09:00:00,1987-10-07 09:00:00,Moderate (64-95kt)
1987266N16148,WP,1987,IAN,75.0,955.0,3,113,1987-09-22 12:00:00,1987-10-06 12:00:00,Moderate (64-95kt)
1987267N17163,WP,1987,UNNAMED,,,-1,19,1987-09-24 00:00:00,1987-09-26 06:00:00,Unknown
1987270N15160,WP,1987,JUNE,45.0,992.0,0,45,1987-09-27 06:00:00,1987-10-02 18:00:00,Weak (<64kt)
1987282N12137,WP,1987,KELLY,75.0,955.0,2,83,1987-10-09 00:00:00,1987-10-19 06:00:00,Moderate (64-95kt)
1987287N12089,NI,1987,UNNAMED,45.0,994.0,0,45,1987-10-14 00:00:00,1987-10-19 12:00:00,Weak (<64kt)
1987288N13168,WP,1987,LYNN,105.0,920.0,5,109,1987-10-14 18:00:00,1987-10-28 06:00:00,Intense (>=96kt)
1987303N06088,NI,1987,UNNAMED,55.0,984.0,0,37,1987-10-30 00:00:00,1987-11-03 12:00:00,Weak (<64kt)
1987304S04086,SI,1988,UNNAMED,,,0,77,1987-10-31 06:00:00,1987-11-09 18:00:00,Unknown
1987311N10148,WP,1987,MAURY,45.0,994.0,0,101,1987-11-07 00:00:00,1987-11-19 12:00:00,Weak (<64kt)
1987312N09095,NI,1987,UNNAMED,55.0,990.0,0,45,1987-11-08 00:00:00,1987-11-13 12:00:00,Weak (<64kt)
1987320N03171,WP,1987,NINA,90.0,930.0,5,115,1987-11-16 00:00:00,1987-11-30 06:00:00,Moderate (64-95kt)
1987325N13126,WP,1987,OGDEN,,,0,39,1987-11-20 18:00:00,1987-11-25 12:00:00,Unknown
1987325S06050,SI,1988,UNNAMED,,,0,45,1987-11-20 18:00:00,1987-11-26 06:00:00,Unknown
1987336N10085,NI,1987,UNNAMED,,,0,89,1987-12-02 00:00:00,1987-12-13 00:00:00,Unknown
1987340S07095,SI,1988,ARINY,36.0,997.0,0,87,1987-12-05 18:00:00,1987-12-16 12:00:00,Weak (<64kt)
1987343N05154,WP,1987,PHYLLIS,75.0,960.0,3,93,1987-12-09 00:00:00,1987-12-20 12:00:00,Moderate (64-95kt)
1987351N09086,NI,1987,UNNAMED,30.0,,0,51,1987-12-17 00:00:00,1987-12-23 06:00:00,Weak (<64kt)
1987358S10070,SI,1988,BENANDRO,36.0,991.0,0,119,1987-12-24 06:00:00,1988-01-08 00:00:00,Weak (<64kt)
1988005N03174,WP,1988,ROY,85.0,940.0,4,111,1988-01-05 06:00:00,1988-01-19 00:00:00,Moderate (64-95kt)
1988012S11061,SI,1988,CALIDERA,62.0,966.0,1,77,1988-01-11 12:00:00,1988-01-21 00:00:00,Weak (<64kt)
1988019S24044,SI,1988,CALIDERA,36.0,1000.0,-5,20,1988-01-19 03:00:00,1988-01-21 12:00:00,Weak (<64kt)
1988021S12080,SI,1988,DOAZA,72.0,954.0,4,93,1988-01-21 00:00:00,1988-02-01 12:00:00,Moderate (64-95kt)
1988028S07100,SI,1988,FREDERIC,85.0,955.0,1,43,1988-01-28 00:00:00,1988-02-02 06:00:00,Moderate (64-95kt)
1988037S13109,SI,1988,EZENINA:GWENDA,100.0,941.0,2,101,1988-02-06 00:00:00,1988-02-18 12:00:00,Intense (>=96kt)
1988055S10051,SI,1988,FILAO,72.0,954.0,2,63,1988-02-23 12:00:00,1988-03-02 06:00:00,Moderate (64-95kt)
1988072S08088,SI,1988,GASITAO,92.0,927.0,4,107,1988-03-12 00:00:00,1988-03-25 06:00:00,Moderate (64-95kt)
1988076S14056,SI,1988,HELY,52.0,976.0,0,141,1988-03-16 06:00:00,1988-04-02 18:00:00,Weak (<64kt)
1988082S13063,SI,1988,UNNAMED,,,-5,14,1988-03-22 09:00:00,1988-03-24 00:00:00,Unknown
1988089S17048,SI,1988,UNNAMED,,,-1,12,1988-03-28 15:00:00,1988-03-30 00:00:00,Unknown
1988125S10071,SI,1988,IARISENA,36.0,991.0,0,85,1988-05-04 00:00:00,1988-05-14 12:00:00,Weak (<64kt)
1988138S07092,SI,1988,HERBIE,50.0,982.0,0,39,1988-05-17 03:00:00,1988-05-21 18:00:00,Weak (<64kt)
1988150N19119,WP,1988,SUSAN,65.0,970.0,1,45,1988-05-28 18:00:00,1988-06-03 06:00:00,Moderate (64-95kt)
1988156N18128,WP,1988,UNNAMED,35.0,1000.0,-1,21,1988-06-03 18:00:00,1988-06-06 06:00:00,Weak (<64kt)
1988160N14074,NI,1988,UNNAMED,30.0,,0,41,1988-06-08 00:00:00,1988-06-13 00:00:00,Weak (<64kt)
1988161N21089,NI,1988,UNNAMED,25.0,,-5,1,1988-06-08 12:00:00,1988-06-08 12:00:00,Weak (<64kt)
1988170N05141,WP,1988,THAD,70.0,970.0,1,63,1988-06-17 18:00:00,1988-06-25 12:00:00,Moderate (64-95kt)
1988177N07137,WP,1988,VANESSA,55.0,990.0,0,41,1988-06-24 12:00:00,1988-06-29 12:00:00,Weak (<64kt)
1988187N23133,WP,1988,UNNAMED,,,-5,43,1988-07-05 00:00:00,1988-07-10 06:00:00,Unknown
1988193N09149,WP,1988,WARREN,90.0,940.0,4,73,1988-07-11 00:00:00,1988-07-20 00:00:00,Moderate (64-95kt)
1988199N18086,NI,1988,UNNAMED,25.0,,-5,4,1988-07-17 03:00:00,1988-07-17 12:00:00,Weak (<64kt)
1988208N27135,WP,1988,AGNES,50.0,975.0,0,75,1988-07-26 00:00:00,1988-08-04 06:00:00,Weak (<64kt)
1988213N20134,WP,1988,UNNAMED,35.0,998.0,-5,29,1988-07-30 12:00:00,1988-08-03 00:00:00,Weak (<64kt)
1988214N18116,WP,1988,UNNAMED,,,-5,29,1988-07-31 18:00:00,1988-08-04 06:00:00,Unknown
1988215N22090,NI,1988,UNNAMED,25.0,,-5,4,1988-08-02 03:00:00,1988-08-02 12:00:00,Weak (<64kt)
1988218N21128,WP,1988,BILL,45.0,985.0,0,39,1988-08-04 18:00:00,1988-08-09 12:00:00,Weak (<64kt)
1988219N27175,WP,1988,CLARA,40.0,994.0,0,89,1988-08-05 18:00:00,1988-08-16 18:00:00,Weak (<64kt)
1988220N25140,WP,1988,UNNAMED,,,-5,51,1988-08-06 18:00:00,1988-08-13 00:00:00,Unknown
1988226N22173,WP,1988,DOYLE,90.0,930.0,4,101,1988-08-13 00:00:00,1988-08-25 12:00:00,Moderate (64-95kt)
1988226N26127,WP,1988,UNNAMED,35.0,1000.0,-5,41,1988-08-13 06:00:00,1988-08-18 06:00:00,Weak (<64kt)
1988227N24123,WP,1988,UNNAMED,35.0,1000.0,-5,21,1988-08-13 18:00:00,1988-08-16 06:00:00,Weak (<64kt)
1988237N23154,WP,1988,ELSIE,45.0,992.0,0,71,1988-08-24 06:00:00,1988-09-02 00:00:00,Weak (<64kt)
1988237N30143,WP,1988,FABIAN,60.0,970.0,1,89,1988-08-24 00:00:00,1988-09-04 00:00:00,Weak (<64kt)
1988242N12215,WP,1988,ULEKI,85.0,945.0,2,70,1988-09-08 09:00:00,1988-09-17 00:00:00,Moderate (64-95kt)
1988246N26133,WP,1988,GAY,40.0,996.0,0,51,1988-09-02 00:00:00,1988-09-08 06:00:00,Weak (<64kt)
1988249N18163,WP,1988,HAL,85.0,945.0,3,104,1988-09-05 06:00:00,1988-09-18 03:00:00,Moderate (64-95kt)
1988255N15132,WP,1988,JEFF,45.0,994.0,0,47,1988-09-11 06:00:00,1988-09-17 00:00:00,Weak (<64kt)
1988255N21159,WP,1988,IRMA,55.0,990.0,0,49,1988-09-11 00:00:00,1988-09-17 00:00:00,Weak (<64kt)
1988260N15157,WP,1988,LEE,50.0,990.0,0,71,1988-09-16 06:00:00,1988-09-25 00:00:00,Weak (<64kt)
1988263N15126,WP,1988,KIT,55.0,980.0,0,29,1988-09-18 18:00:00,1988-09-22 06:00:00,Weak (<64kt)
1988263N18115,WP,1988,MAMIE,45.0,990.0,0,43,1988-09-19 00:00:00,1988-09-24 06:00:00,Weak (<64kt)
1988271N16125,WP,1988,UNNAMED,,,-5,59,1988-09-27 00:00:00,1988-10-04 06:00:00,Unknown
1988274N12142,WP,1988,NELSON,100.0,915.0,5,100,1988-09-30 06:00:00,1988-10-12 15:00:00,Intense (>=96kt)
1988275N18085,NI,1988,UNNAMED,30.0,,-5,1,1988-10-01 03:00:00,1988-10-01 03:00:00,Weak (<64kt)
1988282N15118,WP,1988,UNNAMED,45.0,992.0,-5,23,1988-10-07 12:00:00,1988-10-10 06:00:00,Weak (<64kt)
1988282N17153,WP,1988,ODESSA,70.0,965.0,2,87,1988-10-08 06:00:00,1988-10-19 00:00:00,Moderate (64-95kt)
1988288N14115,WP,1988,UNNAMED,,,-5,23,1988-10-13 12:00:00,1988-10-16 06:00:00,Unknown
1988290N08145,WP,1988,PAT,60.0,980.0,1,59,1988-10-16 06:00:00,1988-10-23 12:00:00,Weak (<64kt)
1988291N15095,NI,1988,UNNAMED,30.0,,0,19,1988-10-17 06:00:00,1988-10-19 12:00:00,Weak (<64kt)
1988295N10138,WP,1988,RUBY,75.0,950.0,4,73,1988-10-20 12:00:00,1988-10-29 12:00:00,Moderate (64-95kt)
1988304S08077,SI,1989,ADELININA,36.0,991.0,1,73,1988-10-30 06:00:00,1988-11-08 06:00:00,Weak (<64kt)
1988306N15130,WP,1988,UNNAMED,,,-1,17,1988-11-01 06:00:00,1988-11-03 06:00:00,Unknown
1988307N09131,WP,1988,TESS,60.0,975.0,1,47,1988-11-01 12:00:00,1988-11-07 06:00:00,Weak (<64kt)
1988308N09140,WP,1988,SKIP,80.0,950.0,4,79,1988-11-03 00:00:00,1988-11-12 18:00:00,Moderate (64-95kt)
1988310S08100,SI,1989,BARISAONA,72.0,954.0,3,145,1988-11-05 06:00:00,1988-11-23 06:00:00,Moderate (64-95kt)
1988319N08090,NI,1988,UNNAMED,,,0,37,1988-11-14 06:00:00,1988-11-18 18:00:00,Unknown
1988320N10087,NI,1988,UNNAMED,55.0,,-5,25,1988-11-15 03:00:00,1988-11-18 03:00:00,Weak (<64kt)
1988327N06100,NI,1988,UNNAMED,115.0,,3,68,1988-11-21 18:00:00,1988-11-30 00:00:00,Intense (>=96kt)
1988341N08090,NI,1988,UNNAMED,30.0,,0,21,1988-12-06 06:00:00,1988-12-08 18:00:00,Weak (<64kt)
1988347S12128,SI,1989,ILONA,80.0,960.0,2,65,1988-12-12 00:00:00,1988-12-19 18:00:00,Moderate (64-95kt)
1988356N05142,WP,1988,VAL,45.0,992.0,0,51,1988-12-21 06:00:00,1988-12-27 12:00:00,Weak (<64kt)
1989006S15044,SI,1989,CALASANJY,72.0,954.0,1,87,1989-01-06 06:00:00,1989-01-17 00:00:00,Moderate (64-95kt)
1989010N16212,WP,1989,WINONA,35.0,1000.0,0,54,1989-01-15 09:00:00,1989-01-22 00:00:00,Weak (<64kt)
1989010S15063,SI,1989,DONA,28.0,997.0,-5,41,1989-01-10 06:00:00,1989-01-15 06:00:00,Weak (<64kt)
1989018S10082,SI,1989,EDME,52.0,976.0,4,79,1989-01-17 18:00:00,1989-01-27 12:00:00,Weak (<64kt)
1989023S08103,SI,1989,JOHN,40.0,990.0,-5,81,1989-01-23 06:00:00,1989-02-02 06:00:00,Weak (<64kt)
1989024S11064,SI,1989,FIRINGA,72.0,954.0,2,113,1989-01-24 06:00:00,1989-02-07 06:00:00,Moderate (64-95kt)
1989026N11127,WP,1989,UNNAMED,,,-5,17,1989-01-26 06:00:00,1989-01-28 06:00:00,Unknown
1989035S11106,SI,1989,KIRRILY,80.0,955.0,1,65,1989-02-03 12:00:00,1989-02-11 12:00:00,Moderate (64-95kt)
1989044S12102,SI,1989,HANITRA:LEON,72.0,954.0,4,129,1989-02-13 06:00:00,1989-03-01 06:00:00,Moderate (64-95kt)
1989047S13079,SI,1989,GIZELA,52.0,976.0,1,63,1989-02-16 06:00:00,1989-02-24 00:00:00,Weak (<64kt)
1989054S17117,SI,1989,UNNAMED,,,0,17,1989-02-23 00:00:00,1989-02-25 00:00:00,Unknown
1989056S23039,SI,1989,IANA,44.0,984.0,-5,33,1989-02-25 06:00:00,1989-03-01 06:00:00,Weak (<64kt)
1989060S09097,SI,1989,MARCIA,35.0,995.0,0,45,1989-02-28 18:00:00,1989-03-06 06:00:00,Weak (<64kt)
1989067S17041,SI,1989,UNNAMED,,,0,33,1989-03-07 12:00:00,1989-03-11 12:00:00,Unknown
1989080S16066,SI,1989,JINABO,62.0,966.0,1,91,1989-03-21 06:00:00,1989-04-01 12:00:00,Weak (<64kt)
1989084S18122,SI,1989,NED,100.0,941.0,3,63,1989-03-24 12:00:00,1989-04-01 06:00:00,Intense (>=96kt)
1989086S08081,SI,1989,KRISY,,,-1,27,1989-03-26 12:00:00,1989-03-29 18:00:00,Unknown
1989087S11073,SI,1989,KRISY,82.0,941.0,3,113,1989-03-28 06:00:00,1989-04-11 06:00:00,Moderate (64-95kt)
1989094S05086,SI,1989,LEZISSY,44.0,984.0,0,59,1989-04-04 00:00:00,1989-04-11 06:00:00,Weak (<64kt)
1989103N07154,WP,1989,ANDY,100.0,920.0,5,103,1989-04-13 00:00:00,1989-04-25 18:00:00,Intense (>=96kt)
1989106S11128,SI,1989,ORSON,130.0,905.0,5,67,1989-04-16 06:00:00,1989-04-24 12:00:00,Intense (>=96kt)
1989134N07138,WP,1989,BRENDA,65.0,970.0,1,61,1989-05-14 00:00:00,1989-05-21 12:00:00,Moderate (64-95kt)
1989142N11114,WP,1989,CECIL,60.0,975.0,1,39,1989-05-21 18:00:00,1989-05-26 12:00:00,Weak (<64kt)
1989143N17090,NI,1989,UNNAMED,115.0,,0,35,1989-05-23 00:00:00,1989-05-27 06:00:00,Intense (>=96kt)
1989153N04144,WP,1989,DOT,80.0,955.0,3,83,1989-06-02 06:00:00,1989-06-12 12:00:00,Moderate (64-95kt)
1989159N17072,NI,1989,UNNAMED,30.0,,0,45,1989-06-07 18:00:00,1989-06-13 06:00:00,Weak (<64kt)
1989163N20088,NI,1989,UNNAMED,30.0,,-5,17,1989-06-12 03:00:00,1989-06-14 03:00:00,Weak (<64kt)
1989169N16142,WP,1989,ELLIS,50.0,985.0,0,63,1989-06-18 00:00:00,1989-06-25 18:00:00,Weak (<64kt)
1989171N11088,NI,1989,UNNAMED,25.0,,-5,1,1989-06-20 03:00:00,1989-06-20 03:00:00,Weak (<64kt)
1989176N14114,WP,1989,UNNAMED,,,-5,19,1989-06-24 18:00:00,1989-06-27 00:00:00,Unknown
1989187N15132,WP,1989,FAYE,55.0,980.0,0,49,1989-07-05 12:00:00,1989-07-11 12:00:00,Weak (<64kt)
1989189S07088,SI,1990,UNNAMED,,,-1,35,1989-07-07 12:00:00,1989-07-11 18:00:00,Unknown
1989190N20160,WP,1989,GORDON,100.0,915.0,5,83,1989-07-09 00:00:00,1989-07-19 06:00:00,Intense (>=96kt)
1989194N13149,WP,1989,HOPE,45.0,990.0,0,79,1989-07-13 06:00:00,1989-07-23 00:00:00,Weak (<64kt)
1989194S06095,SI,1990,UNNAMED,,,0,43,1989-07-12 18:00:00,1989-07-18 00:00:00,Unknown
1989199N05139,WP,1989,IRVING,55.0,985.0,0,53,1989-07-18 00:00:00,1989-07-24 12:00:00,Weak (<64kt)
1989201N11145,WP,1989,JUDY,85.0,940.0,2,75,1989-07-20 00:00:00,1989-07-29 06:00:00,Moderate (64-95kt)
1989203N18086,NI,1989,UNNAMED,45.0,,-5,28,1989-07-22 03:00:00,1989-07-25 12:00:00,Weak (<64kt)
1989208N20133,WP,1989,UNNAMED,,,-1,33,1989-07-27 00:00:00,1989-07-31 00:00:00,Unknown
1989209N22130,WP,1989,KEN:LOLA,55.0,980.0,0,83,1989-07-28 00:00:00,1989-08-07 06:00:00,Weak (<64kt)
1989211N24153,WP,1989,MAC,80.0,950.0,1,96,1989-07-30 00:00:00,1989-08-10 21:00:00,Moderate (64-95kt)
1989216N06159,WP,1989,OWEN,75.0,960.0,1,141,1989-08-04 00:00:00,1989-08-21 12:00:00,Moderate (64-95kt)
1989221N10149,WP,1989,NANCY,70.0,965.0,1,79,1989-08-09 00:00:00,1989-08-18 18:00:00,Moderate (64-95kt)
1989221N17115,WP,1989,UNNAMED,,,-5,27,1989-08-09 00:00:00,1989-08-12 06:00:00,Unknown
1989227N16145,WP,1989,PEGGY,35.0,996.0,0,37,1989-08-14 18:00:00,1989-08-19 06:00:00,Weak (<64kt)
1989228N17086,NI,1989,UNNAMED,30.0,,-5,12,1989-08-16 03:00:00,1989-08-17 12:00:00,Weak (<64kt)
1989228N29127,WP,1989,UNNAMED,,,-1,35,1989-08-16 00:00:00,1989-08-20 06:00:00,Unknown
1989230N17137,WP,1989,UNNAMED,,,-5,37,1989-08-18 00:00:00,1989-08-22 12:00:00,Unknown
1989231N22154,WP,1989,UNNAMED,,,-5,37,1989-08-19 00:00:00,1989-08-23 12:00:00,Unknown
1989235N22146,WP,1989,UNNAMED,35.0,1002.0,-1,49,1989-08-23 00:00:00,1989-08-29 00:00:00,Weak (<64kt)
1989235N26122,WP,1989,ROGER,55.0,975.0,0,79,1989-08-22 18:00:00,1989-09-01 12:00:00,Weak (<64kt)
1989246N16159,WP,1989,SARAH,80.0,950.0,4,91,1989-09-03 00:00:00,1989-09-14 06:00:00,Moderate (64-95kt)
1989250N17148,WP,1989,TIP,50.0,984.0,0,68,1989-09-07 00:00:00,1989-09-15 09:00:00,Weak (<64kt)
1989254N17145,WP,1989,VERA,55.0,972.0,0,70,1989-09-11 00:00:00,1989-09-19 15:00:00,Weak (<64kt)
1989259N20126,WP,1989,WAYNE,70.0,970.0,1,39,1989-09-16 06:00:00,1989-09-21 00:00:00,Moderate (64-95kt)
1989265S05085,SI,1990,UNNAMED,,,-1,45,1989-09-21 18:00:00,1989-09-27 06:00:00,Unknown
1989271N12142,WP,1989,ANGELA,95.0,925.0,4,105,1989-09-28 00:00:00,1989-10-11 00:00:00,Moderate (64-95kt)
1989271N14168,WP,1989,COLLEEN,80.0,950.0,1,99,1989-09-27 12:00:00,1989-10-09 18:00:00,Moderate (64-95kt)
1989272N18120,WP,1989,BRIAN,65.0,970.0,1,43,1989-09-28 18:00:00,1989-10-04 00:00:00,Moderate (64-95kt)
1989279N07151,WP,1989,DAN,75.0,960.0,1,67,1989-10-06 00:00:00,1989-10-14 06:00:00,Moderate (64-95kt)
1989284S08080,SI,1990,UNNAMED,,,-1,53,1989-10-11 00:00:00,1989-10-17 12:00:00,Unknown
1989286N14137,WP,1989,ELSIE,100.0,915.0,5,77,1989-10-13 00:00:00,1989-10-22 12:00:00,Intense (>=96kt)
1989290N18090,NI,1989,UNNAMED,25.0,,-5,9,1989-10-17 03:00:00,1989-10-18 03:00:00,Weak (<64kt)
1989291N05158,WP,1989,FORREST,85.0,940.0,2,110,1989-10-18 00:00:00,1989-10-31 15:00:00,Moderate (64-95kt)
1989302S05079,SI,1990,UNNAMED,,,0,37,1989-10-28 18:00:00,1989-11-02 06:00:00,Unknown
1989305N07105,NI,1989,GAY,115.0,,5,51,1989-11-04 00:00:00,1989-11-10 06:00:00,Intense (>=96kt)
1989305N07105,WP,1989,GAY,65.0,970.0,3,28,1989-10-31 12:00:00,1989-11-03 21:00:00,Moderate (64-95kt)
1989309S07100,SI,1990,PEDRO,60.0,982.0,1,71,1989-11-04 18:00:00,1989-11-13 12:00:00,Weak (<64kt)
1989314N10152,WP,1989,HUNT,75.0,960.0,2,113,1989-11-10 00:00:00,1989-11-24 00:00:00,Moderate (64-95kt)
1989315N11084,NI,1989,UNNAMED,25.0,,-5,1,1989-11-11 03:00:00,1989-11-11 03:00:00,Weak (<64kt)
1989321N11085,NI,1989,UNNAMED,30.0,,-5,30,1989-11-16 12:00:00,1989-11-20 03:00:00,Weak (<64kt)
1989324N17174,WP,1989,IRMA,95.0,925.0,5,125,1989-11-20 00:00:00,1989-12-05 12:00:00,Moderate (64-95kt)
1989335N05162,WP,1989,UNNAMED,,,-1,63,1989-12-01 06:00:00,1989-12-09 00:00:00,Unknown
1989342N13137,WP,1989,UNNAMED,,,-5,14,1989-12-08 03:00:00,1989-12-09 18:00:00,Unknown
1989346S10133,SI,1990,FELICITY,25.0,997.0,-1,13,1989-12-12 06:00:00,1989-12-13 18:00:00,Weak (<64kt)
1989349S08065,SI,1990,ALIBERA,72.0,954.0,4,189,1989-12-14 18:00:00,1990-01-07 06:00:00,Moderate (64-95kt)
1989354N05155,WP,1989,JACK,95.0,925.0,4,77,1989-12-20 00:00:00,1989-12-29 12:00:00,Moderate (64-95kt)
1989364S05095,SI,1990,BAOMAVO,,,2,79,1989-12-29 18:00:00,1990-01-08 12:00:00,Unknown
1990005S13112,SI,1990,ROSITA,45.0,988.0,-5,103,1990-01-04 18:00:00,1990-01-17 12:00:00,Weak (<64kt)
1990008N01172,WP,1990,KORYN,55.0,980.0,1,79,1990-01-08 00:00:00,1990-01-17 18:00:00,Weak (<64kt)
1990008S27086,SI,1990,BAOMAVO,,,-5,14,1990-01-07 15:00:00,1990-01-09 06:00:00,Unknown
1990012S12131,SI,1990,SAM,70.0,966.0,0,77,1990-01-11 12:00:00,1990-01-21 00:00:00,Moderate (64-95kt)
1990024S14117,SI,1990,TINA,50.0,976.0,0,57,1990-01-24 01:00:00,1990-01-29 12:00:00,Weak (<64kt)
1990031S09070,SI,1990,DETY,72.0,954.0,2,93,1990-01-30 18:00:00,1990-02-11 06:00:00,Moderate (64-95kt)
1990032S11059,SI,1990,CEZERA,52.0,976.0,1,87,1990-01-31 12:00:00,1990-02-11 06:00:00,Weak (<64kt)
1990056S11125,SI,1990,VINCENT,70.0,966.0,1,79,1990-02-24 18:00:00,1990-03-06 12:00:00,Moderate (64-95kt)
1990058S16075,SI,1990,EDISOANA,72.0,954.0,3,77,1990-02-26 18:00:00,1990-03-08 06:00:00,Moderate (64-95kt)
1990062S13091,SI,1990,GREGOARA:WALTER,92.0,927.0,3,195,1990-03-03 00:00:00,1990-03-27 06:00:00,Moderate (64-95kt)
1990065S07083,SI,1990,FELANA,36.0,991.0,0,85,1990-03-05 18:00:00,1990-03-16 06:00:00,Weak (<64kt)
1990074S12115,SI,1990,ALEX,120.0,927.0,4,93,1990-03-14 12:00:00,1990-03-26 00:00:00,Intense (>=96kt)
1990101S07048,SI,1990,HANTA,36.0,991.0,0,35,1990-04-10 12:00:00,1990-04-14 18:00:00,Weak (<64kt)
1990102S11092,SI,1990,BESSI,40.0,990.0,0,53,1990-04-11 18:00:00,1990-04-18 06:00:00,Weak (<64kt)
1990108N09087,NI,1990,UNNAMED,,,-1,9,1990-04-17 12:00:00,1990-04-18 12:00:00,Unknown
1990117N04152,WP,1990,LEWIS,35.0,998.0,0,81,1990-04-27 00:00:00,1990-05-07 00:00:00,Weak (<64kt)
1990124N09088,NI,1990,UNNAMED,127.0,920.0,4,63,1990-05-03 12:00:00,1990-05-11 06:00:00,Intense (>=96kt)
1990129N05138,WP,1990,MARIAN,70.0,965.0,2,97,1990-05-09 00:00:00,1990-05-21 00:00:00,Moderate (64-95kt)
1990130S03081,SI,1990,IKONJO,52.0,976.0,0,113,1990-05-09 18:00:00,1990-05-23 18:00:00,Weak (<64kt)
1990140N09122,WP,1990,UNNAMED,,,-5,31,1990-05-19 18:00:00,1990-05-23 12:00:00,Unknown
1990144N16114,WP,1990,UNNAMED,,,-5,41,1990-05-24 06:00:00,1990-05-29 06:00:00,Unknown
1990163N08133,WP,1990,NATHAN,55.0,980.0,0,59,1990-06-12 00:00:00,1990-06-19 06:00:00,Weak (<64kt)
1990164N14112,WP,1990,UNNAMED,,,-1,27,1990-06-13 00:00:00,1990-06-16 06:00:00,Unknown
1990164N21089,NI,1990,UNNAMED,33.0,990.0,-5,19,1990-06-13 06:00:00,1990-06-15 12:00:00,Weak (<64kt)
1990166N06141,WP,1990,OFELIA,65.0,970.0,2,87,1990-06-15 06:00:00,1990-06-26 00:00:00,Moderate (64-95kt)
1990171N11148,WP,1990,PERCY,80.0,950.0,4,89,1990-06-20 00:00:00,1990-07-01 00:00:00,Moderate (64-95kt)
1990180N09159,WP,1990,ROBYN,45.0,992.0,0,123,1990-06-29 00:00:00,1990-07-14 06:00:00,Weak (<64kt)
1990202N13130,WP,1990,TASHA,55.0,980.0,0,87,1990-07-21 06:00:00,1990-08-01 00:00:00,Weak (<64kt)
1990202N14110,WP,1990,UNNAMED,,,-5,27,1990-07-20 12:00:00,1990-07-23 18:00:00,Unknown
1990205N16141,WP,1990,STEVE,85.0,940.0,4,100,1990-07-23 18:00:00,1990-08-05 03:00:00,Moderate (64-95kt)
1990206N29154,WP,1990,UNNAMED,,,-5,21,1990-07-25 00:00:00,1990-07-27 12:00:00,Unknown
1990208N18132,WP,1990,VERNON,75.0,955.0,2,121,1990-07-26 12:00:00,1990-08-10 12:00:00,Moderate (64-95kt)
1990216N29125,WP,1990,WINONA,60.0,975.0,1,83,1990-08-04 00:00:00,1990-08-14 06:00:00,Weak (<64kt)
1990219N10214,WP,1990,AKA,40.0,994.0,0,18,1990-08-13 09:00:00,1990-08-15 12:00:00,Weak (<64kt)
1990221N07162,WP,1990,YANCY,80.0,950.0,2,113,1990-08-09 06:00:00,1990-08-23 06:00:00,Moderate (64-95kt)
1990226N19088,NI,1990,UNNAMED,27.0,993.0,-5,25,1990-08-14 06:00:00,1990-08-17 06:00:00,Weak (<64kt)
1990228N15141,WP,1990,ZOLA,75.0,960.0,3,63,1990-08-15 12:00:00,1990-08-23 06:00:00,Moderate (64-95kt)
1990232N13141,WP,1990,BECKY,70.0,965.0,1,81,1990-08-20 06:00:00,1990-08-30 06:00:00,Moderate (64-95kt)
1990232N22089,NI,1990,UNNAMED,27.0,986.0,-5,39,1990-08-20 00:00:00,1990-08-24 18:00:00,Weak (<64kt)
1990235N10152,WP,1990,ABE,75.0,955.0,2,99,1990-08-22 12:00:00,1990-09-03 18:00:00,Moderate (64-95kt)
1990245N16149,WP,1990,DOT,75.0,960.0,1,65,1990-09-02 06:00:00,1990-09-10 06:00:00,Moderate (64-95kt)
1990245N20123,WP,1990,CECIL,,,0,23,1990-09-02 06:00:00,1990-09-05 00:00:00,Unknown
1990246N23089,NI,1990,UNNAMED,27.0,995.0,-5,17,1990-09-03 00:00:00,1990-09-05 00:00:00,Weak (<64kt)
1990250N13157,WP,1990,ED,70.0,965.0,2,107,1990-09-07 00:00:00,1990-09-20 06:00:00,Moderate (64-95kt)
1990251N06171,WP,1990,FLO,120.0,890.0,5,113,1990-09-08 00:00:00,1990-09-22 00:00:00,Intense (>=96kt)
1990254N24114,WP,1990,DOT,,,-5,13,1990-09-10 12:00:00,1990-09-12 00:00:00,Unknown
1990261N12141,WP,1990,GENE,80.0,950.0,1,109,1990-09-18 06:00:00,1990-10-01 18:00:00,Moderate (64-95kt)
1990262S07074,SI,1991,UNNAMED,,,-1,51,1990-09-19 06:00:00,1990-09-25 12:00:00,Unknown
1990271N13153,WP,1990,HATTIE,80.0,950.0,2,87,1990-09-28 06:00:00,1990-10-09 00:00:00,Moderate (64-95kt)
1990272N11121,NI,1990,IRA,,,-1,1,1990-10-05 12:00:00,1990-10-05 12:00:00,Unknown
1990272N11121,WP,1990,IRA,35.0,996.0,0,50,1990-09-29 06:00:00,1990-10-05 09:00:00,Weak (<64kt)
1990280N18091,NI,1990,UNNAMED,33.0,998.0,-5,19,1990-10-06 12:00:00,1990-10-08 18:00:00,Weak (<64kt)
1990283N15129,WP,1990,JEANA,,,0,47,1990-10-09 12:00:00,1990-10-15 06:00:00,Unknown
1990287N13156,WP,1990,KYLE,75.0,955.0,2,97,1990-10-13 12:00:00,1990-10-25 12:00:00,Moderate (64-95kt)
1990288N15118,WP,1990,LOLA,35.0,998.0,0,41,1990-10-15 06:00:00,1990-10-20 06:00:00,Weak (<64kt)
1990288S08074,SI,1991,UNNAMED,,,-1,41,1990-10-15 06:00:00,1990-10-20 06:00:00,Unknown
1990304N08092,NI,1990,UNNAMED,33.0,1001.0,-1,39,1990-10-30 18:00:00,1990-11-04 12:00:00,Weak (<64kt)
1990309N08167,WP,1990,PAGE,105.0,910.0,5,227,1990-11-05 06:00:00,1990-12-03 12:00:00,Intense (>=96kt)
1990310N07152,WP,1990,MIKE,100.0,915.0,5,101,1990-11-06 00:00:00,1990-11-18 12:00:00,Intense (>=96kt)
1990312N12121,WP,1990,NELL,50.0,990.0,0,39,1990-11-08 06:00:00,1990-11-13 00:00:00,Weak (<64kt)
1990318N14082,NI,1990,UNNAMED,27.0,1008.0,-5,9,1990-11-14 00:00:00,1990-11-15 00:00:00,Weak (<64kt)
1990319N07197,WP,1990,OWEN,95.0,925.0,5,135,1990-11-18 06:00:00,1990-12-05 00:00:00,Moderate (64-95kt)
1990320N15076,NI,1990,UNNAMED,33.0,1007.0,-5,19,1990-11-16 00:00:00,1990-11-18 06:00:00,Weak (<64kt)
1990334S08078,SI,1991,UNNAMED,28.0,997.0,0,61,1990-11-29 18:00:00,1990-12-07 06:00:00,Weak (<64kt)
1990343S10128,SI,1991,LAURENCE,35.0,992.0,0,33,1990-12-08 18:00:00,1990-12-12 18:00:00,Weak (<64kt)
1990347N05173,WP,1990,RUSS,100.0,915.0,4,95,1990-12-13 00:00:00,1990-12-24 18:00:00,Intense (>=96kt)
1990348N04087,NI,1990,UNNAMED,55.0,,0,43,1990-12-13 18:00:00,1990-12-19 00:00:00,Weak (<64kt)
1991008S09078,SI,1991,ALISON,20.0,1002.0,1,85,1991-01-08 00:00:00,1991-01-18 12:00:00,Weak (<64kt)
1991013S04096,SI,1991,BELLA,85.0,936.0,4,183,1991-01-13 00:00:00,1991-02-04 18:00:00,Moderate (64-95kt)
1991015N02087,NI,1991,UNNAMED,,,0,45,1991-01-14 18:00:00,1991-01-20 06:00:00,Unknown
1991046S15122,SI,1991,CHRIS,60.0,976.0,0,67,1991-02-15 06:00:00,1991-02-23 12:00:00,Weak (<64kt)
1991046S18150,SI,1991,DAPHNE,60.0,976.0,0,74,1991-02-19 09:00:00,1991-02-28 12:00:00,Weak (<64kt)
1991047S16041,SI,1991,CYNTHIA,67.0,970.0,0,27,1991-02-16 00:00:00,1991-02-19 06:00:00,Moderate (64-95kt)
1991053S21040,SI,1991,DEBRA,62.0,966.0,2,81,1991-02-22 06:00:00,1991-03-04 06:00:00,Weak (<64kt)
1991057S10087,SI,1991,ELMA,70.0,965.0,0,61,1991-02-26 00:00:00,1991-03-05 12:00:00,Moderate (64-95kt)
1991062N04156,WP,1991,SHARON,50.0,985.0,0,105,1991-03-03 06:00:00,1991-03-16 06:00:00,Weak (<64kt)
1991077N03165,WP,1991,TIM,65.0,970.0,1,77,1991-03-18 00:00:00,1991-03-27 12:00:00,Moderate (64-95kt)
1991080S06092,SI,1991,FATIMA,72.0,954.0,2,99,1991-03-20 18:00:00,1991-04-02 00:00:00,Moderate (64-95kt)
1991083S11100,SI,1991,ERROL,90.0,950.0,3,67,1991-03-23 12:00:00,1991-03-31 18:00:00,Moderate (64-95kt)
1991089S18052,SI,1991,UNNAMED,28.0,998.0,-5,33,1991-03-30 06:00:00,1991-04-03 06:00:00,Weak (<64kt)
1991099S10132,SI,1991,MARIAN,100.0,930.0,2,83,1991-04-08 18:00:00,1991-04-19 00:00:00,Intense (>=96kt)
1991105S12103,SI,1991,FIFI,60.0,975.0,0,55,1991-04-14 18:00:00,1991-04-21 12:00:00,Weak (<64kt)
1991111N04145,WP,1991,VANESSA,45.0,994.0,0,67,1991-04-20 12:00:00,1991-04-28 18:00:00,Weak (<64kt)
1991113N10091,NI,1991,UNNAMED,127.0,918.0,5,65,1991-04-22 18:00:00,1991-04-30 18:00:00,Intense (>=96kt)
1991124N05152,WP,1991,WALT,100.0,915.0,5,115,1991-05-04 00:00:00,1991-05-18 06:00:00,Intense (>=96kt)
1991150N14091,NI,1991,UNNAMED,45.0,990.0,0,33,1991-05-30 00:00:00,1991-06-03 00:00:00,Weak (<64kt)
1991156S07084,SI,1991,GRITELLE,44.0,984.0,0,93,1991-06-05 00:00:00,1991-06-16 12:00:00,Weak (<64kt)
1991163N11128,WP,1991,YUNYA,80.0,950.0,3,45,1991-06-11 18:00:00,1991-06-17 06:00:00,Moderate (64-95kt)
1991165N11143,WP,1991,UNNAMED,,,-5,41,1991-06-14 00:00:00,1991-06-19 00:00:00,Unknown
1991187N06139,WP,1991,ZEKE,65.0,970.0,1,73,1991-07-06 00:00:00,1991-07-15 00:00:00,Moderate (64-95kt)
1991194N11147,WP,1991,AMY,95.0,930.0,4,65,1991-07-12 18:00:00,1991-07-20 18:00:00,Moderate (64-95kt)
1991196N06153,WP,1991,BRENDAN,60.0,980.0,1,85,1991-07-15 00:00:00,1991-07-25 12:00:00,Weak (<64kt)
1991197N09248,WP,1991,ENRIQUE,,,0,12,1991-07-31 15:00:00,1991-08-02 00:00:00,Unknown
1991200N05157,WP,1991,CAITLIN,80.0,940.0,2,97,1991-07-18 12:00:00,1991-07-30 12:00:00,Moderate (64-95kt)
1991207N20105,WP,1991,BRENDAN,,,-5,25,1991-07-25 12:00:00,1991-07-28 12:00:00,Unknown
1991208N20090,NI,1991,UNNAMED,30.0,984.0,-5,41,1991-07-27 00:00:00,1991-08-01 00:00:00,Weak (<64kt)
1991219N25165,WP,1991,DOUG,,,0,31,1991-08-07 06:00:00,1991-08-11 00:00:00,Unknown
1991220N10133,WP,1991,FRED,75.0,960.0,2,85,1991-08-08 00:00:00,1991-08-18 12:00:00,Moderate (64-95kt)
1991220N20160,WP,1991,ELLIE,70.0,960.0,2,91,1991-08-08 00:00:00,1991-08-19 06:00:00,Moderate (64-95kt)
1991223N19162,WP,1991,UNNAMED,,,-1,21,1991-08-11 06:00:00,1991-08-13 18:00:00,Unknown
1991226N18159,WP,1991,GLADYS,60.0,965.0,1,91,1991-08-13 12:00:00,1991-08-24 18:00:00,Weak (<64kt)
1991233N22147,WP,1991,UNNAMED,35.0,992.0,-1,79,1991-08-21 06:00:00,1991-08-31 00:00:00,Weak (<64kt)
1991234N20089,NI,1991,UNNAMED,25.0,992.0,-5,41,1991-08-21 18:00:00,1991-08-26 18:00:00,Weak (<64kt)
1991239N20133,WP,1991,HARRY,40.0,984.0,0,53,1991-08-27 00:00:00,1991-09-02 09:00:00,Weak (<64kt)
1991243N05172,WP,1991,IVY,95.0,935.0,4,97,1991-08-31 00:00:00,1991-09-12 00:00:00,Moderate (64-95kt)
1991244N19126,WP,1991,JOEL,45.0,985.0,0,61,1991-09-01 00:00:00,1991-09-08 12:00:00,Weak (<64kt)
1991251N12138,WP,1991,KINNA,80.0,955.0,2,70,1991-09-08 00:00:00,1991-09-16 09:00:00,Moderate (64-95kt)
1991253S09080,SI,1992,UNNAMED,,,0,25,1991-09-10 06:00:00,1991-09-13 06:00:00,Unknown
1991256N13171,WP,1991,MIREILLE,100.0,925.0,4,144,1991-09-13 00:00:00,1991-09-30 15:00:00,Intense (>=96kt)
1991256N14148,WP,1991,LUKE,55.0,976.0,0,66,1991-09-13 06:00:00,1991-09-21 09:00:00,Weak (<64kt)
1991257N16130,WP,1991,NAT,80.0,950.0,3,155,1991-09-14 00:00:00,1991-10-03 06:00:00,Moderate (64-95kt)
1991264N15084,NI,1991,UNNAMED,25.0,1000.0,-5,15,1991-09-21 00:00:00,1991-09-22 18:00:00,Weak (<64kt)
1991274N08164,WP,1991,PAT,95.0,925.0,4,107,1991-10-01 00:00:00,1991-10-14 06:00:00,Moderate (64-95kt)
1991274N14149,WP,1991,ORCHID,95.0,930.0,4,118,1991-10-01 00:00:00,1991-10-15 15:00:00,Moderate (64-95kt)
1991285N15090,NI,1991,UNNAMED,25.0,998.0,-5,19,1991-10-12 00:00:00,1991-10-14 06:00:00,Weak (<64kt)
1991285S08064,SI,1992,UNNAMED,28.0,997.0,0,89,1991-10-11 12:00:00,1991-10-22 12:00:00,Weak (<64kt)
1991289N06156,WP,1991,RUTH,115.0,895.0,5,145,1991-10-16 00:00:00,1991-11-03 00:00:00,Intense (>=96kt)
1991290S10077,SI,1992,UNNAMED,28.0,997.0,-5,49,1991-10-16 12:00:00,1991-10-22 12:00:00,Weak (<64kt)
1991300N06149,WP,1991,UNNAMED,,,-1,41,1991-10-27 00:00:00,1991-11-01 00:00:00,Unknown
1991301N08173,WP,1991,SETH,100.0,925.0,4,145,1991-10-28 06:00:00,1991-11-15 06:00:00,Intense (>=96kt)
1991301N10083,NI,1991,UNNAMED,25.0,998.0,-5,23,1991-10-28 00:00:00,1991-10-30 18:00:00,Weak (<64kt)
1991304N08140,WP,1991,THELMA,40.0,992.0,0,69,1991-10-31 00:00:00,1991-11-08 12:00:00,Weak (<64kt)
1991307N06177,WP,1991,VERNE,55.0,980.0,0,87,1991-11-03 00:00:00,1991-11-13 18:00:00,Weak (<64kt)
1991313N10095,NI,1991,UNNAMED,45.0,998.0,0,59,1991-11-09 06:00:00,1991-11-16 12:00:00,Weak (<64kt)
1991317N09141,WP,1991,WILDA,45.0,992.0,0,59,1991-11-12 18:00:00,1991-11-20 00:00:00,Weak (<64kt)
1991320N06171,WP,1991,YURI,120.0,895.0,5,139,1991-11-16 00:00:00,1991-12-03 06:00:00,Intense (>=96kt)
1991324S08074,SI,1992,UNNAMED,36.0,991.0,0,71,1991-11-20 06:00:00,1991-11-29 00:00:00,Weak (<64kt)
1991329N04181,WP,1991,ZELDA,60.0,975.0,1,91,1991-11-25 09:00:00,1991-12-06 15:00:00,Weak (<64kt)
1991335S04095,SI,1992,GRAHAM,110.0,915.0,4,93,1991-12-01 00:00:00,1991-12-12 12:00:00,Intense (>=96kt)
1991352S08066,SI,1992,ALEXANDRA,56.0,972.0,3,93,1991-12-17 12:00:00,1991-12-29 00:00:00,Weak (<64kt)
1991360S13058,SI,1992,BRYNA,39.0,988.0,0,129,1991-12-25 12:00:00,1992-01-10 12:00:00,Weak (<64kt)
1992003N03176,WP,1992,AXEL,55.0,980.0,1,101,1992-01-03 06:00:00,1992-01-15 18:00:00,Weak (<64kt)
1992006S13134,SI,1992,MARK,,,-1,4,1992-01-06 06:00:00,1992-01-06 15:00:00,Unknown
1992027N05206,WP,1992,EKEKA,45.0,990.0,0,43,1992-02-03 18:00:00,1992-02-09 00:00:00,Weak (<64kt)
1992039S14063,SI,1992,CELESTA,43.0,985.0,0,47,1992-02-08 06:00:00,1992-02-14 00:00:00,Weak (<64kt)
1992044S14128,SI,1992,UNNAMED,,,-1,13,1992-02-12 18:00:00,1992-02-14 06:00:00,Unknown
1992048S18067,SI,1992,DAVILIA,39.0,988.0,0,73,1992-02-16 12:00:00,1992-02-25 12:00:00,Weak (<64kt)
1992054S14044,SI,1992,ELIZABETHA,35.0,992.0,-5,29,1992-02-22 18:00:00,1992-02-26 06:00:00,Weak (<64kt)
1992055S11086,SI,1992,FARIDA,82.0,941.0,4,81,1992-02-23 12:00:00,1992-03-04 12:00:00,Moderate (64-95kt)
1992055S12119,SI,1992,IAN,105.0,930.0,4,79,1992-02-23 18:00:00,1992-03-04 06:00:00,Intense (>=96kt)
1992055S17053,SI,1992,GERDA,20.0,1003.0,-5,23,1992-02-24 06:00:00,1992-02-27 00:00:00,Weak (<64kt)
1992056S11102,SI,1992,HARRIET:HEATHER,105.0,930.0,4,103,1992-02-24 18:00:00,1992-03-08 12:00:00,Intense (>=96kt)
1992057S17052,SI,1992,UNNAMED,31.0,995.0,-5,30,1992-02-26 00:00:00,1992-02-29 15:00:00,Weak (<64kt)
1992058S15060,SI,1992,GERDA,35.0,992.0,0,59,1992-02-26 12:00:00,1992-03-04 18:00:00,Weak (<64kt)
1992060S18061,SI,1992,GERDA,35.0,992.0,-5,10,1992-02-29 03:00:00,1992-03-01 06:00:00,Weak (<64kt)
1992061S19061,SI,1992,UNNAMED,27.0,998.0,-5,7,1992-03-01 00:00:00,1992-03-01 18:00:00,Weak (<64kt)
1992096S05101,SI,1992,IRNA:JANE,110.0,915.0,4,119,1992-04-05 06:00:00,1992-04-20 00:00:00,Intense (>=96kt)
1992096S08132,SI,1992,NEVILLE,110.0,945.0,4,89,1992-04-04 18:00:00,1992-04-15 12:00:00,Intense (>=96kt)
1992136N10090,NI,1992,UNNAMED,35.0,992.0,1,41,1992-05-15 00:00:00,1992-05-20 00:00:00,Weak (<64kt)
1992155N10070,NI,1992,UNNAMED,45.0,994.0,0,77,1992-06-03 06:00:00,1992-06-12 18:00:00,Weak (<64kt)
1992167N12088,NI,1992,UNNAMED,,,0,33,1992-06-14 12:00:00,1992-06-18 12:00:00,Unknown
1992172N07144,WP,1992,BOBBIE,90.0,940.0,4,105,1992-06-20 06:00:00,1992-07-03 06:00:00,Moderate (64-95kt)
1992174N13126,WP,1992,CHUCK,70.0,965.0,1,83,1992-06-21 18:00:00,1992-07-02 00:00:00,Moderate (64-95kt)
1992176N06145,WP,1992,DEANNA,,,0,81,1992-06-24 00:00:00,1992-07-04 00:00:00,Unknown
1992188N07156,NI,1992,ELI,,,-5,1,1992-07-14 18:00:00,1992-07-14 18:00:00,Unknown
1992188N07156,WP,1992,ELI,70.0,965.0,1,72,1992-07-05 18:00:00,1992-07-14 15:00:00,Moderate (64-95kt)
1992194N07140,WP,1992,FAYE,35.0,1000.0,0,57,1992-07-11 12:00:00,1992-07-18 12:00:00,Weak (<64kt)
1992198N13135,NI,1992,GARY,,,-5,1,1992-07-24 18:00:00,1992-07-24 18:00:00,Unknown
1992198N13135,WP,1992,GARY,55.0,980.0,1,70,1992-07-16 00:00:00,1992-07-24 15:00:00,Weak (<64kt)
1992206N25161,WP,1992,HELEN,40.0,996.0,0,47,1992-07-24 00:00:00,1992-07-29 18:00:00,Weak (<64kt)
1992207N18090,NI,1992,UNNAMED,,,0,27,1992-07-24 18:00:00,1992-07-28 00:00:00,Unknown
1992211N39164,WP,1992,UNNAMED,,,-1,11,1992-07-28 18:00:00,1992-07-30 00:00:00,Unknown
1992212N05154,WP,1992,JANIS,95.0,935.0,4,117,1992-07-30 00:00:00,1992-08-13 09:00:00,Moderate (64-95kt)
1992212N20135,WP,1992,IRVING,55.0,980.0,1,55,1992-07-30 00:00:00,1992-08-05 12:00:00,Weak (<64kt)
1992216N06182,WP,1992,KENT,95.0,930.0,4,133,1992-08-03 18:00:00,1992-08-20 00:00:00,Moderate (64-95kt)
1992227N13130,WP,1992,LOIS,35.0,996.0,0,96,1992-08-13 12:00:00,1992-08-25 09:00:00,Weak (<64kt)
1992227N17112,WP,1992,MARK,45.0,990.0,0,69,1992-08-13 12:00:00,1992-08-22 00:00:00,Weak (<64kt)
1992229N24162,WP,1992,NINA,35.0,996.0,0,50,1992-08-16 00:00:00,1992-08-22 03:00:00,Weak (<64kt)
1992233N07173,WP,1992,UNNAMED,,,-1,34,1992-08-20 06:00:00,1992-08-24 09:00:00,Unknown
1992236N07159,WP,1992,OMAR,100.0,920.0,4,137,1992-08-23 00:00:00,1992-09-09 00:00:00,Intense (>=96kt)
1992237N14144,WP,1992,POLLY,55.0,975.0,0,97,1992-08-23 12:00:00,1992-09-04 12:00:00,Weak (<64kt)
1992239N19135,WP,1992,POLLY,,,-5,9,1992-08-26 06:00:00,1992-08-27 06:00:00,Unknown
1992242N13166,WP,1992,RYAN,85.0,945.0,4,125,1992-08-29 00:00:00,1992-09-13 12:00:00,Moderate (64-95kt)
1992246N36121,WP,1992,POLLY,,,-5,8,1992-09-01 15:00:00,1992-09-02 12:00:00,Unknown
1992248N19166,WP,1992,SIBYL,85.0,940.0,3,119,1992-09-04 00:00:00,1992-09-18 18:00:00,Moderate (64-95kt)
1992259N11159,WP,1992,TED,50.0,985.0,1,105,1992-09-14 12:00:00,1992-09-27 12:00:00,Weak (<64kt)
1992261N15116,WP,1992,UNNAMED,,,-5,23,1992-09-17 06:00:00,1992-09-20 00:00:00,Unknown
1992263N05175,WP,1992,VAL,45.0,970.0,0,90,1992-09-19 00:00:00,1992-09-30 03:00:00,Weak (<64kt)
1992265N18099,NI,1992,UNNAMED,,,-1,33,1992-09-21 00:00:00,1992-09-25 00:00:00,Unknown
1992268N11193,WP,1992,WARD,85.0,945.0,2,85,1992-09-27 00:00:00,1992-10-07 12:00:00,Moderate (64-95kt)
1992269S05087,SI,1993,AVIONA,40.0,988.0,1,81,1992-09-25 00:00:00,1992-10-05 00:00:00,Weak (<64kt)
1992273N12077,NI,1992,UNNAMED,45.0,996.0,0,45,1992-09-29 00:00:00,1992-10-04 12:00:00,Weak (<64kt)
1992277N16140,WP,1992,YVETTE,100.0,915.0,5,125,1992-10-03 06:00:00,1992-10-18 18:00:00,Intense (>=96kt)
1992279N08175,WP,1992,ZACK,40.0,992.0,0,97,1992-10-05 00:00:00,1992-10-17 00:00:00,Weak (<64kt)
1992279N10097,NI,1992,UNNAMED,,,0,41,1992-10-04 12:00:00,1992-10-09 12:00:00,Unknown
1992286N12115,WP,1992,ANGELA,65.0,970.0,2,147,1992-10-12 06:00:00,1992-10-30 12:00:00,Moderate (64-95kt)
1992288N10089,NI,1992,UNNAMED,35.0,996.0,-1,69,1992-10-13 18:00:00,1992-10-22 06:00:00,Weak (<64kt)
1992289N08135,WP,1992,COLLEEN,55.0,980.0,1,119,1992-10-15 00:00:00,1992-10-29 18:00:00,Weak (<64kt)
1992289N09171,WP,1992,BRIAN,80.0,950.0,2,89,1992-10-14 12:00:00,1992-10-25 12:00:00,Moderate (64-95kt)
1992292S09083,SI,1993,BABIE,37.0,991.0,0,33,1992-10-17 12:00:00,1992-10-21 12:00:00,Weak (<64kt)
1992298N10188,WP,1992,DAN,90.0,935.0,3,86,1992-10-25 09:00:00,1992-11-05 00:00:00,Moderate (64-95kt)
1992302N06150,WP,1992,ELSIE,100.0,915.0,5,103,1992-10-27 12:00:00,1992-11-09 06:00:00,Intense (>=96kt)
1992304N18178,WP,1992,UNNAMED,,,-1,31,1992-10-30 00:00:00,1992-11-02 18:00:00,Unknown
1992306N12093,NI,1992,UNNAMED,45.0,996.0,0,61,1992-10-31 12:00:00,1992-11-08 00:00:00,Weak (<64kt)
1992311N06107,NI,1992,UNNAMED,55.0,994.0,1,74,1992-11-08 15:00:00,1992-11-17 18:00:00,Weak (<64kt)
1992311N06107,WP,1992,UNNAMED,,,-1,21,1992-11-06 00:00:00,1992-11-08 12:00:00,Unknown
1992314N08141,NI,1992,FORREST,102.0,952.0,4,54,1992-11-15 09:00:00,1992-11-22 00:00:00,Intense (>=96kt)
1992314N08141,WP,1992,FORREST,45.0,996.0,0,55,1992-11-08 12:00:00,1992-11-15 06:00:00,Weak (<64kt)
1992318N06182,WP,1992,GAY,110.0,900.0,5,161,1992-11-13 21:00:00,1992-12-03 21:00:00,Intense (>=96kt)
1992318N11160,WP,1992,HUNT,90.0,940.0,4,76,1992-11-13 06:00:00,1992-11-22 15:00:00,Moderate (64-95kt)
1992331S11082,SI,1993,UNNAMED,28.0,997.0,0,121,1992-11-26 00:00:00,1992-12-11 00:00:00,Weak (<64kt)
1992335N03077,NI,1992,UNNAMED,,,0,37,1992-11-29 12:00:00,1992-12-04 00:00:00,Unknown
1992352S11100,SI,1993,KEN,40.0,990.0,0,57,1992-12-17 00:00:00,1992-12-24 00:00:00,Weak (<64kt)
1992354N03075,NI,1992,UNNAMED,,,0,51,1992-12-18 12:00:00,1992-12-24 18:00:00,Unknown
1992361S23039,SI,1993,UNNAMED,37.0,998.0,-5,33,1992-12-26 00:00:00,1992-12-30 00:00:00,Weak (<64kt)
1993012S09074,SI,1993,COLINA,72.0,970.0,2,81,1993-01-11 12:00:00,1993-01-21 12:00:00,Moderate (64-95kt)
1993016S06091,SI,1993,EDWINA,93.0,925.0,3,113,1993-01-16 00:00:00,1993-01-30 00:00:00,Moderate (64-95kt)
1993016S16042,SI,1993,DESSILIA,50.0,975.0,0,67,1993-01-16 06:00:00,1993-01-24 12:00:00,Weak (<64kt)
1993023S14120,SI,1993,LENA,55.0,972.0,0,90,1993-01-22 18:00:00,1993-02-02 21:00:00,Weak (<64kt)
1993025S12136,SI,1993,UNNAMED,,,0,108,1993-01-27 03:00:00,1993-02-09 12:00:00,Unknown
1993041S16052,SI,1993,FINELLA,44.0,984.0,1,51,1993-02-10 00:00:00,1993-02-16 06:00:00,Weak (<64kt)
1993051S14046,SI,1993,GRACIA,37.0,990.0,-5,23,1993-02-20 06:00:00,1993-02-23 00:00:00,Weak (<64kt)
1993056S21051,SI,1993,UNNAMED,30.0,995.0,-5,15,1993-02-24 12:00:00,1993-02-26 06:00:00,Weak (<64kt)
1993059N05136,WP,1993,UNNAMED,,,-1,19,1993-02-27 18:00:00,1993-03-02 00:00:00,Unknown
1993059S20052,SI,1993,HUTELLE,27.0,998.0,-5,19,1993-02-27 18:00:00,1993-03-02 00:00:00,Weak (<64kt)
1993061S14042,SI,1993,IONIA,34.0,993.0,-5,55,1993-03-02 06:00:00,1993-03-09 00:00:00,Weak (<64kt)
1993064N03174,WP,1993,IRMA,50.0,985.0,0,113,1993-03-05 00:00:00,1993-03-19 00:00:00,Weak (<64kt)
1993091S13092,SI,1993,JOURDANNE,90.0,930.0,4,73,1993-04-01 00:00:00,1993-04-10 00:00:00,Moderate (64-95kt)
1993096N08148,WP,1993,UNNAMED,,,-1,69,1993-04-06 00:00:00,1993-04-14 12:00:00,Unknown
1993096S11101,SI,1993,MONTY,60.0,992.0,0,73,1993-04-06 00:00:00,1993-04-15 00:00:00,Weak (<64kt)
1993105N06165,WP,1993,UNNAMED,,,-1,109,1993-04-15 06:00:00,1993-04-28 18:00:00,Unknown
1993120S10075,SI,1993,KONITA,70.0,955.0,2,63,1993-04-29 18:00:00,1993-05-07 12:00:00,Moderate (64-95kt)
1993134N04160,WP,1993,JACK,,,0,73,1993-05-14 06:00:00,1993-05-23 06:00:00,Unknown
1993164N04160,WP,1993,KORYN,105.0,905.0,4,129,1993-06-13 06:00:00,1993-06-29 06:00:00,Intense (>=96kt)
1993166N06131,WP,1993,UNNAMED,,,-1,41,1993-06-15 06:00:00,1993-06-20 06:00:00,Unknown
1993185N09137,WP,1993,LEWIS,60.0,975.0,2,73,1993-07-04 06:00:00,1993-07-13 06:00:00,Weak (<64kt)
1993193N08144,WP,1993,MARIAN,,,0,47,1993-07-11 12:00:00,1993-07-17 06:00:00,Unknown
1993199N10156,WP,1993,NATHAN,55.0,980.0,1,79,1993-07-17 12:00:00,1993-07-27 00:00:00,Weak (<64kt)
1993205N15137,WP,1993,OFELIA,45.0,990.0,0,43,1993-07-24 06:00:00,1993-07-29 06:00:00,Weak (<64kt)
1993207N19130,WP,1993,PERCY,60.0,975.0,1,52,1993-07-25 18:00:00,1993-08-01 00:00:00,Weak (<64kt)
1993211N07161,WP,1993,ROBYN,85.0,940.0,4,123,1993-07-30 06:00:00,1993-08-14 12:00:00,Moderate (64-95kt)
1993215N08154,WP,1993,STEVE,55.0,980.0,1,89,1993-08-03 00:00:00,1993-08-14 00:00:00,Weak (<64kt)
1993221N12216,WP,1993,KEONI,90.0,940.0,3,124,1993-08-19 21:00:00,1993-09-04 06:00:00,Moderate (64-95kt)
1993223N07185,WP,1993,UNNAMED,,,-1,25,1993-08-12 06:00:00,1993-08-15 06:00:00,Unknown
1993224N07153,WP,1993,TASHA,65.0,970.0,1,85,1993-08-12 00:00:00,1993-08-22 12:00:00,Moderate (64-95kt)
1993229N10159,WP,1993,VERNON,70.0,965.0,1,112,1993-08-17 00:00:00,1993-08-30 18:00:00,Moderate (64-95kt)
1993231N09134,WP,1993,WINONA,40.0,990.0,0,85,1993-08-19 06:00:00,1993-08-29 18:00:00,Weak (<64kt)
1993240N17142,WP,1993,YANCY,95.0,925.0,4,91,1993-08-27 12:00:00,1993-09-07 12:00:00,Moderate (64-95kt)
1993246N16129,WP,1993,ZOLA,50.0,985.0,0,86,1993-09-03 06:00:00,1993-09-13 21:00:00,Weak (<64kt)
1993250N17119,WP,1993,ABE,85.0,945.0,3,65,1993-09-07 06:00:00,1993-09-15 06:00:00,Moderate (64-95kt)
1993253N06150,WP,1993,BECKY,55.0,980.0,1,73,1993-09-09 18:00:00,1993-09-18 18:00:00,Weak (<64kt)
1993261N11131,WP,1993,DOT,70.0,965.0,1,77,1993-09-18 06:00:00,1993-09-27 18:00:00,Moderate (64-95kt)
1993263N11168,WP,1993,CECIL,80.0,950.0,3,72,1993-09-20 06:00:00,1993-09-29 03:00:00,Moderate (64-95kt)
1993270N07153,WP,1993,ED,100.0,915.0,5,97,1993-09-27 06:00:00,1993-10-09 06:00:00,Intense (>=96kt)
1993271N14134,WP,1993,FLO,65.0,970.0,1,105,1993-09-28 00:00:00,1993-10-11 00:00:00,Moderate (64-95kt)
1993275N04159,WP,1993,GENE,35.0,998.0,0,97,1993-10-02 06:00:00,1993-10-14 06:00:00,Weak (<64kt)
1993279N12114,WP,1993,UNNAMED,,,-1,63,1993-10-06 00:00:00,1993-10-13 18:00:00,Unknown
1993285N12192,WP,1993,HATTIE,50.0,980.0,0,86,1993-10-15 15:00:00,1993-10-26 06:00:00,Weak (<64kt)
1993298N11154,WP,1993,IRA,80.0,950.0,4,89,1993-10-25 00:00:00,1993-11-05 00:00:00,Moderate (64-95kt)
1993306N10168,WP,1993,JEANA,45.0,992.0,0,95,1993-11-02 00:00:00,1993-11-13 18:00:00,Weak (<64kt)
1993309N06072,NI,1993,UNNAMED,,,0,66,1993-11-05 00:00:00,1993-11-13 03:00:00,Unknown
1993312N06079,NI,1993,UNNAMED,25.0,998.0,-5,17,1993-11-08 00:00:00,1993-11-10 00:00:00,Weak (<64kt)
1993312S06080,SI,1994,ALEXINA,46.0,982.0,0,51,1993-11-07 18:00:00,1993-11-14 00:00:00,Weak (<64kt)
1993316N09177,WP,1993,UNNAMED,,,-1,57,1993-11-12 06:00:00,1993-11-19 06:00:00,Unknown
1993316N11070,NI,1993,UNNAMED,65.0,986.0,1,33,1993-11-12 00:00:00,1993-11-16 00:00:00,Moderate (64-95kt)
1993317N08149,WP,1993,UNNAMED,,,-1,47,1993-11-13 06:00:00,1993-11-19 00:00:00,Unknown
1993322N09137,WP,1993,KYLE,70.0,960.0,2,57,1993-11-17 12:00:00,1993-11-24 12:00:00,Moderate (64-95kt)
1993327S07093,SI,1994,BETTINA,60.0,970.0,0,79,1993-11-22 12:00:00,1993-12-02 06:00:00,Weak (<64kt)
1993331N05172,WP,1993,LOLA,80.0,955.0,3,101,1993-11-27 06:00:00,1993-12-09 18:00:00,Moderate (64-95kt)
1993331N07108,NI,1993,UNNAMED,90.0,968.0,1,56,1993-11-28 21:00:00,1993-12-05 18:00:00,Moderate (64-95kt)
1993331N07108,WP,1993,UNNAMED,,,-1,15,1993-11-27 00:00:00,1993-11-28 18:00:00,Unknown
1993336N05164,NI,1993,MANNY,,1008.0,-1,3,1993-12-16 00:00:00,1993-12-16 06:00:00,Unknown
1993336N05164,WP,1993,MANNY,75.0,955.0,4,116,1993-12-01 12:00:00,1993-12-15 21:00:00,Moderate (64-95kt)
1993345S08083,SI,1994,CECILIA,55.0,972.0,2,85,1993-12-11 00:00:00,1993-12-21 12:00:00,Weak (<64kt)
1993348S13120,SI,1994,NAOMI,80.0,960.0,0,34,1993-12-14 06:00:00,1993-12-18 09:00:00,Moderate (64-95kt)
1993353N05159,WP,1993,NELL,60.0,975.0,1,109,1993-12-18 18:00:00,1994-01-01 06:00:00,Weak (<64kt)
1993353N09084,NI,1993,UNNAMED,30.0,1006.0,-5,13,1993-12-19 00:00:00,1993-12-20 12:00:00,Weak (<64kt)
1993362S12130,SI,1994,OSCAR,35.0,995.0,0,97,1993-12-28 00:00:00,1994-01-09 00:00:00,Weak (<64kt)
1994001N05156,WP,1994,UNNAMED,,,-1,43,1994-01-01 06:00:00,1994-01-06 12:00:00,Unknown
1994007S16056,SI,1994,DAISY,85.0,935.0,2,81,1994-01-07 00:00:00,1994-01-17 00:00:00,Moderate (64-95kt)
1994010S17124,SI,1994,FARAH:PEARL,85.0,950.0,2,93,1994-01-10 06:00:00,1994-01-21 18:00:00,Moderate (64-95kt)
1994012S09075,SI,1994,EDMEA,52.0,976.0,0,67,1994-01-11 12:00:00,1994-01-19 18:00:00,Weak (<64kt)
1994022S12113,SI,1994,QUENTON,80.0,955.0,1,55,1994-01-22 06:00:00,1994-01-29 00:00:00,Moderate (64-95kt)
1994026S11078,SI,1994,GERALDA,110.0,905.0,5,121,1994-01-25 12:00:00,1994-02-09 12:00:00,Intense (>=96kt)
1994036S09075,SI,1994,HOLLANDA,85.0,940.0,3,83,1994-02-05 06:00:00,1994-02-15 12:00:00,Moderate (64-95kt)
1994037S12095,SI,1994,IVY,75.0,950.0,3,121,1994-02-06 00:00:00,1994-02-21 00:00:00,Moderate (64-95kt)
1994047S16124,SI,1994,UNNAMED,,,0,59,1994-02-16 00:00:00,1994-02-23 06:00:00,Unknown
1994047S17041,SI,1994,JULITA,30.0,995.0,-5,23,1994-02-15 18:00:00,1994-02-18 12:00:00,Weak (<64kt)
1994064S13099,SI,1994,LITANNE,105.0,910.0,4,117,1994-03-05 00:00:00,1994-03-19 12:00:00,Intense (>=96kt)
1994064S15052,SI,1994,KELVINA,45.0,985.0,0,59,1994-03-05 06:00:00,1994-03-12 12:00:00,Weak (<64kt)
1994067S14109,SI,1994,MARIOLA,62.0,966.0,2,97,1994-03-07 12:00:00,1994-03-19 12:00:00,Weak (<64kt)
1994071S10119,SI,1994,SHARON,105.0,930.0,3,79,1994-03-12 06:00:00,1994-03-22 00:00:00,Intense (>=96kt)
1994076S14078,SI,1994,NADIA,95.0,925.0,4,131,1994-03-16 18:00:00,1994-04-02 00:00:00,Moderate (64-95kt)
1994078N06096,NI,1994,UNNAMED,,,0,55,1994-03-18 18:00:00,1994-03-25 12:00:00,Unknown
1994086S08092,SI,1994,ODILLE,95.0,925.0,3,171,1994-03-26 18:00:00,1994-04-17 00:00:00,Moderate (64-95kt)
1994087S10115,SI,1994,TIM,35.0,995.0,0,49,1994-03-28 00:00:00,1994-04-03 00:00:00,Weak (<64kt)
1994088N09148,WP,1994,OWEN,60.0,980.0,1,93,1994-03-28 18:00:00,1994-04-09 06:00:00,Weak (<64kt)
1994095S08129,SI,1994,VIVIENNE,85.0,955.0,1,67,1994-04-05 00:00:00,1994-04-13 06:00:00,Moderate (64-95kt)
1994116S05095,SI,1994,WILLY,50.0,985.0,0,49,1994-04-26 00:00:00,1994-05-02 00:00:00,Weak (<64kt)
1994117N07096,NI,1994,UNNAMED,115.0,940.0,4,56,1994-04-26 18:00:00,1994-05-03 12:00:00,Intense (>=96kt)
1994128N04155,WP,1994,PAGE,70.0,965.0,2,93,1994-05-08 00:00:00,1994-05-19 12:00:00,Moderate (64-95kt)
1994134N05161,WP,1994,UNNAMED,,,-1,105,1994-05-14 00:00:00,1994-05-27 00:00:00,Unknown
1994153N19113,WP,1994,RUSS,50.0,985.0,0,79,1994-06-02 06:00:00,1994-06-12 00:00:00,Weak (<64kt)
1994157N17074,NI,1994,UNNAMED,55.0,980.0,0,35,1994-06-05 12:00:00,1994-06-09 18:00:00,Weak (<64kt)
1994169N06152,WP,1994,SHARON,40.0,996.0,0,63,1994-06-18 00:00:00,1994-06-25 18:00:00,Weak (<64kt)
1994181N17137,WP,1994,UNNAMED,,,-1,53,1994-06-29 12:00:00,1994-07-06 00:00:00,Unknown
1994186N09139,WP,1994,TIM,95.0,930.0,4,69,1994-07-05 00:00:00,1994-07-13 12:00:00,Moderate (64-95kt)
1994189N16117,WP,1994,VANESSA,40.0,990.0,0,29,1994-07-08 00:00:00,1994-07-11 12:00:00,Weak (<64kt)
1994191N08141,WP,1994,ZEKE,50.0,985.0,1,127,1994-07-10 00:00:00,1994-07-25 18:00:00,Weak (<64kt)
1994192N05139,WP,1994,WALT,100.0,915.0,4,142,1994-07-11 00:00:00,1994-07-28 12:00:00,Intense (>=96kt)
1994197N14115,WP,1994,YUNYA,45.0,990.0,0,45,1994-07-16 06:00:00,1994-07-21 18:00:00,Weak (<64kt)
1994199N20106,WP,1994,UNNAMED,,,-5,33,1994-07-18 00:00:00,1994-07-22 00:00:00,Unknown
1994205N13148,WP,1994,UNNAMED,,,-1,45,1994-07-23 12:00:00,1994-07-29 00:00:00,Unknown
1994206N14131,WP,1994,BRENDAN,45.0,992.0,0,76,1994-07-25 06:00:00,1994-08-03 12:00:00,Weak (<64kt)
1994206N22107,NI,1994,AMY,,,-5,4,1994-07-31 21:00:00,1994-08-01 06:00:00,Unknown
1994206N22107,WP,1994,AMY,45.0,985.0,0,55,1994-07-25 00:00:00,1994-07-31 18:00:00,Weak (<64kt)
1994210N16144,WP,1994,CAITLIN,45.0,990.0,0,65,1994-07-29 00:00:00,1994-08-06 00:00:00,Weak (<64kt)
1994211N12152,WP,1994,DOUG,100.0,925.0,5,115,1994-07-30 00:00:00,1994-08-13 06:00:00,Intense (>=96kt)
1994212N11240,WP,1994,LI,40.0,994.0,0,42,1994-08-12 21:00:00,1994-08-18 00:00:00,Weak (<64kt)
1994215N30149,WP,1994,ELLIE,70.0,965.0,1,135,1994-08-03 00:00:00,1994-08-19 18:00:00,Moderate (64-95kt)
1994222N11267,WP,1994,JOHN,85.0,945.0,3,90,1994-08-28 09:00:00,1994-09-08 12:00:00,Moderate (64-95kt)
1994224N20152,WP,1994,FRED,100.0,925.0,4,117,1994-08-12 00:00:00,1994-08-26 12:00:00,Intense (>=96kt)
1994231N12157,WP,1994,GLADYS,80.0,955.0,3,129,1994-08-19 00:00:00,1994-09-04 00:00:00,Moderate (64-95kt)
1994232N10144,WP,1994,HARRY,45.0,990.0,0,77,1994-08-20 00:00:00,1994-08-29 12:00:00,Weak (<64kt)
1994237N24167,WP,1994,IVY,75.0,960.0,1,93,1994-08-24 18:00:00,1994-09-05 06:00:00,Moderate (64-95kt)
1994242N12112,WP,1994,JOEL,45.0,990.0,0,79,1994-08-30 00:00:00,1994-09-08 18:00:00,Weak (<64kt)
1994244N07151,WP,1994,KINNA,75.0,960.0,2,97,1994-09-01 00:00:00,1994-09-13 00:00:00,Moderate (64-95kt)
1994249N12136,WP,1994,UNNAMED,,,-1,19,1994-09-06 06:00:00,1994-09-08 12:00:00,Unknown
1994250N14133,WP,1994,LUKE,45.0,990.0,0,67,1994-09-06 12:00:00,1994-09-14 18:00:00,Weak (<64kt)
1994251N10180,WP,1994,MELISSA,110.0,910.0,4,111,1994-09-08 00:00:00,1994-09-21 18:00:00,Intense (>=96kt)
1994257N13139,WP,1994,NAT,40.0,992.0,0,73,1994-09-14 00:00:00,1994-09-23 00:00:00,Weak (<64kt)
1994259N12128,WP,1994,ORCHID,100.0,925.0,4,134,1994-09-16 00:00:00,1994-10-02 12:00:00,Intense (>=96kt)
1994263N17170,WP,1994,PAT,70.0,965.0,2,57,1994-09-19 12:00:00,1994-09-26 12:00:00,Moderate (64-95kt)
1994265N16149,WP,1994,PAT:RUTH,40.0,992.0,0,61,1994-09-22 00:00:00,1994-09-29 12:00:00,Weak (<64kt)
1994271N25169,WP,1994,UNNAMED,,,-1,67,1994-09-28 00:00:00,1994-10-06 06:00:00,Unknown
1994272N40159,WP,1994,PAT,,992.0,-5,11,1994-09-29 00:00:00,1994-09-30 06:00:00,Unknown
1994273N08176,WP,1994,SETH,110.0,910.0,4,132,1994-09-30 06:00:00,1994-10-16 15:00:00,Intense (>=96kt)
1994275S05062,SI,1995,UNNAMED,30.0,995.0,-5,39,1994-10-02 06:00:00,1994-10-07 00:00:00,Weak (<64kt)
1994287N08176,WP,1994,VERNE,80.0,950.0,4,173,1994-10-13 12:00:00,1994-11-04 00:00:00,Moderate (64-95kt)
1994287N14156,WP,1994,TERESA,80.0,955.0,1,105,1994-10-14 00:00:00,1994-10-27 00:00:00,Moderate (64-95kt)
1994291N12170,WP,1994,WILDA,90.0,935.0,4,119,1994-10-18 00:00:00,1994-11-01 18:00:00,Moderate (64-95kt)
1994295N25188,WP,1994,YURI,40.0,996.0,0,38,1994-10-22 15:00:00,1994-10-27 06:00:00,Weak (<64kt)
1994298N25161,WP,1994,ZELDA,105.0,910.0,4,131,1994-10-25 00:00:00,1994-11-10 06:00:00,Intense (>=96kt)
1994302N11086,NI,1994,UNNAMED,60.0,988.0,0,27,1994-10-28 12:00:00,1994-10-31 18:00:00,Weak (<64kt)
1994317N07070,NI,1994,UNNAMED,65.0,984.0,0,59,1994-11-13 00:00:00,1994-11-20 06:00:00,Moderate (64-95kt)
1994325S06076,SI,1995,ALBERTINE,95.0,925.0,4,95,1994-11-21 06:00:00,1994-12-03 00:00:00,Moderate (64-95kt)
1994344S09112,SI,1995,ANNETTE,100.0,925.0,3,83,1994-12-10 00:00:00,1994-12-20 06:00:00,Intense (>=96kt)
1994345N06165,WP,1994,AXEL,85.0,950.0,4,133,1994-12-10 18:00:00,1994-12-27 06:00:00,Moderate (64-95kt)
1994348N04175,WP,1994,BOBBIE,50.0,972.0,0,124,1994-12-14 00:00:00,1994-12-29 09:00:00,Weak (<64kt)
1994362S11054,SI,1995,CHRISTELLE,45.0,980.0,0,117,1994-12-27 18:00:00,1995-01-11 06:00:00,Weak (<64kt)
1994365S06063,SI,1995,BENTHA,45.0,984.0,0,59,1994-12-30 12:00:00,1995-01-06 18:00:00,Weak (<64kt)
1995005N04189,WP,1995,UNNAMED,,,-1,17,1995-01-07 06:00:00,1995-01-09 06:00:00,Unknown
1995017S10078,SI,1995,DORINA,95.0,925.0,3,123,1995-01-16 18:00:00,1995-02-01 00:00:00,Moderate (64-95kt)
1995020S20038,SI,1995,FODAH,55.0,970.0,0,69,1995-01-19 12:00:00,1995-01-28 00:00:00,Weak (<64kt)
1995032S10074,SI,1995,GAIL,65.0,970.0,1,97,1995-01-31 12:00:00,1995-02-12 12:00:00,Moderate (64-95kt)
1995032S10095,SI,1995,HEIDA,40.0,990.0,0,59,1995-01-31 18:00:00,1995-02-08 00:00:00,Weak (<64kt)
1995049S11133,SI,1995,BOBBY,105.0,925.0,3,77,1995-02-18 00:00:00,1995-02-27 12:00:00,Intense (>=96kt)
1995053S14065,SI,1995,INGRID,80.0,945.0,3,77,1995-02-21 18:00:00,1995-03-03 06:00:00,Moderate (64-95kt)
1995063S13141,SI,1995,WARREN,,,0,4,1995-03-06 15:00:00,1995-03-07 00:00:00,Unknown
1995064S13042,SI,1995,JOSTA,58.0,972.0,1,65,1995-03-04 18:00:00,1995-03-12 18:00:00,Weak (<64kt)
1995064S13055,SI,1995,KYLIE,45.0,984.0,2,85,1995-03-04 18:00:00,1995-03-15 06:00:00,Weak (<64kt)
1995074S16068,SI,1995,LIDY,30.0,996.0,-5,51,1995-03-14 12:00:00,1995-03-20 18:00:00,Weak (<64kt)
1995088S10078,SI,1995,MARLENE,100.0,920.0,4,107,1995-03-28 18:00:00,1995-04-11 00:00:00,Intense (>=96kt)
1995089S09131,SI,1995,CHLOE,120.0,920.0,4,85,1995-03-29 18:00:00,1995-04-09 06:00:00,Intense (>=96kt)
1995091S11145,SI,1995,UNNAMED,,,-1,22,1995-04-03 09:00:00,1995-04-06 00:00:00,Unknown
1995113N06169,WP,1995,CHUCK,35.0,998.0,0,105,1995-04-23 00:00:00,1995-05-06 00:00:00,Weak (<64kt)
1995126N11081,NI,1995,UNNAMED,30.0,996.0,-5,8,1995-05-05 21:00:00,1995-05-06 18:00:00,Weak (<64kt)
1995128N15082,NI,1995,UNNAMED,30.0,996.0,-5,17,1995-05-08 09:00:00,1995-05-10 09:00:00,Weak (<64kt)
1995135N20087,NI,1995,UNNAMED,30.0,996.0,-5,27,1995-05-14 18:00:00,1995-05-18 00:00:00,Weak (<64kt)
1995148N07150,WP,1995,DEANNA,40.0,990.0,0,123,1995-05-28 00:00:00,1995-06-12 06:00:00,Weak (<64kt)
1995150N05156,WP,1995,ELI,,,0,83,1995-05-30 00:00:00,1995-06-09 06:00:00,Unknown
1995193N06156,WP,1995,FAYE,75.0,950.0,3,105,1995-07-12 06:00:00,1995-07-25 06:00:00,Moderate (64-95kt)
1995206N15133,WP,1995,GARY,55.0,980.0,1,69,1995-07-25 06:00:00,1995-08-02 18:00:00,Weak (<64kt)
1995209N17122,WP,1995,UNNAMED,,,0,13,1995-07-27 18:00:00,1995-07-29 06:00:00,Unknown
1995215N12145,WP,1995,HELEN,50.0,985.0,1,81,1995-08-03 00:00:00,1995-08-13 00:00:00,Weak (<64kt)
1995225N12124,WP,1995,IRVING,45.0,990.0,0,63,1995-08-13 06:00:00,1995-08-21 00:00:00,Weak (<64kt)
1995229N12144,WP,1995,JANIS,45.0,990.0,0,105,1995-08-17 00:00:00,1995-08-30 00:00:00,Weak (<64kt)
1995233N16115,NI,1995,LOIS,,,-1,4,1995-08-30 15:00:00,1995-08-31 00:00:00,Unknown
1995233N16115,WP,1995,LOIS,50.0,980.0,1,75,1995-08-21 06:00:00,1995-08-30 12:00:00,Weak (<64kt)
1995233N23130,WP,1995,UNNAMED,,,-1,17,1995-08-21 00:00:00,1995-08-23 00:00:00,Unknown
1995236N10134,WP,1995,KENT,85.0,945.0,4,71,1995-08-24 00:00:00,1995-09-01 18:00:00,Moderate (64-95kt)
1995240N24151,WP,1995,MARK,65.0,985.0,2,45,1995-08-28 06:00:00,1995-09-02 18:00:00,Moderate (64-95kt)
1995244N08139,WP,1995,NINA,40.0,992.0,0,57,1995-09-01 00:00:00,1995-09-08 00:00:00,Weak (<64kt)
1995247N05144,WP,1995,UNNAMED,,,-1,67,1995-09-03 12:00:00,1995-09-11 18:00:00,Unknown
1995250N09161,WP,1995,OSCAR,100.0,925.0,5,94,1995-09-07 06:00:00,1995-09-18 21:00:00,Intense (>=96kt)
1995252N08142,WP,1995,POLLY,75.0,960.0,2,118,1995-09-09 00:00:00,1995-09-23 15:00:00,Moderate (64-95kt)
1995255N14104,NI,1995,UNNAMED,25.0,998.0,0,60,1995-09-12 15:00:00,1995-09-20 00:00:00,Weak (<64kt)
1995255N14104,WP,1995,UNNAMED,,,-1,5,1995-09-12 00:00:00,1995-09-12 12:00:00,Unknown
1995258N14115,WP,1995,RYAN,85.0,940.0,4,92,1995-09-14 12:00:00,1995-09-25 18:00:00,Moderate (64-95kt)
1995262N04161,WP,1995,UNNAMED,,,-1,81,1995-09-19 00:00:00,1995-09-29 00:00:00,Unknown
1995264N06174,WP,1995,SIBYL,50.0,985.0,2,107,1995-09-21 06:00:00,1995-10-04 12:00:00,Weak (<64kt)
1995269N21088,NI,1995,UNNAMED,25.0,1000.0,-5,17,1995-09-26 03:00:00,1995-09-28 03:00:00,Weak (<64kt)
1995271N30178,WP,1995,UNNAMED,,,-1,53,1995-09-27 18:00:00,1995-10-04 06:00:00,Unknown
1995276N13124,WP,1995,UNNAMED,,,-1,35,1995-10-03 06:00:00,1995-10-07 12:00:00,Unknown
1995277N07141,WP,1995,TED,50.0,990.0,1,89,1995-10-03 12:00:00,1995-10-14 12:00:00,Weak (<64kt)
1995279N15153,WP,1995,VAL,40.0,996.0,0,95,1995-10-05 18:00:00,1995-10-17 12:00:00,Weak (<64kt)
1995284N17074,NI,1995,UNNAMED,45.0,996.0,0,61,1995-10-11 00:00:00,1995-10-18 12:00:00,Weak (<64kt)
1995287N08163,WP,1995,WARD,85.0,940.0,5,84,1995-10-13 18:00:00,1995-10-24 03:00:00,Moderate (64-95kt)
1995292N08150,NI,1995,YVETTE,,,-1,3,1995-10-27 12:00:00,1995-10-27 18:00:00,Unknown
1995292N08150,WP,1995,YVETTE,50.0,985.0,1,72,1995-10-18 12:00:00,1995-10-27 09:00:00,Weak (<64kt)
1995293N05177,WP,1995,ANGELA,115.0,910.0,5,147,1995-10-20 06:00:00,1995-11-07 12:00:00,Intense (>=96kt)
1995294N05163,WP,1995,ZACK,90.0,950.0,4,99,1995-10-21 00:00:00,1995-11-02 06:00:00,Moderate (64-95kt)
1995302N17174,WP,1995,BRIAN,40.0,998.0,0,60,1995-10-29 00:00:00,1995-11-05 09:00:00,Weak (<64kt)
1995310N09096,NI,1995,UNNAMED,77.0,978.0,1,43,1995-11-05 12:00:00,1995-11-10 18:00:00,Moderate (64-95kt)
1995314N25186,WP,1995,COLLEEN,,,0,15,1995-11-11 12:00:00,1995-11-13 06:00:00,Unknown
1995319S05092,SI,1996,AGNIELLE:DARYL,95.0,925.0,5,159,1995-11-15 00:00:00,1995-11-27 06:00:00,Moderate (64-95kt)
1995323N05097,NI,1995,UNNAMED,102.0,956.0,3,57,1995-11-18 18:00:00,1995-11-25 18:00:00,Intense (>=96kt)
1995334N09129,WP,1995,UNNAMED,,,-1,45,1995-11-30 00:00:00,1995-12-05 12:00:00,Unknown
1995336S10106,SI,1996,EMMA,40.0,990.0,0,208,1995-12-01 22:00:00,1995-12-16 16:00:00,Weak (<64kt)
1995340S10116,SI,1996,FRANK,95.0,950.0,4,122,1995-12-06 00:00:00,1995-12-14 00:00:00,Moderate (64-95kt)
1995341N08115,WP,1995,UNNAMED,,,-1,61,1995-12-07 00:00:00,1995-12-14 12:00:00,Unknown
1995348S15135,SI,1996,GERTIE,75.0,965.0,1,101,1995-12-14 00:00:00,1995-12-22 01:00:00,Moderate (64-95kt)
1995357N07139,WP,1995,DAN,55.0,985.0,0,86,1995-12-23 06:00:00,1996-01-02 21:00:00,Weak (<64kt)
1995363S17051,SI,1996,UNNAMED,30.0,995.0,-5,23,1995-12-28 12:00:00,1995-12-31 06:00:00,Weak (<64kt)
1996001S08075,SI,1996,BONITA,100.0,920.0,4,117,1995-12-31 18:00:00,1996-01-15 06:00:00,Intense (>=96kt)
1996002S15133,SI,1996,BARRY,20.0,1004.0,-1,4,1996-01-02 06:00:00,1996-01-02 15:00:00,Weak (<64kt)
1996007S10100,SI,1996,CORYNA:HUBERT,80.0,955.0,1,91,1996-01-06 22:00:00,1996-01-12 13:00:00,Moderate (64-95kt)
1996025S14125,SI,1996,ISOBEL,35.0,995.0,0,94,1996-01-25 00:00:00,1996-02-01 01:00:00,Weak (<64kt)
1996026S14143,SI,1996,JACOB,85.0,955.0,2,139,1996-01-29 03:00:00,1996-02-08 12:00:00,Moderate (64-95kt)
1996032N10150,WP,1996,UNNAMED,,,-1,5,1996-01-31 18:00:00,1996-02-01 06:00:00,Unknown
1996037S09095,SI,1996,UNNAMED,,,0,39,1996-02-05 18:00:00,1996-02-10 12:00:00,Unknown
1996043S07053,SI,1996,DOLORESSE,52.0,977.0,1,63,1996-02-11 18:00:00,1996-02-19 12:00:00,Weak (<64kt)
1996046S14087,SI,1996,UNNAMED,,,0,23,1996-02-14 18:00:00,1996-02-17 12:00:00,Unknown
1996049S10068,SI,1996,EDWIGE,80.0,945.0,2,95,1996-02-18 00:00:00,1996-02-29 18:00:00,Moderate (64-95kt)
1996049S13042,SI,1996,DOLORESSE,50.0,980.0,-5,14,1996-02-18 09:00:00,1996-02-20 00:00:00,Weak (<64kt)
1996054N04149,WP,1996,UNNAMED,,,-1,42,1996-02-23 06:00:00,1996-02-28 09:00:00,Unknown
1996057S12074,SI,1996,FLOSSY,80.0,945.0,4,75,1996-02-25 18:00:00,1996-03-06 00:00:00,Moderate (64-95kt)
1996058N06137,WP,1996,UNNAMED,35.0,998.0,-1,33,1996-02-27 00:00:00,1996-03-02 00:00:00,Weak (<64kt)
1996066S17129,SI,1996,KIRSTY,100.0,935.0,3,121,1996-03-06 06:00:00,1996-03-14 12:00:00,Intense (>=96kt)
1996067S16138,SI,1996,ETHEL,30.0,,0,8,1996-03-13 12:00:00,1996-03-14 09:00:00,Weak (<64kt)
1996078S12072,SI,1996,GUYLIANNE,35.0,992.0,0,63,1996-03-17 12:00:00,1996-03-25 06:00:00,Weak (<64kt)
1996090N04150,WP,1996,ANN,35.0,1000.0,0,105,1996-03-29 18:00:00,1996-04-11 18:00:00,Weak (<64kt)
1996093S16074,SI,1996,HANSELLA,65.0,962.0,2,75,1996-04-02 00:00:00,1996-04-11 06:00:00,Moderate (64-95kt)
1996095S09133,SI,1996,OLIVIA,105.0,925.0,4,130,1996-04-03 12:00:00,1996-04-12 04:00:00,Intense (>=96kt)
1996098S13085,SI,1996,ITELLE,95.0,925.0,5,101,1996-04-06 12:00:00,1996-04-19 00:00:00,Moderate (64-95kt)
1996103S12129,SI,1996,UNNAMED,,,-1,63,1996-04-12 00:00:00,1996-04-19 18:00:00,Unknown
1996116N08114,WP,1996,UNNAMED,,,-1,11,1996-04-25 00:00:00,1996-04-26 06:00:00,Unknown
1996122N08092,NI,1996,UNNAMED,30.0,1000.0,0,61,1996-05-01 06:00:00,1996-05-08 18:00:00,Weak (<64kt)
1996122S05093,SI,1996,JENNA,55.0,984.0,0,49,1996-04-30 18:00:00,1996-05-06 18:00:00,Weak (<64kt)
1996128N07138,WP,1996,BART,95.0,930.0,4,109,1996-05-07 00:00:00,1996-05-20 12:00:00,Moderate (64-95kt)
1996137N13111,WP,1996,CAM,40.0,994.0,0,81,1996-05-16 00:00:00,1996-05-26 00:00:00,Weak (<64kt)
1996161N17063,NI,1996,UNNAMED,,,0,29,1996-06-09 00:00:00,1996-06-12 12:00:00,Unknown
1996163N08088,NI,1996,UNNAMED,45.0,992.0,0,63,1996-06-11 00:00:00,1996-06-18 18:00:00,Weak (<64kt)
1996167N16072,NI,1996,UNNAMED,60.0,972.0,1,85,1996-06-15 00:00:00,1996-06-25 12:00:00,Weak (<64kt)
1996186N19156,WP,1996,DAN,65.0,970.0,1,113,1996-07-03 12:00:00,1996-07-17 12:00:00,Moderate (64-95kt)
1996190S07096,SI,1997,LINDSAY,40.0,990.0,0,42,1996-07-08 06:00:00,1996-07-13 06:00:00,Weak (<64kt)
1996192N19152,WP,1996,EVE,85.0,940.0,5,140,1996-07-10 06:00:00,1996-07-27 09:00:00,Moderate (64-95kt)
1996201N07137,WP,1996,GLORIA,65.0,965.0,2,79,1996-07-19 00:00:00,1996-07-28 18:00:00,Moderate (64-95kt)
1996202N17115,WP,1996,FRANKIE,50.0,975.0,2,51,1996-07-19 12:00:00,1996-07-25 18:00:00,Weak (<64kt)
1996203N12152,WP,1996,HERB,95.0,925.0,5,116,1996-07-21 06:00:00,1996-08-04 12:00:00,Moderate (64-95kt)
1996208N20165,WP,1996,JOY,55.0,980.0,1,99,1996-07-25 12:00:00,1996-08-06 18:00:00,Weak (<64kt)
1996208N24084,NI,1996,UNNAMED,,,-5,17,1996-07-26 03:00:00,1996-07-28 03:00:00,Unknown
1996209N12144,WP,1996,IAN,,,0,41,1996-07-27 06:00:00,1996-08-01 06:00:00,Unknown
1996210N05156,WP,1996,KIRK,75.0,955.0,2,175,1996-07-28 00:00:00,1996-08-18 15:00:00,Moderate (64-95kt)
1996217N16111,WP,1996,LISA,40.0,996.0,0,45,1996-08-04 00:00:00,1996-08-09 12:00:00,Weak (<64kt)
1996223N29158,WP,1996,UNNAMED,,,-1,57,1996-08-10 06:00:00,1996-08-17 06:00:00,Unknown
1996225N23108,WP,1996,MARTY,,,0,45,1996-08-11 12:00:00,1996-08-17 00:00:00,Unknown
1996227N08156,WP,1996,NIKI,65.0,970.0,2,81,1996-08-13 12:00:00,1996-08-23 12:00:00,Moderate (64-95kt)
1996227N15176,WP,1996,ORSON,75.0,955.0,4,174,1996-08-14 00:00:00,1996-09-04 15:00:00,Moderate (64-95kt)
1996227N30177,WP,1996,UNNAMED,30.0,,-1,13,1996-08-13 12:00:00,1996-08-17 00:00:00,Weak (<64kt)
1996228S05084,SI,1997,UNNAMED,30.0,995.0,0,53,1996-08-14 18:00:00,1996-08-21 06:00:00,Weak (<64kt)
1996232N21170,WP,1996,PIPER,40.0,996.0,1,63,1996-08-19 00:00:00,1996-08-26 18:00:00,Weak (<64kt)
1996238N27155,WP,1996,UNNAMED,,,-1,45,1996-08-24 12:00:00,1996-08-30 00:00:00,Unknown
1996240N22168,WP,1996,RICK,,,0,46,1996-08-27 00:00:00,1996-09-01 15:00:00,Unknown
1996246N08148,WP,1996,SALLY,85.0,940.0,5,71,1996-09-02 00:00:00,1996-09-10 18:00:00,Moderate (64-95kt)
1996247S09084,SI,1997,UNNAMED,,,0,57,1996-09-02 18:00:00,1996-09-09 18:00:00,Unknown
1996250N08148,WP,1996,UNNAMED,,,0,69,1996-09-06 00:00:00,1996-09-14 12:00:00,Unknown
1996252N11162,WP,1996,TOM,70.0,965.0,1,115,1996-09-08 06:00:00,1996-09-22 12:00:00,Moderate (64-95kt)
1996254N13138,WP,1996,VIOLET,90.0,935.0,4,141,1996-09-09 18:00:00,1996-09-27 06:00:00,Moderate (64-95kt)
1996260N19107,WP,1996,WILLIE,55.0,985.0,1,63,1996-09-15 18:00:00,1996-09-23 12:00:00,Weak (<64kt)
1996261N08184,WP,1996,YATES,90.0,935.0,4,122,1996-09-18 03:00:00,1996-10-03 06:00:00,Moderate (64-95kt)
1996265N06154,WP,1996,UNNAMED,,,-1,29,1996-09-20 18:00:00,1996-09-24 06:00:00,Unknown
1996268N15140,WP,1996,ZANE,80.0,950.0,3,94,1996-09-23 18:00:00,1996-10-05 09:00:00,Moderate (64-95kt)
1996275N15082,NI,1996,UNNAMED,25.0,1000.0,-5,10,1996-10-01 03:00:00,1996-10-02 06:00:00,Weak (<64kt)
1996282N11162,WP,1996,ABEL:BETH,60.0,975.0,2,123,1996-10-07 12:00:00,1996-10-22 18:00:00,Weak (<64kt)
1996283N12133,WP,1996,BETH,,,0,67,1996-10-09 06:00:00,1996-10-17 12:00:00,Unknown
1996284N09158,WP,1996,UNNAMED,,,-1,67,1996-10-10 00:00:00,1996-10-18 06:00:00,Unknown
1996288N09092,NI,1996,UNNAMED,60.0,994.0,1,155,1996-10-14 00:00:00,1996-11-02 06:00:00,Weak (<64kt)
1996289S05093,SI,1997,ANTOINETTE,63.0,965.0,1,73,1996-10-15 00:00:00,1996-10-24 00:00:00,Weak (<64kt)
1996291N17168,WP,1996,CARLO,70.0,965.0,3,81,1996-10-17 00:00:00,1996-10-27 00:00:00,Moderate (64-95kt)
1996296N09093,NI,1996,UNNAMED,30.0,998.0,0,61,1996-10-21 18:00:00,1996-10-29 06:00:00,Weak (<64kt)
1996299N11121,NI,1996,UNNAMED,,,-1,11,1996-10-30 12:00:00,1996-10-31 18:00:00,Unknown
1996299N11121,WP,1996,UNNAMED,,,-1,48,1996-10-24 12:00:00,1996-10-30 09:00:00,Unknown
1996302S07095,SI,1997,BELLAMINE:MELANIE,95.0,925.0,4,160,1996-10-28 00:00:00,1996-11-12 12:00:00,Moderate (64-95kt)
1996303N07155,WP,1996,ERNIE,,,0,95,1996-10-29 00:00:00,1996-11-09 18:00:00,Unknown
1996305N11121,WP,1996,UNNAMED,,,0,33,1996-10-31 06:00:00,1996-11-04 06:00:00,Unknown
1996306N15097,NI,1996,UNNAMED,77.0,988.0,4,56,1996-11-01 00:00:00,1996-11-07 18:00:00,Moderate (64-95kt)
1996307N09154,WP,1996,DALE,90.0,930.0,5,99,1996-11-02 00:00:00,1996-11-14 06:00:00,Moderate (64-95kt)
1996309N21175,WP,1996,UNNAMED,,,0,62,1996-11-04 06:00:00,1996-11-11 21:00:00,Unknown
1996312N14125,NI,1996,ERNIE,,,-1,2,1996-11-18 03:00:00,1996-11-18 06:00:00,Unknown
1996312N14125,WP,1996,ERNIE,40.0,992.0,0,93,1996-11-06 12:00:00,1996-11-18 00:00:00,Weak (<64kt)
1996318N33146,WP,1996,DALE,50.0,956.0,-5,16,1996-11-13 03:00:00,1996-11-15 00:00:00,Weak (<64kt)
1996325S08104,SI,1997,CHANTELLE:DANIELLA,100.0,915.0,4,169,1996-11-20 00:00:00,1996-12-11 00:00:00,Intense (>=96kt)
1996328N08151,WP,1996,UNNAMED,,,-1,73,1996-11-23 00:00:00,1996-12-02 00:00:00,Unknown
1996332N09092,NI,1996,UNNAMED,65.0,984.0,1,89,1996-11-26 12:00:00,1996-12-07 12:00:00,Moderate (64-95kt)
1996339S03094,SI,1997,ELVINA,45.0,985.0,0,105,1996-12-03 12:00:00,1996-12-16 12:00:00,Weak (<64kt)
1996346S09129,SI,1997,NICHOLAS,45.0,985.0,0,81,1996-12-10 12:00:00,1996-12-17 06:00:00,Weak (<64kt)
1996348N04104,WP,1996,UNNAMED,,,-1,67,1996-12-12 18:00:00,1996-12-21 00:00:00,Unknown
1996348S09108,SI,1997,OPHELIA,55.0,980.0,0,141,1996-12-13 10:00:00,1996-12-27 06:00:00,Weak (<64kt)
1996353N05151,WP,1996,FERN,60.0,975.0,1,105,1996-12-17 12:00:00,1996-12-30 12:00:00,Weak (<64kt)
1996356N08110,WP,1996,GREG,,,0,49,1996-12-21 06:00:00,1996-12-27 06:00:00,Unknown
1996357S10136,SI,1997,PHIL,60.0,975.0,2,206,1996-12-26 12:00:00,1997-01-16 12:00:00,Weak (<64kt)
1996361S12060,SI,1997,FABRIOLA,55.0,985.0,0,133,1996-12-25 18:00:00,1997-01-11 06:00:00,Weak (<64kt)
1996364N17145,WP,1996,UNNAMED,,,0,19,1996-12-29 06:00:00,1996-12-31 12:00:00,Unknown
1996365S15137,SI,1997,RACHEL,70.0,965.0,1,132,1996-12-31 03:00:00,1997-01-11 12:00:00,Moderate (64-95kt)
1997008S16093,SI,1997,UNNAMED,50.0,991.0,0,51,1997-01-07 12:00:00,1997-01-13 18:00:00,Weak (<64kt)
1997011N04176,WP,1997,HANNAH,,,0,133,1997-01-11 00:00:00,1997-01-27 12:00:00,Unknown
1997013S08101,SI,1997,HELINDA:PANCHO,115.0,915.0,4,350,1997-01-13 06:00:00,1997-02-14 12:00:00,Intense (>=96kt)
1997018S10074,SI,1997,ILETTA,55.0,975.0,1,99,1997-01-17 18:00:00,1997-01-30 00:00:00,Weak (<64kt)
1997018S11059,SI,1997,GRETELLE,75.0,950.0,4,111,1997-01-18 00:00:00,1997-01-31 18:00:00,Moderate (64-95kt)
1997032S17055,SI,1997,JOSIE,75.0,950.0,2,131,1997-02-01 00:00:00,1997-02-17 06:00:00,Moderate (64-95kt)
1997042S13096,SI,1997,KARLETTE,60.0,970.0,1,123,1997-02-11 00:00:00,1997-02-26 06:00:00,Weak (<64kt)
1997048S12103,SI,1997,UNNAMED,,,0,79,1997-02-16 12:00:00,1997-02-26 06:00:00,Unknown
1997056S15041,SI,1997,LISETTE,50.0,980.0,1,55,1997-02-24 12:00:00,1997-03-03 06:00:00,Weak (<64kt)
1997099N06153,WP,1997,ISA,85.0,940.0,5,125,1997-04-09 00:00:00,1997-04-24 12:00:00,Moderate (64-95kt)
1997108N05168,WP,1997,JIMMY,35.0,994.0,0,71,1997-04-18 00:00:00,1997-04-26 18:00:00,Weak (<64kt)
1997124N03171,WP,1997,KELLY,35.0,998.0,0,59,1997-05-04 06:00:00,1997-05-11 12:00:00,Weak (<64kt)
1997125S08079,SI,1997,RHONDA,95.0,935.0,3,143,1997-05-04 12:00:00,1997-05-17 12:00:00,Moderate (64-95kt)
1997133N03092,NI,1997,UNNAMED,90.0,964.0,4,59,1997-05-13 00:00:00,1997-05-20 06:00:00,Moderate (64-95kt)
1997143N17111,WP,1997,LEVI,40.0,992.0,0,90,1997-05-23 00:00:00,1997-06-03 03:00:00,Weak (<64kt)
1997146N09161,WP,1997,MARIE,65.0,965.0,2,64,1997-05-25 12:00:00,1997-06-02 09:00:00,Moderate (64-95kt)
1997152N06171,WP,1997,NESTOR,100.0,930.0,5,123,1997-06-01 06:00:00,1997-06-16 12:00:00,Intense (>=96kt)
1997165N12139,WP,1997,OPAL,75.0,960.0,2,73,1997-06-13 12:00:00,1997-06-22 06:00:00,Moderate (64-95kt)
1997167N06162,WP,1997,PETER,65.0,968.0,1,148,1997-06-15 12:00:00,1997-07-03 18:00:00,Moderate (64-95kt)
1997177N21090,NI,1997,UNNAMED,30.0,985.0,-5,30,1997-06-26 03:00:00,1997-06-29 18:00:00,Weak (<64kt)
1997196N08142,WP,1997,ROSIE,100.0,920.0,5,133,1997-07-15 00:00:00,1997-07-31 06:00:00,Intense (>=96kt)
1997199S04079,SI,1998,UNNAMED,30.0,995.0,0,59,1997-07-18 00:00:00,1997-07-25 06:00:00,Weak (<64kt)
1997201N24152,WP,1997,SCOTT,40.0,992.0,0,112,1997-07-20 00:00:00,1997-08-02 21:00:00,Weak (<64kt)
1997202N04152,WP,1997,TINA,75.0,955.0,2,167,1997-07-21 00:00:00,1997-08-10 18:00:00,Moderate (64-95kt)
1997210N15120,WP,1997,VICTOR,60.0,980.0,1,55,1997-07-28 12:00:00,1997-08-04 06:00:00,Weak (<64kt)
1997210N21089,NI,1997,UNNAMED,30.0,1002.0,-5,34,1997-07-29 03:00:00,1997-08-02 06:00:00,Weak (<64kt)
1997216N20091,NI,1997,UNNAMED,30.0,986.0,-5,29,1997-08-04 06:00:00,1997-08-07 18:00:00,Weak (<64kt)
1997217N06168,WP,1997,WINNIE,100.0,915.0,5,163,1997-08-05 00:00:00,1997-08-25 06:00:00,Intense (>=96kt)
1997221N03179,WP,1997,YULE,55.0,980.0,1,155,1997-08-09 06:00:00,1997-08-28 12:00:00,Weak (<64kt)
1997225N09186,WP,1997,UNNAMED,,,-1,26,1997-08-15 15:00:00,1997-08-18 18:00:00,Unknown
1997232N14136,WP,1997,AMBER,80.0,950.0,3,95,1997-08-19 12:00:00,1997-08-31 06:00:00,Moderate (64-95kt)
1997232N17115,WP,1997,ZITA,55.0,980.0,1,37,1997-08-19 12:00:00,1997-08-24 00:00:00,Weak (<64kt)
1997232N20088,NI,1997,UNNAMED,30.0,990.0,-5,58,1997-08-20 03:00:00,1997-08-27 06:00:00,Weak (<64kt)
1997236N10172,WP,1997,BING,85.0,940.0,4,104,1997-08-24 00:00:00,1997-09-05 21:00:00,Moderate (64-95kt)
1997238N19112,WP,1997,CASS,45.0,992.0,0,43,1997-08-26 00:00:00,1997-08-31 06:00:00,Weak (<64kt)
1997240N12193,WP,1997,OLIWA,100.0,915.0,5,126,1997-09-03 21:00:00,1997-09-19 09:00:00,Intense (>=96kt)
1997240N20087,NI,1997,UNNAMED,25.0,994.0,-5,18,1997-08-28 03:00:00,1997-08-30 06:00:00,Weak (<64kt)
1997252N10171,WP,1997,DAVID,85.0,945.0,2,98,1997-09-09 00:00:00,1997-09-21 03:00:00,Moderate (64-95kt)
1997261N13114,WP,1997,FRITZ,55.0,980.0,1,77,1997-09-17 12:00:00,1997-09-27 00:00:00,Weak (<64kt)
1997262N22184,WP,1997,ELLA,,,0,43,1997-09-19 18:00:00,1997-09-25 00:00:00,Unknown
1997263N14084,NI,1997,UNNAMED,55.0,984.0,1,65,1997-09-19 18:00:00,1997-09-27 18:00:00,Weak (<64kt)
1997265N10175,WP,1997,GINGER,95.0,925.0,5,76,1997-09-21 12:00:00,1997-09-30 21:00:00,Moderate (64-95kt)
1997270N18111,WP,1997,HANK,,,0,67,1997-09-27 00:00:00,1997-10-05 06:00:00,Unknown
1997273N13151,WP,1997,UNNAMED,,,-1,67,1997-09-29 12:00:00,1997-10-07 18:00:00,Unknown
1997283N07177,WP,1997,IVAN,105.0,905.0,5,139,1997-10-09 12:00:00,1997-10-26 18:00:00,Intense (>=96kt)
1997284N04179,WP,1997,JOAN,105.0,905.0,5,116,1997-10-11 00:00:00,1997-10-25 09:00:00,Intense (>=96kt)
1997296N07176,WP,1997,UNNAMED,,,0,61,1997-10-22 12:00:00,1997-10-30 00:00:00,Unknown
1997298N06140,NI,1997,LINDA,35.0,1004.0,1,46,1997-11-03 21:00:00,1997-11-09 12:00:00,Weak (<64kt)
1997298N06140,WP,1997,LINDA,50.0,985.0,1,79,1997-10-25 00:00:00,1997-11-03 18:00:00,Weak (<64kt)
1997299N07169,WP,1997,KEITH,110.0,910.0,5,113,1997-10-26 06:00:00,1997-11-09 06:00:00,Intense (>=96kt)
1997307N08082,NI,1997,UNNAMED,30.0,1005.0,0,93,1997-11-02 12:00:00,1997-11-14 00:00:00,Weak (<64kt)
1997308N08069,NI,1997,UNNAMED,,,0,51,1997-11-04 00:00:00,1997-11-10 06:00:00,Unknown
1997311N10151,WP,1997,MORT,45.0,992.0,1,79,1997-11-07 00:00:00,1997-11-16 18:00:00,Weak (<64kt)
1997333N06194,WP,1997,PAKA,100.0,920.0,5,127,1997-12-07 06:00:00,1997-12-23 00:00:00,Intense (>=96kt)
1997359S12129,SI,1998,SID,40.0,990.0,0,19,1997-12-24 12:00:00,1997-12-26 18:00:00,Weak (<64kt)
1997360S12111,SI,1998,SELWYN,75.0,960.0,1,101,1997-12-25 16:00:00,1998-01-03 00:00:00,Moderate (64-95kt)
1998016S12043,SI,1998,UNNAMED,32.0,995.0,0,61,1998-01-15 18:00:00,1998-01-23 06:00:00,Weak (<64kt)
1998022S15125,SI,1998,TIFFANY,100.0,940.0,4,136,1998-01-22 10:00:00,1998-02-02 10:00:00,Intense (>=96kt)
1998022S15143,SI,1998,LES,40.0,996.0,0,65,1998-01-25 06:00:00,1998-02-02 06:00:00,Weak (<64kt)
1998032S18036,SI,1998,BELTANE,35.0,992.0,0,157,1998-02-01 00:00:00,1998-02-20 12:00:00,Weak (<64kt)
1998036S13066,SI,1998,ANACELLE,75.0,950.0,4,73,1998-02-05 00:00:00,1998-02-14 00:00:00,Moderate (64-95kt)
1998036S13135,SI,1998,CINDY:VICTOR,85.0,970.0,2,152,1998-02-04 21:00:00,1998-02-18 18:00:00,Moderate (64-95kt)
1998045S17042,SI,1998,UNNAMED,,,-1,15,1998-02-13 18:00:00,1998-02-15 12:00:00,Unknown
1998046S19070,SI,1998,UNNAMED,30.0,997.0,0,31,1998-02-15 06:00:00,1998-02-19 00:00:00,Weak (<64kt)
1998056S14139,SI,1998,MAY,,,-1,1,1998-02-28 18:00:00,1998-02-28 18:00:00,Unknown
1998064S09093,SI,1998,ELSIE,55.0,975.0,2,125,1998-03-04 18:00:00,1998-03-20 06:00:00,Weak (<64kt)
1998064S13061,SI,1998,DONALINE,40.0,988.0,0,63,1998-03-04 12:00:00,1998-03-12 06:00:00,Weak (<64kt)
1998073S11065,SI,1998,FIONA,30.0,995.0,0,63,1998-03-13 12:00:00,1998-03-21 06:00:00,Weak (<64kt)
1998096S13071,SI,1998,GEMMA,45.0,985.0,1,85,1998-04-06 06:00:00,1998-04-16 18:00:00,Weak (<64kt)
1998096S16077,SI,1998,UNNAMED,,,-1,11,1998-04-06 06:00:00,1998-04-07 12:00:00,Unknown
1998106S09135,SI,1998,UNNAMED,,,0,28,1998-04-16 03:00:00,1998-04-19 12:00:00,Unknown
1998107S11084,SI,1998,UNNAMED,,,0,45,1998-04-17 00:00:00,1998-04-22 12:00:00,Unknown
1998133N04086,NI,1998,UNNAMED,60.0,972.0,1,63,1998-05-13 00:00:00,1998-05-20 18:00:00,Weak (<64kt)
1998147N11061,NI,1998,UNNAMED,,,0,15,1998-05-27 06:00:00,1998-05-29 00:00:00,Unknown
1998152N11075,NI,1998,UNNAMED,90.0,958.0,3,74,1998-06-01 06:00:00,1998-06-10 09:00:00,Moderate (64-95kt)
1998165N18088,NI,1998,UNNAMED,30.0,992.0,-5,13,1998-06-13 15:00:00,1998-06-15 03:00:00,Weak (<64kt)
1998187N17132,WP,1998,UNNAMED,,,-1,41,1998-07-06 00:00:00,1998-07-11 00:00:00,Unknown
1998188N18117,WP,1998,NICHOLE,35.0,998.0,0,47,1998-07-07 00:00:00,1998-07-12 18:00:00,Weak (<64kt)
1998201S05086,SI,1999,UNNAMED,,,0,59,1998-07-20 00:00:00,1998-07-27 06:00:00,Unknown
1998204N17144,WP,1998,UNNAMED,,,0,29,1998-07-22 18:00:00,1998-07-26 06:00:00,Unknown
1998213N14128,WP,1998,OTTO,65.0,970.0,3,35,1998-08-01 06:00:00,1998-08-05 12:00:00,Moderate (64-95kt)
1998217N10130,WP,1998,PENNY,50.0,985.0,0,55,1998-08-05 06:00:00,1998-08-12 00:00:00,Weak (<64kt)
1998233N18115,WP,1998,UNNAMED,,,-5,17,1998-08-21 06:00:00,1998-08-23 06:00:00,Unknown
1998235N17131,WP,1998,REX,75.0,955.0,4,138,1998-08-22 12:00:00,1998-09-08 15:00:00,Moderate (64-95kt)
1998243N23122,WP,1998,UNNAMED,,,-1,49,1998-08-31 06:00:00,1998-09-06 06:00:00,Unknown
1998253N17150,WP,1998,STELLA,60.0,965.0,1,68,1998-09-10 00:00:00,1998-09-18 03:00:00,Weak (<64kt)
1998254N20116,WP,1998,UNNAMED,,,-1,29,1998-09-11 06:00:00,1998-09-14 18:00:00,Unknown
1998258N19126,WP,1998,TODD,75.0,955.0,4,49,1998-09-14 18:00:00,1998-09-20 18:00:00,Moderate (64-95kt)
1998259N17118,WP,1998,VICKI,75.0,960.0,2,68,1998-09-16 00:00:00,1998-09-24 06:00:00,Moderate (64-95kt)
1998260N16110,WP,1998,UNNAMED,,,-1,25,1998-09-16 18:00:00,1998-09-19 18:00:00,Unknown
1998262N20137,WP,1998,WALDO,45.0,994.0,0,25,1998-09-18 18:00:00,1998-09-21 18:00:00,Weak (<64kt)
1998267N13134,WP,1998,YANNI,65.0,965.0,1,63,1998-09-24 06:00:00,1998-10-02 00:00:00,Moderate (64-95kt)
1998271S05084,SI,1999,UNNAMED,,,0,43,1998-09-27 12:00:00,1998-10-02 18:00:00,Unknown
1998272N18068,NI,1998,UNNAMED,,,0,19,1998-09-28 18:00:00,1998-10-01 00:00:00,Unknown
1998275N12113,WP,1998,UNNAMED,,,-1,33,1998-10-02 00:00:00,1998-10-06 00:00:00,Unknown
1998277N24122,WP,1998,UNNAMED,,,-1,31,1998-10-04 00:00:00,1998-10-07 18:00:00,Unknown
1998278N28126,WP,1998,UNNAMED,,,-1,15,1998-10-05 06:00:00,1998-10-07 00:00:00,Unknown
1998279S10092,SI,1999,ZELIA,40.0,990.0,0,37,1998-10-06 00:00:00,1998-10-10 12:00:00,Weak (<64kt)
1998280N14069,NI,1998,UNNAMED,30.0,998.0,-5,25,1998-10-06 12:00:00,1998-10-09 12:00:00,Weak (<64kt)
1998281N11151,WP,1998,ZEB,110.0,900.0,5,101,1998-10-07 18:00:00,1998-10-20 00:00:00,Intense (>=96kt)
1998283N13149,WP,1998,UNNAMED,,,0,21,1998-10-10 06:00:00,1998-10-12 18:00:00,Unknown
1998285N12149,WP,1998,BABS,85.0,940.0,4,147,1998-10-11 18:00:00,1998-10-30 00:00:00,Moderate (64-95kt)
1998285N14068,NI,1998,UNNAMED,35.0,994.0,0,53,1998-10-11 12:00:00,1998-10-18 00:00:00,Weak (<64kt)
1998287N16083,NI,1998,UNNAMED,30.0,998.0,-5,13,1998-10-13 12:00:00,1998-10-15 00:00:00,Weak (<64kt)
1998299N11090,NI,1998,UNNAMED,30.0,1002.0,-5,25,1998-10-26 09:00:00,1998-10-29 09:00:00,Weak (<64kt)
1998310S10096,SI,1999,ALISON,85.0,955.0,1,107,1998-11-06 06:00:00,1998-11-13 10:00:00,Moderate (64-95kt)
1998315N09116,WP,1998,CHIP,40.0,994.0,0,35,1998-11-10 18:00:00,1998-11-15 00:00:00,Weak (<64kt)
1998317N11087,NI,1998,UNNAMED,77.0,982.0,2,27,1998-11-13 00:00:00,1998-11-16 06:00:00,Moderate (64-95kt)
1998320N10102,NI,1998,UNNAMED,65.0,984.0,1,52,1998-11-16 18:00:00,1998-11-23 03:00:00,Moderate (64-95kt)
1998320N10102,WP,1998,UNNAMED,,,-1,6,1998-11-16 00:00:00,1998-11-16 15:00:00,Unknown
1998321N11117,WP,1998,DAWN,35.0,998.0,0,33,1998-11-16 12:00:00,1998-11-20 12:00:00,Weak (<64kt)
1998327N09126,WP,1998,ELVIS,40.0,992.0,0,33,1998-11-22 12:00:00,1998-11-26 12:00:00,Weak (<64kt)
1998335S12138,SI,1999,THELMA,120.0,920.0,4,96,1998-12-03 09:00:00,1998-12-15 06:00:00,Intense (>=96kt)
1998336S13120,SI,1999,BILLY,70.0,965.0,1,82,1998-12-01 12:00:00,1998-12-07 06:00:00,Moderate (64-95kt)
1998342N06141,WP,1998,FAITH,65.0,970.0,2,57,1998-12-07 18:00:00,1998-12-14 18:00:00,Moderate (64-95kt)
1998343N08114,NI,1998,GIL,,,-1,3,1998-12-12 18:00:00,1998-12-13 00:00:00,Unknown
1998343N08114,WP,1998,GIL,40.0,992.0,0,34,1998-12-08 12:00:00,1998-12-12 15:00:00,Weak (<64kt)
1998346N10072,NI,1998,UNNAMED,55.0,993.0,1,49,1998-12-11 18:00:00,1998-12-17 18:00:00,Weak (<64kt)
1998351N11125,WP,1998,UNNAMED,,,-1,17,1998-12-17 00:00:00,1998-12-19 00:00:00,Unknown
1998353N13113,WP,1998,UNNAMED,,,-1,27,1998-12-18 18:00:00,1998-12-22 00:00:00,Unknown
1998357S11101,SI,1999,CATHY,50.0,991.0,0,109,1998-12-22 18:00:00,1998-12-30 18:00:00,Weak (<64kt)
1999003N05114,WP,1999,UNNAMED,,,0,37,1999-01-03 00:00:00,1999-01-07 12:00:00,Unknown
1999005S21040,SI,1999,UNNAMED,,,-5,13,1999-01-04 12:00:00,1999-01-06 00:00:00,Unknown
1999015S20036,SI,1999,ALDA,52.0,975.0,1,39,1999-01-14 12:00:00,1999-01-19 06:00:00,Weak (<64kt)
1999021S13113,SI,1999,BIRENDA:DAMIEN,85.0,950.0,1,164,1999-01-21 00:00:00,1999-02-03 00:00:00,Moderate (64-95kt)
1999029S14096,SI,1999,CHIKITA,37.0,990.0,0,57,1999-01-29 06:00:00,1999-02-05 06:00:00,Weak (<64kt)
1999031N08092,NI,1999,UNNAMED,50.0,998.0,0,43,1999-01-30 12:00:00,1999-02-04 18:00:00,Weak (<64kt)
1999033S14118,SI,1999,UNNAMED,,,0,77,1999-02-02 00:00:00,1999-02-11 12:00:00,Unknown
1999043S18038,SI,1999,UNNAMED,33.0,994.0,0,45,1999-02-11 12:00:00,1999-02-17 00:00:00,Weak (<64kt)
1999045N11138,WP,1999,IRIS,,,0,43,1999-02-13 18:00:00,1999-02-19 00:00:00,Unknown
1999056S20035,SI,1999,UNNAMED,,,-1,39,1999-02-24 18:00:00,1999-03-01 12:00:00,Unknown
1999060S10089,SI,1999,DAVINA,90.0,930.0,3,147,1999-03-01 06:00:00,1999-03-19 12:00:00,Moderate (64-95kt)
1999062S12121,SI,1999,UNNAMED,,,0,63,1999-03-03 00:00:00,1999-03-10 18:00:00,Unknown
1999071S15087,SI,1999,UNNAMED,30.0,995.0,0,75,1999-03-11 18:00:00,1999-03-21 00:00:00,Weak (<64kt)
1999074S13118,SI,1999,ELAINE,90.0,945.0,3,85,1999-03-15 00:00:00,1999-03-20 10:00:00,Moderate (64-95kt)
1999074S13132,SI,1999,VANCE,120.0,910.0,4,128,1999-03-14 12:00:00,1999-03-23 22:00:00,Intense (>=96kt)
1999079S16100,SI,1999,UNNAMED,,,-5,17,1999-03-19 18:00:00,1999-03-21 18:00:00,Unknown
1999084S12119,SI,1999,EVRINA:FREDERIC,110.0,920.0,5,189,1999-03-25 00:00:00,1999-04-10 18:00:00,Intense (>=96kt)
1999092S11131,SI,1999,GWENDA,120.0,900.0,4,88,1999-04-02 00:00:00,1999-04-08 12:00:00,Intense (>=96kt)
1999096N10136,WP,1999,UNNAMED,,,0,35,1999-04-05 18:00:00,1999-04-10 00:00:00,Unknown
1999107S12090,SI,1999,HAMISH,55.0,980.0,0,90,1999-04-17 00:00:00,1999-04-25 12:00:00,Weak (<64kt)
1999111N08126,WP,1999,KATE,55.0,980.0,1,75,1999-04-21 00:00:00,1999-04-30 06:00:00,Weak (<64kt)
1999116N14114,WP,1999,LEO,65.0,970.0,3,59,1999-04-25 18:00:00,1999-05-03 00:00:00,Moderate (64-95kt)
1999135N12073,NI,1999,UNNAMED,105.0,946.0,3,61,1999-05-15 00:00:00,1999-05-22 12:00:00,Intense (>=96kt)
1999151N09132,WP,1999,MAGGIE,75.0,955.0,3,77,1999-05-30 12:00:00,1999-06-09 00:00:00,Moderate (64-95kt)
1999155N15117,WP,1999,UNNAMED,,,-5,23,1999-06-03 12:00:00,1999-06-06 06:00:00,Unknown
1999159N18091,NI,1999,UNNAMED,,,0,29,1999-06-08 06:00:00,1999-06-11 18:00:00,Unknown
1999168N19086,NI,1999,UNNAMED,30.0,986.0,-5,11,1999-06-17 03:00:00,1999-06-18 09:00:00,Weak (<64kt)
1999191N26129,WP,1999,UNNAMED,,,-5,41,1999-07-09 12:00:00,1999-07-14 12:00:00,Unknown
1999195N24156,WP,1999,UNNAMED,35.0,996.0,-1,43,1999-07-14 00:00:00,1999-07-19 06:00:00,Weak (<64kt)
1999201N25134,WP,1999,UNNAMED,,,-1,35,1999-07-19 12:00:00,1999-07-23 18:00:00,Unknown
1999203N17129,WP,1999,NEIL,50.0,980.0,0,51,1999-07-22 06:00:00,1999-07-28 12:00:00,Weak (<64kt)
1999204N17117,WP,1999,UNNAMED,40.0,985.0,-1,43,1999-07-23 00:00:00,1999-07-28 06:00:00,Weak (<64kt)
1999208N06139,WP,1999,OLGA,65.0,970.0,1,77,1999-07-26 18:00:00,1999-08-05 06:00:00,Moderate (64-95kt)
1999208N21089,NI,1999,UNNAMED,25.0,990.0,-5,18,1999-07-27 03:00:00,1999-07-29 06:00:00,Weak (<64kt)
1999213N12144,WP,1999,PAUL,45.0,980.0,0,69,1999-07-31 18:00:00,1999-08-09 06:00:00,Weak (<64kt)
1999217N11265,WP,1999,DORA,60.0,994.0,0,49,1999-08-20 00:00:00,1999-08-26 00:00:00,Weak (<64kt)
1999218N21116,WP,1999,RACHEL,35.0,992.0,0,43,1999-08-05 18:00:00,1999-08-11 00:00:00,Weak (<64kt)
1999219N21089,NI,1999,UNNAMED,20.0,992.0,-5,21,1999-08-06 12:00:00,1999-08-09 00:00:00,Weak (<64kt)
1999219N25142,WP,1999,UNNAMED,,,-1,35,1999-08-07 00:00:00,1999-08-11 06:00:00,Unknown
1999228N31128,WP,1999,UNNAMED,,,-1,35,1999-08-15 18:00:00,1999-08-20 00:00:00,Unknown
1999230N12129,WP,1999,SAM,55.0,980.0,1,75,1999-08-17 18:00:00,1999-08-27 00:00:00,Weak (<64kt)
1999231N30181,WP,1999,TANYA,50.0,1000.0,1,48,1999-08-19 09:00:00,1999-08-25 06:00:00,Weak (<64kt)
1999233N32152,WP,1999,UNNAMED,,,-1,33,1999-08-20 18:00:00,1999-08-24 18:00:00,Unknown
1999235N27140,WP,1999,VIRGIL,50.0,994.0,1,55,1999-08-23 00:00:00,1999-08-29 18:00:00,Weak (<64kt)
1999241N12133,WP,1999,WENDY,35.0,996.0,0,73,1999-08-29 06:00:00,1999-09-07 06:00:00,Weak (<64kt)
1999253N17124,WP,1999,YORK,55.0,980.0,1,65,1999-09-09 18:00:00,1999-09-17 18:00:00,Weak (<64kt)
1999254N18142,WP,1999,ZIA,45.0,985.0,0,54,1999-09-11 00:00:00,1999-09-17 06:00:00,Weak (<64kt)
1999258N25128,WP,1999,ANN,50.0,985.0,0,49,1999-09-14 12:00:00,1999-09-20 12:00:00,Weak (<64kt)
1999260N20130,WP,1999,BART,90.0,930.0,5,100,1999-09-17 00:00:00,1999-09-29 00:00:00,Moderate (64-95kt)
1999266N18113,WP,1999,CAM,45.0,992.0,0,35,1999-09-22 12:00:00,1999-09-26 18:00:00,Weak (<64kt)
1999275N16135,WP,1999,DAN,80.0,955.0,3,85,1999-10-01 12:00:00,1999-10-12 00:00:00,Moderate (64-95kt)
1999288N12129,WP,1999,EVE,45.0,990.0,0,45,1999-10-14 18:00:00,1999-10-20 06:00:00,Weak (<64kt)
1999288N15093,NI,1999,UNNAMED,90.0,968.0,4,34,1999-10-15 00:00:00,1999-10-19 03:00:00,Moderate (64-95kt)
1999298N12099,NI,1999,UNNAMED,140.0,912.0,5,75,1999-10-25 00:00:00,1999-11-03 06:00:00,Intense (>=96kt)
1999309N18147,WP,1999,UNNAMED,,,-1,13,1999-11-05 00:00:00,1999-11-06 12:00:00,Unknown
1999310N09138,WP,1999,FRANKIE,,,0,37,1999-11-05 18:00:00,1999-11-10 06:00:00,Unknown
1999315N13127,WP,1999,GLORIA,50.0,980.0,1,49,1999-11-10 12:00:00,1999-11-16 12:00:00,Weak (<64kt)
1999334N11118,NI,1999,UNNAMED,,,-1,9,1999-12-04 06:00:00,1999-12-05 06:00:00,Unknown
1999334N11118,WP,1999,UNNAMED,,,-1,38,1999-11-29 12:00:00,1999-12-04 03:00:00,Unknown
1999342N08116,WP,1999,UNNAMED,,,-1,31,1999-12-07 12:00:00,1999-12-11 06:00:00,Unknown
1999342N10089,NI,1999,UNNAMED,25.0,998.0,-5,19,1999-12-08 06:00:00,1999-12-10 09:00:00,Weak (<64kt)
1999343S09095,SI,2000,ILSA,55.0,980.0,0,103,1999-12-08 22:00:00,1999-12-17 12:00:00,Weak (<64kt)
1999343S11123,SI,2000,JOHN,110.0,915.0,4,104,1999-12-09 07:00:00,1999-12-16 01:00:00,Intense (>=96kt)
1999348N12115,WP,1999,UNNAMED,,,-1,19,1999-12-14 00:00:00,1999-12-16 06:00:00,Unknown
1999357S08076,SI,2000,ASTRIDE,50.0,985.0,1,91,1999-12-23 06:00:00,2000-01-03 12:00:00,Weak (<64kt)
2000003S13082,SI,2000,BABIOLA,85.0,950.0,2,91,2000-01-03 06:00:00,2000-01-14 12:00:00,Moderate (64-95kt)
2000019S11127,SI,2000,UNNAMED,,,-1,37,2000-01-18 18:00:00,2000-01-23 06:00:00,Unknown
2000024S12100,SI,2000,KIRRILY,75.0,975.0,2,102,2000-01-24 04:00:00,2000-02-01 22:00:00,Moderate (64-95kt)
2000025S15056,SI,2000,CONNIE,100.0,930.0,4,69,2000-01-25 00:00:00,2000-02-02 12:00:00,Intense (>=96kt)
2000031S11074,SI,2000,DAMIENNE,35.0,994.0,0,59,2000-01-30 18:00:00,2000-02-07 00:00:00,Weak (<64kt)
2000032S11116,SI,2000,ELINE:LEONE,100.0,930.0,4,259,2000-02-01 04:00:00,2000-02-29 12:00:00,Intense (>=96kt)
2000045S14100,SI,2000,MARCIA,35.0,995.0,-5,47,2000-02-14 10:00:00,2000-02-18 10:00:00,Weak (<64kt)
2000050S13078,SI,2000,FELICIA,60.0,975.0,1,63,2000-02-18 18:00:00,2000-02-26 12:00:00,Weak (<64kt)
2000056S17152,SI,2000,STEVE,60.0,975.0,1,134,2000-03-01 09:00:00,2000-03-11 22:00:00,Weak (<64kt)
2000058S14063,SI,2000,GLORIA,50.0,985.0,0,101,2000-02-27 00:00:00,2000-03-10 12:00:00,Weak (<64kt)
2000060S12086,SI,2000,UNNAMED,30.0,998.0,0,87,2000-02-29 06:00:00,2000-03-11 00:00:00,Weak (<64kt)
2000060S17123,SI,2000,NORMAN,110.0,930.0,4,124,2000-02-28 22:00:00,2000-03-10 04:00:00,Intense (>=96kt)
2000075S17119,SI,2000,OLGA,50.0,985.0,0,62,2000-03-14 18:00:00,2000-03-20 04:00:00,Weak (<64kt)
2000083S17102,SI,2000,HUDAH,120.0,905.0,4,143,2000-03-22 18:00:00,2000-04-09 12:00:00,Intense (>=96kt)
2000088N08090,NI,2000,UNNAMED,45.0,998.0,-5,25,2000-03-27 12:00:00,2000-03-30 12:00:00,Weak (<64kt)
2000099S28037,SI,2000,UNNAMED,50.0,992.0,-5,65,2000-04-07 12:00:00,2000-04-15 12:00:00,Weak (<64kt)
2000102S13128,SI,2000,PAUL,120.0,915.0,4,126,2000-04-10 22:00:00,2000-04-21 18:00:00,Intense (>=96kt)
2000103S10095,SI,2000,INNOCENTE,37.0,993.0,0,105,2000-04-11 12:00:00,2000-04-24 12:00:00,Weak (<64kt)
2000105S09127,SI,2000,ROSITA,120.0,930.0,4,85,2000-04-14 04:00:00,2000-04-21 00:00:00,Intense (>=96kt)
2000125N06136,WP,2000,DAMREY,90.0,930.0,5,105,2000-05-03 18:00:00,2000-05-16 18:00:00,Moderate (64-95kt)
2000138N16119,WP,2000,LONGWANG,45.0,990.0,0,55,2000-05-17 06:00:00,2000-05-24 00:00:00,Weak (<64kt)
2000141N18116,WP,2000,UNNAMED,,,-1,19,2000-05-20 00:00:00,2000-05-22 06:00:00,Unknown
2000150N11117,WP,2000,UNNAMED,,,-1,31,2000-05-29 00:00:00,2000-06-01 18:00:00,Unknown
2000169N17114,WP,2000,UNNAMED,,,-5,17,2000-06-16 12:00:00,2000-06-18 12:00:00,Unknown
2000184N13133,WP,2000,KIROGI,85.0,940.0,4,67,2000-07-02 00:00:00,2000-07-10 06:00:00,Moderate (64-95kt)
2000185N15117,WP,2000,KAI-TAK,75.0,960.0,1,77,2000-07-02 12:00:00,2000-07-12 00:00:00,Moderate (64-95kt)
2000193N10131,WP,2000,UNNAMED,,,-1,75,2000-07-10 18:00:00,2000-07-20 00:00:00,Unknown
2000196N16122,WP,2000,UNNAMED,,,-1,11,2000-07-13 18:00:00,2000-07-15 00:00:00,Unknown
2000199N20145,WP,2000,TEMBIN,40.0,992.0,0,51,2000-07-17 00:00:00,2000-07-23 06:00:00,Weak (<64kt)
2000202N12131,WP,2000,BOLAVEN,50.0,980.0,0,109,2000-07-19 12:00:00,2000-08-02 00:00:00,Weak (<64kt)
2000209N06182,WP,2000,CHANCHU,35.0,996.0,0,24,2000-07-27 09:00:00,2000-07-30 06:00:00,Weak (<64kt)
2000214N22155,WP,2000,JELAWAT,85.0,940.0,4,97,2000-07-31 12:00:00,2000-08-12 12:00:00,Moderate (64-95kt)
2000214S06080,SI,2001,UNNAMED,,,0,21,2000-08-01 00:00:00,2000-08-03 12:00:00,Unknown
2000220N24149,WP,2000,UNNAMED,,,-1,31,2000-08-06 18:00:00,2000-08-10 12:00:00,Unknown
2000222N14143,WP,2000,EWINIAR,65.0,975.0,1,103,2000-08-08 12:00:00,2000-08-21 06:00:00,Moderate (64-95kt)
2000228N31180,WP,2000,WENE,,,-1,8,2000-08-14 12:00:00,2000-08-15 09:00:00,Unknown
2000230N08139,WP,2000,BILIS,110.0,920.0,5,81,2000-08-17 06:00:00,2000-08-27 06:00:00,Intense (>=96kt)
2000230N30169,WP,2000,UNNAMED,,,-1,19,2000-08-16 18:00:00,2000-08-19 00:00:00,Unknown
2000232N12116,WP,2000,KAEMI,40.0,985.0,0,43,2000-08-18 12:00:00,2000-08-23 18:00:00,Weak (<64kt)
2000236N17084,NI,2000,UNNAMED,25.0,994.0,-5,8,2000-08-23 03:00:00,2000-08-24 00:00:00,Weak (<64kt)
2000237N08138,WP,2000,PRAPIROON,70.0,965.0,1,91,2000-08-24 00:00:00,2000-09-04 06:00:00,Moderate (64-95kt)
2000240N22115,WP,2000,MARIA,40.0,985.0,0,53,2000-08-27 06:00:00,2000-09-02 18:00:00,Weak (<64kt)
2000245N14157,WP,2000,SAOMAI,95.0,925.0,5,148,2000-08-31 18:00:00,2000-09-19 00:00:00,Moderate (64-95kt)
2000248N17117,WP,2000,WUKONG,75.0,955.0,2,53,2000-09-04 06:00:00,2000-09-10 18:00:00,Moderate (64-95kt)
2000248N18126,WP,2000,BOPHA,45.0,988.0,0,63,2000-09-04 06:00:00,2000-09-12 00:00:00,Weak (<64kt)
2000258N22138,WP,2000,SONAMU,55.0,980.0,1,52,2000-09-14 00:00:00,2000-09-20 09:00:00,Weak (<64kt)
2000260N15178,WP,2000,SHANSHAN,95.0,925.0,4,78,2000-09-15 18:00:00,2000-09-25 09:00:00,Moderate (64-95kt)
2000272N24165,WP,2000,UNNAMED,,,0,25,2000-09-27 18:00:00,2000-09-30 18:00:00,Unknown
2000281N11111,WP,2000,UNNAMED,,,0,65,2000-10-06 18:00:00,2000-10-14 18:00:00,Unknown
2000289N15089,NI,2000,UNNAMED,35.0,996.0,0,37,2000-10-14 18:00:00,2000-10-19 06:00:00,Weak (<64kt)
2000295N20146,WP,2000,YAGI,70.0,965.0,3,59,2000-10-21 00:00:00,2000-10-28 06:00:00,Moderate (64-95kt)
2000299N08139,WP,2000,XANGSANE,75.0,960.0,2,69,2000-10-24 18:00:00,2000-11-02 06:00:00,Moderate (64-95kt)
2000299N13093,NI,2000,UNNAMED,35.0,998.0,0,30,2000-10-25 09:00:00,2000-10-29 00:00:00,Weak (<64kt)
2000305N06136,WP,2000,BEBINCA,60.0,980.0,2,69,2000-10-30 12:00:00,2000-11-08 00:00:00,Weak (<64kt)
2000313N18126,WP,2000,UNNAMED,,,-1,23,2000-11-07 12:00:00,2000-11-10 06:00:00,Unknown
2000315S08083,SI,2001,UNNAMED,,,0,81,2000-11-10 06:00:00,2000-11-20 06:00:00,Unknown
2000331N09092,NI,2000,UNNAMED,102.0,958.0,1,80,2000-11-26 03:00:00,2000-12-06 00:00:00,Intense (>=96kt)
2000332N08133,WP,2000,RUMBIA,40.0,990.0,0,89,2000-11-27 00:00:00,2000-12-08 00:00:00,Weak (<64kt)
2000333S11140,SI,2001,SAM,110.0,935.0,3,152,2000-11-29 03:00:00,2000-12-13 18:00:00,Intense (>=96kt)
2000334N08130,WP,2000,RUMBIA,,,-5,23,2000-11-28 18:00:00,2000-12-01 12:00:00,Unknown
2000358N08086,NI,2000,UNNAMED,90.0,970.0,1,48,2000-12-23 03:00:00,2000-12-29 00:00:00,Moderate (64-95kt)
2000364N07130,WP,2000,SOULIK,80.0,955.0,3,61,2000-12-28 18:00:00,2001-01-05 06:00:00,Moderate (64-95kt)
2000366S09068,SI,2001,ANDO,105.0,925.0,4,103,2000-12-31 06:00:00,2001-01-13 00:00:00,Intense (>=96kt)
2001003S09091,SI,2001,BINDU,80.0,955.0,3,153,2001-01-03 06:00:00,2001-01-22 06:00:00,Moderate (64-95kt)
2001005S12136,SI,2001,UNNAMED,40.0,996.0,-5,32,2001-01-06 03:00:00,2001-01-10 00:00:00,Weak (<64kt)
2001018S12086,SI,2001,CHARLY,100.0,930.0,3,119,2001-01-17 12:00:00,2001-02-01 06:00:00,Intense (>=96kt)
2001028S15128,SI,2001,TERRI,60.0,975.0,0,59,2001-01-27 18:00:00,2001-01-31 22:00:00,Weak (<64kt)
2001031S13072,SI,2001,UNNAMED,45.0,985.0,-5,57,2001-01-30 12:00:00,2001-02-06 12:00:00,Weak (<64kt)
2001039S11139,SI,2001,WINSOME,25.0,987.0,0,22,2001-02-11 09:00:00,2001-02-14 00:00:00,Weak (<64kt)
2001039S13117,SI,2001,VINCENT,45.0,980.0,0,89,2001-02-07 18:00:00,2001-02-15 18:00:00,Weak (<64kt)
2001045S14142,SI,2001,WYLVA,25.0,988.0,-5,36,2001-02-17 15:00:00,2001-02-22 00:00:00,Weak (<64kt)
2001047N09134,WP,2001,UNNAMED,,,-1,47,2001-02-16 06:00:00,2001-02-22 00:00:00,Unknown
2001054S15155,SI,2001,ABIGAIL,30.0,988.0,0,68,2001-02-27 15:00:00,2001-03-08 00:00:00,Weak (<64kt)
2001064S10052,SI,2001,DERA,80.0,955.0,2,69,2001-03-04 12:00:00,2001-03-13 00:00:00,Moderate (64-95kt)
2001091S11111,SI,2001,WALTER,80.0,940.0,2,88,2001-04-01 04:00:00,2001-04-08 10:00:00,Moderate (64-95kt)
2001091S13094,SI,2001,UNNAMED,35.0,998.0,0,49,2001-04-01 06:00:00,2001-04-07 06:00:00,Weak (<64kt)
2001093S10062,SI,2001,EVARISTE,60.0,973.0,1,51,2001-04-02 12:00:00,2001-04-08 18:00:00,Weak (<64kt)
2001106N04138,WP,2001,UNNAMED,,,-1,55,2001-04-16 00:00:00,2001-04-22 18:00:00,Unknown
2001106S08137,SI,2001,ALISTAIR,60.0,975.0,1,112,2001-04-16 03:00:00,2001-04-24 01:00:00,Weak (<64kt)
2001125N05129,WP,2001,CIMARON,50.0,985.0,0,85,2001-05-05 00:00:00,2001-05-15 12:00:00,Weak (<64kt)
2001141N14068,NI,2001,UNNAMED,115.0,932.0,3,67,2001-05-21 06:00:00,2001-05-29 12:00:00,Intense (>=96kt)
2001163N20087,NI,2001,UNNAMED,25.0,990.0,-5,12,2001-06-12 03:00:00,2001-06-13 12:00:00,Weak (<64kt)
2001170N11138,WP,2001,CHEBI,65.0,965.0,3,53,2001-06-19 06:00:00,2001-06-25 18:00:00,Moderate (64-95kt)
2001171S35037,SI,2001,UNNAMED,50.0,995.0,1,37,2001-06-19 12:00:00,2001-06-24 00:00:00,Weak (<64kt)
2001180N15118,WP,2001,DURIAN,60.0,970.0,1,37,2001-06-29 00:00:00,2001-07-03 12:00:00,Weak (<64kt)
2001181N08141,WP,2001,UTOR,60.0,960.0,1,63,2001-06-30 00:00:00,2001-07-07 18:00:00,Weak (<64kt)
2001189N13130,WP,2001,TRAMI,40.0,994.0,0,37,2001-07-07 18:00:00,2001-07-12 06:00:00,Weak (<64kt)
2001192N21177,WP,2001,UNNAMED,,,-1,5,2001-07-10 18:00:00,2001-07-11 06:00:00,Unknown
2001202N23152,WP,2001,KONG-REY,70.0,955.0,2,109,2001-07-21 00:00:00,2001-08-03 12:00:00,Moderate (64-95kt)
2001204N19127,WP,2001,YUTU,55.0,975.0,2,35,2001-07-22 12:00:00,2001-07-26 18:00:00,Weak (<64kt)
2001206N14134,WP,2001,TORAJI,75.0,960.0,3,69,2001-07-25 06:00:00,2001-08-02 18:00:00,Moderate (64-95kt)
2001212N10158,WP,2001,MAN-YI,80.0,955.0,4,87,2001-07-31 06:00:00,2001-08-11 00:00:00,Moderate (64-95kt)
2001213N18139,WP,2001,UNNAMED,,,-5,57,2001-08-01 00:00:00,2001-08-08 00:00:00,Unknown
2001220N17118,WP,2001,USAGI,35.0,992.0,0,25,2001-08-08 06:00:00,2001-08-11 06:00:00,Weak (<64kt)
2001225N18146,WP,2001,PABUK,70.0,960.0,2,82,2001-08-13 06:00:00,2001-08-23 00:00:00,Moderate (64-95kt)
2001228N15118,WP,2001,UNNAMED,,,-5,33,2001-08-16 00:00:00,2001-08-20 00:00:00,Unknown
2001236N21161,WP,2001,UNNAMED,,,-1,11,2001-08-24 00:00:00,2001-08-25 06:00:00,Unknown
2001238N16139,WP,2001,WUTIP,90.0,930.0,4,74,2001-08-26 00:00:00,2001-09-04 03:00:00,Moderate (64-95kt)
2001238N18162,WP,2001,SEPAT,45.0,990.0,0,43,2001-08-26 06:00:00,2001-08-31 12:00:00,Weak (<64kt)
2001239N19116,WP,2001,FITOW,35.0,990.0,0,127,2001-08-27 06:00:00,2001-09-12 00:00:00,Weak (<64kt)
2001246N19156,WP,2001,DANAS,85.0,945.0,3,79,2001-09-03 00:00:00,2001-09-12 18:00:00,Moderate (64-95kt)
2001248N23125,WP,2001,NARI,75.0,960.0,3,130,2001-09-05 00:00:00,2001-09-21 00:00:00,Moderate (64-95kt)
2001259N20138,WP,2001,VIPA,65.0,975.0,1,51,2001-09-16 00:00:00,2001-09-22 06:00:00,Moderate (64-95kt)
2001260N14167,WP,2001,FRANCISCO,85.0,945.0,3,78,2001-09-17 06:00:00,2001-09-26 21:00:00,Moderate (64-95kt)
2001264N21126,WP,2001,LEKIMA,70.0,965.0,2,75,2001-09-21 00:00:00,2001-09-30 06:00:00,Moderate (64-95kt)
2001267N17070,NI,2001,UNNAMED,35.0,1000.0,0,37,2001-09-24 00:00:00,2001-09-28 12:00:00,Weak (<64kt)
2001276N13146,WP,2001,KROSA,80.0,950.0,3,59,2001-10-03 06:00:00,2001-10-10 12:00:00,Moderate (64-95kt)
2001277S10082,SI,2002,UNNAMED,,,0,31,2001-10-04 06:00:00,2001-10-08 00:00:00,Unknown
2001281N18071,NI,2001,UNNAMED,35.0,998.0,0,41,2001-10-08 06:00:00,2001-10-13 06:00:00,Weak (<64kt)
2001284N16132,WP,2001,HAIYAN,70.0,960.0,2,61,2001-10-11 06:00:00,2001-10-18 18:00:00,Moderate (64-95kt)
2001288N13084,NI,2001,UNNAMED,35.0,998.0,-5,19,2001-10-14 12:00:00,2001-10-16 18:00:00,Weak (<64kt)
2001291N05158,WP,2001,PODUL,100.0,925.0,5,96,2001-10-17 12:00:00,2001-10-29 09:00:00,Intense (>=96kt)
2001298S07098,SI,2002,ALEX:ANDRE,50.0,984.0,0,117,2001-10-24 18:00:00,2001-11-08 06:00:00,Weak (<64kt)
2001309N10130,WP,2001,LINGLING,85.0,940.0,4,59,2001-11-05 06:00:00,2001-11-12 12:00:00,Moderate (64-95kt)
2001313N12084,NI,2001,UNNAMED,25.0,1004.0,-1,27,2001-11-09 00:00:00,2001-11-12 06:00:00,Weak (<64kt)
2001320S11146,SI,2002,UNNAMED,40.0,998.0,0,25,2001-11-20 00:00:00,2001-11-23 00:00:00,Weak (<64kt)
2001321N07148,WP,2001,UNNAMED,,,0,73,2001-11-16 12:00:00,2001-11-25 12:00:00,Unknown
2001323N05107,WP,2001,UNNAMED,,,0,39,2001-11-18 18:00:00,2001-11-23 12:00:00,Unknown
2001324S12081,SI,2002,UNNAMED,,,0,35,2001-11-20 06:00:00,2001-11-24 12:00:00,Unknown
2001329S06095,SI,2002,BAKO:BESSI,65.0,968.0,1,117,2001-11-25 00:00:00,2001-12-09 12:00:00,Moderate (64-95kt)
2001338N10130,WP,2001,KAJIKI,35.0,996.0,0,45,2001-12-04 00:00:00,2001-12-09 12:00:00,Weak (<64kt)
2001345N05155,WP,2001,UNNAMED,,,0,21,2001-12-10 12:00:00,2001-12-13 00:00:00,Unknown
2001347N04162,WP,2001,FAXAI,105.0,915.0,5,107,2001-12-13 06:00:00,2001-12-26 12:00:00,Intense (>=96kt)
2001361N01106,NI,2001,VAMEI,,,0,29,2001-12-28 18:00:00,2002-01-01 06:00:00,Unknown
2001361N01106,WP,2001,VAMEI,45.0,1006.0,1,18,2001-12-26 12:00:00,2001-12-28 15:00:00,Weak (<64kt)
2001364S19036,SI,2002,CYPRIEN,55.0,980.0,0,39,2001-12-30 00:00:00,2002-01-03 18:00:00,Weak (<64kt)
2002008N07141,WP,2002,TAPAH,40.0,996.0,0,47,2002-01-08 06:00:00,2002-01-14 00:00:00,Weak (<64kt)
2002017S07078,SI,2002,DINA,115.0,910.0,4,97,2002-01-16 12:00:00,2002-01-28 12:00:00,Intense (>=96kt)
2002023S10089,SI,2002,EDDY,70.0,965.0,1,61,2002-01-22 12:00:00,2002-01-30 00:00:00,Moderate (64-95kt)
2002030S13093,SI,2002,FRANCESCA,105.0,925.0,4,121,2002-01-30 06:00:00,2002-02-14 06:00:00,Intense (>=96kt)
2002033S13121,SI,2002,CHRIS,110.0,915.0,4,75,2002-02-02 04:00:00,2002-02-07 04:00:00,Intense (>=96kt)
2002040S14130,SI,2002,UNNAMED,20.0,994.0,-5,87,2002-02-09 00:00:00,2002-02-24 18:00:00,Weak (<64kt)
2002045S18049,SI,2002,GUILLAUME,110.0,920.0,4,79,2002-02-14 00:00:00,2002-02-23 18:00:00,Intense (>=96kt)
2002057N06156,WP,2002,MITAG,95.0,930.0,5,87,2002-02-26 06:00:00,2002-03-09 00:00:00,Moderate (64-95kt)
2002063S11066,SI,2002,HARY,120.0,905.0,5,113,2002-03-03 12:00:00,2002-03-17 12:00:00,Intense (>=96kt)
2002078N04138,WP,2002,UNNAMED,,,-1,53,2002-03-18 18:00:00,2002-03-25 06:00:00,Unknown
2002081S08084,SI,2002,IKALA,90.0,945.0,3,99,2002-03-21 18:00:00,2002-04-03 00:00:00,Moderate (64-95kt)
2002096N11155,WP,2002,UNNAMED,,,-1,13,2002-04-05 12:00:00,2002-04-07 00:00:00,Unknown
2002096S10103,SI,2002,DIANNE:JERY,80.0,955.0,3,61,2002-04-05 18:00:00,2002-04-13 06:00:00,Moderate (64-95kt)
2002098S07133,SI,2002,BONNIE,50.0,985.0,0,63,2002-04-07 18:00:00,2002-04-15 12:00:00,Weak (<64kt)
2002122S07063,SI,2002,KESINY,70.0,965.0,1,77,2002-05-02 06:00:00,2002-05-11 18:00:00,Moderate (64-95kt)
2002126N09068,NI,2002,UNNAMED,35.0,994.0,0,41,2002-05-05 18:00:00,2002-05-10 18:00:00,Weak (<64kt)
2002128S05097,SI,2002,ERROL,35.0,995.0,0,52,2002-05-08 03:00:00,2002-05-14 12:00:00,Weak (<64kt)
2002129N08096,NI,2002,UNNAMED,30.0,1004.0,0,27,2002-05-09 06:00:00,2002-05-12 12:00:00,Weak (<64kt)
2002133N03150,WP,2002,HAGIBIS,95.0,935.0,5,73,2002-05-13 06:00:00,2002-05-22 06:00:00,Moderate (64-95kt)
2002146N17113,WP,2002,UNNAMED,,,-1,31,2002-05-26 06:00:00,2002-05-30 00:00:00,Unknown
2002155N20112,WP,2002,NOGURI,60.0,975.0,2,64,2002-06-03 12:00:00,2002-06-11 06:00:00,Weak (<64kt)
2002178N04155,WP,2002,CHATAAN,95.0,930.0,4,127,2002-06-27 06:00:00,2002-07-13 00:00:00,Moderate (64-95kt)
2002178N10139,WP,2002,RAMMASUN,85.0,945.0,3,91,2002-06-26 12:00:00,2002-07-07 18:00:00,Moderate (64-95kt)
2002187N11160,WP,2002,HALONG,85.0,945.0,4,115,2002-07-05 12:00:00,2002-07-19 15:00:00,Moderate (64-95kt)
2002189N21116,WP,2002,NAKRI,50.0,983.0,0,47,2002-07-07 18:00:00,2002-07-13 12:00:00,Weak (<64kt)
2002195N11172,WP,2002,FENGSHEN,100.0,920.0,5,120,2002-07-13 18:00:00,2002-07-28 12:00:00,Intense (>=96kt)
2002198N09182,WP,2002,KALMAEGI,35.0,1002.0,-1,8,2002-07-20 09:00:00,2002-07-21 06:00:00,Weak (<64kt)
2002199N08130,WP,2002,UNNAMED,,,0,39,2002-07-17 12:00:00,2002-07-22 06:00:00,Unknown
2002200N21150,WP,2002,FUNG-WONG,70.0,960.0,1,73,2002-07-18 18:00:00,2002-07-27 18:00:00,Moderate (64-95kt)
2002214N19120,WP,2002,KAMMURI,55.0,980.0,0,43,2002-08-01 18:00:00,2002-08-07 00:00:00,Weak (<64kt)
2002215N34140,WP,2002,UNNAMED,,,-1,29,2002-08-02 18:00:00,2002-08-06 06:00:00,Unknown
2002222N09163,WP,2002,PHANFONE,85.0,940.0,4,118,2002-08-10 06:00:00,2002-08-24 18:00:00,Moderate (64-95kt)
2002222N11131,WP,2002,UNNAMED,,,0,37,2002-08-10 06:00:00,2002-08-14 18:00:00,Unknown
2002227N14115,WP,2002,VONGFONG,40.0,985.0,0,45,2002-08-14 12:00:00,2002-08-20 00:00:00,Weak (<64kt)
2002234N14164,WP,2002,RUSA,80.0,950.0,4,103,2002-08-22 00:00:00,2002-09-03 18:00:00,Moderate (64-95kt)
2002237N10202,WP,2002,ELE,90.0,940.0,4,102,2002-08-30 03:00:00,2002-09-11 18:00:00,Moderate (64-95kt)
2002240N16155,WP,2002,SINLAKU,80.0,950.0,3,102,2002-08-27 12:00:00,2002-09-09 00:00:00,Moderate (64-95kt)
2002247S03067,SI,2003,ABAIMBA,35.0,1003.0,0,39,2002-09-04 06:00:00,2002-09-09 00:00:00,Weak (<64kt)
2002252N20121,WP,2002,HAGUPIT,45.0,990.0,0,57,2002-09-08 18:00:00,2002-09-15 18:00:00,Weak (<64kt)
2002263N22139,WP,2002,CHANGMI,45.0,968.0,-5,41,2002-09-20 06:00:00,2002-09-25 06:00:00,Weak (<64kt)
2002264N13114,WP,2002,MEKKHALA,45.0,990.0,0,59,2002-09-21 00:00:00,2002-09-28 06:00:00,Weak (<64kt)
2002268N15163,WP,2002,HIGOS,95.0,930.0,4,74,2002-09-25 00:00:00,2002-10-04 00:00:00,Moderate (64-95kt)
2002281N10163,WP,2002,UNNAMED,,,-1,12,2002-10-07 12:00:00,2002-10-08 21:00:00,Unknown
2002282N10156,WP,2002,BAVI,55.0,970.0,1,61,2002-10-08 12:00:00,2002-10-16 00:00:00,Weak (<64kt)
2002289N18162,WP,2002,UNNAMED,,,-1,37,2002-10-16 00:00:00,2002-10-20 12:00:00,Unknown
2002291N13177,WP,2002,UNNAMED,,,-1,15,2002-10-17 12:00:00,2002-10-19 06:00:00,Unknown
2002295N14082,NI,2002,UNNAMED,25.0,1002.0,-5,12,2002-10-22 09:00:00,2002-10-23 18:00:00,Weak (<64kt)
2002297N09206,WP,2002,HUKO,75.0,985.0,1,33,2002-11-03 12:00:00,2002-11-07 12:00:00,Moderate (64-95kt)
2002298N17169,WP,2002,MAYSAK,55.0,980.0,1,42,2002-10-25 00:00:00,2002-10-30 03:00:00,Weak (<64kt)
2002307S07070,SI,2003,ATANG,,,0,79,2002-11-03 06:00:00,2002-11-13 00:00:00,Unknown
2002314N12083,NI,2002,UNNAMED,55.0,990.0,0,24,2002-11-09 18:00:00,2002-11-12 15:00:00,Weak (<64kt)
2002319S06078,SI,2003,BOURA,70.0,965.0,1,101,2002-11-14 18:00:00,2002-11-27 06:00:00,Moderate (64-95kt)
2002323N09155,WP,2002,HAISHEN,85.0,955.0,2,61,2002-11-19 00:00:00,2002-11-26 12:00:00,Moderate (64-95kt)
2002327N10089,NI,2002,UNNAMED,35.0,1000.0,0,47,2002-11-22 18:00:00,2002-11-28 12:00:00,Weak (<64kt)
2002335N05166,WP,2002,PONGSONA,90.0,940.0,4,85,2002-12-01 06:00:00,2002-12-11 18:00:00,Moderate (64-95kt)
2002355N04077,NI,2002,UNNAMED,35.0,1000.0,0,38,2002-12-21 03:00:00,2002-12-25 18:00:00,Weak (<64kt)
2002356S07070,SI,2003,CRYSTAL,80.0,955.0,2,99,2002-12-21 18:00:00,2003-01-03 00:00:00,Moderate (64-95kt)
2002359S03089,SI,2003,UNNAMED,,,-1,75,2002-12-25 00:00:00,2003-01-03 06:00:00,Unknown
2002364S16045,SI,2003,DELFINA,50.0,985.0,0,121,2002-12-30 06:00:00,2003-01-14 06:00:00,Weak (<64kt)
2003004S10136,SI,2003,UNNAMED,45.0,993.0,-5,110,2003-01-05 18:00:00,2003-01-25 12:00:00,Weak (<64kt)
2003007S10072,SI,2003,EBULA,63.0,972.0,1,71,2003-01-06 12:00:00,2003-01-15 06:00:00,Weak (<64kt)
2003011N02180,WP,2003,YANYAN,35.0,1000.0,0,82,2003-01-11 09:00:00,2003-01-21 12:00:00,Weak (<64kt)
2003021S11081,SI,2003,FARI,50.0,985.0,0,101,2003-01-21 00:00:00,2003-02-02 12:00:00,Weak (<64kt)
2003034S12117,SI,2003,FIONA,95.0,955.0,3,81,2003-02-03 00:00:00,2003-02-13 00:00:00,Moderate (64-95kt)
2003035S10099,SI,2003,ISHA,35.0,995.0,0,93,2003-02-03 18:00:00,2003-02-15 06:00:00,Weak (<64kt)
2003037S12061,SI,2003,GERRY,90.0,940.0,3,105,2003-02-05 12:00:00,2003-02-18 12:00:00,Moderate (64-95kt)
2003039S15066,SI,2003,HAPE,80.0,960.0,2,69,2003-02-07 12:00:00,2003-02-16 00:00:00,Moderate (64-95kt)
2003056S17119,SI,2003,GRAHAM,40.0,985.0,0,43,2003-02-24 12:00:00,2003-03-01 18:00:00,Weak (<64kt)
2003056S21042,SI,2003,JAPHET,95.0,935.0,4,71,2003-02-24 12:00:00,2003-03-05 06:00:00,Moderate (64-95kt)
2003060S13103,SI,2003,HARRIET,45.0,985.0,0,79,2003-03-01 06:00:00,2003-03-11 00:00:00,Weak (<64kt)
2003062S10080,SI,2003,KALUNDE,115.0,910.0,5,113,2003-03-03 06:00:00,2003-03-17 06:00:00,Intense (>=96kt)
2003067S13130,SI,2003,CRAIG,55.0,976.0,0,33,2003-03-07 12:00:00,2003-03-11 12:00:00,Weak (<64kt)
2003088S07131,SI,2003,INIGO,125.0,914.0,5,85,2003-03-29 06:00:00,2003-04-08 18:00:00,Intense (>=96kt)
2003098N03159,WP,2003,KUJIRA,90.0,930.0,4,139,2003-04-08 06:00:00,2003-04-25 12:00:00,Moderate (64-95kt)
2003098S23041,SI,2003,LUMA,70.0,980.0,-5,33,2003-04-08 00:00:00,2003-04-12 00:00:00,Moderate (64-95kt)
2003122S11065,SI,2003,MANOU,83.0,950.0,1,93,2003-05-01 18:00:00,2003-05-13 06:00:00,Moderate (64-95kt)
2003129N05091,NI,2003,UNNAMED,75.0,980.0,0,92,2003-05-08 12:00:00,2003-05-19 21:00:00,Moderate (64-95kt)
2003137N07131,WP,2003,UNNAMED,,,-1,41,2003-05-17 00:00:00,2003-05-22 00:00:00,Unknown
2003138N04148,WP,2003,CHAN-HOM,85.0,940.0,4,83,2003-05-18 00:00:00,2003-05-28 06:00:00,Moderate (64-95kt)
2003144N16119,WP,2003,LINFA,55.0,980.0,0,89,2003-05-24 06:00:00,2003-06-04 06:00:00,Weak (<64kt)
2003150N17119,WP,2003,NANGKA,50.0,985.0,0,69,2003-05-30 00:00:00,2003-06-07 12:00:00,Weak (<64kt)
2003158N08156,WP,2003,SOUDELOR,80.0,955.0,4,139,2003-06-07 00:00:00,2003-06-24 00:00:00,Moderate (64-95kt)
2003196N05150,WP,2003,IMBUDO,90.0,935.0,4,85,2003-07-15 00:00:00,2003-07-25 12:00:00,Moderate (64-95kt)
2003196N11137,WP,2003,KONI,60.0,975.0,1,67,2003-07-14 12:00:00,2003-07-22 18:00:00,Weak (<64kt)
2003206N21089,NI,2003,UNNAMED,30.0,988.0,-5,25,2003-07-25 03:00:00,2003-07-28 03:00:00,Weak (<64kt)
2003212N09150,WP,2003,ETAU,85.0,945.0,3,95,2003-07-31 06:00:00,2003-08-11 18:00:00,Moderate (64-95kt)
2003212N12130,WP,2003,MORAKOT,45.0,992.0,1,43,2003-07-30 18:00:00,2003-08-05 00:00:00,Weak (<64kt)
2003226N07156,WP,2003,KROVANH,65.0,970.0,2,103,2003-08-13 18:00:00,2003-08-26 12:00:00,Moderate (64-95kt)
2003230N18125,WP,2003,VAMCO,35.0,996.0,0,21,2003-08-18 06:00:00,2003-08-20 18:00:00,Weak (<64kt)
2003231N20118,WP,2003,UNNAMED,,,-5,15,2003-08-19 06:00:00,2003-08-21 00:00:00,Unknown
2003240N14230,WP,2003,JIMENA,,,-1,4,2003-09-05 09:00:00,2003-09-05 18:00:00,Unknown
2003240N20139,WP,2003,DUJUAN,80.0,950.0,4,55,2003-08-27 12:00:00,2003-09-03 06:00:00,Moderate (64-95kt)
2003240N21089,NI,2003,UNNAMED,25.0,996.0,-5,9,2003-08-27 12:00:00,2003-08-28 12:00:00,Weak (<64kt)
2003247N10153,WP,2003,MAEMI,105.0,910.0,5,98,2003-09-04 00:00:00,2003-09-16 00:00:00,Intense (>=96kt)
2003259N13133,WP,2003,CHOI-WAN,70.0,955.0,3,65,2003-09-16 00:00:00,2003-09-23 18:00:00,Moderate (64-95kt)
2003267N15140,WP,2003,KOPPU,70.0,960.0,2,77,2003-09-23 18:00:00,2003-10-03 06:00:00,Moderate (64-95kt)
2003272S05066,SI,2004,ABAIMBA,43.0,995.0,0,55,2003-09-28 12:00:00,2003-10-05 06:00:00,Weak (<64kt)
2003279N17084,NI,2003,UNNAMED,25.0,998.0,-5,28,2003-10-06 03:00:00,2003-10-09 12:00:00,Weak (<64kt)
2003279N18118,WP,2003,UNNAMED,,,-1,41,2003-10-06 00:00:00,2003-10-11 00:00:00,Unknown
2003283N26131,WP,2003,UNNAMED,,,-1,25,2003-10-10 00:00:00,2003-10-13 00:00:00,Unknown
2003290N15132,WP,2003,KETSANA,90.0,940.0,4,77,2003-10-17 06:00:00,2003-10-26 18:00:00,Moderate (64-95kt)
2003291N17147,WP,2003,PARMA,95.0,930.0,4,115,2003-10-18 06:00:00,2003-11-01 12:00:00,Moderate (64-95kt)
2003294N11112,WP,2003,UNNAMED,,,-1,25,2003-10-21 00:00:00,2003-10-24 00:00:00,Unknown
2003295N09101,NI,2003,UNNAMED,30.0,1004.0,0,32,2003-10-24 15:00:00,2003-10-28 12:00:00,Weak (<64kt)
2003295N09101,WP,2003,UNNAMED,,,-1,25,2003-10-21 12:00:00,2003-10-24 12:00:00,Unknown
2003302N11133,WP,2003,MELOR,50.0,980.0,1,67,2003-10-28 18:00:00,2003-11-06 00:00:00,Weak (<64kt)
2003313S05079,SI,2004,BENI,95.0,935.0,3,135,2003-11-08 12:00:00,2003-11-25 06:00:00,Moderate (64-95kt)
2003315N09067,NI,2003,UNNAMED,55.0,990.0,1,63,2003-11-10 12:00:00,2003-11-18 06:00:00,Weak (<64kt)
2003316N11141,WP,2003,NEPARTAK,65.0,970.0,1,65,2003-11-11 12:00:00,2003-11-19 12:00:00,Moderate (64-95kt)
2003319N13172,WP,2003,LUPIT,100.0,915.0,5,151,2003-11-14 12:00:00,2003-12-03 06:00:00,Intense (>=96kt)
2003338S09065,SI,2004,CELA,65.0,975.0,1,145,2003-12-04 00:00:00,2003-12-22 00:00:00,Moderate (64-95kt)
2003340S07093,SI,2004,JANA,85.0,950.0,1,95,2003-12-06 00:00:00,2003-12-17 18:00:00,Moderate (64-95kt)
2003345N05092,NI,2003,UNNAMED,55.0,990.0,0,43,2003-12-11 06:00:00,2003-12-16 12:00:00,Weak (<64kt)
2003350S10140,SI,2004,DEBBIE,65.0,970.0,1,32,2003-12-19 03:00:00,2003-12-23 00:00:00,Moderate (64-95kt)
2003357N11142,WP,2003,UNNAMED,,,0,39,2003-12-23 00:00:00,2003-12-27 18:00:00,Unknown
2003358S06067,SI,2004,DARIUS,55.0,980.0,0,95,2003-12-23 18:00:00,2004-01-04 12:00:00,Weak (<64kt)
2004001S16124,SI,2004,KEN,,,0,43,2004-01-01 06:00:00,2004-01-06 12:00:00,Unknown
2004025S16044,SI,2004,ELITA,65.0,970.0,1,157,2004-01-24 12:00:00,2004-02-13 00:00:00,Moderate (64-95kt)
2004026S12063,SI,2004,FRANK,100.0,930.0,4,115,2004-01-26 00:00:00,2004-02-09 06:00:00,Intense (>=96kt)
2004028S06090,SI,2004,LINDA,50.0,985.0,0,43,2004-01-28 00:00:00,2004-02-02 06:00:00,Weak (<64kt)
2004041S14147,SI,2004,FRITZ,25.0,992.0,-5,14,2004-02-13 09:00:00,2004-02-15 00:00:00,Weak (<64kt)
2004042N08148,WP,2004,UNNAMED,,,0,69,2004-02-10 18:00:00,2004-02-19 06:00:00,Unknown
2004056S18125,SI,2004,MONTY,100.0,935.0,3,55,2004-02-25 06:00:00,2004-03-03 00:00:00,Intense (>=96kt)
2004058S13142,SI,2004,EVAN,20.0,998.0,-1,17,2004-03-02 00:00:00,2004-03-04 00:00:00,Weak (<64kt)
2004061S12072,SI,2004,GAFILO,125.0,895.0,5,137,2004-03-01 06:00:00,2004-03-18 06:00:00,Intense (>=96kt)
2004068S13089,SI,2004,HELMA:NICKY,60.0,975.0,1,73,2004-03-07 12:00:00,2004-03-16 12:00:00,Weak (<64kt)
2004072S11146,SI,2004,FAY,115.0,910.0,4,113,2004-03-14 15:00:00,2004-03-28 12:00:00,Intense (>=96kt)
2004074N03143,WP,2004,UNNAMED,,,0,77,2004-03-14 00:00:00,2004-03-23 12:00:00,Unknown
2004081S12103,SI,2004,ITSANG:ITSENG:OSCAR,90.0,940.0,4,69,2004-03-21 00:00:00,2004-03-29 12:00:00,Moderate (64-95kt)
2004083S08056,SI,2004,UNNAMED,,,-1,43,2004-03-23 06:00:00,2004-03-28 12:00:00,Unknown
2004093N07154,WP,2004,SUDAL,90.0,940.0,4,126,2004-04-02 00:00:00,2004-04-17 15:00:00,Moderate (64-95kt)
2004125N11074,NI,2004,UNNAMED,55.0,984.0,0,52,2004-05-04 00:00:00,2004-05-10 09:00:00,Weak (<64kt)
2004125S08084,SI,2004,JUBA,55.0,980.0,1,107,2004-05-04 00:00:00,2004-05-17 06:00:00,Weak (<64kt)
2004134N07132,WP,2004,NIDA,95.0,935.0,5,79,2004-05-13 00:00:00,2004-05-22 18:00:00,Moderate (64-95kt)
2004135N09114,WP,2004,UNNAMED,,,0,37,2004-05-14 00:00:00,2004-05-18 12:00:00,Unknown
2004136N05148,WP,2004,OMAIS,50.0,985.0,0,57,2004-05-15 00:00:00,2004-05-22 00:00:00,Weak (<64kt)
2004136N15090,NI,2004,UNNAMED,90.0,952.0,1,41,2004-05-14 18:00:00,2004-05-19 18:00:00,Moderate (64-95kt)
2004156N16117,WP,2004,CONSON,80.0,960.0,3,85,2004-06-04 06:00:00,2004-06-14 15:00:00,Moderate (64-95kt)
2004158N07142,WP,2004,CHANTHU,60.0,975.0,1,81,2004-06-05 12:00:00,2004-06-15 12:00:00,Weak (<64kt)
2004162N18068,NI,2004,UNNAMED,30.0,992.0,-5,25,2004-06-10 03:00:00,2004-06-13 03:00:00,Weak (<64kt)
2004163N15090,NI,2004,UNNAMED,30.0,990.0,-5,27,2004-06-11 03:00:00,2004-06-14 09:00:00,Weak (<64kt)
2004164N06139,WP,2004,DIANMU,100.0,915.0,5,135,2004-06-11 18:00:00,2004-06-28 09:00:00,Intense (>=96kt)
2004174N14146,WP,2004,MINDULLE,95.0,940.0,4,113,2004-06-21 18:00:00,2004-07-05 18:00:00,Moderate (64-95kt)
2004177N12154,WP,2004,TINGTING,80.0,955.0,1,147,2004-06-24 18:00:00,2004-07-13 00:00:00,Moderate (64-95kt)
2004193N19136,WP,2004,KOMPASU,45.0,992.0,0,43,2004-07-11 06:00:00,2004-07-16 12:00:00,Weak (<64kt)
2004206N20151,WP,2004,NAMTHEUN,85.0,935.0,4,86,2004-07-24 06:00:00,2004-08-03 18:00:00,Moderate (64-95kt)
2004208N19118,WP,2004,UNNAMED,,,-5,9,2004-07-26 06:00:00,2004-07-27 06:00:00,Unknown
2004215N22148,WP,2004,MALOU,40.0,996.0,0,39,2004-08-02 00:00:00,2004-08-06 12:00:00,Weak (<64kt)
2004216N16166,WP,2004,MERANTI,75.0,960.0,2,81,2004-08-02 18:00:00,2004-08-12 18:00:00,Moderate (64-95kt)
2004219N15137,WP,2004,RANANIM,80.0,950.0,2,75,2004-08-06 00:00:00,2004-08-15 06:00:00,Moderate (64-95kt)
2004222N24150,WP,2004,MALAKAS,45.0,990.0,0,40,2004-08-09 00:00:00,2004-08-13 21:00:00,Weak (<64kt)
2004227N15144,WP,2004,MEGI,65.0,970.0,1,70,2004-08-13 18:00:00,2004-08-22 06:00:00,Moderate (64-95kt)
2004230N09172,WP,2004,CHABA,110.0,910.0,5,158,2004-08-17 00:00:00,2004-09-05 12:00:00,Intense (>=96kt)
2004231N09147,WP,2004,AERE,80.0,955.0,2,107,2004-08-17 18:00:00,2004-08-31 00:00:00,Moderate (64-95kt)
2004238N13154,WP,2004,UNNAMED,,,-1,25,2004-08-25 06:00:00,2004-08-28 06:00:00,Unknown
2004239N11171,WP,2004,SONGDA,95.0,925.0,4,127,2004-08-26 00:00:00,2004-09-10 15:00:00,Moderate (64-95kt)
2004243S03088,SI,2005,PHOEBE,45.0,990.0,0,51,2004-08-30 06:00:00,2004-09-05 12:00:00,Weak (<64kt)
2004248N14156,WP,2004,SARIKA,55.0,980.0,0,43,2004-09-03 18:00:00,2004-09-09 00:00:00,Weak (<64kt)
2004255N23120,WP,2004,HAIMA,40.0,992.0,0,69,2004-09-10 18:00:00,2004-09-19 06:00:00,Weak (<64kt)
2004256N23089,NI,2004,UNNAMED,25.0,996.0,-5,28,2004-09-12 03:00:00,2004-09-15 12:00:00,Weak (<64kt)
2004263N13153,WP,2004,MEARI,90.0,940.0,4,117,2004-09-18 12:00:00,2004-10-02 18:00:00,Moderate (64-95kt)
2004274N16069,NI,2004,UNNAMED,55.0,990.0,0,79,2004-09-30 06:00:00,2004-10-10 00:00:00,Weak (<64kt)
2004275N14139,WP,2004,MA-ON,100.0,920.0,5,73,2004-10-01 06:00:00,2004-10-10 00:00:00,Intense (>=96kt)
2004276N12087,NI,2004,UNNAMED,25.0,1002.0,-5,17,2004-10-02 03:00:00,2004-10-04 03:00:00,Weak (<64kt)
2004281N23087,NI,2004,UNNAMED,25.0,1004.0,-5,9,2004-10-07 03:00:00,2004-10-08 03:00:00,Weak (<64kt)
2004284N07157,WP,2004,TOKAGE,85.0,940.0,4,104,2004-10-10 06:00:00,2004-10-22 21:00:00,Moderate (64-95kt)
2004288N09164,WP,2004,NOCK-TEN,85.0,945.0,3,107,2004-10-13 18:00:00,2004-10-27 00:00:00,Moderate (64-95kt)
2004299S09063,SI,2005,UNNAMED,,,0,35,2004-10-24 18:00:00,2004-10-29 00:00:00,Unknown
2004307N09068,NI,2004,UNNAMED,30.0,1004.0,0,57,2004-11-01 12:00:00,2004-11-08 12:00:00,Weak (<64kt)
2004312S05085,SI,2005,AROLA,60.0,978.0,1,99,2004-11-06 12:00:00,2004-11-18 18:00:00,Weak (<64kt)
2004319N10134,NI,2004,MUIFA,,,-1,4,2004-11-25 15:00:00,2004-11-26 00:00:00,Unknown
2004319N10134,WP,2004,MUIFA,80.0,950.0,4,95,2004-11-13 18:00:00,2004-11-25 12:00:00,Moderate (64-95kt)
2004325S06078,SI,2005,BENTOJANA,115.0,915.0,5,119,2004-11-19 12:00:00,2004-12-04 06:00:00,Intense (>=96kt)
2004327N16125,WP,2004,MERBOK,35.0,1000.0,-5,15,2004-11-21 18:00:00,2004-11-23 12:00:00,Weak (<64kt)
2004332N02072,NI,2004,UNNAMED,55.0,994.0,1,67,2004-11-27 00:00:00,2004-12-05 06:00:00,Weak (<64kt)
2004333N06154,WP,2004,NANMADOL,90.0,935.0,4,51,2004-11-28 00:00:00,2004-12-04 06:00:00,Moderate (64-95kt)
2004338S09113,SI,2005,UNNAMED,,,0,25,2004-12-03 06:00:00,2004-12-06 06:00:00,Unknown
2004344N06178,WP,2004,TALAS,40.0,994.0,0,91,2004-12-09 00:00:00,2004-12-20 06:00:00,Weak (<64kt)
2004352N10154,WP,2004,NORU,40.0,990.0,0,53,2004-12-16 18:00:00,2004-12-23 06:00:00,Weak (<64kt)
2004357S06095,SI,2005,CHAMBO,85.0,950.0,3,107,2004-12-21 12:00:00,2005-01-03 18:00:00,Moderate (64-95kt)
2004365S13120,SI,2005,RAYMOND,45.0,985.0,0,43,2004-12-30 00:00:00,2005-01-04 06:00:00,Weak (<64kt)
2005006S09099,SI,2005,SALLY,50.0,985.0,0,33,2005-01-06 06:00:00,2005-01-10 06:00:00,Weak (<64kt)
2005007N04085,NI,2005,UNNAMED,,,-1,29,2005-01-07 00:00:00,2005-01-10 12:00:00,Unknown
2005012N04090,NI,2005,UNNAMED,35.0,1000.0,0,47,2005-01-11 18:00:00,2005-01-17 12:00:00,Weak (<64kt)
2005013N05153,WP,2005,KULAP,50.0,985.0,1,53,2005-01-13 00:00:00,2005-01-19 12:00:00,Weak (<64kt)
2005013S14124,SI,2005,UNNAMED,,,0,43,2005-01-13 06:00:00,2005-01-18 12:00:00,Unknown
2005015S06089,SI,2005,DAREN,50.0,985.0,0,69,2005-01-15 06:00:00,2005-01-23 18:00:00,Weak (<64kt)
2005017S09061,SI,2005,ERNEST,90.0,950.0,3,71,2005-01-16 12:00:00,2005-01-25 06:00:00,Moderate (64-95kt)
2005022S14112,SI,2005,TIM,45.0,990.0,0,37,2005-01-22 00:00:00,2005-01-26 12:00:00,Weak (<64kt)
2005026S20040,SI,2005,FELAPI,35.0,995.0,-5,69,2005-01-26 06:00:00,2005-02-03 18:00:00,Weak (<64kt)
2005029S11072,SI,2005,GERARD,63.0,973.0,0,61,2005-01-29 06:00:00,2005-02-05 18:00:00,Weak (<64kt)
2005035S15118,SI,2005,VIVIENNE,35.0,990.0,0,45,2005-02-04 00:00:00,2005-02-09 12:00:00,Weak (<64kt)
2005063S12141,SI,2005,INGRID,125.0,924.0,4,42,2005-03-12 06:00:00,2005-03-17 06:00:00,Intense (>=96kt)
2005067S12120,SI,2005,WILLY,75.0,960.0,2,51,2005-03-08 06:00:00,2005-03-14 12:00:00,Moderate (64-95kt)
2005071N06152,WP,2005,ROKE,55.0,980.0,1,59,2005-03-12 00:00:00,2005-03-19 06:00:00,Weak (<64kt)
2005079S10067,SI,2005,HENNIE,55.0,978.0,1,107,2005-03-19 12:00:00,2005-04-01 18:00:00,Weak (<64kt)
2005089S10085,SI,2005,ISANG,63.0,970.0,0,83,2005-03-29 12:00:00,2005-04-08 18:00:00,Weak (<64kt)
2005092S11102,SI,2005,ADELINE:JULIET,120.0,905.0,4,119,2005-04-01 12:00:00,2005-04-16 06:00:00,Intense (>=96kt)
2005107N07151,WP,2005,SONCA,90.0,935.0,4,101,2005-04-16 18:00:00,2005-04-29 06:00:00,Moderate (64-95kt)
2005148N06156,WP,2005,NESAT,95.0,930.0,4,119,2005-05-27 12:00:00,2005-06-11 06:00:00,Moderate (64-95kt)
2005172N22069,NI,2005,UNNAMED,25.0,992.0,-5,12,2005-06-21 03:00:00,2005-06-22 12:00:00,Weak (<64kt)
2005179N22088,NI,2005,UNNAMED,25.0,990.0,-5,65,2005-06-27 12:00:00,2005-07-05 12:00:00,Weak (<64kt)
2005192N22155,WP,2005,HAITANG,105.0,920.0,5,89,2005-07-10 12:00:00,2005-07-21 12:00:00,Intense (>=96kt)
2005199N21168,WP,2005,NALGAE,45.0,990.0,0,79,2005-07-18 00:00:00,2005-07-27 18:00:00,Weak (<64kt)
2005202N13138,WP,2005,BANYAN,55.0,975.0,0,86,2005-07-20 12:00:00,2005-07-31 00:00:00,Weak (<64kt)
2005210N19115,WP,2005,WASHI,45.0,985.0,0,27,2005-07-28 12:00:00,2005-07-31 18:00:00,Weak (<64kt)
2005210N21088,NI,2005,UNNAMED,30.0,988.0,-5,20,2005-07-29 03:00:00,2005-07-31 12:00:00,Weak (<64kt)
2005211N09141,WP,2005,MATSA,80.0,950.0,2,86,2005-07-29 18:00:00,2005-08-09 06:00:00,Moderate (64-95kt)
2005222N14131,WP,2005,SANVU,50.0,985.0,1,43,2005-08-09 18:00:00,2005-08-15 00:00:00,Weak (<64kt)
2005229N21156,WP,2005,GUCHOL,55.0,980.0,1,79,2005-08-17 06:00:00,2005-08-27 00:00:00,Weak (<64kt)
2005230N20144,WP,2005,MAWAR,95.0,930.0,4,115,2005-08-18 00:00:00,2005-09-01 00:00:00,Moderate (64-95kt)
2005237N14148,WP,2005,TALIM,95.0,925.0,4,77,2005-08-24 18:00:00,2005-09-03 06:00:00,Moderate (64-95kt)
2005241N15155,WP,2005,NABI,95.0,925.0,5,100,2005-08-28 18:00:00,2005-09-09 18:00:00,Moderate (64-95kt)
2005248N08142,WP,2005,KHANUN,85.0,945.0,4,69,2005-09-05 00:00:00,2005-09-13 12:00:00,Moderate (64-95kt)
2005255N14113,WP,2005,UNNAMED,,,-5,7,2005-09-12 06:00:00,2005-09-13 00:00:00,Unknown
2005255N20088,NI,2005,UNNAMED,25.0,992.0,-5,36,2005-09-12 03:00:00,2005-09-16 12:00:00,Weak (<64kt)
2005257N15120,NI,2005,VICENTE,,,-5,1,2005-09-19 00:00:00,2005-09-19 00:00:00,Unknown
2005257N15120,WP,2005,VICENTE,45.0,985.0,0,38,2005-09-14 06:00:00,2005-09-18 21:00:00,Weak (<64kt)
2005257N20069,NI,2005,UNNAMED,25.0,996.0,-5,20,2005-09-14 03:00:00,2005-09-16 12:00:00,Weak (<64kt)
2005260N20091,NI,2005,UNNAMED,35.0,988.0,-5,36,2005-09-17 03:00:00,2005-09-21 12:00:00,Weak (<64kt)
2005262N13127,NI,2005,DAMREY,,,-5,1,2005-09-28 06:00:00,2005-09-28 06:00:00,Unknown
2005262N13127,WP,2005,DAMREY,80.0,955.0,2,72,2005-09-19 06:00:00,2005-09-28 03:00:00,Moderate (64-95kt)
2005262N20155,WP,2005,SAOLA,80.0,950.0,3,71,2005-09-19 00:00:00,2005-09-27 18:00:00,Moderate (64-95kt)
2005268N19146,WP,2005,LONGWANG,95.0,930.0,4,71,2005-09-25 00:00:00,2005-10-03 18:00:00,Moderate (64-95kt)
2005274N17086,NI,2005,UNNAMED,,,0,17,2005-10-01 06:00:00,2005-10-03 06:00:00,Unknown
2005279N17111,WP,2005,UNNAMED,,,-1,17,2005-10-06 06:00:00,2005-10-08 06:00:00,Unknown
2005282N22138,WP,2005,KIROGI,100.0,930.0,4,85,2005-10-09 00:00:00,2005-10-19 12:00:00,Intense (>=96kt)
2005287S09084,SI,2006,UNNAMED,,,0,29,2005-10-13 18:00:00,2005-10-17 06:00:00,Unknown
2005298N12088,NI,2005,UNNAMED,30.0,998.0,0,34,2005-10-25 00:00:00,2005-10-29 03:00:00,Weak (<64kt)
2005301N13117,WP,2005,KAI-TAK,80.0,950.0,2,47,2005-10-27 18:00:00,2005-11-02 12:00:00,Moderate (64-95kt)
2005308S07098,SI,2006,UNNAMED,,,0,33,2005-11-04 06:00:00,2005-11-08 06:00:00,Unknown
2005311N08140,WP,2005,TEMBIN,35.0,1002.0,0,49,2005-11-06 12:00:00,2005-11-12 12:00:00,Weak (<64kt)
2005316N05134,WP,2005,BOLAVEN,55.0,985.0,1,71,2005-11-12 00:00:00,2005-11-20 18:00:00,Weak (<64kt)
2005322S04095,SI,2006,ALVIN:BERTIE,100.0,928.0,4,121,2005-11-18 06:00:00,2005-12-03 06:00:00,Intense (>=96kt)
2005324N08085,NI,2005,UNNAMED,25.0,1002.0,-5,19,2005-11-20 03:00:00,2005-11-22 09:00:00,Weak (<64kt)
2005330N09096,NI,2005,BAAZ,45.0,998.0,0,63,2005-11-26 06:00:00,2005-12-04 00:00:00,Weak (<64kt)
2005338N09093,NI,2005,FANOOS,45.0,998.0,0,69,2005-12-04 06:00:00,2005-12-12 18:00:00,Weak (<64kt)
2005349N06090,NI,2005,UNNAMED,30.0,1000.0,0,75,2005-12-14 18:00:00,2005-12-24 00:00:00,Weak (<64kt)
2005350N08127,WP,2005,UNNAMED,,,0,47,2005-12-15 12:00:00,2005-12-21 06:00:00,Unknown
2005351S09084,SI,2006,UNNAMED,,,0,103,2005-12-17 00:00:00,2005-12-29 18:00:00,Unknown
2006006S11129,SI,2006,CLARE,75.0,960.0,0,37,2006-01-06 06:00:00,2006-01-10 18:00:00,Moderate (64-95kt)
2006012N03081,NI,2006,UNNAMED,30.0,1004.0,0,59,2006-01-12 00:00:00,2006-01-19 06:00:00,Weak (<64kt)
2006017S15126,SI,2006,DARYL,55.0,976.0,0,53,2006-01-17 00:00:00,2006-01-23 12:00:00,Weak (<64kt)
2006021S11053,SI,2006,BOLOETSE,85.0,950.0,3,137,2006-01-20 12:00:00,2006-02-06 12:00:00,Moderate (64-95kt)
2006049S16051,SI,2006,UNNAMED,50.0,992.0,0,47,2006-02-18 00:00:00,2006-02-23 18:00:00,Weak (<64kt)
2006054S09082,SI,2006,CARINA,110.0,915.0,4,135,2006-02-22 12:00:00,2006-03-11 06:00:00,Intense (>=96kt)
2006055S10138,SI,2006,UNNAMED,35.0,1001.0,-5,68,2006-02-25 15:00:00,2006-03-06 00:00:00,Weak (<64kt)
2006057S12114,SI,2006,EMMA,40.0,988.0,0,33,2006-02-25 18:00:00,2006-03-01 18:00:00,Weak (<64kt)
2006060N04141,WP,2006,UNNAMED,,,0,51,2006-03-01 06:00:00,2006-03-07 12:00:00,Unknown
2006060S13058,SI,2006,DIWA,60.0,980.0,0,79,2006-03-01 06:00:00,2006-03-11 00:00:00,Weak (<64kt)
2006078S12119,SI,2006,FLOYD,105.0,916.0,4,71,2006-03-18 12:00:00,2006-03-27 06:00:00,Intense (>=96kt)
2006081S14129,SI,2006,GLENDA,110.0,910.0,4,76,2006-03-22 00:00:00,2006-03-31 06:00:00,Intense (>=96kt)
2006093S15115,SI,2006,HUBERT,50.0,980.0,0,47,2006-04-02 18:00:00,2006-04-08 12:00:00,Weak (<64kt)
2006094S08087,SI,2006,ELIA,40.0,990.0,0,111,2006-04-03 12:00:00,2006-04-17 06:00:00,Weak (<64kt)
2006106S10153,SI,2006,MONICA,135.0,917.0,5,31,2006-04-24 03:00:00,2006-04-27 18:00:00,Intense (>=96kt)
2006114N08090,NI,2006,MALA,100.0,954.0,4,45,2006-04-24 06:00:00,2006-04-29 18:00:00,Intense (>=96kt)
2006128N09138,WP,2006,CHANCHU,95.0,930.0,4,95,2006-05-07 18:00:00,2006-05-19 12:00:00,Moderate (64-95kt)
2006174N08135,WP,2006,JELAWAT,40.0,996.0,0,53,2006-06-22 18:00:00,2006-06-29 06:00:00,Weak (<64kt)
2006180N06140,WP,2006,EWINIAR,100.0,930.0,4,109,2006-06-29 06:00:00,2006-07-12 18:00:00,Intense (>=96kt)
2006182N20088,NI,2006,UNNAMED,30.0,982.0,0,37,2006-06-30 18:00:00,2006-07-05 06:00:00,Weak (<64kt)
2006184N16110,WP,2006,UNNAMED,,,-5,13,2006-07-02 18:00:00,2006-07-04 06:00:00,Unknown
2006188N10143,WP,2006,BILIS,60.0,970.0,0,85,2006-07-07 00:00:00,2006-07-17 12:00:00,Weak (<64kt)
2006198N08152,WP,2006,KAEMI,80.0,960.0,1,97,2006-07-17 00:00:00,2006-07-29 00:00:00,Moderate (64-95kt)
2006209N13130,WP,2006,PRAPIROON,65.0,970.0,1,67,2006-07-28 00:00:00,2006-08-05 06:00:00,Moderate (64-95kt)
2006214N20088,NI,2006,UNNAMED,30.0,986.0,-5,27,2006-08-02 03:00:00,2006-08-05 09:00:00,Weak (<64kt)
2006216N07151,WP,2006,SAOMAI,105.0,925.0,5,67,2006-08-04 00:00:00,2006-08-12 06:00:00,Intense (>=96kt)
2006216N21152,WP,2006,MARIA,70.0,975.0,0,88,2006-08-03 18:00:00,2006-08-14 12:00:00,Moderate (64-95kt)
2006217N20134,WP,2006,BOPHA,55.0,980.0,0,49,2006-08-05 00:00:00,2006-08-11 00:00:00,Weak (<64kt)
2006224N21088,NI,2006,UNNAMED,25.0,992.0,-5,8,2006-08-12 03:00:00,2006-08-13 00:00:00,Weak (<64kt)
2006224N21141,WP,2006,WUKONG,50.0,980.0,0,74,2006-08-12 06:00:00,2006-08-21 06:00:00,Weak (<64kt)
2006225N17126,WP,2006,SONAMU,35.0,992.0,0,29,2006-08-13 00:00:00,2006-08-16 12:00:00,Weak (<64kt)
2006228N10218,WP,2006,IOKE,105.0,920.0,5,89,2006-08-27 09:00:00,2006-09-07 09:00:00,Intense (>=96kt)
2006228N21088,NI,2006,UNNAMED,25.0,988.0,-5,19,2006-08-16 03:00:00,2006-08-18 09:00:00,Weak (<64kt)
2006234N18109,WP,2006,UNNAMED,,,-1,27,2006-08-22 00:00:00,2006-08-25 06:00:00,Unknown
2006241N20088,NI,2006,UNNAMED,25.0,990.0,-5,26,2006-08-29 03:00:00,2006-09-01 06:00:00,Weak (<64kt)
2006247N21089,NI,2006,UNNAMED,25.0,992.0,-5,12,2006-09-03 12:00:00,2006-09-04 21:00:00,Weak (<64kt)
2006252N13139,WP,2006,SHANSHAN,110.0,919.0,4,88,2006-09-09 00:00:00,2006-09-19 18:00:00,Intense (>=96kt)
2006253N20120,WP,2006,UNNAMED,,,-1,29,2006-09-10 00:00:00,2006-09-13 12:00:00,Unknown
2006259N19155,WP,2006,YAGI,105.0,910.0,5,89,2006-09-16 00:00:00,2006-09-27 00:00:00,Intense (>=96kt)
2006262N19069,NI,2006,MUKDA,55.0,988.0,0,59,2006-09-19 06:00:00,2006-09-26 12:00:00,Weak (<64kt)
2006264N13115,WP,2006,UNNAMED,,,-1,35,2006-09-21 00:00:00,2006-09-25 06:00:00,Unknown
2006264N23087,NI,2006,UNNAMED,25.0,996.0,-5,24,2006-09-21 03:00:00,2006-09-24 00:00:00,Weak (<64kt)
2006268N12129,WP,2006,XANGSANE,85.0,940.0,4,61,2006-09-25 00:00:00,2006-10-02 12:00:00,Moderate (64-95kt)
2006271N18089,NI,2006,UNNAMED,25.0,1002.0,0,17,2006-09-28 00:00:00,2006-09-30 00:00:00,Weak (<64kt)
2006272N13144,WP,2006,BEBINCA,50.0,980.0,0,63,2006-09-28 12:00:00,2006-10-06 06:00:00,Weak (<64kt)
2006276N18151,WP,2006,RUMBIA,45.0,985.0,-1,31,2006-10-02 12:00:00,2006-10-06 06:00:00,Weak (<64kt)
2006282N13160,WP,2006,SOULIK,75.0,955.0,2,71,2006-10-08 12:00:00,2006-10-17 06:00:00,Moderate (64-95kt)
2006298N12143,WP,2006,CIMARON,100.0,920.0,5,109,2006-10-25 00:00:00,2006-11-07 12:00:00,Intense (>=96kt)
2006300N07078,NI,2006,UNNAMED,35.0,998.0,0,27,2006-10-27 06:00:00,2006-10-30 12:00:00,Weak (<64kt)
2006311N16143,WP,2006,CHEBI,100.0,925.0,4,63,2006-11-07 06:00:00,2006-11-15 00:00:00,Intense (>=96kt)
2006329N06150,NI,2006,DURIAN,,,-1,29,2006-12-06 06:00:00,2006-12-09 18:00:00,Unknown
2006329N06150,WP,2006,DURIAN,105.0,915.0,4,94,2006-11-24 12:00:00,2006-12-06 03:00:00,Intense (>=96kt)
2006330S06049,SI,2007,ANITA,35.0,996.0,0,65,2006-11-26 06:00:00,2006-12-04 06:00:00,Weak (<64kt)
2006340N08142,WP,2006,UTOR,85.0,945.0,3,75,2006-12-06 00:00:00,2006-12-15 06:00:00,Moderate (64-95kt)
2006349N08157,WP,2006,TRAMI,35.0,1000.0,-1,41,2006-12-15 06:00:00,2006-12-20 06:00:00,Weak (<64kt)
2006350S07071,SI,2007,BONDO,110.0,930.0,4,103,2006-12-15 12:00:00,2006-12-28 06:00:00,Intense (>=96kt)
2006364S12058,SI,2007,CLOVIS,62.0,978.0,1,51,2006-12-29 12:00:00,2007-01-04 18:00:00,Weak (<64kt)
2006365S12114,SI,2007,ISOBEL,30.0,992.0,0,27,2006-12-31 00:00:00,2007-01-03 06:00:00,Weak (<64kt)
2007027S07069,SI,2007,DORA,105.0,925.0,4,145,2007-01-26 12:00:00,2007-02-13 12:00:00,Intense (>=96kt)
2007037S19050,SI,2007,ENOK,62.0,978.0,0,63,2007-02-05 18:00:00,2007-02-13 12:00:00,Weak (<64kt)
2007043S11071,SI,2007,FAVIO,105.0,925.0,4,97,2007-02-11 12:00:00,2007-02-23 12:00:00,Intense (>=96kt)
2007050S16079,SI,2007,GAMEDE,90.0,935.0,3,123,2007-02-19 06:00:00,2007-03-06 12:00:00,Moderate (64-95kt)
2007052S10093,SI,2007,HUMBA,75.0,960.0,1,93,2007-02-20 12:00:00,2007-03-04 00:00:00,Moderate (64-95kt)
2007058S12135,SI,2007,GEORGE,110.0,902.0,3,118,2007-02-27 03:00:00,2007-03-12 06:00:00,Intense (>=96kt)
2007062S14119,SI,2007,JACOB,70.0,971.0,1,81,2007-03-02 18:00:00,2007-03-12 18:00:00,Moderate (64-95kt)
2007066S12066,SI,2007,INDLALA,95.0,935.0,4,101,2007-03-07 00:00:00,2007-03-19 12:00:00,Moderate (64-95kt)
2007082S16125,SI,2007,KARA,105.0,941.0,3,55,2007-03-23 06:00:00,2007-03-30 00:00:00,Intense (>=96kt)
2007085S11085,SI,2007,JAYA,100.0,935.0,3,109,2007-03-26 06:00:00,2007-04-08 18:00:00,Intense (>=96kt)
2007090N06158,WP,2007,KONG-REY,80.0,960.0,3,59,2007-03-30 12:00:00,2007-04-06 18:00:00,Moderate (64-95kt)
2007100S22037,SI,2007,UNNAMED,50.0,992.0,-5,29,2007-04-09 12:00:00,2007-04-13 00:00:00,Weak (<64kt)
2007133N15091,NI,2007,AKASH,45.0,988.0,1,18,2007-05-12 21:00:00,2007-05-15 00:00:00,Weak (<64kt)
2007135N08147,WP,2007,YUTU,95.0,935.0,4,79,2007-05-15 00:00:00,2007-05-24 18:00:00,Moderate (64-95kt)
2007151N14072,NI,2007,GONU,127.0,920.0,5,63,2007-05-31 06:00:00,2007-06-08 00:00:00,Intense (>=96kt)
2007172N15088,NI,2007,UNNAMED,35.0,986.0,0,55,2007-06-20 18:00:00,2007-06-27 12:00:00,Weak (<64kt)
2007178N18089,NI,2007,UNNAMED,,,0,27,2007-06-27 00:00:00,2007-06-30 06:00:00,Unknown
2007184N16112,WP,2007,TORAJI,35.0,994.0,0,25,2007-07-03 00:00:00,2007-07-06 00:00:00,Weak (<64kt)
2007188N04148,WP,2007,MAN-YI,95.0,930.0,4,135,2007-07-06 18:00:00,2007-07-23 03:00:00,Moderate (64-95kt)
2007208N20155,WP,2007,USAGI,90.0,945.0,4,75,2007-07-27 00:00:00,2007-08-04 18:00:00,Moderate (64-95kt)
2007208S03086,SI,2008,UNNAMED,40.0,992.0,0,45,2007-07-26 12:00:00,2007-08-01 00:00:00,Weak (<64kt)
2007213N12115,WP,2007,UNNAMED,,,-1,57,2007-07-31 18:00:00,2007-08-07 18:00:00,Unknown
2007216N18138,WP,2007,PABUK,65.0,975.0,1,89,2007-08-04 06:00:00,2007-08-15 06:00:00,Moderate (64-95kt)
2007219N15130,WP,2007,WUTIP,35.0,990.0,-1,23,2007-08-06 12:00:00,2007-08-09 06:00:00,Weak (<64kt)
2007223N19136,WP,2007,SEPAT,110.0,910.0,5,107,2007-08-11 00:00:00,2007-08-24 06:00:00,Intense (>=96kt)
2007240N17153,WP,2007,FITOW,70.0,965.0,1,92,2007-08-27 18:00:00,2007-09-08 00:00:00,Moderate (64-95kt)
2007249N24161,WP,2007,DANAS,55.0,990.0,1,56,2007-09-06 00:00:00,2007-09-12 21:00:00,Weak (<64kt)
2007254N18140,WP,2007,NARI,100.0,935.0,4,55,2007-09-11 06:00:00,2007-09-18 00:00:00,Intense (>=96kt)
2007257N16134,WP,2007,WIPHA,100.0,925.0,4,52,2007-09-14 06:00:00,2007-09-20 12:00:00,Intense (>=96kt)
2007262N09138,WP,2007,UNNAMED,,,-1,15,2007-09-19 06:00:00,2007-09-21 00:00:00,Unknown
2007265N20122,WP,2007,FRANCISCO,40.0,990.0,0,37,2007-09-21 12:00:00,2007-09-26 00:00:00,Weak (<64kt)
2007272N17125,WP,2007,LEKIMA,60.0,975.0,1,49,2007-09-28 18:00:00,2007-10-04 18:00:00,Weak (<64kt)
2007274N18131,WP,2007,KROSA,105.0,925.0,4,101,2007-10-01 06:00:00,2007-10-13 18:00:00,Intense (>=96kt)
2007274N28173,WP,2007,HAIYAN,40.0,994.0,0,55,2007-09-30 18:00:00,2007-10-07 12:00:00,Weak (<64kt)
2007276N20147,WP,2007,PODUL,55.0,985.0,-5,47,2007-10-03 00:00:00,2007-10-08 18:00:00,Weak (<64kt)
2007282N19181,WP,2007,LINGLING,45.0,994.0,0,50,2007-10-09 06:00:00,2007-10-15 09:00:00,Weak (<64kt)
2007291N19148,WP,2007,KAJIKI,90.0,945.0,4,41,2007-10-18 06:00:00,2007-10-23 06:00:00,Moderate (64-95kt)
2007298N18136,WP,2007,FAXAI,55.0,975.0,0,33,2007-10-24 18:00:00,2007-10-28 18:00:00,Weak (<64kt)
2007300N11068,NI,2007,UNNAMED,,,0,25,2007-10-27 06:00:00,2007-10-30 06:00:00,Unknown
2007306N18133,WP,2007,PEIPAH,70.0,970.0,1,71,2007-11-01 18:00:00,2007-11-10 12:00:00,Moderate (64-95kt)
2007313N16148,WP,2007,TAPAH,35.0,996.0,0,31,2007-11-09 06:00:00,2007-11-13 00:00:00,Weak (<64kt)
2007314N10093,NI,2007,SIDR,115.0,944.0,5,48,2007-11-10 06:00:00,2007-11-16 03:00:00,Intense (>=96kt)
2007315S05095,SI,2008,ARIEL:LEE,50.0,984.0,0,139,2007-11-11 00:00:00,2007-11-28 06:00:00,Weak (<64kt)
2007322S06075,SI,2008,BONGWE,57.0,976.0,1,85,2007-11-17 12:00:00,2007-11-28 00:00:00,Weak (<64kt)
2007323N09128,WP,2007,HAGIBIS,70.0,970.0,1,77,2007-11-18 12:00:00,2007-11-28 00:00:00,Moderate (64-95kt)
2007324N10140,WP,2007,MITAG,80.0,955.0,2,67,2007-11-19 18:00:00,2007-11-28 00:00:00,Moderate (64-95kt)
2007327N09152,WP,2007,UNNAMED,,,-1,41,2007-11-23 00:00:00,2007-11-28 00:00:00,Unknown
2007330N10141,WP,2007,UNNAMED,,,-1,27,2007-11-26 06:00:00,2007-11-29 12:00:00,Unknown
2007346S12073,SI,2008,CELINA,40.0,992.0,0,97,2007-12-11 18:00:00,2007-12-23 18:00:00,Weak (<64kt)
2007352S12088,SI,2008,DAMA,35.0,995.0,0,53,2007-12-17 12:00:00,2007-12-24 00:00:00,Weak (<64kt)
2007360S10116,SI,2008,MELANIE,60.0,962.0,0,59,2007-12-26 00:00:00,2008-01-02 06:00:00,Weak (<64kt)
2007363S20043,SI,2008,ELNUS,35.0,995.0,0,61,2007-12-29 06:00:00,2008-01-05 18:00:00,Weak (<64kt)
2007365S15134,SI,2008,HELEN,50.0,975.0,0,44,2007-12-30 18:00:00,2008-01-05 09:00:00,Weak (<64kt)
2008012N12123,WP,2008,UNNAMED,,,0,45,2008-01-12 06:00:00,2008-01-17 18:00:00,Unknown
2008023S10050,SI,2008,FAME,70.0,972.0,2,79,2008-01-22 18:00:00,2008-02-01 12:00:00,Moderate (64-95kt)
2008026S11064,SI,2008,GULA,85.0,950.0,2,71,2008-01-25 18:00:00,2008-02-03 12:00:00,Moderate (64-95kt)
2008033S11083,SI,2008,HONDO,115.0,915.0,4,217,2008-02-02 06:00:00,2008-02-29 06:00:00,Intense (>=96kt)
2008034S12103,SI,2008,UNNAMED,40.0,991.0,0,65,2008-02-03 00:00:00,2008-02-11 00:00:00,Weak (<64kt)
2008037S10055,SI,2008,IVAN,100.0,930.0,4,175,2008-02-05 12:00:00,2008-02-27 06:00:00,Intense (>=96kt)
2008042S16122,SI,2008,NICHOLAS,80.0,948.0,1,81,2008-02-10 18:00:00,2008-02-20 18:00:00,Moderate (64-95kt)
2008058S15131,SI,2008,OPHELIA,55.0,985.0,1,79,2008-02-26 12:00:00,2008-03-07 06:00:00,Weak (<64kt)
2008062S10064,SI,2008,JOKWE,105.0,940.0,3,113,2008-03-02 06:00:00,2008-03-16 06:00:00,Intense (>=96kt)
2008065S12096,SI,2008,KAMBA,100.0,930.0,4,73,2008-03-05 06:00:00,2008-03-14 06:00:00,Intense (>=96kt)
2008079S12069,SI,2008,LOLA,35.0,994.0,0,105,2008-03-18 12:00:00,2008-03-31 12:00:00,Weak (<64kt)
2008083S12102,SI,2008,PANCHO,95.0,934.0,3,57,2008-03-23 06:00:00,2008-03-30 06:00:00,Moderate (64-95kt)
2008104N08128,WP,2008,NEOGURI,80.0,960.0,3,55,2008-04-13 00:00:00,2008-04-19 18:00:00,Moderate (64-95kt)
2008111S06082,SI,2008,DURGA,50.0,984.0,0,51,2008-04-20 00:00:00,2008-04-26 06:00:00,Weak (<64kt)
2008111S08096,SI,2008,ROSIE,50.0,988.0,0,38,2008-04-20 00:00:00,2008-04-24 06:00:00,Weak (<64kt)
2008117N11090,NI,2008,NARGIS,90.0,962.0,4,69,2008-04-25 12:00:00,2008-05-04 00:00:00,Moderate (64-95kt)
2008128N07134,WP,2008,RAMMASUN,105.0,915.0,4,61,2008-05-06 18:00:00,2008-05-14 06:00:00,Intense (>=96kt)
2008135N12116,WP,2008,HALONG,60.0,975.0,1,81,2008-05-14 06:00:00,2008-05-24 06:00:00,Weak (<64kt)
2008135N16125,WP,2008,MATMO,50.0,992.0,0,27,2008-05-13 18:00:00,2008-05-17 00:00:00,Weak (<64kt)
2008147N10141,WP,2008,NAKRI,100.0,930.0,4,89,2008-05-26 00:00:00,2008-06-05 21:00:00,Intense (>=96kt)
2008157N16066,NI,2008,UNNAMED,25.0,994.0,-5,16,2008-06-05 00:00:00,2008-06-06 21:00:00,Weak (<64kt)
2008168N22090,NI,2008,UNNAMED,25.0,988.0,-5,17,2008-06-16 03:00:00,2008-06-18 03:00:00,Weak (<64kt)
2008169N08135,WP,2008,FENGSHEN,90.0,945.0,3,79,2008-06-17 06:00:00,2008-06-27 00:00:00,Moderate (64-95kt)
2008193N20126,WP,2008,KALMAEGI,65.0,970.0,2,105,2008-07-11 06:00:00,2008-07-24 06:00:00,Moderate (64-95kt)
2008206N22133,WP,2008,FUNG-WONG,75.0,960.0,2,67,2008-07-23 18:00:00,2008-07-31 18:00:00,Moderate (64-95kt)
2008217N19120,WP,2008,KAMMURI,50.0,975.0,0,39,2008-08-03 12:00:00,2008-08-08 06:00:00,Weak (<64kt)
2008218N10224,WP,2008,KIKA,,,-1,17,2008-08-14 06:00:00,2008-08-16 06:00:00,Unknown
2008223N20086,NI,2008,UNNAMED,25.0,988.0,-5,8,2008-08-09 12:00:00,2008-08-10 09:00:00,Weak (<64kt)
2008223N27151,WP,2008,PHANFONE,50.0,996.0,-5,19,2008-08-09 12:00:00,2008-08-11 18:00:00,Weak (<64kt)
2008224N24122,WP,2008,UNNAMED,,,0,39,2008-08-11 00:00:00,2008-08-15 18:00:00,Unknown
2008226N22134,WP,2008,VONGFONG,50.0,990.0,0,48,2008-08-12 18:00:00,2008-08-18 15:00:00,Weak (<64kt)
2008229N13147,WP,2008,NURI,75.0,955.0,3,59,2008-08-16 00:00:00,2008-08-23 06:00:00,Moderate (64-95kt)
2008238N13130,WP,2008,UNNAMED,,,0,35,2008-08-25 00:00:00,2008-08-29 06:00:00,Unknown
2008252N16128,WP,2008,SINLAKU,100.0,935.0,4,131,2008-09-07 12:00:00,2008-09-23 12:00:00,Intense (>=96kt)
2008253N29150,WP,2008,UNNAMED,,,0,27,2008-09-09 00:00:00,2008-09-12 06:00:00,Unknown
2008257N28148,WP,2008,UNNAMED,,,0,21,2008-09-12 18:00:00,2008-09-15 06:00:00,Unknown
2008259N20089,NI,2008,UNNAMED,30.0,986.0,0,34,2008-09-15 06:00:00,2008-09-19 09:00:00,Weak (<64kt)
2008262N16142,WP,2008,HAGUPIT,90.0,935.0,4,67,2008-09-17 12:00:00,2008-09-25 18:00:00,Moderate (64-95kt)
2008268N12140,WP,2008,JANGMI,115.0,905.0,5,93,2008-09-23 12:00:00,2008-10-05 00:00:00,Intense (>=96kt)
2008272N08139,WP,2008,HIGOS,35.0,996.0,0,69,2008-09-27 18:00:00,2008-10-06 06:00:00,Weak (<64kt)
2008272N15113,WP,2008,MEKKHALA,45.0,990.0,0,25,2008-09-27 18:00:00,2008-09-30 18:00:00,Weak (<64kt)
2008286N17109,WP,2008,UNNAMED,,,0,31,2008-10-12 00:00:00,2008-10-15 18:00:00,Unknown
2008290S05071,SI,2009,ASMA,45.0,988.0,0,73,2008-10-15 18:00:00,2008-10-24 18:00:00,Weak (<64kt)
2008292N20152,WP,2008,BAVI,45.0,948.0,0,37,2008-10-17 18:00:00,2008-10-22 06:00:00,Weak (<64kt)
2008293N09060,NI,2008,UNNAMED,30.0,1000.0,-1,36,2008-10-19 09:00:00,2008-10-23 18:00:00,Weak (<64kt)
2008298N16085,NI,2008,RASHMI,45.0,984.0,0,25,2008-10-24 06:00:00,2008-10-27 06:00:00,Weak (<64kt)
2008311N08128,WP,2008,MAYSAK,50.0,985.0,0,67,2008-11-05 12:00:00,2008-11-13 18:00:00,Weak (<64kt)
2008317N11089,NI,2008,KHAI-MUK,40.0,994.0,0,37,2008-11-11 18:00:00,2008-11-16 06:00:00,Weak (<64kt)
2008319S07086,SI,2009,BERNARD,35.0,995.0,0,61,2008-11-13 12:00:00,2008-11-21 00:00:00,Weak (<64kt)
2008320N08122,WP,2008,NOUL,40.0,994.0,0,25,2008-11-14 18:00:00,2008-11-17 18:00:00,Weak (<64kt)
2008320N23146,WP,2008,HAISHEN,40.0,1000.0,0,34,2008-11-14 18:00:00,2008-11-18 21:00:00,Weak (<64kt)
2008323S08089,SI,2009,ANIKA,50.0,990.0,0,37,2008-11-17 12:00:00,2008-11-22 00:00:00,Weak (<64kt)
2008329N09082,NI,2008,NISHA,45.0,996.0,0,31,2008-11-24 06:00:00,2008-11-28 00:00:00,Weak (<64kt)
2008338N06092,NI,2008,UNNAMED,30.0,1004.0,0,55,2008-12-03 00:00:00,2008-12-09 18:00:00,Weak (<64kt)
2008343N16168,WP,2008,DOLPHIN,65.0,970.0,2,85,2008-12-08 06:00:00,2008-12-18 18:00:00,Moderate (64-95kt)
2008348S10077,SI,2009,CINDA,50.0,985.0,0,89,2008-12-13 06:00:00,2008-12-24 06:00:00,Weak (<64kt)
2008351S11128,SI,2009,BILLY,95.0,950.0,3,153,2008-12-16 00:00:00,2009-01-04 00:00:00,Moderate (64-95kt)
2008356S14138,SI,2009,UNNAMED,30.0,998.0,-5,18,2008-12-22 21:00:00,2008-12-25 00:00:00,Weak (<64kt)
2009008S13069,SI,2009,DONGO,60.0,978.0,0,57,2009-01-07 12:00:00,2009-01-14 12:00:00,Weak (<64kt)
2009017S15059,SI,2009,ERIC,50.0,991.0,0,49,2009-01-16 12:00:00,2009-01-22 12:00:00,Weak (<64kt)
2009017S20043,SI,2009,FANELE,100.0,930.0,4,73,2009-01-17 06:00:00,2009-01-26 06:00:00,Intense (>=96kt)
2009024S17123,SI,2009,DOMINIC,55.0,976.0,0,35,2009-01-24 00:00:00,2009-01-28 06:00:00,Weak (<64kt)
2009032S15071,SI,2009,GAEL,100.0,930.0,4,95,2009-01-31 18:00:00,2009-02-12 12:00:00,Intense (>=96kt)
2009034S16126,SI,2009,FREDDY,45.0,992.0,0,99,2009-02-03 06:00:00,2009-02-15 12:00:00,Weak (<64kt)
2009051S11075,SI,2009,HINA,57.0,976.0,1,81,2009-02-20 00:00:00,2009-03-02 00:00:00,Weak (<64kt)
2009059S10101,SI,2009,GABRIELLE,35.0,996.0,0,49,2009-02-28 00:00:00,2009-03-06 00:00:00,Weak (<64kt)
2009066S12081,SI,2009,UNNAMED,,,0,57,2009-03-06 12:00:00,2009-03-13 12:00:00,Unknown
2009074S10129,SI,2009,ILSA,90.0,958.0,3,93,2009-03-15 00:00:00,2009-03-26 12:00:00,Moderate (64-95kt)
2009082S16039,SI,2009,IZILDA,60.0,978.0,1,59,2009-03-22 12:00:00,2009-03-29 18:00:00,Weak (<64kt)
2009093S12062,SI,2009,JADE,70.0,948.0,1,79,2009-04-02 18:00:00,2009-04-12 12:00:00,Moderate (64-95kt)
2009104N13088,NI,2009,BIJLI,40.0,996.0,0,33,2009-04-14 00:00:00,2009-04-18 00:00:00,Weak (<64kt)
2009107S07133,SI,2009,KIRRILY,35.0,999.0,0,100,2009-04-17 06:00:00,2009-05-01 06:00:00,Weak (<64kt)
2009121N13124,WP,2009,KUJIRA,85.0,940.0,4,101,2009-04-30 18:00:00,2009-05-13 06:00:00,Moderate (64-95kt)
2009123N10111,WP,2009,CHAN-HOM,65.0,975.0,2,83,2009-05-02 18:00:00,2009-05-13 00:00:00,Moderate (64-95kt)
2009143N17089,NI,2009,AILA,60.0,968.0,1,29,2009-05-22 18:00:00,2009-05-26 06:00:00,Weak (<64kt)
2009164N10131,WP,2009,LINFA,60.0,975.0,1,139,2009-06-13 06:00:00,2009-06-30 12:00:00,Weak (<64kt)
2009173N10132,WP,2009,NANGKA,40.0,994.0,0,43,2009-06-22 00:00:00,2009-06-27 06:00:00,Weak (<64kt)
2009174N18072,NI,2009,UNNAMED,25.0,998.0,-5,9,2009-06-23 00:00:00,2009-06-24 00:00:00,Weak (<64kt)
2009176N23069,NI,2009,UNNAMED,25.0,996.0,-5,4,2009-06-25 09:00:00,2009-06-25 18:00:00,Weak (<64kt)
2009189N17129,WP,2009,SOUDELOR,35.0,992.0,0,39,2009-07-08 00:00:00,2009-07-12 18:00:00,Weak (<64kt)
2009192N16130,WP,2009,UNNAMED,,,-1,25,2009-07-11 00:00:00,2009-07-14 00:00:00,Unknown
2009196N14129,WP,2009,MOLAVE,65.0,975.0,1,37,2009-07-15 00:00:00,2009-07-19 12:00:00,Moderate (64-95kt)
2009201N21089,NI,2009,UNNAMED,30.0,988.0,-5,10,2009-07-20 03:00:00,2009-07-21 06:00:00,Weak (<64kt)
2009213N16130,WP,2009,GONI,40.0,990.0,0,77,2009-07-31 12:00:00,2009-08-10 00:00:00,Weak (<64kt)
2009215N20133,WP,2009,MORAKOT,75.0,945.0,1,85,2009-08-02 18:00:00,2009-08-13 06:00:00,Moderate (64-95kt)
2009219N19140,WP,2009,ETAU,40.0,992.0,0,73,2009-08-06 18:00:00,2009-08-15 18:00:00,Weak (<64kt)
2009221N10201,WP,2009,MAKA,,,0,43,2009-08-13 12:00:00,2009-08-18 18:00:00,Unknown
2009228N11163,WP,2009,VAMCO,90.0,945.0,4,87,2009-08-15 18:00:00,2009-08-26 12:00:00,Moderate (64-95kt)
2009238N12189,WP,2009,UNNAMED,,,-1,26,2009-08-29 21:00:00,2009-09-02 00:00:00,Unknown
2009238N20151,WP,2009,KROVANH,60.0,975.0,1,57,2009-08-26 06:00:00,2009-09-02 06:00:00,Weak (<64kt)
2009246N18130,WP,2009,DUJUAN,50.0,980.0,0,68,2009-09-02 18:00:00,2009-09-11 03:00:00,Weak (<64kt)
2009247N19089,NI,2009,UNNAMED,30.0,988.0,0,30,2009-09-03 18:00:00,2009-09-07 09:00:00,Weak (<64kt)
2009251N16118,WP,2009,MUJIGAE,40.0,994.0,-1,35,2009-09-08 06:00:00,2009-09-12 12:00:00,Weak (<64kt)
2009254N14130,WP,2009,KOPPU,65.0,975.0,1,37,2009-09-11 06:00:00,2009-09-15 18:00:00,Moderate (64-95kt)
2009255N13155,WP,2009,CHOI-WAN,105.0,915.0,5,75,2009-09-11 12:00:00,2009-09-20 18:00:00,Intense (>=96kt)
2009268N14128,WP,2009,KETSANA,70.0,960.0,2,47,2009-09-25 00:00:00,2009-09-30 18:00:00,Moderate (64-95kt)
2009269N10163,WP,2009,UNNAMED,,,-1,35,2009-09-26 00:00:00,2009-09-30 06:00:00,Unknown
2009270N10148,WP,2009,PARMA,100.0,930.0,4,143,2009-09-27 00:00:00,2009-10-14 18:00:00,Intense (>=96kt)
2009272N07164,WP,2009,MELOR,110.0,910.0,5,103,2009-09-28 12:00:00,2009-10-11 00:00:00,Intense (>=96kt)
2009281N15144,WP,2009,NEPARTAK,45.0,992.0,0,62,2009-10-08 00:00:00,2009-10-15 15:00:00,Weak (<64kt)
2009287N10154,WP,2009,LUPIT,95.0,930.0,5,137,2009-10-13 18:00:00,2009-10-30 18:00:00,Moderate (64-95kt)
2009291N16111,WP,2009,UNNAMED,,,-5,21,2009-10-18 00:00:00,2009-10-20 12:00:00,Unknown
2009299N12153,WP,2009,MIRINAE,80.0,955.0,2,65,2009-10-25 18:00:00,2009-11-02 18:00:00,Moderate (64-95kt)
2009305N14134,WP,2009,UNNAMED,,,-1,21,2009-10-31 12:00:00,2009-11-03 00:00:00,Unknown
2009311N20157,WP,2009,UNNAMED,,,0,31,2009-11-06 12:00:00,2009-11-10 06:00:00,Unknown
2009313N11072,NI,2009,PHYAN,45.0,988.0,0,20,2009-11-09 03:00:00,2009-11-11 12:00:00,Weak (<64kt)
2009317S10073,SI,2010,ANJA,90.0,950.0,3,55,2009-11-13 06:00:00,2009-11-20 00:00:00,Moderate (64-95kt)
2009324N06129,WP,2009,UNNAMED,,,-1,39,2009-11-20 06:00:00,2009-11-25 00:00:00,Unknown
2009325N06148,WP,2009,NIDA,115.0,905.0,5,99,2009-11-21 06:00:00,2009-12-03 12:00:00,Intense (>=96kt)
2009325S12066,SI,2010,BONGANI,40.0,996.0,0,49,2009-11-20 12:00:00,2009-11-26 12:00:00,Weak (<64kt)
2009328N06108,WP,2009,UNNAMED,,,-5,13,2009-11-24 06:00:00,2009-11-25 18:00:00,Unknown
2009337N14143,WP,2009,UNNAMED,,,0,25,2009-12-02 12:00:00,2009-12-05 12:00:00,Unknown
2009337S07096,SI,2010,CLEO,105.0,930.0,4,115,2009-12-03 00:00:00,2009-12-17 06:00:00,Intense (>=96kt)
2009342S09140,SI,2010,LAURENCE,110.0,925.0,4,112,2009-12-09 21:00:00,2009-12-23 18:00:00,Intense (>=96kt)
2009344N06085,NI,2009,WARD,45.0,996.0,0,38,2009-12-10 09:00:00,2009-12-15 00:00:00,Weak (<64kt)
2009346S07086,SI,2010,DAVID,45.0,987.0,0,155,2009-12-12 00:00:00,2009-12-31 06:00:00,Weak (<64kt)
2010002S09096,SI,2010,EDZANI,120.0,910.0,5,109,2010-01-01 12:00:00,2010-01-15 00:00:00,Intense (>=96kt)
2010018N07113,WP,2010,UNNAMED,,,-1,19,2010-01-18 00:00:00,2010-01-20 06:00:00,Unknown
2010019S11123,SI,2010,MAGDA,70.0,975.0,1,47,2010-01-18 12:00:00,2010-01-24 06:00:00,Moderate (64-95kt)
2010027S17058,SI,2010,UNNAMED,,,0,37,2010-01-26 18:00:00,2010-01-31 06:00:00,Unknown
2010032S20042,SI,2010,FAMI,45.0,990.0,0,17,2010-02-01 06:00:00,2010-02-03 06:00:00,Weak (<64kt)
2010046S10058,SI,2010,GELANE,110.0,930.0,4,83,2010-02-15 00:00:00,2010-02-25 06:00:00,Intense (>=96kt)
2010066S19050,SI,2010,HUBERT,55.0,985.0,0,65,2010-03-07 06:00:00,2010-03-15 06:00:00,Weak (<64kt)
2010078N03153,WP,2010,OMAIS,35.0,998.0,0,61,2010-03-19 06:00:00,2010-03-26 18:00:00,Weak (<64kt)
2010080S06089,SI,2010,IMANI,70.0,965.0,1,73,2010-03-20 12:00:00,2010-03-29 12:00:00,Moderate (64-95kt)
2010084S09138,SI,2010,PAUL,30.0,995.0,0,5,2010-03-30 06:00:00,2010-03-30 18:00:00,Weak (<64kt)
2010091S09093,SI,2010,ROBYN,60.0,980.0,1,73,2010-04-01 00:00:00,2010-04-10 00:00:00,Weak (<64kt)
2010110S10118,SI,2010,SEAN,55.0,988.0,0,77,2010-04-20 00:00:00,2010-04-29 12:00:00,Weak (<64kt)
2010136N09057,NI,2010,BANDU,40.0,994.0,0,59,2010-05-15 12:00:00,2010-05-22 18:00:00,Weak (<64kt)
2010137N10090,NI,2010,LAILA,55.0,986.0,1,41,2010-05-16 18:00:00,2010-05-21 18:00:00,Weak (<64kt)
2010143S20035,SI,2010,JOEL,60.0,990.0,-5,57,2010-05-22 12:00:00,2010-05-29 12:00:00,Weak (<64kt)
2010151N14065,NI,2010,PHET,85.0,964.0,4,63,2010-05-30 12:00:00,2010-06-07 06:00:00,Moderate (64-95kt)
2010191N12138,WP,2010,CONSON,70.0,970.0,1,63,2010-07-10 06:00:00,2010-07-18 00:00:00,Moderate (64-95kt)
2010198N15123,WP,2010,CHANTHU,70.0,970.0,1,53,2010-07-17 00:00:00,2010-07-23 12:00:00,Moderate (64-95kt)
2010200N26127,WP,2010,UNNAMED,,,-5,15,2010-07-18 12:00:00,2010-07-20 06:00:00,Unknown
2010218N20127,WP,2010,DIANMU,50.0,985.0,0,58,2010-08-06 00:00:00,2010-08-13 00:00:00,Weak (<64kt)
2010233N17119,WP,2010,MINDULLE,45.0,985.0,1,35,2010-08-20 18:00:00,2010-08-25 00:00:00,Weak (<64kt)
2010239N15118,WP,2010,LIONROCK,50.0,985.0,0,69,2010-08-26 18:00:00,2010-09-04 06:00:00,Weak (<64kt)
2010240N15142,WP,2010,KOMPASU,80.0,960.0,3,78,2010-08-27 18:00:00,2010-09-06 06:00:00,Moderate (64-95kt)
2010241N25125,WP,2010,NAMTHEUN,35.0,996.0,0,23,2010-08-29 00:00:00,2010-08-31 18:00:00,Weak (<64kt)
2010243N12146,WP,2010,MALOU,50.0,992.0,0,83,2010-08-31 06:00:00,2010-09-10 06:00:00,Weak (<64kt)
2010249N24125,WP,2010,MERANTI,55.0,985.0,1,65,2010-09-06 06:00:00,2010-09-14 06:00:00,Weak (<64kt)
2010256N17137,WP,2010,FANAPI,95.0,930.0,3,69,2010-09-13 06:00:00,2010-09-21 18:00:00,Moderate (64-95kt)
2010263N15149,WP,2010,MALAKAS,85.0,945.0,2,67,2010-09-19 12:00:00,2010-09-27 18:00:00,Moderate (64-95kt)
2010278N18110,WP,2010,UNNAMED,,,-1,47,2010-10-04 12:00:00,2010-10-10 06:00:00,Unknown
2010280N17085,NI,2010,UNNAMED,25.0,996.0,-5,14,2010-10-07 03:00:00,2010-10-08 18:00:00,Weak (<64kt)
2010285N13145,WP,2010,MEGI,125.0,885.0,5,103,2010-10-11 12:00:00,2010-10-24 06:00:00,Intense (>=96kt)
2010286N18090,NI,2010,UNNAMED,30.0,995.0,-5,23,2010-10-13 06:00:00,2010-10-16 00:00:00,Weak (<64kt)
2010293N13165,WP,2010,UNNAMED,,,-1,61,2010-10-19 12:00:00,2010-10-27 00:00:00,Unknown
2010293N16147,WP,2010,CHABA,95.0,930.0,4,95,2010-10-20 06:00:00,2010-11-01 00:00:00,Moderate (64-95kt)
2010293N17093,NI,2010,GIRI,105.0,950.0,4,37,2010-10-19 12:00:00,2010-10-24 00:00:00,Intense (>=96kt)
2010298S09087,SI,2011,UNNAMED,,,0,51,2010-10-25 00:00:00,2010-10-31 06:00:00,Unknown
2010302S08098,SI,2011,ANGGREK,40.0,995.0,0,67,2010-10-29 06:00:00,2010-11-06 12:00:00,Weak (<64kt)
2010305N06105,NI,2010,JAL,60.0,988.0,0,51,2010-11-01 21:00:00,2010-11-08 03:00:00,Weak (<64kt)
2010305N06105,WP,2010,JAL,,,-3,9,2010-10-31 18:00:00,2010-11-01 18:00:00,Unknown
2010315N14112,WP,2010,UNNAMED,,,-1,35,2010-11-10 12:00:00,2010-11-14 18:00:00,Unknown
2010331S07089,SI,2011,ABELE,70.0,974.0,1,69,2010-11-26 18:00:00,2010-12-05 06:00:00,Moderate (64-95kt)
2010341N14082,NI,2010,UNNAMED,25.0,1000.0,-5,8,2010-12-07 03:00:00,2010-12-08 00:00:00,Weak (<64kt)
2010346N09115,WP,2010,UNNAMED,,,-1,23,2010-12-11 12:00:00,2010-12-14 06:00:00,Unknown
2010349S18109,SI,2011,UNNAMED,30.0,991.0,-5,41,2010-12-15 06:00:00,2010-12-20 06:00:00,Weak (<64kt)
2010350N30175,WP,2010,OMEKA,,,-2,18,2010-12-16 00:00:00,2010-12-20 00:00:00,Unknown
2010363S15133,SI,2011,UNNAMED,30.0,993.0,-5,57,2010-12-29 00:00:00,2011-01-05 00:00:00,Weak (<64kt)
2011009S15113,SI,2011,VINCE,40.0,986.0,0,59,2011-01-09 06:00:00,2011-01-16 12:00:00,Weak (<64kt)
2011021S16129,SI,2011,BIANCA,95.0,949.0,2,75,2011-01-21 00:00:00,2011-01-30 06:00:00,Moderate (64-95kt)
2011028S13180,SI,2011,YASI,,,-1,12,2011-02-05 09:00:00,2011-02-06 18:00:00,Unknown
2011033N06083,NI,2011,UNNAMED,25.0,1002.0,-5,4,2011-02-02 09:00:00,2011-02-02 18:00:00,Weak (<64kt)
2011038S11062,SI,2011,BINGIZA,85.0,957.0,3,121,2011-02-06 18:00:00,2011-02-21 18:00:00,Moderate (64-95kt)
2011041S17113,SI,2011,UNNAMED,,,0,33,2011-02-09 12:00:00,2011-02-13 12:00:00,Unknown
2011045S14132,SI,2011,CARLOS,65.0,969.0,1,106,2011-02-14 00:00:00,2011-02-27 00:00:00,Moderate (64-95kt)
2011045S17119,SI,2011,DIANNE,75.0,960.0,1,73,2011-02-14 06:00:00,2011-02-23 06:00:00,Moderate (64-95kt)
2011073S11089,SI,2011,CHERONO,40.0,993.0,0,93,2011-03-13 18:00:00,2011-03-25 06:00:00,Weak (<64kt)
2011088S10133,SI,2011,UNNAMED,40.0,994.0,0,57,2011-03-29 00:00:00,2011-04-05 00:00:00,Weak (<64kt)
2011091N09112,WP,2011,UNNAMED,,,-1,23,2011-04-01 00:00:00,2011-04-03 18:00:00,Unknown
2011093N10131,WP,2011,UNNAMED,,,-1,29,2011-04-02 12:00:00,2011-04-06 00:00:00,Unknown
2011102S26048,SI,2011,UNNAMED,50.0,985.0,-5,43,2011-04-11 12:00:00,2011-04-16 18:00:00,Weak (<64kt)
2011103S12126,SI,2011,ERROL,65.0,985.0,0,45,2011-04-12 18:00:00,2011-04-18 06:00:00,Moderate (64-95kt)
2011126N11129,WP,2011,AERE,40.0,978.0,0,76,2011-05-05 18:00:00,2011-05-15 03:00:00,Weak (<64kt)
2011140N08142,WP,2011,SONGDA,105.0,920.0,5,107,2011-05-19 18:00:00,2011-06-02 00:00:00,Intense (>=96kt)
2011151N19116,WP,2011,UNNAMED,,,-5,15,2011-05-31 00:00:00,2011-06-01 18:00:00,Unknown
2011159N13122,WP,2011,SARIKA,40.0,996.0,-1,27,2011-06-08 00:00:00,2011-06-11 06:00:00,Weak (<64kt)
2011160N18070,NI,2011,UNNAMED,25.0,996.0,0,27,2011-06-09 06:00:00,2011-06-12 12:00:00,Weak (<64kt)
2011167N08129,WP,2011,HAIMA,40.0,985.0,0,77,2011-06-16 06:00:00,2011-06-25 18:00:00,Weak (<64kt)
2011167N22089,NI,2011,UNNAMED,35.0,978.0,-5,54,2011-06-16 03:00:00,2011-06-22 18:00:00,Weak (<64kt)
2011172N11133,WP,2011,MEARI,60.0,975.0,0,53,2011-06-20 18:00:00,2011-06-27 06:00:00,Weak (<64kt)
2011192N18158,WP,2011,MA-ON,95.0,935.0,4,164,2011-07-10 18:00:00,2011-07-31 00:00:00,Moderate (64-95kt)
2011195N15134,WP,2011,TOKAGE,35.0,1000.0,-1,21,2011-07-13 12:00:00,2011-07-16 00:00:00,Weak (<64kt)
2011203N24085,NI,2011,UNNAMED,20.0,990.0,-5,8,2011-07-22 03:00:00,2011-07-23 00:00:00,Weak (<64kt)
2011205N12130,WP,2011,NOCK-TEN,50.0,985.0,1,57,2011-07-24 00:00:00,2011-07-31 00:00:00,Weak (<64kt)
2011208N09145,WP,2011,MUIFA,95.0,930.0,5,162,2011-07-26 12:00:00,2011-08-15 12:00:00,Moderate (64-95kt)
2011215N24164,WP,2011,MERBOK,50.0,980.0,1,77,2011-08-02 12:00:00,2011-08-12 00:00:00,Weak (<64kt)
2011221N17139,WP,2011,UNNAMED,,,-1,53,2011-08-08 12:00:00,2011-08-15 00:00:00,Unknown
2011233N12129,WP,2011,NANMADOL,100.0,925.0,5,83,2011-08-21 06:00:00,2011-08-31 12:00:00,Intense (>=96kt)
2011236N15143,WP,2011,TALAS,50.0,970.0,0,118,2011-08-23 18:00:00,2011-09-07 06:00:00,Weak (<64kt)
2011245N21150,WP,2011,NORU,40.0,982.0,0,61,2011-09-01 18:00:00,2011-09-09 06:00:00,Weak (<64kt)
2011249N18133,WP,2011,KULAP,35.0,1000.0,0,43,2011-09-05 18:00:00,2011-09-11 00:00:00,Weak (<64kt)
2011253N20145,WP,2011,ROKE,85.0,940.0,4,120,2011-09-09 12:00:00,2011-09-24 06:00:00,Moderate (64-95kt)
2011257N19154,WP,2011,SONCA,70.0,970.0,2,62,2011-09-13 12:00:00,2011-09-21 03:00:00,Moderate (64-95kt)
2011265N21088,NI,2011,UNNAMED,4.0,995.0,-5,10,2011-09-22 03:00:00,2011-09-23 06:00:00,Weak (<64kt)
2011266N13139,WP,2011,NESAT,80.0,950.0,4,63,2011-09-23 00:00:00,2011-09-30 18:00:00,Moderate (64-95kt)
2011267N16111,WP,2011,HAITANG,35.0,996.0,0,29,2011-09-23 18:00:00,2011-09-27 06:00:00,Weak (<64kt)
2011270N18139,WP,2011,NALGAE,95.0,935.0,4,73,2011-09-26 12:00:00,2011-10-05 12:00:00,Moderate (64-95kt)
2011282N08136,WP,2011,BANYAN,35.0,1002.0,-1,51,2011-10-09 00:00:00,2011-10-15 06:00:00,Weak (<64kt)
2011290N15090,NI,2011,UNNAMED,5.0,1000.0,0,25,2011-10-17 00:00:00,2011-10-20 00:00:00,Weak (<64kt)
2011302N13062,NI,2011,KEILA,35.0,996.0,0,57,2011-10-29 06:00:00,2011-11-05 06:00:00,Weak (<64kt)
2011310N11066,NI,2011,UNNAMED,30.0,1000.0,0,43,2011-11-06 06:00:00,2011-11-11 12:00:00,Weak (<64kt)
2011311N13111,WP,2011,UNNAMED,,,-1,27,2011-11-06 18:00:00,2011-11-10 00:00:00,Unknown
2011330N06078,NI,2011,UNNAMED,30.0,998.0,0,47,2011-11-25 12:00:00,2011-12-01 06:00:00,Weak (<64kt)
2011336S06098,SI,2012,ALENGA,75.0,972.0,2,65,2011-12-02 00:00:00,2011-12-10 00:00:00,Moderate (64-95kt)
2011337S13069,SI,2012,UNNAMED,,,0,75,2011-12-02 12:00:00,2011-12-11 18:00:00,Unknown
2011338N06114,WP,2011,UNNAMED,,,-1,13,2011-12-03 12:00:00,2011-12-05 00:00:00,Unknown
2011344N12117,WP,2011,UNNAMED,,,-1,33,2011-12-09 18:00:00,2011-12-13 18:00:00,Unknown
2011346N03156,WP,2011,WASHI,50.0,992.0,0,63,2011-12-11 18:00:00,2011-12-19 12:00:00,Weak (<64kt)
2011358S11132,SI,2012,GRANT,60.0,976.0,0,35,2011-12-23 12:00:00,2011-12-27 18:00:00,Weak (<64kt)
2011360N09088,NI,2011,THANE,75.0,969.0,2,41,2011-12-25 12:00:00,2011-12-30 12:00:00,Moderate (64-95kt)
2011361S09095,SI,2012,BENILDE,80.0,968.0,2,105,2011-12-27 00:00:00,2012-01-09 00:00:00,Moderate (64-95kt)
2012006S15043,SI,2012,CHANDA,40.0,992.0,0,41,2012-01-05 12:00:00,2012-01-10 12:00:00,Weak (<64kt)
2012009S12118,SI,2012,HEIDI,80.0,960.0,1,41,2012-01-09 00:00:00,2012-01-13 08:00:00,Moderate (64-95kt)
2012010S24049,SI,2012,DANDO,45.0,992.0,-5,67,2012-01-10 06:00:00,2012-01-18 12:00:00,Weak (<64kt)
2012017S10074,SI,2012,ETHEL,57.0,972.0,1,55,2012-01-17 06:00:00,2012-01-24 00:00:00,Weak (<64kt)
2012018S16041,SI,2012,FUNSO,110.0,925.0,4,123,2012-01-17 12:00:00,2012-02-01 18:00:00,Intense (>=96kt)
2012024S15116,SI,2012,IGGY,60.0,974.0,1,85,2012-01-23 12:00:00,2012-02-03 00:00:00,Weak (<64kt)
2012039S14075,SI,2012,GIOVANNA,105.0,935.0,4,119,2012-02-07 18:00:00,2012-02-22 12:00:00,Intense (>=96kt)
2012042S12110,SI,2012,HILWA,48.0,992.0,0,103,2012-02-11 06:00:00,2012-02-24 00:00:00,Weak (<64kt)
2012046N08130,WP,2012,UNNAMED,,,-1,53,2012-02-14 18:00:00,2012-02-21 06:00:00,Unknown
2012056S13057,SI,2012,IRINA,52.0,978.0,0,129,2012-02-25 06:00:00,2012-03-12 06:00:00,Weak (<64kt)
2012060S12069,SI,2012,UNNAMED,,,0,25,2012-02-28 12:00:00,2012-03-02 12:00:00,Unknown
2012066S10101,SI,2012,JONI:KOJI,55.0,980.0,1,79,2012-03-05 12:00:00,2012-03-15 06:00:00,Weak (<64kt)
2012070S17112,SI,2012,LUA,85.0,935.0,2,68,2012-03-10 00:00:00,2012-03-18 06:00:00,Moderate (64-95kt)
2012071S10132,SI,2012,UNNAMED,30.0,996.0,-5,38,2012-03-11 00:00:00,2012-03-15 15:00:00,Weak (<64kt)
2012086N10116,WP,2012,PAKHAR,40.0,998.0,0,59,2012-03-26 00:00:00,2012-04-02 06:00:00,Weak (<64kt)
2012127S05127,SI,2012,UNNAMED,,,-1,27,2012-05-06 00:00:00,2012-05-09 06:00:00,Unknown
2012141N11148,WP,2012,SANVU,60.0,975.0,1,83,2012-05-20 06:00:00,2012-05-30 12:00:00,Weak (<64kt)
2012152N12130,WP,2012,MAWAR,75.0,960.0,3,105,2012-05-31 00:00:00,2012-06-13 00:00:00,Moderate (64-95kt)
2012156S07066,SI,2012,KUENA,45.0,994.0,0,41,2012-06-03 12:00:00,2012-06-08 12:00:00,Weak (<64kt)
2012162N06150,WP,2012,GUCHOL,100.0,930.0,4,101,2012-06-10 00:00:00,2012-06-22 06:00:00,Intense (>=96kt)
2012168N19112,WP,2012,TALIM,50.0,985.0,0,39,2012-06-16 06:00:00,2012-06-21 00:00:00,Weak (<64kt)
2012177N11135,WP,2012,DOKSURI,40.0,992.0,0,43,2012-06-25 00:00:00,2012-06-30 06:00:00,Weak (<64kt)
2012196N19144,WP,2012,KHANUN,50.0,985.0,0,51,2012-07-13 18:00:00,2012-07-20 00:00:00,Weak (<64kt)
2012201N15129,WP,2012,VICENTE,80.0,950.0,4,55,2012-07-18 12:00:00,2012-07-25 06:00:00,Moderate (64-95kt)
2012209N11131,WP,2012,SAOLA,70.0,960.0,2,77,2012-07-26 18:00:00,2012-08-05 00:00:00,Moderate (64-95kt)
2012209N25149,WP,2012,DAMREY,70.0,965.0,1,63,2012-07-27 06:00:00,2012-08-04 00:00:00,Moderate (64-95kt)
2012215N23146,WP,2012,HAIKUI,65.0,965.0,1,79,2012-08-01 12:00:00,2012-08-11 06:00:00,Moderate (64-95kt)
2012216N24162,WP,2012,KIROGI,50.0,990.0,0,73,2012-08-03 06:00:00,2012-08-12 06:00:00,Weak (<64kt)
2012225N16133,WP,2012,KAI-TAK,65.0,970.0,1,57,2012-08-11 12:00:00,2012-08-18 12:00:00,Moderate (64-95kt)
2012230N21126,WP,2012,TEMBIN,80.0,950.0,4,119,2012-08-17 06:00:00,2012-09-01 00:00:00,Moderate (64-95kt)
2012232N13141,WP,2012,BOLAVEN,100.0,910.0,4,113,2012-08-18 12:00:00,2012-09-01 12:00:00,Intense (>=96kt)
2012254N09135,WP,2012,SANBA,110.0,900.0,5,72,2012-09-10 00:00:00,2012-09-18 18:00:00,Intense (>=96kt)
2012263N15141,WP,2012,JELAWAT,110.0,905.0,5,113,2012-09-19 00:00:00,2012-10-02 18:00:00,Intense (>=96kt)
2012267N16141,WP,2012,EWINIAR,50.0,985.0,0,61,2012-09-23 06:00:00,2012-09-30 18:00:00,Weak (<64kt)
2012273N13112,WP,2012,GAEMI,50.0,990.0,0,69,2012-09-29 00:00:00,2012-10-07 12:00:00,Weak (<64kt)
2012274N13151,WP,2012,MALIKSI,50.0,960.0,0,58,2012-09-29 12:00:00,2012-10-06 15:00:00,Weak (<64kt)
2012279N15145,WP,2012,PRAPIROON,90.0,940.0,3,150,2012-10-05 00:00:00,2012-10-23 15:00:00,Moderate (64-95kt)
2012285N21091,NI,2012,UNNAMED,30.0,1002.0,-5,6,2012-10-10 12:00:00,2012-10-11 03:00:00,Weak (<64kt)
2012285S04077,SI,2013,ANAIS,100.0,945.0,4,73,2012-10-10 12:00:00,2012-10-19 12:00:00,Intense (>=96kt)
2012287N16147,WP,2012,MARIA,50.0,990.0,0,59,2012-10-12 18:00:00,2012-10-20 00:00:00,Weak (<64kt)
2012296N06135,WP,2012,SON-TINH,85.0,945.0,3,65,2012-10-21 12:00:00,2012-10-29 12:00:00,Moderate (64-95kt)
2012297N11067,NI,2012,MURJAN,40.0,998.0,0,28,2012-10-22 15:00:00,2012-10-26 00:00:00,Weak (<64kt)
2012301N11087,NI,2012,NILAM,45.0,987.0,0,45,2012-10-27 06:00:00,2012-11-01 18:00:00,Weak (<64kt)
2012317N07118,WP,2012,UNNAMED,,,-1,31,2012-11-12 00:00:00,2012-11-15 18:00:00,Unknown
2012321N14090,NI,2012,UNNAMED,30.0,1002.0,0,59,2012-11-16 00:00:00,2012-11-23 06:00:00,Weak (<64kt)
2012325S09084,SI,2013,BOLDWIN,57.0,985.0,0,45,2012-11-20 06:00:00,2012-11-25 18:00:00,Weak (<64kt)
2012331N03157,WP,2012,BOPHA,100.0,930.0,5,111,2012-11-25 12:00:00,2012-12-09 06:00:00,Intense (>=96kt)
2012337S06089,SI,2013,CLAUDIA,95.0,940.0,4,95,2012-12-02 00:00:00,2012-12-13 18:00:00,Moderate (64-95kt)
2012357N09064,NI,2012,UNNAMED,30.0,1002.0,0,23,2012-12-22 06:00:00,2012-12-25 00:00:00,Weak (<64kt)
2012359N08134,WP,2012,WUKONG,40.0,1000.0,0,47,2012-12-23 18:00:00,2012-12-29 12:00:00,Weak (<64kt)
2012362S08071,SI,2013,DUMILE,70.0,970.0,1,83,2012-12-27 06:00:00,2013-01-06 12:00:00,Moderate (64-95kt)
2012362S13116,SI,2013,MITCHELL,45.0,988.0,0,43,2012-12-26 12:00:00,2012-12-31 18:00:00,Weak (<64kt)
2013001N04141,WP,2013,SONAMU,50.0,990.0,0,73,2013-01-01 00:00:00,2013-01-10 00:00:00,Weak (<64kt)
2013005S10126,SI,2013,NARELLE,105.0,930.0,4,83,2013-01-05 00:00:00,2013-01-15 06:00:00,Intense (>=96kt)
2013009S11084,SI,2013,EMANG,35.0,994.0,0,89,2013-01-08 18:00:00,2013-01-19 18:00:00,Weak (<64kt)
2013020S17124,SI,2013,PETA,45.0,988.0,0,55,2013-01-20 03:00:00,2013-01-26 12:00:00,Weak (<64kt)
2013026S13067,SI,2013,FELLENG,90.0,935.0,4,89,2013-01-25 12:00:00,2013-02-05 12:00:00,Moderate (64-95kt)
2013041S10087,SI,2013,GINO,75.0,953.0,2,65,2013-02-09 12:00:00,2013-02-17 12:00:00,Moderate (64-95kt)
2013046S20042,SI,2013,HARUNA,80.0,960.0,3,115,2013-02-14 12:00:00,2013-02-28 18:00:00,Moderate (64-95kt)
2013049N05131,WP,2013,SHANSHAN,35.0,1002.0,-1,41,2013-02-18 06:00:00,2013-02-23 06:00:00,Weak (<64kt)
2013051S12102,SI,2013,UNNAMED,45.0,990.0,0,67,2013-02-20 00:00:00,2013-02-28 06:00:00,Weak (<64kt)
2013052S13126,SI,2013,RUSTY,90.0,944.0,3,64,2013-02-21 06:00:00,2013-03-01 00:00:00,Moderate (64-95kt)
2013093S08074,SI,2013,IMELDA,80.0,960.0,2,141,2013-04-02 18:00:00,2013-04-20 00:00:00,Moderate (64-95kt)
2013097S06099,SI,2013,VICTORIA,75.0,971.0,1,45,2013-04-06 12:00:00,2013-04-12 00:00:00,Moderate (64-95kt)
2013128S05086,SI,2013,JAMALA,40.0,992.0,0,71,2013-05-07 12:00:00,2013-05-16 06:00:00,Weak (<64kt)
2013130N04093,NI,2013,MAHASEN:VIYARU,45.0,990.0,0,57,2013-05-09 18:00:00,2013-05-16 18:00:00,Weak (<64kt)
2013149N21090,NI,2013,UNNAMED,25.0,990.0,-5,19,2013-05-29 03:00:00,2013-05-31 09:00:00,Weak (<64kt)
2013158N13129,WP,2013,YAGI,45.0,990.0,0,77,2013-06-06 18:00:00,2013-06-16 06:00:00,Weak (<64kt)
2013167N12128,WP,2013,LEEPI,40.0,994.0,0,61,2013-06-16 06:00:00,2013-06-23 18:00:00,Weak (<64kt)
2013171N15117,WP,2013,BEBINCA,40.0,990.0,0,37,2013-06-19 18:00:00,2013-06-24 06:00:00,Weak (<64kt)
2013178N09133,WP,2013,RUMBIA,50.0,985.0,1,47,2013-06-27 00:00:00,2013-07-02 18:00:00,Weak (<64kt)
2013187N20156,WP,2013,SOULIK,100.0,925.0,4,70,2013-07-06 00:00:00,2013-07-14 12:00:00,Intense (>=96kt)
2013196N14128,WP,2013,CIMARON,40.0,1000.0,0,35,2013-07-14 18:00:00,2013-07-19 00:00:00,Weak (<64kt)
2013210N13122,WP,2013,JEBI,50.0,985.0,0,47,2013-07-28 18:00:00,2013-08-03 12:00:00,Weak (<64kt)
2013211N21088,NI,2013,UNNAMED,25.0,990.0,-5,16,2013-07-30 03:00:00,2013-08-01 00:00:00,Weak (<64kt)
2013217N11118,WP,2013,MANGKHUT,40.0,992.0,0,27,2013-08-05 00:00:00,2013-08-08 06:00:00,Weak (<64kt)
2013220N12137,WP,2013,UTOR,105.0,925.0,4,81,2013-08-08 06:00:00,2013-08-18 06:00:00,Intense (>=96kt)
2013221N11244,WP,2013,UNNAMED,,,-3,3,2013-08-20 18:00:00,2013-08-21 00:00:00,Unknown
2013224N12220,WP,2013,UNALA,,1004.0,-5,2,2013-08-19 09:00:00,2013-08-19 12:00:00,Unknown
2013227N08193,WP,2013,PEWA,55.0,990.0,1,68,2013-08-18 09:00:00,2013-08-26 18:00:00,Weak (<64kt)
2013228N23124,WP,2013,TRAMI,60.0,965.0,1,67,2013-08-16 00:00:00,2013-08-24 06:00:00,Weak (<64kt)
2013229N26132,WP,2013,UNNAMED,,,-1,21,2013-08-16 12:00:00,2013-08-19 00:00:00,Unknown
2013232N22088,NI,2013,UNNAMED,25.0,990.0,-5,25,2013-08-20 00:00:00,2013-08-23 00:00:00,Weak (<64kt)
2013237N11129,WP,2013,KONG-REY,55.0,980.0,0,51,2013-08-25 00:00:00,2013-08-31 06:00:00,Weak (<64kt)
2013241N29169,WP,2013,YUTU,35.0,1002.0,-5,59,2013-08-29 00:00:00,2013-09-05 06:00:00,Weak (<64kt)
2013243N26122,WP,2013,TORAJI,50.0,985.0,0,43,2013-08-31 00:00:00,2013-09-05 06:00:00,Weak (<64kt)
2013255N20148,WP,2013,MAN-YI,65.0,960.0,0,72,2013-09-11 18:00:00,2013-09-20 12:00:00,Moderate (64-95kt)
2013259N17132,WP,2013,USAGI,110.0,910.0,4,65,2013-09-16 00:00:00,2013-09-24 00:00:00,Intense (>=96kt)
2013260N15112,WP,2013,UNNAMED,,,-1,17,2013-09-17 00:00:00,2013-09-19 00:00:00,Unknown
2013262N14149,WP,2013,PABUK,60.0,965.0,2,78,2013-09-19 06:00:00,2013-09-28 21:00:00,Weak (<64kt)
2013269N15118,WP,2013,WUTIP,65.0,965.0,3,43,2013-09-25 18:00:00,2013-10-01 00:00:00,Moderate (64-95kt)
2013272N10135,WP,2013,FITOW,75.0,960.0,2,65,2013-09-29 06:00:00,2013-10-07 06:00:00,Moderate (64-95kt)
2013272N26152,WP,2013,SEPAT,40.0,990.0,0,37,2013-09-29 06:00:00,2013-10-03 18:00:00,Weak (<64kt)
2013274N18152,WP,2013,DANAS,90.0,935.0,4,67,2013-10-01 00:00:00,2013-10-09 06:00:00,Moderate (64-95kt)
2013281N12098,NI,2013,PHAILIN,115.0,940.0,5,55,2013-10-07 12:00:00,2013-10-14 06:00:00,Intense (>=96kt)
2013282N14132,WP,2013,NARI,75.0,965.0,3,65,2013-10-08 12:00:00,2013-10-16 12:00:00,Moderate (64-95kt)
2013282N14149,WP,2013,WIPHA,90.0,930.0,4,75,2013-10-09 00:00:00,2013-10-18 06:00:00,Moderate (64-95kt)
2013289N14149,WP,2013,FRANCISCO,105.0,920.0,5,89,2013-10-15 12:00:00,2013-10-26 12:00:00,Intense (>=96kt)
2013290N14153,WP,2013,UNNAMED,,,-1,43,2013-10-17 00:00:00,2013-10-22 06:00:00,Unknown
2013292N09162,WP,2013,LEKIMA,115.0,905.0,5,77,2013-10-19 00:00:00,2013-10-28 12:00:00,Intense (>=96kt)
2013296S07079,SI,2014,UNNAMED,35.0,997.0,0,55,2013-10-23 00:00:00,2013-10-29 18:00:00,Weak (<64kt)
2013301N13142,WP,2013,KROSA,75.0,970.0,3,65,2013-10-27 18:00:00,2013-11-04 18:00:00,Moderate (64-95kt)
2013305N07141,NI,2013,UNNAMED,25.0,1003.0,0,104,2013-11-08 03:00:00,2013-11-21 00:00:00,Weak (<64kt)
2013305N07141,WP,2013,UNNAMED,,,0,55,2013-11-01 06:00:00,2013-11-08 00:00:00,Unknown
2013306N07162,WP,2013,HAIYAN,125.0,895.0,5,75,2013-11-02 06:00:00,2013-11-11 12:00:00,Intense (>=96kt)
2013310N06066,NI,2013,UNNAMED,30.0,1002.0,0,49,2013-11-06 00:00:00,2013-11-12 00:00:00,Weak (<64kt)
2013316N06130,WP,2013,PODUL,35.0,1000.0,-1,31,2013-11-11 12:00:00,2013-11-15 06:00:00,Weak (<64kt)
2013322N13090,NI,2013,HELEN,55.0,990.0,1,43,2013-11-18 00:00:00,2013-11-23 06:00:00,Weak (<64kt)
2013324N07103,NI,2013,LEHAR,75.0,980.0,1,59,2013-11-21 18:00:00,2013-11-29 00:00:00,Moderate (64-95kt)
2013324N07103,WP,2013,LEHAR,,,-3,16,2013-11-19 18:00:00,2013-11-21 15:00:00,Unknown
2013324S11113,SI,2014,ALESSIA,40.0,994.0,0,45,2013-11-20 00:00:00,2013-11-25 12:00:00,Weak (<64kt)
2013337N15139,WP,2013,UNNAMED,,,-1,15,2013-12-02 18:00:00,2013-12-04 12:00:00,Unknown
2013339N09084,NI,2013,MADI,65.0,986.0,2,63,2013-12-05 00:00:00,2013-12-12 18:00:00,Moderate (64-95kt)
2013348S10082,SI,2014,AMARA,110.0,935.0,4,113,2013-12-14 06:00:00,2013-12-28 06:00:00,Intense (>=96kt)
2013350S08099,SI,2014,BRUCE,120.0,920.0,5,77,2013-12-16 06:00:00,2013-12-25 18:00:00,Intense (>=96kt)
2013360S12124,SI,2014,CHRISTINE,90.0,948.0,3,55,2013-12-25 18:00:00,2014-01-01 12:00:00,Moderate (64-95kt)
2013362S09053,SI,2014,BEJISA,95.0,950.0,4,91,2013-12-27 12:00:00,2014-01-07 18:00:00,Moderate (64-95kt)
2014003N08086,NI,2014,UNNAMED,25.0,1004.0,0,47,2014-01-02 18:00:00,2014-01-08 12:00:00,Weak (<64kt)
2014007S11104,SI,2014,COLIN,110.0,915.0,4,75,2014-01-07 06:00:00,2014-01-16 12:00:00,Intense (>=96kt)
2014015N10129,WP,2014,LINGLING,35.0,1002.0,-1,43,2014-01-15 00:00:00,2014-01-20 06:00:00,Weak (<64kt)
2014015S16043,SI,2014,DELIWE,45.0,990.0,0,63,2014-01-14 12:00:00,2014-01-22 06:00:00,Weak (<64kt)
2014029N10143,WP,2014,KAJIKI,35.0,1000.0,0,29,2014-01-29 00:00:00,2014-02-01 12:00:00,Weak (<64kt)
2014030S14129,SI,2014,FLETCHER,15.0,996.0,-5,33,2014-01-30 00:00:00,2014-02-12 00:00:00,Weak (<64kt)
2014032S13123,SI,2014,UNNAMED,55.0,984.0,-5,105,2014-02-01 00:00:00,2014-02-14 00:00:00,Weak (<64kt)
2014034S14058,SI,2014,EDILSON,57.0,978.0,0,53,2014-02-03 06:00:00,2014-02-09 18:00:00,Weak (<64kt)
2014036S12073,SI,2014,FOBANE,60.0,975.0,0,99,2014-02-05 06:00:00,2014-02-17 12:00:00,Weak (<64kt)
2014048S16039,SI,2014,GUITO,60.0,980.0,1,57,2014-02-17 00:00:00,2014-02-24 00:00:00,Weak (<64kt)
2014058N09149,WP,2014,FAXAI,65.0,975.0,1,77,2014-02-26 18:00:00,2014-03-08 06:00:00,Moderate (64-95kt)
2014066S09138,SI,2014,GILLIAN,120.0,927.0,5,92,2014-03-17 09:00:00,2014-03-28 18:00:00,Intense (>=96kt)
2014080N08128,WP,2014,UNNAMED,,,-1,27,2014-03-21 00:00:00,2014-03-24 06:00:00,Unknown
2014086S10041,SI,2014,HELLEN,125.0,915.0,4,79,2014-03-26 12:00:00,2014-04-05 06:00:00,Intense (>=96kt)
2014093N02148,WP,2014,PEIPAH,35.0,998.0,0,57,2014-04-02 18:00:00,2014-04-09 18:00:00,Weak (<64kt)
2014093S11085,SI,2014,IVANOE,47.0,987.0,0,35,2014-04-03 06:00:00,2014-04-07 12:00:00,Weak (<64kt)
2014106S10099,SI,2014,JACK,75.0,966.0,2,53,2014-04-16 00:00:00,2014-04-22 12:00:00,Moderate (64-95kt)
2014117N10145,WP,2014,TAPAH,50.0,985.0,1,47,2014-04-26 12:00:00,2014-05-02 06:00:00,Weak (<64kt)
2014141N16091,NI,2014,UNNAMED,25.0,1000.0,-5,16,2014-05-21 03:00:00,2014-05-23 00:00:00,Weak (<64kt)
2014159N12068,NI,2014,NANAUK,45.0,986.0,0,51,2014-06-08 06:00:00,2014-06-14 12:00:00,Weak (<64kt)
2014160N21120,WP,2014,MITAG,40.0,994.0,-5,25,2014-06-09 00:00:00,2014-06-12 00:00:00,Weak (<64kt)
2014164N19116,WP,2014,HAGIBIS,40.0,988.0,0,79,2014-06-13 00:00:00,2014-06-22 18:00:00,Weak (<64kt)
2014184N08147,WP,2014,NEOGURI,100.0,930.0,5,89,2014-07-02 12:00:00,2014-07-13 06:00:00,Intense (>=96kt)
2014190N08154,WP,2014,RAMMASUN,90.0,935.0,5,89,2014-07-09 06:00:00,2014-07-20 06:00:00,Moderate (64-95kt)
2014197N10137,WP,2014,MATMO,70.0,965.0,2,79,2014-07-16 06:00:00,2014-07-26 00:00:00,Moderate (64-95kt)
2014202N22087,NI,2014,UNNAMED,25.0,988.0,-5,18,2014-07-21 03:00:00,2014-07-23 06:00:00,Weak (<64kt)
2014204N10239,WP,2014,GENEVIEVE,110.0,915.0,5,57,2014-08-07 06:00:00,2014-08-14 06:00:00,Intense (>=96kt)
2014209N12152,WP,2014,HALONG,105.0,920.0,5,148,2014-07-27 18:00:00,2014-08-15 00:00:00,Intense (>=96kt)
2014209N16134,WP,2014,NAKRI,55.0,980.0,0,61,2014-07-27 12:00:00,2014-08-04 00:00:00,Weak (<64kt)
2014216N21089,NI,2014,UNNAMED,30.0,990.0,-5,29,2014-08-03 12:00:00,2014-08-07 00:00:00,Weak (<64kt)
2014231N21117,WP,2014,UNNAMED,,,-5,21,2014-08-18 12:00:00,2014-08-21 00:00:00,Unknown
2014248N19129,WP,2014,FENGSHEN,60.0,975.0,1,49,2014-09-05 06:00:00,2014-09-11 06:00:00,Weak (<64kt)
2014249N14118,WP,2014,UNNAMED,,,-1,23,2014-09-05 12:00:00,2014-09-08 06:00:00,Unknown
2014254N10142,WP,2014,KALMAEGI,75.0,960.0,1,59,2014-09-10 12:00:00,2014-09-17 18:00:00,Moderate (64-95kt)
2014260N13135,WP,2014,FUNG-WONG,45.0,985.0,0,65,2014-09-17 00:00:00,2014-09-25 00:00:00,Weak (<64kt)
2014267N18150,WP,2014,KAMMURI,50.0,985.0,0,66,2014-09-23 12:00:00,2014-10-01 15:00:00,Weak (<64kt)
2014271N10160,WP,2014,PHANFONE,95.0,935.0,4,83,2014-09-27 18:00:00,2014-10-07 21:00:00,Moderate (64-95kt)
2014275N06166,WP,2014,VONGFONG,115.0,900.0,5,121,2014-10-01 18:00:00,2014-10-16 06:00:00,Intense (>=96kt)
2014279N11096,NI,2014,HUDHUD,100.0,950.0,4,66,2014-10-06 06:00:00,2014-10-14 09:00:00,Intense (>=96kt)
2014297N11062,NI,2014,NILOFAR,110.0,950.0,4,73,2014-10-23 12:00:00,2014-11-01 12:00:00,Intense (>=96kt)
2014303N13141,WP,2014,NURI,110.0,910.0,5,67,2014-10-30 00:00:00,2014-11-07 06:00:00,Intense (>=96kt)
2014309N13088,NI,2014,UNNAMED,30.0,998.0,0,35,2014-11-05 00:00:00,2014-11-09 06:00:00,Weak (<64kt)
2014319S06066,SI,2015,ADJALI,60.0,987.0,1,77,2014-11-15 00:00:00,2014-11-24 12:00:00,Weak (<64kt)
2014327S08077,SI,2015,UNNAMED,32.0,997.0,0,71,2014-11-23 06:00:00,2014-12-02 00:00:00,Weak (<64kt)
2014329N08131,WP,2014,SINLAKU,45.0,990.0,0,41,2014-11-25 06:00:00,2014-11-30 06:00:00,Weak (<64kt)
2014334N02156,WP,2014,HAGUPIT,115.0,905.0,5,99,2014-11-30 06:00:00,2014-12-12 12:00:00,Intense (>=96kt)
2014344S09102,SI,2015,BAKUNG,45.0,994.0,0,35,2014-12-09 18:00:00,2014-12-14 00:00:00,Weak (<64kt)
2014356S08101,SI,2015,KATE,90.0,950.0,3,112,2014-12-21 15:00:00,2015-01-04 12:00:00,Moderate (64-95kt)
2014362N07130,WP,2014,JANGMI,40.0,996.0,0,41,2014-12-27 12:00:00,2015-01-01 12:00:00,Weak (<64kt)
2015009S19054,SI,2015,BANSI,120.0,910.0,5,89,2015-01-08 12:00:00,2015-01-19 12:00:00,Intense (>=96kt)
2015012N09146,WP,2015,MEKKHALA,60.0,975.0,1,69,2015-01-12 06:00:00,2015-01-20 18:00:00,Weak (<64kt)
2015013S18038,SI,2015,CHEDZA,57.0,975.0,0,75,2015-01-13 06:00:00,2015-01-22 12:00:00,Weak (<64kt)
2015024S11090,SI,2015,DIAMONDRA,45.0,985.0,0,65,2015-01-24 06:00:00,2015-02-01 06:00:00,Weak (<64kt)
2015024S15078,SI,2015,EUNICE,125.0,915.0,5,81,2015-01-24 06:00:00,2015-02-03 06:00:00,Intense (>=96kt)
2015036S20038,SI,2015,FUNDI,55.0,978.0,0,53,2015-02-05 00:00:00,2015-02-11 12:00:00,Weak (<64kt)
2015038N08158,WP,2015,HIGOS,90.0,940.0,4,49,2015-02-06 12:00:00,2015-02-12 12:00:00,Moderate (64-95kt)
2015047S12142,SI,2015,LAM,90.0,951.0,1,11,2015-02-19 18:00:00,2015-02-21 00:00:00,Moderate (64-95kt)
2015050S11094,SI,2015,GLENDA,50.0,970.0,0,95,2015-02-19 06:00:00,2015-03-03 00:00:00,Weak (<64kt)
2015063S14042,SI,2015,UNNAMED,,,0,39,2015-03-04 06:00:00,2015-03-09 00:00:00,Unknown
2015064S14052,SI,2015,HALIBA,45.0,991.0,0,67,2015-03-04 18:00:00,2015-03-13 00:00:00,Weak (<64kt)
2015068S12151,SI,2015,NATHAN,60.0,984.0,1,34,2015-03-22 21:00:00,2015-03-27 00:00:00,Weak (<64kt)
2015068S14113,SI,2015,OLWYN,75.0,955.0,2,51,2015-03-08 14:00:00,2015-03-14 16:00:00,Moderate (64-95kt)
2015069N04173,WP,2015,BAVI,45.0,990.0,0,91,2015-03-10 06:00:00,2015-03-21 12:00:00,Weak (<64kt)
2015085N06162,WP,2015,MAYSAK,105.0,910.0,5,99,2015-03-25 18:00:00,2015-04-07 00:00:00,Intense (>=96kt)
2015092N06161,WP,2015,HAISHEN,35.0,998.0,0,39,2015-04-02 00:00:00,2015-04-06 18:00:00,Weak (<64kt)
2015092S18074,SI,2015,JOALANE,75.0,962.0,2,125,2015-04-02 00:00:00,2015-04-17 12:00:00,Moderate (64-95kt)
2015094S10087,SI,2015,IKOLA,95.0,953.0,4,33,2015-04-04 06:00:00,2015-04-08 06:00:00,Moderate (64-95kt)
2015117S12115,SI,2015,QUANG,100.0,950.0,4,45,2015-04-27 00:00:00,2015-05-01 12:00:00,Intense (>=96kt)
2015122N07144,WP,2015,NOUL,110.0,920.0,5,111,2015-05-02 06:00:00,2015-05-16 00:00:00,Intense (>=96kt)
2015127N04158,WP,2015,DOLPHIN,100.0,925.0,5,142,2015-05-06 12:00:00,2015-05-24 03:00:00,Intense (>=96kt)
2015157N13069,NI,2015,ASHOBAA,45.0,990.0,0,49,2015-06-06 06:00:00,2015-06-12 06:00:00,Weak (<64kt)
2015171N15112,WP,2015,KUJIRA,45.0,985.0,0,43,2015-06-19 18:00:00,2015-06-25 00:00:00,Weak (<64kt)
2015171N18086,NI,2015,UNNAMED,25.0,990.0,-5,14,2015-06-20 03:00:00,2015-06-21 18:00:00,Weak (<64kt)
2015173N20067,NI,2015,UNNAMED,30.0,988.0,-5,22,2015-06-22 03:00:00,2015-06-24 18:00:00,Weak (<64kt)
2015180N09160,WP,2015,CHAN-HOM,90.0,935.0,4,116,2015-06-29 06:00:00,2015-07-13 03:00:00,Moderate (64-95kt)
2015183N13130,WP,2015,LINFA,50.0,980.0,1,67,2015-07-01 18:00:00,2015-07-10 00:00:00,Weak (<64kt)
2015184N08172,WP,2015,NANGKA,100.0,925.0,4,126,2015-07-02 18:00:00,2015-07-18 06:00:00,Intense (>=96kt)
2015188N08194,WP,2015,HALOLA,80.0,955.0,2,111,2015-07-12 21:00:00,2015-07-26 12:00:00,Moderate (64-95kt)
2015191N23085,NI,2015,UNNAMED,25.0,994.0,-5,19,2015-07-10 03:00:00,2015-07-12 09:00:00,Weak (<64kt)
2015203N16126,WP,2015,UNNAMED,,,0,31,2015-07-22 00:00:00,2015-07-25 18:00:00,Unknown
2015207N22091,NI,2015,KOMEN,40.0,986.0,-3,60,2015-07-26 00:00:00,2015-08-02 09:00:00,Weak (<64kt)
2015209N26072,NI,2015,UNNAMED,30.0,994.0,-5,21,2015-07-27 12:00:00,2015-07-30 00:00:00,Weak (<64kt)
2015211N13162,WP,2015,SOUDELOR,115.0,900.0,5,109,2015-07-29 18:00:00,2015-08-12 06:00:00,Intense (>=96kt)
2015213N29146,WP,2015,UNNAMED,,,-1,33,2015-08-01 06:00:00,2015-08-05 06:00:00,Unknown
2015216N23081,NI,2015,UNNAMED,25.0,998.0,-5,6,2015-08-04 03:00:00,2015-08-04 18:00:00,Weak (<64kt)
2015218N18149,WP,2015,MOLAVE,45.0,985.0,0,95,2015-08-06 00:00:00,2015-08-17 18:00:00,Weak (<64kt)
2015226N12151,WP,2015,GONI,100.0,930.0,4,136,2015-08-13 18:00:00,2015-08-30 06:00:00,Intense (>=96kt)
2015226N15164,WP,2015,ATSANI,100.0,925.0,5,123,2015-08-14 00:00:00,2015-08-29 06:00:00,Intense (>=96kt)
2015229N08212,WP,2015,KILO,80.0,950.0,2,91,2015-09-01 18:00:00,2015-09-13 00:00:00,Moderate (64-95kt)
2015249N18142,WP,2015,ETAU,50.0,985.0,0,49,2015-09-05 12:00:00,2015-09-11 12:00:00,Weak (<64kt)
2015256N16113,WP,2015,VAMCO,35.0,998.0,0,19,2015-09-13 00:00:00,2015-09-15 06:00:00,Weak (<64kt)
2015257N14152,WP,2015,KROVANH,85.0,945.0,3,101,2015-09-13 18:00:00,2015-09-26 06:00:00,Moderate (64-95kt)
2015259N20084,NI,2015,UNNAMED,30.0,996.0,-5,24,2015-09-16 03:00:00,2015-09-19 00:00:00,Weak (<64kt)
2015263N14148,WP,2015,DUJUAN,110.0,925.0,4,85,2015-09-19 18:00:00,2015-09-30 06:00:00,Intense (>=96kt)
2015273N12130,WP,2015,MUJIGAE,85.0,950.0,4,43,2015-09-30 00:00:00,2015-10-05 06:00:00,Moderate (64-95kt)
2015274N17167,WP,2015,CHOI-WAN,60.0,952.0,1,85,2015-10-01 06:00:00,2015-10-11 18:00:00,Weak (<64kt)
2015280N13071,NI,2015,UNNAMED,30.0,1000.0,0,41,2015-10-07 00:00:00,2015-10-12 00:00:00,Weak (<64kt)
2015285N14151,WP,2015,KOPPU,100.0,925.0,4,75,2015-10-12 00:00:00,2015-10-21 06:00:00,Intense (>=96kt)
2015286N12163,WP,2015,CHAMPI,95.0,930.0,4,112,2015-10-12 18:00:00,2015-10-26 15:00:00,Moderate (64-95kt)
2015293N16164,WP,2015,UNNAMED,,,-2,27,2015-10-19 18:00:00,2015-10-23 00:00:00,Unknown
2015301N11065,NI,2015,CHAPALA,115.0,940.0,4,61,2015-10-27 12:00:00,2015-11-04 00:00:00,Intense (>=96kt)
2015309N14067,NI,2015,MEGH,95.0,964.0,3,49,2015-11-04 12:00:00,2015-11-10 12:00:00,Moderate (64-95kt)
2015312N11084,NI,2015,UNNAMED,30.0,996.0,-5,17,2015-11-08 03:00:00,2015-11-10 03:00:00,Weak (<64kt)
2015321N04164,WP,2015,IN-FA,95.0,935.0,4,85,2015-11-16 18:00:00,2015-11-27 06:00:00,Moderate (64-95kt)
2015323S05080,SI,2016,ANNABELLE,55.0,983.0,0,71,2015-11-18 18:00:00,2015-11-27 12:00:00,Weak (<64kt)
2015342S09079,SI,2016,BOHALE,35.0,995.0,0,75,2015-12-07 18:00:00,2015-12-17 00:00:00,Weak (<64kt)
2015344N07145,WP,2015,MELOR,95.0,935.0,4,57,2015-12-10 00:00:00,2015-12-17 00:00:00,Moderate (64-95kt)
2015348N04146,WP,2015,UNNAMED,,,-1,45,2015-12-14 00:00:00,2015-12-19 12:00:00,Unknown
2015355S16136,SI,2016,UNNAMED,30.0,994.0,-5,42,2015-12-21 21:00:00,2015-12-27 00:00:00,Weak (<64kt)
2015362N01179,WP,2015,UNNAMED,,,-3,2,2015-12-27 18:00:00,2015-12-27 21:00:00,Unknown
2016020S14078,SI,2016,CORENTIN,60.0,975.0,1,93,2016-01-19 18:00:00,2016-01-31 06:00:00,Weak (<64kt)
2016027S13119,SI,2016,STAN,55.0,980.0,1,46,2016-01-27 00:00:00,2016-02-01 00:00:00,Weak (<64kt)
2016039S14061,SI,2016,DAYA,38.0,983.0,0,47,2016-02-07 12:00:00,2016-02-13 06:00:00,Weak (<64kt)
2016042S10094,SI,2016,URIAH,110.0,925.0,4,117,2016-02-10 18:00:00,2016-02-25 06:00:00,Intense (>=96kt)
2016075S11087,SI,2016,EMERAUDE,110.0,940.0,4,69,2016-03-14 18:00:00,2016-03-23 06:00:00,Intense (>=96kt)
2016087S13073,SI,2016,UNNAMED,45.0,993.0,0,27,2016-03-27 06:00:00,2016-03-30 12:00:00,Weak (<64kt)
2016102S12074,SI,2016,FANTALA,135.0,910.0,5,129,2016-04-10 18:00:00,2016-04-26 18:00:00,Intense (>=96kt)
2016138N10081,NI,2016,ROANU,45.0,983.0,0,41,2016-05-17 00:00:00,2016-05-22 00:00:00,Weak (<64kt)
2016147N18115,WP,2016,UNNAMED,,,-1,19,2016-05-26 00:00:00,2016-05-28 06:00:00,Unknown
2016178N22068,NI,2016,UNNAMED,25.0,996.0,0,23,2016-06-26 06:00:00,2016-06-29 00:00:00,Weak (<64kt)
2016185N08145,WP,2016,NEPARTAK,110.0,900.0,5,62,2016-07-02 12:00:00,2016-07-10 00:00:00,Intense (>=96kt)
2016195S06076,SI,2017,ABELA,50.0,987.0,0,65,2016-07-12 12:00:00,2016-07-20 12:00:00,Weak (<64kt)
2016199N18131,WP,2016,UNNAMED,,,-1,21,2016-07-16 18:00:00,2016-07-19 06:00:00,Unknown
2016205N25152,WP,2016,LUPIT,40.0,1000.0,0,29,2016-07-22 18:00:00,2016-07-26 06:00:00,Weak (<64kt)
2016207N17116,WP,2016,MIRINAE,55.0,980.0,1,29,2016-07-25 06:00:00,2016-07-28 18:00:00,Weak (<64kt)
2016211N11128,WP,2016,NIDA,60.0,975.0,1,39,2016-07-29 06:00:00,2016-08-03 00:00:00,Weak (<64kt)
2016216N17149,WP,2016,OMAIS,60.0,975.0,1,78,2016-08-02 12:00:00,2016-08-12 03:00:00,Weak (<64kt)
2016221N19163,WP,2016,CONSON,45.0,985.0,0,74,2016-08-07 12:00:00,2016-08-16 12:00:00,Weak (<64kt)
2016222N22089,NI,2016,UNNAMED,30.0,994.0,-5,28,2016-08-09 09:00:00,2016-08-12 18:00:00,Weak (<64kt)
2016225N16138,WP,2016,CHANTHU,55.0,980.0,0,60,2016-08-11 12:00:00,2016-08-18 18:00:00,Weak (<64kt)
2016228N22117,WP,2016,DIANMU,40.0,980.0,0,39,2016-08-15 06:00:00,2016-08-20 00:00:00,Weak (<64kt)
2016230N15138,WP,2016,MINDULLE,65.0,975.0,1,54,2016-08-16 18:00:00,2016-08-23 06:00:00,Moderate (64-95kt)
2016230N21089,NI,2016,UNNAMED,25.0,994.0,-5,35,2016-08-16 12:00:00,2016-08-20 18:00:00,Weak (<64kt)
2016230N25160,WP,2016,LIONROCK,90.0,940.0,4,114,2016-08-16 18:00:00,2016-08-30 18:00:00,Moderate (64-95kt)
2016232N22153,WP,2016,KOMPASU,35.0,994.0,0,32,2016-08-18 12:00:00,2016-08-22 06:00:00,Weak (<64kt)
2016236N13146,WP,2016,UNNAMED,,,0,15,2016-08-22 18:00:00,2016-08-24 12:00:00,Unknown
2016244N21123,WP,2016,NAMTHEUN,70.0,955.0,3,48,2016-08-30 18:00:00,2016-09-05 12:00:00,Moderate (64-95kt)
2016250N25125,WP,2016,MALOU,40.0,1000.0,-5,19,2016-09-05 12:00:00,2016-09-07 18:00:00,Weak (<64kt)
2016253N13144,WP,2016,MERANTI,120.0,890.0,5,71,2016-09-08 18:00:00,2016-09-17 12:00:00,Intense (>=96kt)
2016253N26152,WP,2016,UNNAMED,,,0,25,2016-09-09 06:00:00,2016-09-12 06:00:00,Unknown
2016255N12114,WP,2016,RAI,35.0,996.0,-1,25,2016-09-11 06:00:00,2016-09-14 06:00:00,Weak (<64kt)
2016256N12146,WP,2016,MALAKAS,95.0,930.0,4,76,2016-09-11 12:00:00,2016-09-20 12:00:00,Moderate (64-95kt)
2016265N10150,WP,2016,MEGI,85.0,945.0,4,69,2016-09-21 06:00:00,2016-09-29 18:00:00,Moderate (64-95kt)
2016269N15165,WP,2016,CHABA,115.0,905.0,5,104,2016-09-24 18:00:00,2016-10-07 12:00:00,Intense (>=96kt)
2016277S30044,SI,2017,BRANSBY,55.0,987.0,-5,35,2016-10-03 00:00:00,2016-10-07 06:00:00,Weak (<64kt)
2016278N16181,WP,2016,SONGDA,100.0,925.0,4,79,2016-10-03 21:00:00,2016-10-13 15:00:00,Intense (>=96kt)
2016279N19130,WP,2016,AERE,60.0,975.0,0,81,2016-10-04 12:00:00,2016-10-14 12:00:00,Weak (<64kt)
2016287N12131,WP,2016,SARIKA,95.0,935.0,4,61,2016-10-12 18:00:00,2016-10-20 06:00:00,Moderate (64-95kt)
2016288N06146,WP,2016,HAIMA,115.0,900.0,5,99,2016-10-14 00:00:00,2016-10-26 06:00:00,Intense (>=96kt)
2016295N13089,NI,2016,KYANT,40.0,996.0,0,67,2016-10-21 00:00:00,2016-10-29 06:00:00,Weak (<64kt)
2016305N10147,WP,2016,MEARI,75.0,960.0,2,81,2016-10-30 18:00:00,2016-11-09 18:00:00,Moderate (64-95kt)
2016308N13088,NI,2016,UNNAMED,25.0,1000.0,-5,30,2016-11-02 18:00:00,2016-11-06 09:00:00,Weak (<64kt)
2016313N11163,WP,2016,MA-ON,35.0,1002.0,0,39,2016-11-08 06:00:00,2016-11-13 00:00:00,Weak (<64kt)
2016315N11171,WP,2016,UNNAMED,,,-1,31,2016-11-09 18:00:00,2016-11-13 12:00:00,Unknown
2016328N09130,WP,2016,TOKAGE,50.0,992.0,1,39,2016-11-23 06:00:00,2016-11-28 00:00:00,Weak (<64kt)
2016335N07088,NI,2016,NADA,40.0,1000.0,0,23,2016-11-29 12:00:00,2016-12-02 06:00:00,Weak (<64kt)
2016341N08092,NI,2016,VARDAH,70.0,975.0,2,103,2016-12-06 06:00:00,2016-12-19 00:00:00,Moderate (64-95kt)
2016347N10110,WP,2016,UNNAMED,,,-5,7,2016-12-12 06:00:00,2016-12-13 00:00:00,Unknown
2016353S11130,SI,2017,UNNAMED,30.0,994.0,-5,39,2016-12-18 06:00:00,2016-12-23 00:00:00,Weak (<64kt)
2016354S15116,SI,2017,YVETTE,45.0,987.0,0,55,2016-12-18 12:00:00,2016-12-25 06:00:00,Weak (<64kt)
2016355N07146,WP,2016,NOCK-TEN,105.0,915.0,5,69,2016-12-20 00:00:00,2016-12-28 12:00:00,Intense (>=96kt)
2017008N08128,WP,2017,UNNAMED,,,-1,69,2017-01-07 12:00:00,2017-01-16 00:00:00,Unknown
2017025S16128,SI,2017,UNNAMED,45.0,986.0,0,73,2017-01-25 00:00:00,2017-02-03 00:00:00,Weak (<64kt)
2017033S14056,SI,2017,CARLOS,70.0,965.0,1,107,2017-02-02 06:00:00,2017-02-15 12:00:00,Moderate (64-95kt)
2017043S19040,SI,2017,DINEO,75.0,955.0,2,47,2017-02-11 18:00:00,2017-02-17 12:00:00,Moderate (64-95kt)
2017060S09139,SI,2017,BLANCHE,55.0,984.0,0,37,2017-03-02 06:00:00,2017-03-06 18:00:00,Weak (<64kt)
2017061S11063,SI,2017,ENAWO,110.0,932.0,4,79,2017-03-02 00:00:00,2017-03-11 18:00:00,Intense (>=96kt)
2017065S14079,SI,2017,FERNANDO,43.0,987.0,0,86,2017-03-05 18:00:00,2017-03-16 06:00:00,Weak (<64kt)
2017079S13122,SI,2017,UNNAMED,50.0,985.0,-5,36,2017-03-19 12:00:00,2017-03-23 18:00:00,Weak (<64kt)
2017081S10096,SI,2017,CALEB,45.0,994.0,0,71,2017-03-21 18:00:00,2017-03-30 12:00:00,Weak (<64kt)
2017094S10115,SI,2017,ERNIE,120.0,924.0,5,61,2017-04-04 06:00:00,2017-04-11 18:00:00,Intense (>=96kt)
2017097S08134,SI,2017,UNNAMED,30.0,998.0,-5,69,2017-04-07 00:00:00,2017-04-15 12:00:00,Weak (<64kt)
2017104N08085,NI,2017,MAARUTHA,40.0,996.0,0,25,2017-04-14 00:00:00,2017-04-17 00:00:00,Weak (<64kt)
2017104N11130,WP,2017,UNNAMED,,,-1,49,2017-04-14 06:00:00,2017-04-20 06:00:00,Unknown
2017111S09146,SI,2017,FRANCES,70.0,978.0,1,57,2017-04-24 12:00:00,2017-05-01 12:00:00,Moderate (64-95kt)
2017113N09144,WP,2017,MUIFA,35.0,1002.0,0,53,2017-04-22 18:00:00,2017-04-29 06:00:00,Weak (<64kt)
2017119S08103,SI,2017,GREG,45.0,995.0,-5,19,2017-04-29 00:00:00,2017-05-01 06:00:00,Weak (<64kt)
2017147N14087,NI,2017,MORA,60.0,978.0,1,29,2017-05-27 06:00:00,2017-05-30 18:00:00,Weak (<64kt)
2017161N13119,WP,2017,MERBOK,55.0,985.0,0,31,2017-06-10 00:00:00,2017-06-13 18:00:00,Weak (<64kt)
2017163N20090,NI,2017,UNNAMED,30.0,988.0,-5,11,2017-06-11 12:00:00,2017-06-12 18:00:00,Weak (<64kt)
2017182N15132,WP,2017,NANMADOL,55.0,985.0,1,59,2017-07-01 06:00:00,2017-07-08 06:00:00,Weak (<64kt)
2017195N16114,WP,2017,TALAS,50.0,985.0,0,31,2017-07-14 00:00:00,2017-07-17 18:00:00,Weak (<64kt)
2017199N19086,NI,2017,UNNAMED,25.0,992.0,-5,9,2017-07-18 00:00:00,2017-07-19 00:00:00,Weak (<64kt)
2017200N26162,WP,2017,NORU,95.0,935.0,4,170,2017-07-19 06:00:00,2017-08-09 06:00:00,Moderate (64-95kt)
2017201N23178,WP,2017,KULAP,40.0,1002.0,0,65,2017-07-20 00:00:00,2017-07-28 00:00:00,Weak (<64kt)
2017202N16116,WP,2017,SONCA,35.0,994.0,0,73,2017-07-20 12:00:00,2017-07-29 12:00:00,Weak (<64kt)
2017202N19124,WP,2017,ROKE,35.0,1002.0,0,19,2017-07-21 06:00:00,2017-07-23 12:00:00,Weak (<64kt)
2017206N13129,WP,2017,NESAT,80.0,960.0,2,49,2017-07-25 00:00:00,2017-07-31 00:00:00,Moderate (64-95kt)
2017207N24085,NI,2017,UNNAMED,25.0,993.0,-5,9,2017-07-26 00:00:00,2017-07-27 00:00:00,Weak (<64kt)
2017209N19118,WP,2017,HAITANG,45.0,985.0,0,55,2017-07-27 12:00:00,2017-08-03 06:00:00,Weak (<64kt)
2017212N27158,WP,2017,NALGAE,45.0,990.0,0,73,2017-07-31 06:00:00,2017-08-09 06:00:00,Weak (<64kt)
2017223N16172,WP,2017,BANYAN,80.0,955.0,3,59,2017-08-10 12:00:00,2017-08-17 18:00:00,Moderate (64-95kt)
2017232N19130,NI,2017,HATO,,,-5,1,2017-08-25 00:00:00,2017-08-25 00:00:00,Unknown
2017232N19130,WP,2017,HATO,75.0,965.0,3,44,2017-08-19 12:00:00,2017-08-24 21:00:00,Moderate (64-95kt)
2017236N15129,WP,2017,PAKHAR,55.0,985.0,0,33,2017-08-24 00:00:00,2017-08-28 00:00:00,Weak (<64kt)
2017239N18147,WP,2017,SANVU,80.0,955.0,2,85,2017-08-26 18:00:00,2017-09-06 06:00:00,Moderate (64-95kt)
2017242N19122,WP,2017,MAWAR,50.0,990.0,0,41,2017-08-30 06:00:00,2017-09-04 06:00:00,Weak (<64kt)
2017247N16132,WP,2017,GUCHOL,35.0,1000.0,-1,35,2017-09-03 12:00:00,2017-09-07 18:00:00,Weak (<64kt)
2017252N14147,WP,2017,TALIM,95.0,935.0,4,118,2017-09-08 12:00:00,2017-09-22 18:00:00,Moderate (64-95kt)
2017253N14130,WP,2017,DOKSURI,80.0,955.0,2,51,2017-09-10 00:00:00,2017-09-16 06:00:00,Moderate (64-95kt)
2017267N18116,WP,2017,UNNAMED,,,-1,17,2017-09-23 12:00:00,2017-09-25 12:00:00,Unknown
2017282N17113,WP,2017,UNNAMED,,,-1,17,2017-10-08 12:00:00,2017-10-10 12:00:00,Unknown
2017282N22088,NI,2017,UNNAMED,30.0,996.0,-5,11,2017-10-09 00:00:00,2017-10-10 06:00:00,Weak (<64kt)
2017284N15134,WP,2017,KHANUN,75.0,955.0,2,43,2017-10-11 00:00:00,2017-10-16 06:00:00,Moderate (64-95kt)
2017288N09138,WP,2017,LAN,100.0,915.0,4,71,2017-10-15 00:00:00,2017-10-23 18:00:00,Intense (>=96kt)
2017291N09116,WP,2017,UNNAMED,,,-1,15,2017-10-18 06:00:00,2017-10-20 00:00:00,Unknown
2017292N13151,WP,2017,SAOLA,60.0,975.0,1,84,2017-10-19 06:00:00,2017-10-29 12:00:00,Weak (<64kt)
2017292N17087,NI,2017,UNNAMED,25.0,998.0,-5,5,2017-10-19 00:00:00,2017-10-19 12:00:00,Weak (<64kt)
2017304N11127,WP,2017,DAMREY,70.0,970.0,2,41,2017-10-31 00:00:00,2017-11-05 00:00:00,Moderate (64-95kt)
2017305N08108,WP,2017,UNNAMED,,,-5,11,2017-10-31 12:00:00,2017-11-01 18:00:00,Unknown
2017307N07102,NI,2017,UNNAMED,,,-1,2,2017-11-07 21:00:00,2017-11-08 00:00:00,Unknown
2017307N07102,WP,2017,UNNAMED,,,-1,39,2017-11-03 00:00:00,2017-11-07 18:00:00,Unknown
2017312N10134,WP,2017,HAIKUI,40.0,998.0,0,57,2017-11-07 12:00:00,2017-11-14 12:00:00,Weak (<64kt)
2017319N15083,NI,2017,UNNAMED,25.0,1001.0,-5,17,2017-11-15 03:00:00,2017-11-17 03:00:00,Weak (<64kt)
2017321N07124,WP,2017,KIROGI,35.0,1000.0,0,25,2017-11-16 12:00:00,2017-11-19 12:00:00,Weak (<64kt)
2017329S10110,SI,2018,CEMPAKA,60.0,990.0,-5,33,2017-11-25 00:00:00,2017-11-29 00:00:00,Weak (<64kt)
2017332S08098,SI,2018,DAHLIA,50.0,987.0,0,77,2017-11-27 12:00:00,2017-12-07 00:00:00,Weak (<64kt)
2017333N06082,NI,2017,OCKHI,85.0,976.0,3,57,2017-11-28 18:00:00,2017-12-05 18:00:00,Moderate (64-95kt)
2017340N09089,NI,2017,UNNAMED,30.0,1002.0,0,34,2017-12-06 03:00:00,2017-12-10 06:00:00,Weak (<64kt)
2017347N11131,WP,2017,KAI-TAK,40.0,994.0,0,89,2017-12-12 18:00:00,2017-12-23 18:00:00,Weak (<64kt)
2017354N08134,WP,2017,TEMBIN,70.0,970.0,2,53,2017-12-20 00:00:00,2017-12-26 12:00:00,Moderate (64-95kt)
2017360S15124,SI,2018,HILDA,55.0,980.0,0,43,2017-12-26 00:00:00,2017-12-31 06:00:00,Weak (<64kt)
2017364N07138,WP,2018,BOLAVEN,35.0,1002.0,0,45,2017-12-29 18:00:00,2018-01-04 06:00:00,Weak (<64kt)
2017364S12065,SI,2018,AVA,80.0,965.0,2,85,2017-12-30 06:00:00,2018-01-09 18:00:00,Moderate (64-95kt)
2018004S09096,SI,2018,IRVING,80.0,965.0,2,59,2018-01-04 00:00:00,2018-01-11 06:00:00,Moderate (64-95kt)
2018007S13130,SI,2018,JOYCE,50.0,975.0,0,67,2018-01-07 00:00:00,2018-01-15 06:00:00,Weak (<64kt)
2018010S10069,SI,2018,BERGUITTA,90.0,960.0,3,115,2018-01-10 00:00:00,2018-01-24 06:00:00,Moderate (64-95kt)
2018025S09080,SI,2018,CEBILE,100.0,940.0,4,125,2018-01-25 06:00:00,2018-02-09 18:00:00,Intense (>=96kt)
2018039N08151,WP,2018,SANBA,35.0,1000.0,0,67,2018-02-08 00:00:00,2018-02-16 06:00:00,Weak (<64kt)
2018044S10133,SI,2018,KELVIN,80.0,955.0,1,69,2018-02-12 18:00:00,2018-02-21 06:00:00,Moderate (64-95kt)
2018060S13057,SI,2018,DUMAZILE,90.0,945.0,3,75,2018-03-01 00:00:00,2018-03-10 06:00:00,Moderate (64-95kt)
2018072N05076,NI,2018,UNNAMED,25.0,1006.0,-5,14,2018-03-13 03:00:00,2018-03-14 18:00:00,Weak (<64kt)
2018073S09129,SI,2018,MARCUS,135.0,905.0,5,89,2018-03-14 00:00:00,2018-03-25 00:00:00,Intense (>=96kt)
2018073S12057,SI,2018,ELIAKIM,60.0,980.0,1,75,2018-03-13 12:00:00,2018-03-22 18:00:00,Weak (<64kt)
2018082N04147,WP,2018,JELAWAT,105.0,915.0,4,83,2018-03-23 06:00:00,2018-04-02 12:00:00,Intense (>=96kt)
2018111S07055,SI,2018,FAKIR,70.0,975.0,1,51,2018-04-20 12:00:00,2018-04-26 18:00:00,Moderate (64-95kt)
2018117S07098,SI,2018,FLAMBOYAN,60.0,978.0,1,57,2018-04-27 06:00:00,2018-05-04 06:00:00,Weak (<64kt)
2018129N15153,WP,2018,UNNAMED,,,0,47,2018-05-09 00:00:00,2018-05-14 18:00:00,Unknown
2018136N11054,NI,2018,MEKUNU:SAGAR,95.0,960.0,3,93,2018-05-15 18:00:00,2018-05-27 06:00:00,Moderate (64-95kt)
2018148N17090,NI,2018,UNNAMED,30.0,992.0,0,18,2018-05-28 00:00:00,2018-05-30 03:00:00,Weak (<64kt)
2018153N12113,WP,2018,EWINIAR,40.0,998.0,0,73,2018-06-02 06:00:00,2018-06-11 06:00:00,Weak (<64kt)
2018155N10132,WP,2018,MALIKSI,60.0,970.0,0,73,2018-06-03 18:00:00,2018-06-12 18:00:00,Weak (<64kt)
2018161N22092,NI,2018,UNNAMED,25.0,988.0,-5,5,2018-06-10 06:00:00,2018-06-10 18:00:00,Weak (<64kt)
2018164N21120,WP,2018,UNNAMED,,,-2,11,2018-06-13 00:00:00,2018-06-14 06:00:00,Unknown
2018165N22117,WP,2018,GAEMI,45.0,990.0,0,65,2018-06-13 12:00:00,2018-06-21 12:00:00,Weak (<64kt)
2018179N19134,WP,2018,PRAPIROON,65.0,960.0,1,63,2018-06-27 12:00:00,2018-07-05 06:00:00,Moderate (64-95kt)
2018184N10147,WP,2018,MARIA,105.0,915.0,5,81,2018-07-03 00:00:00,2018-07-13 00:00:00,Intense (>=96kt)
2018195N19138,WP,2018,SON-TINH,40.0,994.0,0,91,2018-07-13 12:00:00,2018-07-24 18:00:00,Weak (<64kt)
2018199N18128,WP,2018,AMPIL,50.0,985.0,0,72,2018-07-17 12:00:00,2018-07-26 06:00:00,Weak (<64kt)
2018202N18116,WP,2018,UNNAMED,,,0,29,2018-07-20 12:00:00,2018-07-24 00:00:00,Unknown
2018202N21088,NI,2018,UNNAMED,30.0,988.0,-5,16,2018-07-21 03:00:00,2018-07-23 00:00:00,Weak (<64kt)
2018202N21159,WP,2018,WUKONG,50.0,990.0,1,51,2018-07-21 06:00:00,2018-07-27 12:00:00,Weak (<64kt)
2018204N15137,WP,2018,JONGDARI,75.0,960.0,2,107,2018-07-23 00:00:00,2018-08-04 21:00:00,Moderate (64-95kt)
2018211N27152,WP,2018,UNNAMED,,,-1,25,2018-07-30 00:00:00,2018-08-02 00:00:00,Unknown
2018213N12245,WP,2018,HECTOR,40.0,998.0,0,26,2018-08-13 15:00:00,2018-08-16 18:00:00,Weak (<64kt)
2018214N19153,WP,2018,SHANSHAN,70.0,970.0,2,75,2018-08-02 00:00:00,2018-08-11 06:00:00,Moderate (64-95kt)
2018218N18134,WP,2018,YAGI,40.0,990.0,0,81,2018-08-06 00:00:00,2018-08-16 00:00:00,Weak (<64kt)
2018219N21088,NI,2018,UNNAMED,25.0,992.0,-5,6,2018-08-07 09:00:00,2018-08-08 00:00:00,Weak (<64kt)
2018221N17112,WP,2018,BEBINCA,45.0,985.0,0,71,2018-08-09 00:00:00,2018-08-17 18:00:00,Weak (<64kt)
2018222N16147,WP,2018,LEEPI,50.0,994.0,1,48,2018-08-10 00:00:00,2018-08-15 18:00:00,Weak (<64kt)
2018226N23128,WP,2018,RUMBIA,45.0,985.0,0,55,2018-08-14 00:00:00,2018-08-20 18:00:00,Weak (<64kt)
2018227N11145,WP,2018,SOULIK,85.0,950.0,3,121,2018-08-15 00:00:00,2018-08-30 00:00:00,Moderate (64-95kt)
2018227N20086,NI,2018,UNNAMED,25.0,993.0,-5,16,2018-08-15 03:00:00,2018-08-17 00:00:00,Weak (<64kt)
2018229N11160,WP,2018,CIMARON,85.0,950.0,4,68,2018-08-16 12:00:00,2018-08-24 18:00:00,Moderate (64-95kt)
2018234N22119,WP,2018,UNNAMED,,,-1,29,2018-08-22 00:00:00,2018-08-25 12:00:00,Unknown
2018239N11161,WP,2018,JEBI,105.0,915.0,5,95,2018-08-26 18:00:00,2018-09-07 06:00:00,Intense (>=96kt)
2018249N22088,NI,2018,UNNAMED,30.0,990.0,-5,10,2018-09-06 00:00:00,2018-09-07 03:00:00,Weak (<64kt)
2018250N12170,WP,2018,MANGKHUT,110.0,905.0,5,99,2018-09-06 12:00:00,2018-09-17 18:00:00,Intense (>=96kt)
2018251N20122,WP,2018,BARIJAT,40.0,998.0,0,45,2018-09-08 06:00:00,2018-09-13 18:00:00,Weak (<64kt)
2018256S07076,SI,2019,UNNAMED,40.0,1004.0,0,49,2018-09-13 06:00:00,2018-09-19 06:00:00,Weak (<64kt)
2018263N12146,WP,2018,TRAMI,105.0,915.0,5,108,2018-09-20 06:00:00,2018-10-03 12:00:00,Intense (>=96kt)
2018263N17089,NI,2018,DAYE,35.0,992.0,0,22,2018-09-19 15:00:00,2018-09-22 06:00:00,Weak (<64kt)
2018268N24155,WP,2018,UNNAMED,,,-1,21,2018-09-25 06:00:00,2018-09-27 18:00:00,Unknown
2018271N06154,WP,2018,KONG-REY,115.0,900.0,5,81,2018-09-27 12:00:00,2018-10-07 12:00:00,Intense (>=96kt)
2018279N11069,NI,2018,LUBAN,75.0,978.0,2,75,2018-10-05 18:00:00,2018-10-15 00:00:00,Moderate (64-95kt)
2018281N14088,NI,2018,TITLI,80.0,972.0,3,40,2018-10-08 00:00:00,2018-10-12 21:00:00,Moderate (64-95kt)
2018294N08161,WP,2018,YUTU,115.0,900.0,5,109,2018-10-20 18:00:00,2018-11-03 06:00:00,Intense (>=96kt)
2018309S06068,SI,2019,ALCIDE,90.0,965.0,4,91,2018-11-04 12:00:00,2018-11-15 18:00:00,Moderate (64-95kt)
2018311N07179,WP,2018,USAGI,60.0,990.0,2,159,2018-11-07 00:00:00,2018-11-26 18:00:00,Weak (<64kt)
2018313S05090,SI,2019,BOUCHRA,50.0,990.0,0,103,2018-11-09 06:00:00,2018-11-22 00:00:00,Weak (<64kt)
2018314N12093,NI,2018,GAJA,70.0,976.0,1,76,2018-11-10 03:00:00,2018-11-19 12:00:00,Moderate (64-95kt)
2018321N10113,WP,2018,TORAJI,35.0,1004.0,-1,35,2018-11-16 18:00:00,2018-11-21 00:00:00,Weak (<64kt)
2018324N04156,WP,2018,MAN-YI,80.0,960.0,2,86,2018-11-19 18:00:00,2018-11-30 09:00:00,Moderate (64-95kt)
2018347N07089,NI,2018,PHETHAI,55.0,992.0,0,39,2018-12-13 00:00:00,2018-12-17 18:00:00,Weak (<64kt)
2018348S08093,SI,2019,KENANGA,40.0,995.0,4,85,2018-12-14 06:00:00,2018-12-24 18:00:00,Weak (<64kt)
2018351S09059,SI,2019,CILIDA,115.0,940.0,4,95,2018-12-16 18:00:00,2018-12-28 12:00:00,Intense (>=96kt)
2018358N07140,WP,2018,UNNAMED,,,-1,53,2018-12-23 12:00:00,2018-12-30 00:00:00,Unknown
2018365N08115,NI,2018,PABUK,45.0,998.0,0,27,2019-01-04 12:00:00,2019-01-07 18:00:00,Weak (<64kt)
2018365N08115,WP,2018,PABUK,45.0,996.0,0,40,2018-12-30 12:00:00,2019-01-04 09:00:00,Weak (<64kt)
2019004N03175,WP,2019,UNNAMED,,,-1,149,2019-01-04 00:00:00,2019-01-22 12:00:00,Unknown
2019018S24033,SI,2019,DESMOND,35.0,995.0,0,37,2019-01-17 12:00:00,2019-01-22 00:00:00,Weak (<64kt)
2019019S13106,SI,2019,UNNAMED,40.0,998.0,-5,83,2019-01-19 00:00:00,2019-01-29 06:00:00,Weak (<64kt)
2019021S09128,SI,2019,RILEY,70.0,970.0,1,121,2019-01-21 00:00:00,2019-02-05 00:00:00,Moderate (64-95kt)
2019023S21041,SI,2019,EKETSANG,40.0,992.0,-5,25,2019-01-23 06:00:00,2019-01-26 06:00:00,Weak (<64kt)
2019035S11058,SI,2019,GELENA,110.0,942.0,4,99,2019-02-04 06:00:00,2019-02-16 12:00:00,Intense (>=96kt)
2019035S13070,SI,2019,FUNANI,105.0,940.0,4,55,2019-02-03 18:00:00,2019-02-10 12:00:00,Intense (>=96kt)
2019050N05163,WP,2019,WUTIP,105.0,920.0,5,96,2019-02-18 12:00:00,2019-03-02 06:00:00,Intense (>=96kt)
2019060S10078,SI,2019,HALEH,95.0,945.0,4,77,2019-02-28 18:00:00,2019-03-10 06:00:00,Moderate (64-95kt)
2019063S18038,SI,2019,IDAI,105.0,940.0,4,101,2019-03-04 00:00:00,2019-03-16 12:00:00,Intense (>=96kt)
2019067S11115,SI,2019,SAVANNAH,95.0,953.0,3,117,2019-03-08 00:00:00,2019-03-22 12:00:00,Moderate (64-95kt)
2019071N04161,WP,2019,UNNAMED,,,0,63,2019-03-11 18:00:00,2019-03-19 12:00:00,Unknown
2019077S13123,SI,2019,VERONICA,115.0,928.0,4,101,2019-03-18 00:00:00,2019-03-30 12:00:00,Intense (>=96kt)
2019078S13066,SI,2019,JOANINHA,100.0,939.0,4,113,2019-03-18 12:00:00,2019-04-01 12:00:00,Intense (>=96kt)
2019093S07133,SI,2019,WALLACE,55.0,986.0,0,87,2019-04-03 00:00:00,2019-04-13 18:00:00,Weak (<64kt)
2019112S04079,SI,2019,LORNA,80.0,964.0,2,71,2019-04-21 18:00:00,2019-04-30 12:00:00,Moderate (64-95kt)
2019112S10053,SI,2019,KENNETH,115.0,934.0,4,53,2019-04-21 18:00:00,2019-04-28 06:00:00,Intense (>=96kt)
2019116N02090,NI,2019,FANI,115.0,932.0,5,71,2019-04-25 18:00:00,2019-05-04 12:00:00,Intense (>=96kt)
2019126S05129,SI,2019,LILI,40.0,996.0,0,47,2019-05-05 12:00:00,2019-05-11 06:00:00,Weak (<64kt)
2019129S10160,SI,2019,ANN,25.0,1006.0,-1,14,2019-05-16 21:00:00,2019-05-18 12:00:00,Weak (<64kt)
2019160N11073,NI,2019,VAYU,80.0,970.0,3,77,2019-06-08 18:00:00,2019-06-18 06:00:00,Moderate (64-95kt)
2019176N18128,WP,2019,SEPAT,40.0,992.0,-5,63,2019-06-24 12:00:00,2019-07-02 06:00:00,Weak (<64kt)
2019178N10137,WP,2019,UNNAMED,,,0,35,2019-06-27 00:00:00,2019-07-01 06:00:00,Unknown
2019182N18114,WP,2019,MUN,35.0,992.0,0,30,2019-07-01 06:00:00,2019-07-04 18:00:00,Weak (<64kt)
2019195N13136,WP,2019,DANAS,45.0,985.0,0,75,2019-07-14 00:00:00,2019-07-23 06:00:00,Weak (<64kt)
2019205N23137,WP,2019,NARI,35.0,998.0,0,46,2019-07-24 00:00:00,2019-07-29 12:00:00,Weak (<64kt)
2019210N16117,WP,2019,WIPHA,45.0,985.0,0,63,2019-07-29 00:00:00,2019-08-04 06:00:00,Weak (<64kt)
2019213N17155,WP,2019,FRANCISCO,70.0,970.0,1,84,2019-08-01 00:00:00,2019-08-11 06:00:00,Moderate (64-95kt)
2019214N15134,WP,2019,LEKIMA,105.0,925.0,4,101,2019-08-02 06:00:00,2019-08-14 18:00:00,Intense (>=96kt)
2019216N16147,WP,2019,KROSA,75.0,965.0,3,110,2019-08-04 00:00:00,2019-08-17 12:00:00,Moderate (64-95kt)
2019218N21088,NI,2019,UNNAMED,30.0,988.0,-5,26,2019-08-06 03:00:00,2019-08-09 06:00:00,Weak (<64kt)
2019231N13135,WP,2019,BAILU,50.0,985.0,0,59,2019-08-19 00:00:00,2019-08-26 06:00:00,Weak (<64kt)
2019236N08143,WP,2019,PODUL,40.0,992.0,0,55,2019-08-24 06:00:00,2019-08-31 00:00:00,Weak (<64kt)
2019242N14180,WP,2019,FAXAI,85.0,955.0,4,100,2019-08-30 09:00:00,2019-09-11 12:00:00,Moderate (64-95kt)
2019242N18126,WP,2019,KAJIKI,35.0,996.0,0,67,2019-08-30 00:00:00,2019-09-07 06:00:00,Weak (<64kt)
2019243N06136,WP,2019,LINGLING,95.0,940.0,4,99,2019-08-30 12:00:00,2019-09-11 18:00:00,Moderate (64-95kt)
2019250N24123,WP,2019,UNNAMED,,,-5,31,2019-09-07 00:00:00,2019-09-10 18:00:00,Unknown
2019255N09162,WP,2019,PEIPAH,35.0,1000.0,0,41,2019-09-12 06:00:00,2019-09-17 06:00:00,Weak (<64kt)
2019260N20129,WP,2019,TAPAH,65.0,970.0,1,53,2019-09-17 00:00:00,2019-09-23 12:00:00,Moderate (64-95kt)
2019264N19071,NI,2019,HIKAA:HIKKA,75.0,978.0,2,45,2019-09-20 18:00:00,2019-09-26 06:00:00,Moderate (64-95kt)
2019268N10155,WP,2019,MITAG,75.0,965.0,2,89,2019-09-24 12:00:00,2019-10-05 12:00:00,Moderate (64-95kt)
2019273N23070,NI,2019,UNNAMED,25.0,1002.0,-5,13,2019-09-29 12:00:00,2019-10-01 00:00:00,Weak (<64kt)
2019278N16165,WP,2019,HAGIBIS,105.0,915.0,5,83,2019-10-04 12:00:00,2019-10-14 12:00:00,Intense (>=96kt)
2019288N16136,WP,2019,NEOGURI,75.0,970.0,2,57,2019-10-15 00:00:00,2019-10-22 00:00:00,Moderate (64-95kt)
2019290N08169,WP,2019,BUALOI,100.0,935.0,5,71,2019-10-17 06:00:00,2019-10-26 00:00:00,Intense (>=96kt)
2019296N15066,NI,2019,KYAAR:KYARR,130.0,922.0,4,93,2019-10-22 18:00:00,2019-11-03 06:00:00,Intense (>=96kt)
2019301N05081,NI,2019,MAHA,100.0,956.0,3,111,2019-10-28 06:00:00,2019-11-11 00:00:00,Intense (>=96kt)
2019302N11118,NI,2019,BULBUL:MATMO,75.0,976.0,3,74,2019-11-01 21:00:00,2019-11-11 00:00:00,Moderate (64-95kt)
2019302N11118,WP,2019,BULBUL:MATMO,50.0,992.0,0,35,2019-10-28 12:00:00,2019-11-01 18:00:00,Weak (<64kt)
2019306N10162,WP,2019,HALONG,115.0,905.0,5,71,2019-11-01 12:00:00,2019-11-10 06:00:00,Intense (>=96kt)
2019308N13114,WP,2019,NAKRI,65.0,975.0,1,59,2019-11-04 00:00:00,2019-11-11 06:00:00,Moderate (64-95kt)
2019314N12172,WP,2019,FENGSHEN,85.0,965.0,4,71,2019-11-09 18:00:00,2019-11-18 12:00:00,Moderate (64-95kt)
2019314N14136,WP,2019,KALMAEGI,70.0,975.0,2,103,2019-11-09 18:00:00,2019-11-22 12:00:00,Moderate (64-95kt)
2019322N11144,WP,2019,FUNG-WONG,55.0,990.0,1,61,2019-11-17 12:00:00,2019-11-25 00:00:00,Weak (<64kt)
2019329N09160,WP,2019,KAMMURI,90.0,950.0,4,97,2019-11-24 12:00:00,2019-12-06 12:00:00,Moderate (64-95kt)
2019335N05058,NI,2019,PAWAN,40.0,998.0,0,57,2019-11-30 18:00:00,2019-12-07 18:00:00,Weak (<64kt)
2019336S06055,SI,2020,BELNA,85.0,965.0,3,75,2019-12-02 06:00:00,2019-12-11 12:00:00,Moderate (64-95kt)
2019337N11072,NI,2019,UNNAMED,30.0,1000.0,0,31,2019-12-02 12:00:00,2019-12-06 06:00:00,Weak (<64kt)
2019337S04065,SI,2020,AMBALI,120.0,930.0,5,49,2019-12-03 06:00:00,2019-12-09 06:00:00,Intense (>=96kt)
2019342N09062,NI,2019,UNNAMED,30.0,1000.0,-5,15,2019-12-08 09:00:00,2019-12-10 03:00:00,Weak (<64kt)
2019352S14070,SI,2020,CALVINIA,65.0,970.0,1,139,2019-12-17 12:00:00,2020-01-03 18:00:00,Moderate (64-95kt)
2019354N05151,WP,2019,PHANFONE,80.0,970.0,3,79,2019-12-19 12:00:00,2019-12-29 06:00:00,Moderate (64-95kt)
2020005S08133,SI,2020,CLAUDIA,80.0,963.0,2,93,2020-01-04 18:00:00,2020-01-19 06:00:00,Moderate (64-95kt)
2020005S13121,SI,2020,BLAKE,45.0,986.0,0,45,2020-01-04 12:00:00,2020-01-10 00:00:00,Weak (<64kt)
2020019S11063,SI,2020,UNNAMED,,,0,41,2020-01-19 06:00:00,2020-01-24 06:00:00,Unknown
2020022S17043,SI,2020,DIANE,40.0,990.0,0,61,2020-01-22 06:00:00,2020-01-29 18:00:00,Weak (<64kt)
2020023S19056,SI,2020,ESAMI,45.0,990.0,0,33,2020-01-22 12:00:00,2020-01-26 12:00:00,Weak (<64kt)
2020034S13063,SI,2020,FRANCISCO,45.0,995.0,0,101,2020-02-03 06:00:00,2020-02-15 18:00:00,Weak (<64kt)
2020034S17129,SI,2020,DAMIEN,85.0,955.0,2,67,2020-02-03 00:00:00,2020-02-10 12:00:00,Moderate (64-95kt)
2020045S15075,SI,2020,GABEKILE,90.0,950.0,2,75,2020-02-13 18:00:00,2020-02-23 00:00:00,Moderate (64-95kt)
2020052S13140,SI,2020,ESTHER,30.0,988.0,0,63,2020-02-25 06:00:00,2020-03-04 00:00:00,Weak (<64kt)
2020053S12119,SI,2020,FERDINAND,95.0,951.0,3,65,2020-02-22 00:00:00,2020-03-01 00:00:00,Moderate (64-95kt)
2020069S11113,SI,2020,UNNAMED,45.0,995.0,0,41,2020-03-09 00:00:00,2020-03-14 00:00:00,Weak (<64kt)
2020072S14054,SI,2020,HEROLD,90.0,955.0,3,71,2020-03-12 06:00:00,2020-03-21 00:00:00,Moderate (64-95kt)
2020092S12069,SI,2020,IRONDRO,95.0,950.0,3,49,2020-04-01 00:00:00,2020-04-07 00:00:00,Moderate (64-95kt)
2020104S12091,SI,2020,JERUTO,40.0,999.0,0,41,2020-04-13 06:00:00,2020-04-18 06:00:00,Weak (<64kt)
2020129N07134,WP,2020,VONGFONG,85.0,960.0,3,81,2020-05-08 06:00:00,2020-05-18 06:00:00,Moderate (64-95kt)
2020136N10088,NI,2020,AMPHAN,130.0,920.0,5,51,2020-05-15 06:00:00,2020-05-21 12:00:00,Intense (>=96kt)
2020139S04095,SI,2020,MANGGA,35.0,996.0,0,47,2020-05-18 00:00:00,2020-05-23 18:00:00,Weak (<64kt)
2020150N17054,NI,2020,UNNAMED,25.0,1000.0,-5,20,2020-05-29 09:00:00,2020-05-31 18:00:00,Weak (<64kt)
2020153N13072,NI,2020,NISARGA,60.0,984.0,2,29,2020-05-31 18:00:00,2020-06-04 06:00:00,Weak (<64kt)
2020160N10133,WP,2020,NURI,40.0,996.0,0,53,2020-06-08 00:00:00,2020-06-14 12:00:00,Weak (<64kt)
2020195N17125,WP,2020,UNNAMED,,,-5,10,2020-07-12 18:00:00,2020-07-13 21:00:00,Unknown
2020211N14124,WP,2020,SINLAKU,40.0,985.0,0,41,2020-07-29 00:00:00,2020-08-03 00:00:00,Weak (<64kt)
2020213N15131,WP,2020,HAGUPIT,70.0,975.0,1,98,2020-07-30 18:00:00,2020-08-11 21:00:00,Moderate (64-95kt)
2020220N14128,WP,2020,JANGMI,45.0,990.0,0,65,2020-08-06 18:00:00,2020-08-14 18:00:00,Weak (<64kt)
2020222N15117,WP,2020,MEKKHALA,50.0,992.0,1,29,2020-08-08 12:00:00,2020-08-12 00:00:00,Weak (<64kt)
2020222N26149,WP,2020,UNNAMED,,,0,33,2020-08-09 00:00:00,2020-08-13 00:00:00,Unknown
2020229N18123,WP,2020,HIGOS,55.0,992.0,0,47,2020-08-16 06:00:00,2020-08-20 06:00:00,Weak (<64kt)
2020234N19123,WP,2020,BAVI,85.0,950.0,3,73,2020-08-20 18:00:00,2020-08-29 18:00:00,Moderate (64-95kt)
2020239N13134,WP,2020,MAYSAK,95.0,935.0,4,97,2020-08-26 00:00:00,2020-09-07 00:00:00,Moderate (64-95kt)
2020244N25146,WP,2020,HAISHEN,105.0,910.0,4,87,2020-08-30 12:00:00,2020-09-10 06:00:00,Intense (>=96kt)
2020254N26143,WP,2020,UNNAMED,,,-1,17,2020-09-10 06:00:00,2020-09-12 06:00:00,Unknown
2020258N11127,WP,2020,NOUL,45.0,992.0,0,41,2020-09-14 00:00:00,2020-09-19 00:00:00,Weak (<64kt)
2020263N21136,WP,2020,DOLPHIN,60.0,975.0,0,85,2020-09-19 06:00:00,2020-09-29 18:00:00,Weak (<64kt)
2020270N17159,WP,2020,KUJIRA,60.0,980.0,1,50,2020-09-25 12:00:00,2020-10-01 15:00:00,Weak (<64kt)
2020277N21141,WP,2020,CHAN-HOM,70.0,965.0,1,129,2020-10-03 06:00:00,2020-10-19 06:00:00,Moderate (64-95kt)
2020281N14126,WP,2020,LINFA,45.0,994.0,0,45,2020-10-06 18:00:00,2020-10-12 06:00:00,Weak (<64kt)
2020285N15087,NI,2020,UNNAMED,30.0,996.0,-5,27,2020-10-11 00:00:00,2020-10-14 06:00:00,Weak (<64kt)
2020285N17120,WP,2020,NANGKA,45.0,990.0,0,30,2020-10-11 00:00:00,2020-10-14 15:00:00,Weak (<64kt)
2020288N13124,WP,2020,UNNAMED,,,-5,19,2020-10-14 06:00:00,2020-10-16 12:00:00,Unknown
2020291N06141,WP,2020,SAUDEL,65.0,975.0,1,79,2020-10-16 12:00:00,2020-10-26 06:00:00,Moderate (64-95kt)
2020291N18069,NI,2020,UNNAMED,25.0,1003.0,-5,14,2020-10-17 03:00:00,2020-10-18 18:00:00,Weak (<64kt)
2020293N23139,WP,2020,UNNAMED,,,-1,31,2020-10-19 06:00:00,2020-10-23 00:00:00,Unknown
2020296N09137,WP,2020,MOLAVE,90.0,940.0,3,61,2020-10-21 18:00:00,2020-10-29 06:00:00,Moderate (64-95kt)
2020296N19087,NI,2020,UNNAMED,25.0,998.0,-5,14,2020-10-22 03:00:00,2020-10-23 18:00:00,Weak (<64kt)
2020299N11144,WP,2020,GONI,120.0,905.0,5,97,2020-10-25 06:00:00,2020-11-06 06:00:00,Intense (>=96kt)
2020303N05149,WP,2020,ATSANI,50.0,992.0,0,78,2020-10-29 00:00:00,2020-11-07 15:00:00,Weak (<64kt)
2020312N10131,WP,2020,ETAU,45.0,992.0,0,39,2020-11-06 12:00:00,2020-11-11 06:00:00,Weak (<64kt)
2020313N08135,WP,2020,VAMCO,85.0,955.0,4,67,2020-11-08 00:00:00,2020-11-16 06:00:00,Moderate (64-95kt)
2020317S04092,SI,2021,ALICIA,65.0,975.0,1,73,2020-11-11 12:00:00,2020-11-20 12:00:00,Moderate (64-95kt)
2020326N11063,NI,2020,GATI,75.0,976.0,3,33,2020-11-20 12:00:00,2020-11-24 12:00:00,Moderate (64-95kt)
2020327N08086,NI,2020,NIVAR,65.0,982.0,1,43,2020-11-22 06:00:00,2020-11-27 12:00:00,Moderate (64-95kt)
2020332S11091,SI,2021,BONGOYO,60.0,980.0,0,129,2020-11-26 12:00:00,2020-12-12 12:00:00,Weak (<64kt)
2020335N06090,NI,2020,BUREVI,45.0,996.0,0,47,2020-11-29 12:00:00,2020-12-05 06:00:00,Weak (<64kt)
2020339S09106,SI,2021,UNNAMED,45.0,990.0,0,63,2020-12-04 06:00:00,2020-12-12 00:00:00,Weak (<64kt)
2020353N06129,NI,2020,KROVANH,,,-3,5,2020-12-25 00:00:00,2020-12-25 12:00:00,Unknown
2020353N06129,WP,2020,KROVANH,35.0,1000.0,-1,60,2020-12-17 12:00:00,2020-12-24 21:00:00,Weak (<64kt)
2020355S11065,SI,2021,CHALANE,60.0,975.0,1,121,2020-12-20 06:00:00,2021-01-04 06:00:00,Weak (<64kt)
2020366S12073,SI,2021,DANILO,55.0,982.0,0,107,2020-12-30 12:00:00,2021-01-12 18:00:00,Weak (<64kt)
2021005S10101,SI,2021,UNNAMED,35.0,999.0,-5,45,2021-01-05 00:00:00,2021-01-10 12:00:00,Weak (<64kt)
2021012S12086,SI,2021,ELOISE,80.0,965.0,2,129,2021-01-11 18:00:00,2021-01-27 18:00:00,Moderate (64-95kt)
2021013S12099,SI,2021,JOSHUA,50.0,988.0,0,71,2021-01-13 00:00:00,2021-01-21 18:00:00,Weak (<64kt)
2021018S11133,SI,2021,UNNAMED,35.0,992.0,0,43,2021-01-18 00:00:00,2021-01-23 06:00:00,Weak (<64kt)
2021020S13107,SI,2021,UNNAMED,40.0,994.0,0,111,2021-01-19 12:00:00,2021-02-02 06:00:00,Weak (<64kt)
2021028S15128,SI,2021,UNNAMED,35.0,990.0,0,89,2021-01-28 00:00:00,2021-02-08 00:00:00,Weak (<64kt)
2021035S11080,SI,2021,FARAJI,120.0,935.0,5,99,2021-02-04 00:00:00,2021-02-16 06:00:00,Intense (>=96kt)
2021042S23040,SI,2021,GUAMBE,80.0,957.0,2,93,2021-02-11 00:00:00,2021-02-22 12:00:00,Moderate (64-95kt)
2021046N06142,WP,2021,DUJUAN,40.0,996.0,0,69,2021-02-14 12:00:00,2021-02-23 00:00:00,Weak (<64kt)
2021053S13128,SI,2021,MARIAN,90.0,951.0,3,119,2021-02-22 06:00:00,2021-03-09 00:00:00,Moderate (64-95kt)
2021062S14064,SI,2021,HABANA,120.0,935.0,4,119,2021-03-02 18:00:00,2021-03-17 12:00:00,Intense (>=96kt)
2021062S18040,SI,2021,IMAN,45.0,992.0,0,73,2021-03-02 12:00:00,2021-03-11 12:00:00,Weak (<64kt)
2021079S12097,SI,2021,UNNAMED,35.0,1000.0,-5,55,2021-03-20 00:00:00,2021-03-26 18:00:00,Weak (<64kt)
2021092N11096,NI,2021,UNNAMED,25.0,1000.0,-5,10,2021-04-02 00:00:00,2021-04-03 03:00:00,Weak (<64kt)
2021093S10103,SI,2021,ODETTE,50.0,986.0,0,61,2021-04-03 00:00:00,2021-04-10 12:00:00,Weak (<64kt)
2021093S11122,SI,2021,SEROJA,65.0,967.0,1,77,2021-04-02 12:00:00,2021-04-12 00:00:00,Moderate (64-95kt)
2021097S10090,SI,2021,UNNAMED,35.0,1000.0,-5,35,2021-04-06 18:00:00,2021-04-11 00:00:00,Weak (<64kt)
2021102N06144,WP,2021,SURIGAE,120.0,895.0,5,152,2021-04-11 12:00:00,2021-04-30 09:00:00,Intense (>=96kt)
2021108S11067,SI,2021,JOBO,65.0,980.0,0,57,2021-04-17 18:00:00,2021-04-24 18:00:00,Moderate (64-95kt)
2021132N06132,WP,2021,UNNAMED,,,0,27,2021-05-11 18:00:00,2021-05-15 00:00:00,Unknown
2021133N10071,NI,2021,TAUKTAE,100.0,950.0,4,49,2021-05-13 06:00:00,2021-05-19 06:00:00,Intense (>=96kt)
2021143N15090,NI,2021,YAAS,75.0,970.0,1,39,2021-05-23 00:00:00,2021-05-27 18:00:00,Moderate (64-95kt)
2021148N05142,WP,2021,CHOI-WAN,40.0,998.0,0,73,2021-05-28 00:00:00,2021-06-06 00:00:00,Weak (<64kt)
2021161N18115,WP,2021,KOGUMA,35.0,996.0,0,27,2021-06-10 06:00:00,2021-06-13 12:00:00,Weak (<64kt)
2021171N09152,WP,2021,CHAMPI,65.0,980.0,1,73,2021-06-19 18:00:00,2021-06-28 18:00:00,Moderate (64-95kt)
2021185N13121,WP,2021,UNNAMED,,,-1,35,2021-07-03 18:00:00,2021-07-08 00:00:00,Unknown
2021186N16129,WP,2021,UNNAMED,,,-1,14,2021-07-04 12:00:00,2021-07-06 03:00:00,Unknown
2021197N17135,WP,2021,IN-FA,85.0,950.0,2,125,2021-07-15 18:00:00,2021-07-31 06:00:00,Moderate (64-95kt)
2021198N19117,WP,2021,CEMPAKA,70.0,980.0,1,65,2021-07-17 00:00:00,2021-07-25 00:00:00,Moderate (64-95kt)
2021204N21146,WP,2021,NEPARTAK,40.0,990.0,-2,72,2021-07-22 12:00:00,2021-07-31 06:00:00,Weak (<64kt)
2021214N20155,WP,2021,UNNAMED,,,0,37,2021-08-01 18:00:00,2021-08-06 06:00:00,Unknown
2021214N21110,WP,2021,LUPIT,45.0,982.0,0,111,2021-08-02 06:00:00,2021-08-15 18:00:00,Weak (<64kt)
2021215N24124,WP,2021,MIRINAE,50.0,980.0,0,63,2021-08-03 06:00:00,2021-08-11 00:00:00,Weak (<64kt)
2021216N22144,WP,2021,NIDA,55.0,992.0,0,41,2021-08-03 12:00:00,2021-08-08 12:00:00,Weak (<64kt)
2021219N08193,WP,2021,OMAIS,45.0,994.0,0,172,2021-08-10 03:00:00,2021-08-31 12:00:00,Weak (<64kt)
2021244N24164,WP,2021,UNNAMED,,,0,27,2021-09-01 00:00:00,2021-09-04 06:00:00,Unknown
2021248N11131,WP,2021,CONSON,50.0,992.0,1,69,2021-09-05 00:00:00,2021-09-13 12:00:00,Weak (<64kt)
2021248N12141,WP,2021,CHANTHU,115.0,905.0,5,119,2021-09-05 06:00:00,2021-09-20 00:00:00,Intense (>=96kt)
2021256N20087,NI,2021,UNNAMED,30.0,990.0,-5,19,2021-09-12 12:00:00,2021-09-14 18:00:00,Weak (<64kt)
2021264N13119,NI,2021,DIANMU,,,-5,2,2021-09-25 21:00:00,2021-09-26 00:00:00,Unknown
2021264N13119,WP,2021,DIANMU,35.0,1000.0,0,39,2021-09-21 00:00:00,2021-09-25 18:00:00,Weak (<64kt)
2021265N11150,WP,2021,MINDULLE,105.0,920.0,5,109,2021-09-22 06:00:00,2021-10-05 18:00:00,Intense (>=96kt)
2021267N18094,NI,2021,GULAB:SHAHEEN-GU,60.0,984.0,1,85,2021-09-23 18:00:00,2021-10-04 06:00:00,Weak (<64kt)
2021276N07131,WP,2021,LIONROCK,35.0,994.0,0,65,2021-10-02 18:00:00,2021-10-10 18:00:00,Weak (<64kt)
2021280N14068,NI,2021,UNNAMED,25.0,1002.0,-5,14,2021-10-07 03:00:00,2021-10-08 18:00:00,Weak (<64kt)
2021280N14137,WP,2021,KOMPASU,55.0,975.0,0,61,2021-10-07 00:00:00,2021-10-14 12:00:00,Weak (<64kt)
2021282N16165,WP,2021,NAMTHEUN,50.0,996.0,0,81,2021-10-08 18:00:00,2021-10-18 18:00:00,Weak (<64kt)
2021295N09145,WP,2021,MALOU,75.0,965.0,2,74,2021-10-22 06:00:00,2021-10-31 09:00:00,Moderate (64-95kt)
2021296N06127,WP,2021,UNNAMED,,,0,42,2021-10-22 12:00:00,2021-10-27 12:00:00,Unknown
2021312N07090,NI,2021,UNNAMED,25.0,1000.0,0,29,2021-11-08 06:00:00,2021-11-11 18:00:00,Weak (<64kt)
2021322N11082,NI,2021,UNNAMED,25.0,1000.0,-5,9,2021-11-18 03:00:00,2021-11-19 03:00:00,Weak (<64kt)
2021323S10103,SI,2022,PADDY,45.0,992.0,0,51,2021-11-19 06:00:00,2021-11-25 12:00:00,Weak (<64kt)
2021333N11146,WP,2021,NYATOH,100.0,925.0,4,51,2021-11-28 12:00:00,2021-12-04 18:00:00,Intense (>=96kt)
2021334S07101,SI,2022,TERATAI,40.0,996.0,0,99,2021-11-29 12:00:00,2021-12-11 18:00:00,Weak (<64kt)
2021335N08096,NI,2021,JAWAD,40.0,1000.0,0,45,2021-11-30 18:00:00,2021-12-06 06:00:00,Weak (<64kt)
2021346N05145,WP,2021,RAI,105.0,915.0,5,81,2021-12-11 12:00:00,2021-12-21 12:00:00,Intense (>=96kt)
2021349N05108,WP,2021,UNNAMED,,,-1,19,2021-12-15 00:00:00,2021-12-17 06:00:00,Unknown
2021358S09130,SI,2022,SETH,25.0,996.0,-1,38,2021-12-23 12:00:00,2021-12-28 03:00:00,Weak (<64kt)
2022008S13148,SI,2022,TIFFANY,35.0,992.0,0,42,2022-01-12 03:00:00,2022-01-17 06:00:00,Weak (<64kt)
2022020S13060,SI,2022,ANA,50.0,987.0,0,45,2022-01-20 00:00:00,2022-01-25 12:00:00,Weak (<64kt)
2022024S09090,SI,2022,BATSIRAI,110.0,923.0,4,141,2022-01-24 00:00:00,2022-02-10 12:00:00,Intense (>=96kt)
2022034S16082,SI,2022,CLIFF,45.0,991.0,0,85,2022-02-02 18:00:00,2022-02-13 06:00:00,Weak (<64kt)
2022037S10103,SI,2022,EMNATI,95.0,935.0,4,187,2022-02-05 12:00:00,2022-02-28 18:00:00,Moderate (64-95kt)
2022042S12063,SI,2022,DUMAKO,50.0,992.0,0,59,2022-02-11 06:00:00,2022-02-18 12:00:00,Weak (<64kt)
2022046S15095,SI,2022,FEZILE,55.0,975.0,-5,43,2022-02-15 06:00:00,2022-02-20 12:00:00,Weak (<64kt)
2022054S13100,SI,2022,VERNON,110.0,940.0,4,123,2022-02-23 00:00:00,2022-03-10 06:00:00,Intense (>=96kt)
2022054S14085,SI,2022,UNNAMED,45.0,995.0,0,39,2022-02-23 06:00:00,2022-02-28 00:00:00,Weak (<64kt)
2022055S13129,SI,2022,ANIKA,50.0,978.0,0,67,2022-02-23 18:00:00,2022-03-04 00:00:00,Weak (<64kt)
2022059S10106,SI,2022,UNNAMED,,,0,33,2022-02-27 12:00:00,2022-03-03 12:00:00,Unknown
2022062N06085,NI,2022,UNNAMED,30.0,1002.0,0,31,2022-03-03 00:00:00,2022-03-06 18:00:00,Weak (<64kt)
2022065S16055,SI,2022,GOMBE,85.0,955.0,3,95,2022-03-06 00:00:00,2022-03-17 18:00:00,Moderate (64-95kt)
2022072S11107,SI,2022,BILLY,50.0,988.0,1,41,2022-03-12 18:00:00,2022-03-17 18:00:00,Weak (<64kt)
2022076S10126,SI,2022,CHARLOTTE,90.0,956.0,2,79,2022-03-17 00:00:00,2022-03-26 18:00:00,Moderate (64-95kt)
2022079N10093,NI,2022,UNNAMED,30.0,1000.0,-5,25,2022-03-20 00:00:00,2022-03-23 00:00:00,Weak (<64kt)
2022080S09087,SI,2022,HALIMA,110.0,937.0,4,143,2022-03-20 18:00:00,2022-04-07 12:00:00,Intense (>=96kt)
2022088N09116,WP,2022,UNNAMED,,,0,27,2022-03-29 00:00:00,2022-04-01 06:00:00,Unknown
2022089S16109,SI,2022,UNNAMED,25.0,1004.0,-5,33,2022-03-30 00:00:00,2022-04-03 00:00:00,Weak (<64kt)
2022096N03150,WP,2022,MALAKAS,90.0,945.0,3,93,2022-04-06 06:00:00,2022-04-17 18:00:00,Moderate (64-95kt)
2022099N11128,WP,2022,MEGI,40.0,996.0,0,39,2022-04-08 12:00:00,2022-04-13 06:00:00,Weak (<64kt)
2022102S29032,SI,2022,ISSA,50.0,993.0,-5,21,2022-04-12 00:00:00,2022-04-14 12:00:00,Weak (<64kt)
2022110S12051,SI,2022,JASMINE,60.0,985.0,1,97,2022-04-20 06:00:00,2022-05-02 06:00:00,Weak (<64kt)
2022114S12100,SI,2022,UNNAMED,40.0,996.0,-5,25,2022-04-23 18:00:00,2022-04-26 18:00:00,Weak (<64kt)
2022116S14102,SI,2022,UNNAMED,35.0,998.0,-5,33,2022-04-25 12:00:00,2022-04-29 12:00:00,Weak (<64kt)
2022126N07095,NI,2022,ASANI,55.0,982.0,1,63,2022-05-05 12:00:00,2022-05-13 06:00:00,Weak (<64kt)
2022126S06088,SI,2022,KARIM,60.0,982.0,0,49,2022-05-05 18:00:00,2022-05-11 18:00:00,Weak (<64kt)
2022140N16097,NI,2022,UNNAMED,25.0,998.0,-5,6,2022-05-20 03:00:00,2022-05-20 18:00:00,Weak (<64kt)
2022180N15117,WP,2022,CHABA,70.0,965.0,1,77,2022-06-28 18:00:00,2022-07-07 18:00:00,Moderate (64-95kt)
2022180N15130,WP,2022,AERE,45.0,994.0,0,99,2022-06-29 00:00:00,2022-07-11 00:00:00,Weak (<64kt)
2022197N22069,NI,2022,UNNAMED,25.0,992.0,-5,14,2022-07-16 03:00:00,2022-07-17 18:00:00,Weak (<64kt)
2022208N15143,WP,2022,SONGDA,40.0,996.0,-1,53,2022-07-26 12:00:00,2022-08-02 00:00:00,Weak (<64kt)
2022208S08092,SI,2023,UNNAMED,45.0,993.0,0,43,2022-07-27 00:00:00,2022-08-01 06:00:00,Weak (<64kt)
2022211N20129,WP,2022,TRASES,35.0,998.0,0,27,2022-07-29 12:00:00,2022-08-01 18:00:00,Weak (<64kt)
2022215N21118,WP,2022,UNNAMED,,,-1,11,2022-08-03 06:00:00,2022-08-04 12:00:00,Unknown
2022220N16110,WP,2022,MULAN,35.0,994.0,-5,27,2022-08-08 00:00:00,2022-08-11 06:00:00,Weak (<64kt)
2022221N21086,NI,2022,UNNAMED,25.0,990.0,-5,6,2022-08-09 03:00:00,2022-08-09 18:00:00,Weak (<64kt)
2022221N24149,WP,2022,MEARI,40.0,988.0,0,67,2022-08-08 18:00:00,2022-08-16 18:00:00,Weak (<64kt)
2022224N22067,NI,2022,UNNAMED,25.0,990.0,0,20,2022-08-11 18:00:00,2022-08-14 03:00:00,Weak (<64kt)
2022226N22088,NI,2022,UNNAMED,25.0,994.0,-5,18,2022-08-14 03:00:00,2022-08-16 06:00:00,Weak (<64kt)
2022230N18095,NI,2022,UNNAMED,30.0,992.0,0,45,2022-08-17 12:00:00,2022-08-23 00:00:00,Weak (<64kt)
2022232N18131,WP,2022,MA-ON,55.0,985.0,1,51,2022-08-20 00:00:00,2022-08-26 06:00:00,Weak (<64kt)
2022233N22151,WP,2022,TOKAGE,75.0,970.0,2,47,2022-08-21 00:00:00,2022-08-26 18:00:00,Moderate (64-95kt)
2022239N22150,WP,2022,HINNAMNOR,105.0,920.0,5,105,2022-08-27 00:00:00,2022-09-09 00:00:00,Intense (>=96kt)
2022242N20133,WP,2022,UNNAMED,,,-1,19,2022-08-29 12:00:00,2022-08-31 18:00:00,Unknown
2022247N26147,WP,2022,MUIFA,85.0,950.0,3,107,2022-09-03 18:00:00,2022-09-17 00:00:00,Moderate (64-95kt)
2022254N20085,NI,2022,UNNAMED,25.0,998.0,-5,9,2022-09-11 00:00:00,2022-09-12 00:00:00,Weak (<64kt)
2022254N21158,WP,2022,MERBOK,70.0,940.0,1,50,2022-09-10 12:00:00,2022-09-16 15:00:00,Moderate (64-95kt)
2022254N24143,WP,2022,NANMADOL,105.0,910.0,4,76,2022-09-11 06:00:00,2022-09-20 06:00:00,Intense (>=96kt)
2022263N18137,WP,2022,TALAS,35.0,1000.0,0,63,2022-09-19 18:00:00,2022-09-27 12:00:00,Weak (<64kt)
2022264N17132,WP,2022,NORU,95.0,940.0,5,67,2022-09-21 00:00:00,2022-09-29 06:00:00,Moderate (64-95kt)
2022268N20147,WP,2022,KULAP,60.0,940.0,1,51,2022-09-25 00:00:00,2022-10-01 06:00:00,Weak (<64kt)
2022268S09088,SI,2023,ASHLEY,45.0,995.0,0,39,2022-09-25 00:00:00,2022-09-29 18:00:00,Weak (<64kt)
2022270N14136,WP,2022,ROKE,70.0,975.0,2,73,2022-09-26 12:00:00,2022-10-05 12:00:00,Moderate (64-95kt)
2022276S05090,SI,2023,BALITA,40.0,996.0,0,83,2022-10-03 06:00:00,2022-10-13 12:00:00,Weak (<64kt)
2022284N15152,WP,2022,HAITANG,35.0,1004.0,0,73,2022-10-11 06:00:00,2022-10-20 06:00:00,Weak (<64kt)
2022285N12116,WP,2022,SONCA,35.0,998.0,0,25,2022-10-12 06:00:00,2022-10-15 06:00:00,Weak (<64kt)
2022285N17140,WP,2022,NESAT,75.0,965.0,2,71,2022-10-12 00:00:00,2022-10-20 18:00:00,Moderate (64-95kt)
2022287N26154,WP,2022,HAITANG,,,-2,18,2022-10-14 06:00:00,2022-10-16 09:00:00,Unknown
2022288N25158,WP,2022,UNNAMED,,,-5,12,2022-10-14 15:00:00,2022-10-16 00:00:00,Unknown
2022292N21132,WP,2022,UNNAMED,,,-1,35,2022-10-19 00:00:00,2022-10-23 06:00:00,Unknown
2022295N13093,NI,2022,SITRANG,45.0,996.0,0,27,2022-10-21 18:00:00,2022-10-25 00:00:00,Weak (<64kt)
2022299N11134,WP,2022,NALGAE,60.0,975.0,1,65,2022-10-26 00:00:00,2022-11-03 00:00:00,Weak (<64kt)
2022301N07140,WP,2022,BANYAN,40.0,1002.0,0,47,2022-10-28 06:00:00,2022-11-03 00:00:00,Weak (<64kt)
2022305S04091,SI,2023,UNNAMED,35.0,1000.0,0,49,2022-11-01 00:00:00,2022-11-07 00:00:00,Weak (<64kt)
2022316N20167,WP,2022,YAMANEKO,35.0,1004.0,0,27,2022-11-11 12:00:00,2022-11-14 18:00:00,Weak (<64kt)
2022324N10086,NI,2022,UNNAMED,25.0,1003.0,-5,17,2022-11-20 00:00:00,2022-11-22 00:00:00,Weak (<64kt)
2022338N05100,NI,2022,MANDOUS,50.0,990.0,0,53,2022-12-04 00:00:00,2022-12-10 12:00:00,Weak (<64kt)
2022342N06133,WP,2022,PAKHAR,40.0,998.0,0,43,2022-12-08 00:00:00,2022-12-13 06:00:00,Weak (<64kt)
2022346S10098,SI,2023,DARIAN,125.0,915.0,4,173,2022-12-12 00:00:00,2023-01-02 12:00:00,Intense (>=96kt)
2022347N12074,NI,2022,UNNAMED,30.0,1000.0,0,53,2022-12-12 12:00:00,2022-12-19 00:00:00,Weak (<64kt)
2022355S10128,SI,2023,ELLIE,40.0,988.0,0,146,2022-12-21 06:00:00,2023-01-08 06:00:00,Weak (<64kt)
2022356N09085,NI,2022,UNNAMED,25.0,1004.0,-5,26,2022-12-22 03:00:00,2022-12-25 06:00:00,Weak (<64kt)
2023013S08081,SI,2023,CHENESO,75.0,950.0,1,157,2023-01-13 06:00:00,2023-02-01 18:00:00,Moderate (64-95kt)
2023030N08087,NI,2023,UNNAMED,25.0,1004.0,-5,28,2023-01-30 03:00:00,2023-02-02 12:00:00,Weak (<64kt)
2023032S12091,SI,2023,DINGANI,80.0,966.0,2,135,2023-01-31 18:00:00,2023-02-17 12:00:00,Moderate (64-95kt)
2023036S12117,SI,2023,FREDDY,125.0,927.0,5,305,2023-02-04 12:00:00,2023-03-14 12:00:00,Intense (>=96kt)
2023050S09094,SI,2023,ENALA,65.0,975.0,1,105,2023-02-18 12:00:00,2023-03-03 12:00:00,Moderate (64-95kt)
2023054S19117,SI,2023,UNNAMED,40.0,994.0,-5,72,2023-02-22 14:00:00,2023-03-03 09:00:00,Weak (<64kt)
2023084S11065,SI,2023,UNNAMED,40.0,997.0,-5,49,2023-03-25 06:00:00,2023-03-31 06:00:00,Weak (<64kt)
2023087S10096,SI,2023,HERMAN,115.0,930.0,4,61,2023-03-27 12:00:00,2023-04-04 00:00:00,Intense (>=96kt)
2023096S07135,SI,2023,ILSA,125.0,915.0,5,79,2023-04-05 15:00:00,2023-04-15 06:00:00,Intense (>=96kt)
2023101N14127,WP,2023,UNNAMED,,,-5,19,2023-04-11 00:00:00,2023-04-13 06:00:00,Unknown
2023108N03160,WP,2023,SANVU,45.0,996.0,0,71,2023-04-18 00:00:00,2023-04-26 18:00:00,Weak (<64kt)
2023129N08091,NI,2023,MOCHA,115.0,938.0,5,51,2023-05-08 18:00:00,2023-05-15 00:00:00,Intense (>=96kt)
2023132S03090,SI,2023,FABIEN,90.0,959.0,3,115,2023-05-11 18:00:00,2023-05-26 00:00:00,Moderate (64-95kt)
2023138N05151,WP,2023,MAWAR,115.0,900.0,5,133,2023-05-18 00:00:00,2023-06-03 12:00:00,Intense (>=96kt)
2023156N10067,NI,2023,BIPARJOY,90.0,958.0,3,113,2023-06-05 00:00:00,2023-06-19 00:00:00,Moderate (64-95kt)
2023156N12135,WP,2023,GUCHOL,80.0,960.0,2,95,2023-06-04 18:00:00,2023-06-16 12:00:00,Moderate (64-95kt)
2023160N20092,NI,2023,UNNAMED,,,0,15,2023-06-08 12:00:00,2023-06-10 06:00:00,Unknown
2023194N16123,WP,2023,TALIM,60.0,970.0,1,65,2023-07-13 06:00:00,2023-07-19 06:00:00,Weak (<64kt)
2023201N13134,WP,2023,DOKSURI,100.0,925.0,4,87,2023-07-20 06:00:00,2023-07-31 00:00:00,Intense (>=96kt)
2023207N09141,WP,2023,KHANUN,95.0,930.0,4,133,2023-07-26 06:00:00,2023-08-11 18:00:00,Moderate (64-95kt)
2023212N19090,NI,2023,UNNAMED,30.0,988.0,0,31,2023-07-30 12:00:00,2023-08-03 06:00:00,Weak (<64kt)
2023213N14257,WP,2023,DORA,75.0,980.0,3,80,2023-08-12 03:00:00,2023-08-22 00:00:00,Moderate (64-95kt)
2023218N25145,WP,2023,LAN,90.0,940.0,4,103,2023-08-06 00:00:00,2023-08-18 12:00:00,Moderate (64-95kt)
2023234N18128,WP,2023,SAOLA,105.0,920.0,5,131,2023-08-22 00:00:00,2023-09-04 00:00:00,Intense (>=96kt)
2023234N19154,WP,2023,DAMREY,50.0,980.0,0,71,2023-08-21 12:00:00,2023-08-30 06:00:00,Weak (<64kt)
2023239N18144,WP,2023,HAIKUI,85.0,945.0,3,117,2023-08-27 00:00:00,2023-09-10 12:00:00,Moderate (64-95kt)
2023241N10158,WP,2023,KIROGI,45.0,994.0,1,77,2023-08-29 00:00:00,2023-09-07 12:00:00,Weak (<64kt)
2023247N20130,WP,2023,YUN-YEUNG,40.0,998.0,0,43,2023-09-04 00:00:00,2023-09-09 06:00:00,Weak (<64kt)
2023266N16116,WP,2023,UNNAMED,,,-1,31,2023-09-23 00:00:00,2023-09-26 18:00:00,Unknown
2023271N14144,WP,2023,KOINU,90.0,940.0,4,117,2023-09-27 12:00:00,2023-10-10 00:00:00,Moderate (64-95kt)
2023273N16073,NI,2023,UNNAMED,25.0,1002.0,-5,8,2023-09-30 03:00:00,2023-10-01 00:00:00,Weak (<64kt)
2023279N08157,WP,2023,BOLAVEN,115.0,905.0,5,77,2023-10-06 00:00:00,2023-10-15 12:00:00,Intense (>=96kt)
2023289N15111,WP,2023,SANBA,40.0,1000.0,0,43,2023-10-15 18:00:00,2023-10-21 00:00:00,Weak (<64kt)
2023292N11063,NI,2023,TEJ,95.0,964.0,3,43,2023-10-19 06:00:00,2023-10-24 12:00:00,Moderate (64-95kt)
2023293N12089,NI,2023,HAMOON,65.0,984.0,2,41,2023-10-20 06:00:00,2023-10-25 06:00:00,Moderate (64-95kt)
2023314N05149,WP,2023,UNNAMED,,,-1,63,2023-11-09 18:00:00,2023-11-17 12:00:00,Unknown
2023317N10094,NI,2023,MIDHILI,50.0,996.0,0,39,2023-11-13 06:00:00,2023-11-18 00:00:00,Weak (<64kt)
2023334N08088,NI,2023,MICHAUNG,55.0,986.0,1,49,2023-11-30 06:00:00,2023-12-06 06:00:00,Weak (<64kt)
2023349N04141,WP,2023,JELAWAT,35.0,1002.0,-1,35,2023-12-14 12:00:00,2023-12-18 18:00:00,Weak (<64kt)
2023364S19035,SI,2024,ALVARO,65.0,982.0,1,67,2023-12-29 12:00:00,2024-01-06 18:00:00,Moderate (64-95kt)
2024012S09093,SI,2024,ANGGREK,105.0,942.0,4,169,2024-01-11 12:00:00,2024-02-01 12:00:00,Intense (>=96kt)
2024012S12059,SI,2024,BELAL,75.0,968.0,2,93,2024-01-11 18:00:00,2024-01-23 06:00:00,Moderate (64-95kt)
2024022S16058,SI,2024,CANDICE,55.0,980.0,0,51,2024-01-22 06:00:00,2024-01-28 12:00:00,Weak (<64kt)
2024029S15063,SI,2024,UNNAMED,,,0,39,2024-01-28 18:00:00,2024-02-02 12:00:00,Unknown
2024044S14066,SI,2024,DJOUNGOU,115.0,920.0,5,57,2024-02-13 06:00:00,2024-02-20 06:00:00,Intense (>=96kt)
2024044S15134,SI,2024,LINCOLN,35.0,996.0,0,71,2024-02-13 06:00:00,2024-02-25 12:00:00,Weak (<64kt)
2024049S17052,SI,2024,ELEANOR,55.0,984.0,0,71,2024-02-17 18:00:00,2024-02-26 12:00:00,Weak (<64kt)
2024061S11062,SI,2024,FILIPO,80.0,983.0,0,117,2024-03-01 06:00:00,2024-03-15 18:00:00,Moderate (64-95kt)
2024067S10090,SI,2024,NEVILLE,100.0,948.0,4,149,2024-03-07 00:00:00,2024-03-25 12:00:00,Intense (>=96kt)
2024073S14128,SI,2024,MEGAN,30.0,995.0,-1,33,2024-03-12 12:00:00,2024-03-21 06:00:00,Weak (<64kt)
2024082S08054,SI,2024,GAMANE,75.0,972.0,2,89,2024-03-21 12:00:00,2024-04-01 12:00:00,Moderate (64-95kt)
2024096S11120,SI,2024,OLGA,110.0,933.0,4,59,2024-04-04 12:00:00,2024-04-11 18:00:00,Intense (>=96kt)
2024121S07047,SI,2024,HIDAYA,80.0,967.0,1,39,2024-04-29 18:00:00,2024-05-04 12:00:00,Moderate (64-95kt)
2024134S07055,SI,2024,IALY,65.0,981.0,1,79,2024-05-12 18:00:00,2024-05-22 12:00:00,Moderate (64-95kt)
2024139S02072,SI,2024,UNNAMED,,,0,27,2024-05-17 18:00:00,2024-05-21 00:00:00,Unknown
2024141N03142,WP,2024,EWINIAR,75.0,970.0,2,107,2024-05-20 00:00:00,2024-06-02 06:00:00,Moderate (64-95kt)
2024145N14087,NI,2024,REMAL,60.0,978.0,0,40,2024-05-23 12:00:00,2024-05-28 06:00:00,Weak (<64kt)
2024151N18113,WP,2024,MALIKSI,35.0,998.0,-1,51,2024-05-30 00:00:00,2024-06-05 06:00:00,Weak (<64kt)
2024195N13114,WP,2024,UNNAMED,,,-1,23,2024-07-13 00:00:00,2024-07-15 18:00:00,Unknown
2024198N08130,WP,2024,PRAPIROON,55.0,985.0,0,79,2024-07-15 12:00:00,2024-07-25 06:00:00,Weak (<64kt)
2024201N12133,WP,2024,GAEMI,90.0,935.0,4,79,2024-07-19 00:00:00,2024-07-28 18:00:00,Moderate (64-95kt)
2024201N19086,NI,2024,UNNAMED,25.0,990.0,-5,10,2024-07-19 03:00:00,2024-07-20 06:00:00,Weak (<64kt)
2024216N24085,NI,2024,UNNAMED,30.0,988.0,-5,27,2024-08-02 12:00:00,2024-08-05 18:00:00,Weak (<64kt)
2024218N23143,WP,2024,MARIA,55.0,980.0,1,78,2024-08-05 00:00:00,2024-08-14 12:00:00,Weak (<64kt)
2024224N27154,WP,2024,SON-TINH,40.0,984.0,0,55,2024-08-10 12:00:00,2024-08-17 18:00:00,Weak (<64kt)
2024225N22135,WP,2024,AMPIL,85.0,950.0,3,80,2024-08-11 12:00:00,2024-08-21 09:00:00,Moderate (64-95kt)
2024225N24147,WP,2024,WUKONG,35.0,1002.0,-1,60,2024-08-11 18:00:00,2024-08-19 03:00:00,Weak (<64kt)
2024231N24126,WP,2024,JONGDARI,40.0,996.0,0,37,2024-08-18 00:00:00,2024-08-22 12:00:00,Weak (<64kt)
2024233N15148,WP,2024,SHANSHAN,95.0,935.0,4,102,2024-08-20 06:00:00,2024-09-01 18:00:00,Moderate (64-95kt)
2024238N25077,NI,2024,ASNA,40.0,990.0,0,75,2024-08-25 00:00:00,2024-09-03 06:00:00,Weak (<64kt)
2024244N09137,WP,2024,YAGI,105.0,915.0,5,81,2024-08-30 12:00:00,2024-09-09 12:00:00,Intense (>=96kt)
2024244N18085,NI,2024,UNNAMED,25.0,996.0,-5,19,2024-08-31 00:00:00,2024-09-02 06:00:00,Weak (<64kt)
2024246N22147,WP,2024,LEEPI,35.0,1002.0,0,57,2024-09-01 12:00:00,2024-09-08 12:00:00,Weak (<64kt)
2024247N28179,WP,2024,HONE,,,-5,7,2024-09-03 00:00:00,2024-09-03 18:00:00,Unknown
2024252N18087,NI,2024,UNNAMED,30.0,991.0,-5,19,2024-09-08 00:00:00,2024-09-10 06:00:00,Weak (<64kt)
2024253N11148,WP,2024,BEBINCA,75.0,965.0,1,79,2024-09-08 18:00:00,2024-09-18 12:00:00,Moderate (64-95kt)
2024255N24080,NI,2024,UNNAMED,25.0,994.0,-5,16,2024-09-11 03:00:00,2024-09-13 00:00:00,Weak (<64kt)
2024258N22091,NI,2024,UNNAMED,30.0,989.0,-5,35,2024-09-13 12:00:00,2024-09-17 18:00:00,Weak (<64kt)
2024259N12145,WP,2024,PULASAN,45.0,992.0,0,78,2024-09-15 00:00:00,2024-09-24 15:00:00,Weak (<64kt)
2024259N17126,WP,2024,SOULIK,35.0,992.0,0,45,2024-09-15 00:00:00,2024-09-20 12:00:00,Weak (<64kt)
2024264N20128,WP,2024,UNNAMED,,,-1,25,2024-09-19 12:00:00,2024-09-22 12:00:00,Unknown
2024267N29129,WP,2024,CIMARON,35.0,998.0,0,57,2024-09-23 06:00:00,2024-09-30 06:00:00,Weak (<64kt)
2024269N14150,WP,2024,JEBI,65.0,980.0,1,65,2024-09-24 18:00:00,2024-10-02 18:00:00,Moderate (64-95kt)
2024270N24128,WP,2024,KRATHON,105.0,920.0,4,63,2024-09-26 00:00:00,2024-10-03 18:00:00,Intense (>=96kt)
2024274S09075,SI,2025,ANCHA,45.0,992.0,0,61,2024-09-29 18:00:00,2024-10-07 06:00:00,Weak (<64kt)
2024278N11150,WP,2024,BARIJAT,45.0,976.0,0,90,2024-10-04 06:00:00,2024-10-15 09:00:00,Weak (<64kt)
2024288N16065,NI,2024,UNNAMED,25.0,1001.0,-5,17,2024-10-13 12:00:00,2024-10-15 12:00:00,Weak (<64kt)
2024290N11084,NI,2024,UNNAMED,25.0,1000.0,-5,11,2024-10-15 12:00:00,2024-10-16 18:00:00,Weak (<64kt)
2024293N13141,WP,2024,TRAMI,60.0,970.0,1,89,2024-10-18 12:00:00,2024-10-29 12:00:00,Weak (<64kt)
2024295N15092,NI,2024,DANA,60.0,986.0,1,39,2024-10-21 06:00:00,2024-10-26 00:00:00,Weak (<64kt)
2024298N13150,WP,2024,KONG-REY,100.0,925.0,5,77,2024-10-24 00:00:00,2024-11-02 12:00:00,Intense (>=96kt)
2024307N06143,WP,2024,YINXING,100.0,945.0,4,89,2024-11-02 06:00:00,2024-11-13 06:00:00,Intense (>=96kt)
2024312N14145,WP,2024,TORAJI,70.0,980.0,1,93,2024-11-07 06:00:00,2024-11-15 12:00:00,Moderate (64-95kt)
2024313N10169,WP,2024,MAN-YI,105.0,920.0,5,99,2024-11-07 18:00:00,2024-11-20 00:00:00,Intense (>=96kt)
2024313S06092,SI,2025,BHEKI,100.0,948.0,4,135,2024-11-08 06:00:00,2024-11-25 00:00:00,Intense (>=96kt)
2024314N07151,WP,2024,USAGI,95.0,940.0,4,61,2024-11-09 00:00:00,2024-11-16 12:00:00,Moderate (64-95kt)
2024328S09096,SI,2025,ROBYN,55.0,985.0,0,67,2024-11-23 06:00:00,2024-12-01 12:00:00,Weak (<64kt)
2024329N04089,NI,2024,FENGAL,45.0,996.0,0,87,2024-11-23 18:00:00,2024-12-04 12:00:00,Weak (<64kt)
2024341S12086,SI,2025,CHIDO,115.0,935.0,4,97,2024-12-05 12:00:00,2024-12-17 12:00:00,Intense (>=96kt)
2024356N14084,NI,2024,UNNAMED,25.0,1002.0,-5,7,2024-12-20 12:00:00,2024-12-21 06:00:00,Weak (<64kt)
2024357N10115,WP,2024,PABUK,35.0,1002.0,-1,37,2024-12-21 18:00:00,2024-12-26 06:00:00,Weak (<64kt)
2024359S13097,SI,2025,UNNAMED,35.0,999.0,0,57,2024-12-24 00:00:00,2024-12-31 00:00:00,Weak (<64kt)
2024364S13117,SI,2025,DIKELEDI,95.0,947.0,3,179,2024-12-28 18:00:00,2025-01-20 00:00:00,Moderate (64-95kt)
2025008S13107,SI,2025,UNNAMED,40.0,1000.0,-5,45,2025-01-08 00:00:00,2025-01-13 12:00:00,Weak (<64kt)
2025017S18122,SI,2025,SEAN,95.0,942.0,4,51,2025-01-17 00:00:00,2025-01-23 06:00:00,Moderate (64-95kt)
2025024S11082,SI,2025,FAIDA,30.0,997.0,0,101,2025-01-23 18:00:00,2025-02-05 06:00:00,Weak (<64kt)
2025029S25043,SI,2025,ELVIS,50.0,965.0,0,45,2025-01-28 18:00:00,2025-02-03 06:00:00,Weak (<64kt)
2025031S15106,SI,2025,VINCE,120.0,923.0,4,107,2025-01-31 00:00:00,2025-02-13 06:00:00,Intense (>=96kt)
2025032S14120,SI,2025,TALIAH,75.0,964.0,2,169,2025-01-31 12:00:00,2025-02-21 12:00:00,Moderate (64-95kt)
2025039S14125,SI,2025,ZELIA,115.0,927.0,4,56,2025-02-08 00:00:00,2025-02-14 18:00:00,Intense (>=96kt)
2025050S12125,SI,2025,BIANCA,95.0,954.0,3,69,2025-02-19 00:00:00,2025-02-27 12:00:00,Moderate (64-95kt)
2025052S23038,SI,2025,HONDE,65.0,969.0,1,117,2025-02-21 06:00:00,2025-03-07 18:00:00,Moderate (64-95kt)
2025054S17051,SI,2025,GARANCE,100.0,947.0,3,79,2025-02-23 06:00:00,2025-03-05 00:00:00,Intense (>=96kt)
2025064S05095,SI,2025,IVONE,50.0,981.0,0,87,2025-03-04 18:00:00,2025-03-15 12:00:00,Weak (<64kt)
2025064S12067,SI,2025,JUDE,70.0,972.0,1,111,2025-03-04 18:00:00,2025-03-18 12:00:00,Moderate (64-95kt)
2025076S13107,SI,2025,UNNAMED,45.0,991.0,0,67,2025-03-17 00:00:00,2025-03-25 06:00:00,Weak (<64kt)
2025082S13116,SI,2025,COURTNEY,110.0,934.0,4,95,2025-03-22 12:00:00,2025-04-03 06:00:00,Intense (>=96kt)
2025086S14121,SI,2025,DIANNE,50.0,984.0,0,29,2025-03-26 18:00:00,2025-03-30 06:00:00,Weak (<64kt)
2025100S09132,SI,2025,ERROL,110.0,936.0,5,73,2025-04-09 12:00:00,2025-04-18 12:00:00,Intense (>=96kt)
2025106S10135,SI,2025,UNNAMED,25.0,1005.0,-1,10,2025-04-21 21:00:00,2025-04-23 00:00:00,Weak (<64kt)
2025107S30034,SI,2025,KANTO,55.0,994.0,-5,45,2025-04-16 12:00:00,2025-04-22 00:00:00,Weak (<64kt)
2025161N15114,WP,2025,WUTIP,55.0,980.0,1,45,2025-06-10 06:00:00,2025-06-15 18:00:00,Weak (<64kt)
2025172N21147,WP,2025,SEPAT,35.0,1004.0,0,43,2025-06-21 06:00:00,2025-06-26 12:00:00,Weak (<64kt)
2025175N16117,WP,2025,UNNAMED,,,-1,25,2025-06-24 00:00:00,2025-06-27 00:00:00,Unknown
2025182N22149,WP,2025,MUN,50.0,990.0,0,80,2025-07-01 00:00:00,2025-07-10 21:00:00,Weak (<64kt)
2025184N20122,WP,2025,DANAS,75.0,965.0,2,65,2025-07-03 00:00:00,2025-07-11 00:00:00,Moderate (64-95kt)
2025191N19142,WP,2025,NARI,45.0,990.0,0,58,2025-07-09 18:00:00,2025-07-16 18:00:00,Weak (<64kt)
2025193N30123,WP,2025,UNNAMED,,,-1,23,2025-07-11 18:00:00,2025-07-14 12:00:00,Unknown
2025196N33141,WP,2025,UNNAMED,,,0,5,2025-07-15 06:00:00,2025-07-15 18:00:00,Unknown
2025197N14131,WP,2025,WIPHA,60.0,975.0,1,53,2025-07-16 06:00:00,2025-07-22 18:00:00,Weak (<64kt)
2025198S10090,SI,2026,UNNAMED,,,0,23,2025-07-16 18:00:00,2025-07-19 12:00:00,Unknown
2025203N18133,WP,2025,FRANCISCO,40.0,990.0,0,41,2025-07-22 06:00:00,2025-07-27 06:00:00,Weak (<64kt)
2025203N20124,WP,2025,CO-MAY,60.0,975.0,1,99,2025-07-22 00:00:00,2025-08-03 06:00:00,Weak (<64kt)
2025205N13145,WP,2025,KROSA,75.0,965.0,1,101,2025-07-23 12:00:00,2025-08-05 00:00:00,Moderate (64-95kt)
2025212N26130,WP,2025,BAILU,35.0,994.0,0,62,2025-07-30 18:00:00,2025-08-07 09:00:00,Weak (<64kt)
2025216N28163,WP,2025,UNNAMED,,,-1,9,2025-08-04 06:00:00,2025-08-05 06:00:00,Unknown
2025218N19149,WP,2025,PODUL,80.0,960.0,2,75,2025-08-05 18:00:00,2025-08-15 00:00:00,Moderate (64-95kt)
2025218N27159,WP,2025,UNNAMED,,,-1,17,2025-08-05 12:00:00,2025-08-07 12:00:00,Unknown
2025219S07062,SI,2026,AWO,,,0,13,2025-08-07 00:00:00,2025-08-08 12:00:00,Unknown
2025229N17111,WP,2025,UNNAMED,,,-1,23,2025-08-16 18:00:00,2025-08-19 12:00:00,Unknown
2025229N22127,WP,2025,LINGLING,45.0,994.0,0,48,2025-08-17 06:00:00,2025-08-23 00:00:00,Weak (<64kt)
2025233N15126,NI,2025,KAJIKI,,,-5,2,2025-08-26 21:00:00,2025-08-27 00:00:00,Unknown
2025233N15126,WP,2025,KAJIKI,80.0,950.0,2,45,2025-08-21 06:00:00,2025-08-26 18:00:00,Moderate (64-95kt)
2025240N15117,WP,2025,NONGFA,40.0,996.0,0,29,2025-08-27 18:00:00,2025-08-31 06:00:00,Weak (<64kt)
2025245N19129,WP,2025,PEIPAH,45.0,980.0,0,69,2025-09-02 00:00:00,2025-09-10 00:00:00,Weak (<64kt)
2025248N18120,WP,2025,TAPAH,60.0,980.0,1,34,2025-09-05 00:00:00,2025-09-09 03:00:00,Weak (<64kt)
2025252S09069,SI,2026,BLOSSOM,,,0,31,2025-09-09 06:00:00,2025-09-13 00:00:00,Unknown
2025259N13126,WP,2025,MITAG,50.0,992.0,0,43,2025-09-15 12:00:00,2025-09-20 18:00:00,Weak (<64kt)
2025260N13138,WP,2025,RAGASA,110.0,905.0,5,71,2025-09-16 18:00:00,2025-09-25 12:00:00,Intense (>=96kt)
2025261N23166,WP,2025,NEOGURI,100.0,925.0,4,98,2025-09-17 12:00:00,2025-09-29 15:00:00,Intense (>=96kt)
2025266N11137,NI,2025,BUALOI,,,-5,6,2025-09-29 21:00:00,2025-09-30 12:00:00,Unknown
2025266N11137,WP,2025,BUALOI,65.0,975.0,1,57,2025-09-22 18:00:00,2025-09-29 18:00:00,Moderate (64-95kt)
2025274N14133,WP,2025,MATMO,70.0,975.0,2,47,2025-09-30 18:00:00,2025-10-06 12:00:00,Moderate (64-95kt)
2025274N16087,NI,2025,UNNAMED,,,0,11,2025-10-01 06:00:00,2025-10-02 12:00:00,Unknown
2025276N20147,WP,2025,HALONG,100.0,935.0,4,68,2025-10-03 00:00:00,2025-10-11 09:00:00,Intense (>=96kt)
2025276N22067,NI,2025,SHAKHTI,,,1,29,2025-10-03 00:00:00,2025-10-06 12:00:00,Unknown
2025280N13147,WP,2025,NAKRI,70.0,970.0,1,77,2025-10-06 12:00:00,2025-10-16 00:00:00,Moderate (64-95kt)
2025289N13140,WP,2025,FENGSHEN,50.0,990.0,0,63,2025-10-15 12:00:00,2025-10-23 06:00:00,Weak (<64kt)
2025291S08074,SI,2026,CHENGE,,,0,63,2025-10-18 00:00:00,2025-10-25 18:00:00,Unknown
2025300N11086,NI,2025,MONTHA,,,0,21,2025-10-26 12:00:00,2025-10-29 00:00:00,Unknown
2025305N08140,WP,2025,KALMAEGI,90.0,950.0,4,59,2025-10-31 12:00:00,2025-11-07 18:00:00,Moderate (64-95kt)
2025308N09144,WP,2025,FUNG-WONG,95.0,935.0,4,77,2025-11-04 06:00:00,2025-11-13 18:00:00,Moderate (64-95kt)
2025322S10131,SI,2026,FINA,,,3,57,2025-11-18 06:00:00,2025-11-25 06:00:00,Unknown
2025328N07132,WP,2025,KOTO,70.0,970.0,1,81,2025-11-23 12:00:00,2025-12-03 12:00:00,Moderate (64-95kt)
2025330N05099,NI,2025,SENYAR,,,0,11,2025-11-25 12:00:00,2025-11-26 18:00:00,Unknown
2025330N05099,WP,2025,SENYAR,,,-1,28,2025-11-26 21:00:00,2025-11-30 06:00:00,Unknown
2025331N07081,NI,2025,DITWAH,,,0,45,2025-11-27 00:00:00,2025-12-02 12:00:00,Unknown
2025346S08098,SI,2026,BAKUNG,,,1,51,2025-12-12 00:00:00,2025-12-18 06:00:00,Unknown
2025352S12110,SI,2026,GRANT,,,4,155,2025-12-18 06:00:00,2026-01-06 12:00:00,Unknown
2025362S13120,SI,2026,HAYLEY,,,2,23,2025-12-28 06:00:00,2025-12-31 00:00:00,Unknown
2026001S11106,SI,2026,IGGY,,,0,25,2025-12-31 18:00:00,2026-01-03 18:00:00,Unknown
2026005S10097,SI,2026,JENNA,,,2,39,2026-01-04 18:00:00,2026-01-09 12:00:00,Unknown
2026011S14076,SI,2026,DUDZAI,,,4,85,2026-01-10 18:00:00,2026-01-21 06:00:00,Unknown
2026014N08133,WP,2026,NOKAEN,40.0,996.0,0,69,2026-01-13 18:00:00,2026-01-22 06:00:00,Weak (<64kt)
2026021S26041,SI,2026,EWETSE,,,0,7,2026-01-20 18:00:00,2026-01-21 12:00:00,Unknown
2026023S13120,SI,2026,LUANA,,,0,15,2026-01-23 00:00:00,2026-01-24 18:00:00,Unknown
2026030S16043,SI,2026,FYTIA,,,3,47,2026-01-29 18:00:00,2026-02-04 12:00:00,Unknown
2026034N10137,WP,2026,PENHA,35.0,1002.0,0,33,2026-02-03 00:00:00,2026-02-07 00:00:00,Weak (<64kt)
2026037S18122,SI,2026,MITCHELL,,,1,29,2026-02-06 00:00:00,2026-02-09 12:00:00,Unknown
2026039S18057,SI,2026,GEZANI,,,3,81,2026-02-08 00:00:00,2026-02-18 00:00:00,Unknown
2026051S15076,SI,2026,HORACIO,,,5,57,2026-02-20 00:00:00,2026-02-27 00:00:00,Unknown
2026063S12109,SI,2026,UNNAMED,,,0,19,2026-03-04 06:00:00,2026-03-06 12:00:00,Unknown
2026065S16114,SI,2026,UNNAMED,,,0,45,2026-03-06 00:00:00,2026-03-11 12:00:00,Unknown
2026070N10137,WP,2026,NURI,,,-1,11,2026-03-11 00:00:00,2026-03-12 06:00:00,Unknown
2026076S12157,SI,2026,NARELLE,,,4,52,2026-03-21 21:00:00,2026-03-28 06:00:00,Unknown
2026092S11074,SI,2026,INDUSA,,,2,33,2026-04-02 00:00:00,2026-04-06 00:00:00,Unknown
2026099N09152,WP,2026,SINLAKU,,,5,89,2026-04-09 00:00:00,2026-04-20 00:00:00,Unknown
2026126N08148,WP,2026,HAGUPIT,,,0,47,2026-05-05 18:00:00,2026-05-11 12:00:00,Unknown
2026147N10138,WP,2026,JANGMI,,,1,61,2026-05-27 06:00:00,2026-06-03 18:00:00,Unknown
2026170N12145,WP,2026,MEKKHALA,,,4,71,2026-06-18 18:00:00,2026-06-27 12:00:00,Unknown
2026174N14148,WP,2026,HIGOS,,,0,37,2026-06-22 12:00:00,2026-06-27 00:00:00,Unknown
2026182N09163,WP,2026,BAVI,,,5,111,2026-07-01 00:00:00,2026-07-14 18:00:00,Unknown
2026183N17115,WP,2026,MAYSAK,,,0,29,2026-07-01 18:00:00,2026-07-05 06:00:00,Unknown
2026204N17128,WP,2026,NOUL,,,2,25,2026-07-23 06:00:00,2026-07-26 06:00:00,Unknown
2026208N13178,WP,2026,DOLPHIN,,,0,9,2026-07-27 00:00:00,2026-07-28 00:00:00,Unknown
