SID,BASIN,SEASON,NAME,exclusion_reason
 , ,Year, ,Not in target basins
1876273N14301,EP,1876,UNNAMED,Not in target basins
1897005S10135,SP,1897,UNNAMED,Not in target basins
1897026S18128,SP,1897,UNNAMED,Not in target basins
1897342S09138,SP,1898,UNNAMED,Not in target basins
1897357S17121,SP,1898,UNNAMED,Not in target basins
1898034S19152,SP,1898,UNNAMED,Not in target basins
1898125S31156,SP,1898,UNNAMED,Not in target basins
1899011S14125,SP,1899,UNNAMED,Not in target basins
1899035S15139,SP,1899,UNNAMED,Not in target basins
1899063S12145,SP,1899,UNNAMED,Not in target basins
1900061S15124,SP,1900,UNNAMED,Not in target basins
1901031S12112,SP,1901,UNNAMED,Not in target basins
1902035S13122,SP,1902,UNNAMED,Not in target basins
1902116S28155,SP,1902,UNNAMED,Not in target basins
1902276N14266,EP,1902,UNNAMED,Not in target basins
1904190S33142,SP,1905,UNNAMED,Not in target basins
1906029S17147,SP,1906,UNNAMED,Not in target basins
1906061S16149,SP,1906,UNNAMED,Not in target basins
1907018S13147,SP,1907,UNNAMED,Not in target basins
1907070S16118,SP,1907,UNNAMED,Not in target basins
1907306S23131,SP,1908,UNNAMED,Not in target basins
1908007S13140,SP,1908,UNNAMED,Not in target basins
1908072S18150,SP,1908,UNNAMED,Not in target basins
1908117S14124,SP,1908,UNNAMED,Not in target basins
1908214S30142,SP,1909,UNNAMED,Not in target basins
1908342S12122,SP,1909,UNNAMED,Not in target basins
1909030S14153,SP,1909,UNNAMED,Not in target basins
1909033S14140,SP,1909,UNNAMED,Not in target basins
1909070S11140,SP,1909,UNNAMED,Not in target basins
1909160S32154,SP,1909,UNNAMED,Not in target basins
1910020S20136,SP,1910,UNNAMED,Not in target basins
1910025S13148,SP,1910,UNNAMED,Not in target basins
1910027S13148,SP,1910,UNNAMED,Not in target basins
1910062S16128,SP,1910,UNNAMED,Not in target basins
1910270S17120,SP,1911,UNNAMED,Not in target basins
1910322S15120,SP,1911,UNNAMED,Not in target basins
1910351S22139,SP,1911,UNNAMED,Not in target basins
1911003S15138,SP,1911,UNNAMED,Not in target basins
1911013S15139,SP,1911,UNNAMED,Not in target basins
1911013S30150,SP,1911,UNNAMED,Not in target basins
1911041S13143,SP,1911,UNNAMED,Not in target basins
1911042S14145,SP,1911,UNNAMED,Not in target basins
1911075S15147,SP,1911,UNNAMED,Not in target basins
1911077S16147,SP,1911,UNNAMED,Not in target basins
1911080S14149,SP,1911,UNNAMED,Not in target basins
1911082S14149,SP,1911,UNNAMED,Not in target basins
1911247N12303,EP,1911,UNNAMED,Not in target basins
1912006S20155,SP,1912,UNNAMED,Not in target basins
1912008S20155,SP,1912,UNNAMED,Not in target basins
1912065S17120,SP,1912,UNNAMED,Not in target basins
1912075S13137,SP,1912,UNNAMED,Not in target basins
1912096S13147,SP,1912,UNNAMED,Not in target basins
1912098S13147,SP,1912,UNNAMED,Not in target basins
1912105S14152,SP,1912,UNNAMED,Not in target basins
1912107S14152,SP,1912,UNNAMED,Not in target basins
1912127S18164,SP,1912,UNNAMED,Not in target basins
1912173S18137,SP,1912,UNNAMED,Not in target basins
1912194S18135,SP,1913,UNNAMED,Not in target basins
1913007S25144,SP,1913,UNNAMED,Not in target basins
1913008S20135,SP,1913,UNNAMED,Not in target basins
1913012S13154,SP,1913,UNNAMED,Not in target basins
1913013S12154,SP,1913,UNNAMED,Not in target basins
1913020S13138,SP,1913,UNNAMED,Not in target basins
1913022S13139,SP,1913,UNNAMED,Not in target basins
1913028S10139,SP,1913,UNNAMED,Not in target basins
1913028S17152,SP,1913,UNNAMED,Not in target basins
1913094S12147,SP,1913,UNNAMED,Not in target basins
1913096S12148,SP,1913,UNNAMED,Not in target basins
1913104S14152,SP,1913,UNNAMED,Not in target basins
1913361S13142,SP,1914,UNNAMED,Not in target basins
1914049S16159,SP,1914,UNNAMED,Not in target basins
1914051S16160,SP,1914,UNNAMED,Not in target basins
1914065S13157,SP,1914,UNNAMED,Not in target basins
1914067S13157,SP,1914,UNNAMED,Not in target basins
1914362S19143,SP,1915,UNNAMED,Not in target basins
1914364S19143,SP,1915,UNNAMED,Not in target basins
1915036S17148,SP,1915,UNNAMED,Not in target basins
1915038S17148,SP,1915,UNNAMED,Not in target basins
1915054S19114,SP,1915,UNNAMED,Not in target basins
1915069S13153,SP,1915,UNNAMED,Not in target basins
1915071S13153,SP,1915,UNNAMED,Not in target basins
1916005S17159,SP,1916,UNNAMED,Not in target basins
1916005S17165,SP,1916,UNNAMED,Not in target basins
1916040S17157,SP,1916,UNNAMED,Not in target basins
1916042S18158,SP,1916,UNNAMED,Not in target basins
1916049S12148,SP,1916,UNNAMED,Not in target basins
1916051S12148,SP,1916,UNNAMED,Not in target basins
1916102S16153,SP,1916,UNNAMED,Not in target basins
1916104S16153,SP,1916,UNNAMED,Not in target basins
1916127S19165,SP,1916,UNNAMED,Not in target basins
1916146S15159,SP,1916,UNNAMED,Not in target basins
1916198S22130,SP,1917,UNNAMED,Not in target basins
1916266S32142,SP,1917,UNNAMED,Not in target basins
1916361S19152,SP,1917,UNNAMED,Not in target basins
1916363S17152,SP,1917,UNNAMED,Not in target basins
1917001S18141,SP,1917,UNNAMED,Not in target basins
1917003S18140,SP,1917,UNNAMED,Not in target basins
1917085S13148,SP,1917,UNNAMED,Not in target basins
1917087S13147,SP,1917,UNNAMED,Not in target basins
1917245S31150,SP,1918,UNNAMED,Not in target basins
1917347S18163,SP,1918,UNNAMED,Not in target basins
1917349S18164,SP,1918,UNNAMED,Not in target basins
1918019S19152,SP,1918,UNNAMED,Not in target basins
1918020S19152,SP,1918,UNNAMED,Not in target basins
1918021S16153,SP,1918,UNNAMED,Not in target basins
1918031S18120,SP,1918,UNNAMED,Not in target basins
1918043S17163,SP,1918,UNNAMED,Not in target basins
1918044S17164,SP,1918,UNNAMED,Not in target basins
1918067S14154,SP,1918,UNNAMED,Not in target basins
1918069S14153,SP,1918,UNNAMED,Not in target basins
1918074S17162,SP,1918,UNNAMED,Not in target basins
1918076S17162,SP,1918,UNNAMED,Not in target basins
1918085S18162,SP,1918,UNNAMED,Not in target basins
1919061S21155,SP,1919,UNNAMED,Not in target basins
1919062S14128,SP,1919,UNNAMED,Not in target basins
1919063S21155,SP,1919,UNNAMED,Not in target basins
1919135S21155,SP,1919,UNNAMED,Not in target basins
1920033S15151,SP,1920,UNNAMED,Not in target basins
1920042S20168,SP,1920,UNNAMED,Not in target basins
1920341S31153,SP,1921,UNNAMED,Not in target basins
1920352S11147,SP,1921,UNNAMED,Not in target basins
1920353S10147,SP,1921,UNNAMED,Not in target basins
1921008S12139,SP,1921,UNNAMED,Not in target basins
1921020S15150,SP,1921,UNNAMED,Not in target basins
1921022S15150,SP,1921,UNNAMED,Not in target basins
1921088S12147,SP,1921,UNNAMED,Not in target basins
1921090S12148,SP,1921,UNNAMED,Not in target basins
1921091S12147,SP,1921,UNNAMED,Not in target basins
1921092S14151,SP,1921,UNNAMED,Not in target basins
1921094S14151,SP,1921,UNNAMED,Not in target basins
1921182S24151,SP,1922,UNNAMED,Not in target basins
1921183S29150,SP,1922,UNNAMED,Not in target basins
1921202S16158,SP,1922,UNNAMED,Not in target basins
1921275S28156,SP,1922,UNNAMED,Not in target basins
1922016S12152,SP,1922,UNNAMED,Not in target basins
1922018S13151,SP,1922,UNNAMED,Not in target basins
1922018S21172,SP,1922,UNNAMED,Not in target basins
1922038S20156,SP,1922,UNNAMED,Not in target basins
1922051S24155,SP,1922,UNNAMED,Not in target basins
1923018S12152,SP,1923,UNNAMED,Not in target basins
1923028S15168,SP,1923,UNNAMED,Not in target basins
1923041S12163,SP,1923,UNNAMED,Not in target basins
1923045S14166,SP,1923,UNNAMED,Not in target basins
1923050S12152,SP,1923,UNNAMED,Not in target basins
1923053S11151,SP,1923,UNNAMED,Not in target basins
1923055S11151,SP,1923,UNNAMED,Not in target basins
1923080S12146,SP,1923,UNNAMED,Not in target basins
1923084S11153,SP,1923,UNNAMED,Not in target basins
1923101S21156,SP,1923,UNNAMED,Not in target basins
1923103S21156,SP,1923,UNNAMED,Not in target basins
1923114S23141,SP,1923,UNNAMED,Not in target basins
1923153S29143,SP,1923,UNNAMED,Not in target basins
1923176S37150,SP,1923,UNNAMED,Not in target basins
1923285N10267,EP,1923,UNNAMED,Not in target basins
1924018S20157,SP,1924,UNNAMED,Not in target basins
1924020S20157,SP,1924,UNNAMED,Not in target basins
1925055S18153,SP,1925,UNNAMED,Not in target basins
1925153S19152,SP,1925,UNNAMED,Not in target basins
1925169S20152,SP,1925,UNNAMED,Not in target basins
1926038S15151,SP,1926,UNNAMED,Not in target basins
1926040S15151,SP,1926,UNNAMED,Not in target basins
1926081S16129,SP,1926,UNNAMED,Not in target basins
1926083S17129,SP,1926,UNNAMED,Not in target basins
1926122S21154,SP,1926,UNNAMED,Not in target basins
1926136S22154,SP,1926,UNNAMED,Not in target basins
1927037S15153,SP,1927,UNNAMED,Not in target basins
1927039S15153,SP,1927,UNNAMED,Not in target basins
1927061S27155,SP,1927,UNNAMED,Not in target basins
1927089S15153,SP,1927,UNNAMED,Not in target basins
1927333S22157,SP,1928,UNNAMED,Not in target basins
1928044S25155,SP,1928,UNNAMED,Not in target basins
1928062S17148,SP,1928,UNNAMED,Not in target basins
1928110S18153,SP,1928,UNNAMED,Not in target basins
1928110S21154,SP,1928,UNNAMED,Not in target basins
1929011S20154,SP,1929,UNNAMED,Not in target basins
1929021S16151,SP,1929,UNNAMED,Not in target basins
1929051S18151,SP,1929,UNNAMED,Not in target basins
1929055S14153,SP,1929,UNNAMED,Not in target basins
1929057S16144,SP,1929,UNNAMED,Not in target basins
1929153S17154,SP,1929,UNNAMED,Not in target basins
1929153S26157,SP,1929,UNNAMED,Not in target basins
1929165S18154,SP,1929,UNNAMED,Not in target basins
1930004S14149,SP,1930,UNNAMED,Not in target basins
1930019S15153,SP,1930,UNNAMED,Not in target basins
1930028S17150,SP,1930,UNNAMED,Not in target basins
1930061S14150,SP,1930,UNNAMED,Not in target basins
1931030S15137,SP,1931,UNNAMED,Not in target basins
1931183S32155,SP,1932,UNNAMED,Not in target basins
1932017S14141,SP,1932,UNNAMED,Not in target basins
1933066S22155,SP,1933,UNNAMED,Not in target basins
1933069S15153,SP,1933,UNNAMED,Not in target basins
1933092S24153,SP,1933,UNNAMED,Not in target basins
1933183S18154,SP,1934,UNNAMED,Not in target basins
1933359S17154,SP,1934,UNNAMED,Not in target basins
1934018S14156,SP,1934,UNNAMED,Not in target basins
1934031S17140,SP,1934,UNNAMED,Not in target basins
1934050S13147,SP,1934,UNNAMED,Not in target basins
1934069S12153,SP,1934,UNNAMED,Not in target basins
1934156N17273,EP,1934,UNNAMED,Not in target basins
1934183S20157,SP,1935,UNNAMED,Not in target basins
1934242S21157,SP,1935,UNNAMED,Not in target basins
1935015S13137,SP,1935,UNNAMED,Not in target basins
1935053S14156,SP,1935,UNNAMED,Not in target basins
1935122S14154,SP,1935,UNNAMED,Not in target basins
1935145S15154,SP,1935,UNNAMED,Not in target basins
1935183S17152,SP,1936,UNNAMED,Not in target basins
1935188S18151,SP,1936,UNNAMED,Not in target basins
1936045S12152,SP,1936,UNNAMED,Not in target basins
1936078S14155,SP,1936,UNNAMED,Not in target basins
1937046S14158,SP,1937,UNNAMED,Not in target basins
1937047S15160,SP,1937,UNNAMED,Not in target basins
1937065S09130,SP,1937,UNNAMED,Not in target basins
1938017S20160,SP,1938,UNNAMED,Not in target basins
1938047S16131,SP,1938,UNNAMED,Not in target basins
1938082S15159,SP,1938,UNNAMED,Not in target basins
1939026S23145,SP,1939,UNNAMED,Not in target basins
1939027S32157,SP,1939,UNNAMED,Not in target basins
1939062S23156,SP,1939,UNNAMED,Not in target basins
1939078S13148,SP,1939,UNNAMED,Not in target basins
1940002S13148,SP,1940,UNNAMED,Not in target basins
1940035S10178,SP,1940,UNNAMED,Not in target basins
1940045S09177,SP,1940,UNNAMED,Not in target basins
1940063S16154,SP,1940,UNNAMED,Not in target basins
1940075S17158,SP,1940,UNNAMED,Not in target basins
1940082S13151,SP,1940,UNNAMED,Not in target basins
1940082S14152,SP,1940,UNNAMED,Not in target basins
1940091S13155,SP,1940,UNNAMED,Not in target basins
1940215S18149,SP,1941,UNNAMED,Not in target basins
1941013S09200,SP,1941,UNNAMED,Not in target basins
1941032S09172,SP,1941,UNNAMED,Not in target basins
1941047S14187,SP,1941,UNNAMED,Not in target basins
1941057S08185,SP,1941,UNNAMED,Not in target basins
1941092S13150,SP,1941,UNNAMED,Not in target basins
1941149S17148,SP,1941,UNNAMED,Not in target basins
1942038S15157,SP,1942,UNNAMED,Not in target basins
1942047S09202,SP,1942,UNNAMED,Not in target basins
1942047S17150,SP,1942,UNNAMED,Not in target basins
1942056S10177,SP,1942,UNNAMED,Not in target basins
1942065S18165,SP,1942,UNNAMED,Not in target basins
1942361S12172,SP,1943,UNNAMED,Not in target basins
1943001S14148,SP,1943,UNNAMED,Not in target basins
1943027S14154,SP,1943,UNNAMED,Not in target basins
1943041S15150,SP,1943,UNNAMED,Not in target basins
1943063S17172,SP,1943,UNNAMED,Not in target basins
1943075S15183,SP,1943,UNNAMED,Not in target basins
1943349S13147,SP,1944,UNNAMED,Not in target basins
1944016S15160,SP,1944,UNNAMED,Not in target basins
1944027S11180,SP,1944,UNNAMED,Not in target basins
1944066S17153,SP,1944,UNNAMED,Not in target basins
1944075S13185,SP,1944,UNNAMED,Not in target basins
1944084S12156,SP,1944,UNNAMED,Not in target basins
1945030S14149,SP,1945,UNNAMED,Not in target basins
1945063S15142,SP,1945,UNNAMED,Not in target basins
1945072S14151,SP,1945,UNNAMED,Not in target basins
1945275N16279,EP,1945,UNNAMED,Not in target basins
1946010S15206,SP,1946,UNNAMED,Not in target basins
1946013S10163,SP,1946,UNNAMED,Not in target basins
1946016S15148,SP,1946,UNNAMED,Not in target basins
1946038S13150,SP,1946,UNNAMED,Not in target basins
1946055S10169,SP,1946,UNNAMED,Not in target basins
1946061S14153,SP,1946,UNNAMED,Not in target basins
1946076S13167,SP,1946,UNNAMED,Not in target basins
1946091S15155,SP,1946,UNNAMED,Not in target basins
1946100S14153,SP,1946,UNNAMED,Not in target basins
1946251N11165,EP,1946,PRISCILL,Not in target basins
1946358S12180,SP,1947,UNNAMED,Not in target basins
1946364S16148,SP,1947,UNNAMED,Not in target basins
1947011S10175,SP,1947,UNNAMED,Not in target basins
1947017S10168,SP,1947,UNNAMED,Not in target basins
1947033S13147,SP,1947,UNNAMED,Not in target basins
1947052S13167,SP,1947,UNNAMED,Not in target basins
1947053S21154,SP,1947,UNNAMED,Not in target basins
1947068S12161,SP,1947,UNNAMED,Not in target basins
1947074S21154,SP,1947,UNNAMED,Not in target basins
1947086S16138,SP,1947,UNNAMED,Not in target basins
1947093S23155,SP,1947,UNNAMED,Not in target basins
1947101S16138,SP,1947,UNNAMED,Not in target basins
1948006S10142,SP,1948,UNNAMED,Not in target basins
1948011S16140,SP,1948,UNNAMED,Not in target basins
1948011S20157,SP,1948,UNNAMED,Not in target basins
1948021S08178,SP,1948,UNNAMED,Not in target basins
1948024S13170,SP,1948,UNNAMED,Not in target basins
1948026S17164,SP,1948,UNNAMED,Not in target basins
1948027S15148,SP,1948,UNNAMED,Not in target basins
1948031S12180,SP,1948,UNNAMED,Not in target basins
1948032S13179,SP,1948,UNNAMED,Not in target basins
1948042S15148,SP,1948,UNNAMED,Not in target basins
1948051S13134,SP,1948,UNNAMED,Not in target basins
1948051S13167,SP,1948,UNNAMED,Not in target basins
1948070S15166,SP,1948,UNNAMED,Not in target basins
1948080S11156,SP,1948,UNNAMED,Not in target basins
1948121S23153,SP,1948,UNNAMED,Not in target basins
1948154S25153,SP,1948,UNNAMED,Not in target basins
1948193S25153,SP,1949,UNNAMED,Not in target basins
1948340S12176,SP,1949,UNNAMED,Not in target basins
1949009S14142,SP,1949,UNNAMED,Not in target basins
1949017S09171,SP,1949,UNNAMED,Not in target basins
1949024S18172,SP,1949,UNNAMED,Not in target basins
1949038S13155,SP,1949,UNNAMED,Not in target basins
1949045S25155,SP,1949,UNNAMED,Not in target basins
1949057S14156,SP,1949,UNNAMED,Not in target basins
1949072S15173,SP,1949,UNNAMED,Not in target basins
1949084S14157,SP,1949,UNNAMED,Not in target basins
1949162N20254,EP,1949,UNNAMED,Not in target basins
1949169N14253,EP,1949,UNNAMED,Not in target basins
1949246N17248,EP,1949,UNNAMED,Not in target basins
1949247N17254,EP,1949,UNNAMED,Not in target basins
1949253N19251,EP,1949,UNNAMED,Not in target basins
1949261N15259,EP,1949,UNNAMED,Not in target basins
1949270N13270,EP,1949,UNNAMED,Not in target basins
1949272N16253,EP,1949,UNNAMED,Not in target basins
1949317N09158,EP,1949,ALLYN,Not in target basins
1949343S15156,SP,1950,UNNAMED,Not in target basins
1949349S14177,SP,1950,UNNAMED,Not in target basins
1950012S14150,SP,1950,UNNAMED,Not in target basins
1950013S14139,SP,1950,UNNAMED,Not in target basins
1950022S16161,SP,1950,UNNAMED,Not in target basins
1950052S17194,SP,1950,UNNAMED,Not in target basins
1950054S16153,SP,1950,UNNAMED,Not in target basins
1950055S15156,SP,1950,UNNAMED,Not in target basins
1950059S15188,SP,1950,UNNAMED,Not in target basins
1950064S13146,SP,1950,UNNAMED,Not in target basins
1950064S14166,SP,1950,UNNAMED,Not in target basins
1950087S14175,SP,1950,UNNAMED,Not in target basins
1950166N14262,EP,1950,UNNAMED,Not in target basins
1950185N18254,EP,1950,UNNAMED,Not in target basins
1950191N16252,EP,1950,UNNAMED,Not in target basins
1950224N15216,EP,1950,HIKI,Not in target basins
1950225N18243,EP,1950,UNNAMED,Not in target basins
1950227N20207,EP,1950,UNNAMED,Not in target basins
1950231S18193,SP,1951,UNNAMED,Not in target basins
1950239N17229,EP,1950,UNNAMED,Not in target basins
1950255S16163,SP,1951,UNNAMED,Not in target basins
1950275N14251,EP,1950,UNNAMED,Not in target basins
1951009S16140,SP,1951,UNNAMED,Not in target basins
1951025S24152,SP,1951,UNNAMED,Not in target basins
1951050S14170,SP,1951,UNNAMED,Not in target basins
1951069S13145,SP,1951,UNNAMED,Not in target basins
1951080N23195,EP,1951,UNNAMED,Not in target basins
1951083S08159,SP,1951,UNNAMED,Not in target basins
1951124N04167,EP,1951,JOAN,Not in target basins
1951138N11256,EP,1951,UNNAMED,Not in target basins
1951152N14264,EP,1951,UNNAMED,Not in target basins
1951178N17259,EP,1951,UNNAMED,Not in target basins
1951181N21122,EP,1951,UNNAMED,Not in target basins
1951187N17256,EP,1951,UNNAMED,Not in target basins
1951216N11266,EP,1951,UNNAMED,Not in target basins
1951237N16259,EP,1951,UNNAMED,Not in target basins
1951255N17254,EP,1951,UNNAMED,Not in target basins
1951267N13259,EP,1951,UNNAMED,Not in target basins
1951295N21152,EP,1951,SARAH,Not in target basins
1951300N13155,EP,1951,THELMA,Not in target basins
1951301N16128,EP,1951,VERA,Not in target basins
1951332N14256,EP,1951,UNNAMED,Not in target basins
1951353S09173,SP,1952,UNNAMED,Not in target basins
1952019S11139,SP,1952,UNNAMED,Not in target basins
1952021S07177,SP,1952,UNNAMED,Not in target basins
1952021S11140,SP,1952,UNNAMED,Not in target basins
1952023S11158,SP,1952,UNNAMED,Not in target basins
1952024S11159,SP,1952,UNNAMED,Not in target basins
1952057S15146,SP,1952,UNNAMED,Not in target basins
1952063S15153,SP,1952,UNNAMED,Not in target basins
1952092S14164,SP,1952,UNNAMED,Not in target basins
1952107S09156,SP,1952,UNNAMED,Not in target basins
1952151N13247,EP,1952,UNNAMED,Not in target basins
1952165N15261,EP,1952,UNNAMED,Not in target basins
1952171N12130,EP,1952,DINAH,Not in target basins
1952201N20251,EP,1952,UNNAMED,Not in target basins
1952206N17245,EP,1952,UNNAMED,Not in target basins
1952217N15127,EP,1952,IVY,Not in target basins
1952224N14135,EP,1952,KAREN,Not in target basins
1952258N18178,EP,1952,OLIVE,Not in target basins
1952260N18252,EP,1952,UNNAMED,Not in target basins
1952271N18252,EP,1952,UNNAMED,Not in target basins
1952288N17239,EP,1952,UNNAMED,Not in target basins
1952301S16150,SP,1953,UNNAMED,Not in target basins
1952303N09149,EP,1952,AGNES,Not in target basins
1952321N10146,EP,1952,CARMEN,Not in target basins
1952350S17158,SP,1953,UNNAMED,Not in target basins
1953013S15140,SP,1953,UNNAMED,Not in target basins
1953050S17159,SP,1953,UNNAMED,Not in target basins
1953060S13162,SP,1953,UNNAMED,Not in target basins
1953061S21171,SP,1953,UNNAMED,Not in target basins
1953080S24153,SP,1953,UNNAMED,Not in target basins
1953105S10143,SP,1953,UNNAMED,Not in target basins
1953237N19251,EP,1953,UNNAMED,Not in target basins
1953253N18238,EP,1953,UNNAMED,Not in target basins
1953257N18252,EP,1953,UNNAMED,Not in target basins
1953274N16113,EP,1953,VIOLA,Not in target basins
1953275N14258,EP,1953,UNNAMED,Not in target basins
1953285N09161,EP,1953,ALICE,Not in target basins
1954003S13142,SP,1954,UNNAMED,Not in target basins
1954012S16184,SP,1954,UNNAMED,Not in target basins
1954025S16164,SP,1954,UNNAMED,Not in target basins
1954036S14149,SP,1954,UNNAMED,Not in target basins
1954044S11178,SP,1954,UNNAMED,Not in target basins
1954061S18151,SP,1954,UNNAMED,Not in target basins
1954070S13164,SP,1954,UNNAMED,Not in target basins
1954169N13267,EP,1954,UNNAMED,Not in target basins
1954191N15255,EP,1954,UNNAMED,Not in target basins
1954193N14265,EP,1954,UNNAMED,Not in target basins
1954206N19247,EP,1954,UNNAMED,Not in target basins
1954223N22138,EP,1954,GRACE,Not in target basins
1954223N22150,EP,1954,HELEN,Not in target basins
1954240N13151,EP,1954,KATHY,Not in target basins
1954245N17244,EP,1954,UNNAMED,Not in target basins
1954248N20253,EP,1954,UNNAMED,Not in target basins
1954253N18157,EP,1954,LORNA,Not in target basins
1954259N20253,EP,1954,UNNAMED,Not in target basins
1954261N11150,EP,1954,MARIE,Not in target basins
1954264N17256,EP,1954,UNNAMED,Not in target basins
1954270N14264,EP,1954,UNNAMED,Not in target basins
1954285N13265,EP,1954,UNNAMED,Not in target basins
1954285N14160,EP,1954,OLGA,Not in target basins
1954300N13269,EP,1954,UNNAMED,Not in target basins
1954354S12155,SP,1955,UNNAMED,Not in target basins
1955001S13163,SP,1955,UNNAMED,Not in target basins
1955006S16201,SP,1955,UNNAMED,Not in target basins
1955010S12142,SP,1955,UNNAMED,Not in target basins
1955023S10168,SP,1955,UNNAMED,Not in target basins
1955056S14175,SP,1955,UNNAMED,Not in target basins
1955065S17184,SP,1955,UNNAMED,Not in target basins
1955065S23155,SP,1955,UNNAMED,Not in target basins
1955081S11164,SP,1955,UNNAMED,Not in target basins
1955100S22168,SP,1955,UNNAMED,Not in target basins
1955157N14251,EP,1955,UNNAMED,Not in target basins
1955159N11251,EP,1955,UNNAMED,Not in target basins
1955188N16261,EP,1955,UNNAMED,Not in target basins
1955196N23153,EP,1955,ELLEN,Not in target basins
1955198N23137,EP,1955,UNNAMED,Not in target basins
1955199N20131,EP,1955,FRAN,Not in target basins
1955241N17144,EP,1955,JOAN,Not in target basins
1955244N18256,EP,1955,UNNAMED,Not in target basins
1955263N13150,EP,1955,LOUISE,Not in target basins
1955274N19254,EP,1955,UNNAMED,Not in target basins
1955277N16134,EP,1955,NORA,Not in target basins
1955289N15256,EP,1955,UNNAMED,Not in target basins
1955289N19128,EP,1955,OPAL,Not in target basins
1955341S20167,SP,1956,UNNAMED,Not in target basins
1955359S12158,SP,1956,UNNAMED,Not in target basins
1956001S17189,SP,1956,UNNAMED,Not in target basins
1956016S15140,SP,1956,UNNAMED,Not in target basins
1956016S18153,SP,1956,UNNAMED,Not in target basins
1956021S21164,SP,1956,UNNAMED,Not in target basins
1956029S14177,SP,1956,UNNAMED,Not in target basins
1956036S15145,SP,1956,UNNAMED,Not in target basins
1956037S15149,SP,1956,UNNAMED,Not in target basins
1956045S14147,SP,1956,UNNAMED,Not in target basins
1956054S17175,SP,1956,AGNES,Not in target basins
1956063S18171,SP,1956,UNNAMED,Not in target basins
1956073S21169,SP,1956,UNNAMED,Not in target basins
1956084S12138,SP,1956,UNNAMED,Not in target basins
1956087S18149,SP,1956,UNNAMED,Not in target basins
1956093S14154,SP,1956,UNNAMED,Not in target basins
1956097S18162,SP,1956,UNNAMED,Not in target basins
1956140N13247,EP,1956,UNNAMED,Not in target basins
1956151N16256,EP,1956,UNNAMED,Not in target basins
1956161N17253,EP,1956,UNNAMED,Not in target basins
1956161N17255,EP,1956,UNNAMED,Not in target basins
1956165N13263,EP,1956,UNNAMED,Not in target basins
1956191N18252,EP,1956,UNNAMED,Not in target basins
1956197N17238,EP,1956,UNNAMED,Not in target basins
1956236N17247,EP,1956,UNNAMED,Not in target basins
1956247N18235,EP,1956,UNNAMED,Not in target basins
1956248N16245,EP,1956,UNNAMED,Not in target basins
1956257N17255,EP,1956,UNNAMED,Not in target basins
1956257N18131,EP,1956,FREDA,Not in target basins
1956263N15142,EP,1956,HARRIET,Not in target basins
1956291N18245,EP,1956,UNNAMED,Not in target basins
1956316S12157,SP,1957,UNNAMED,Not in target basins
1956322S15169,SP,1957,UNNAMED,Not in target basins
1956351S10133,SP,1957,UNNAMED,Not in target basins
1956357S26152,SP,1957,UNNAMED,Not in target basins
1956357S26154,SP,1957,UNNAMED,Not in target basins
1957002S14144,SP,1957,UNNAMED,Not in target basins
1957008S19132,SP,1957,UNNAMED,Not in target basins
1957016S11162,SP,1957,UNNAMED,Not in target basins
1957032S12140,SP,1957,UNNAMED,Not in target basins
1957035S11189,SP,1957,UNNAMED,Not in target basins
1957053S11179,SP,1957,UNNAMED,Not in target basins
1957061S11134,SP,1957,UNNAMED,Not in target basins
1957086S12160,SP,1957,UNNAMED,Not in target basins
1957096S10136,SP,1957,UNNAMED,Not in target basins
1957122N03154,EP,1957,TRIX,Not in target basins
1957196N12252,EP,1957,KANOA,Not in target basins
1957218N18234,EP,1957,UNNAMED,Not in target basins
1957221N14252,EP,1957,UNNAMED,Not in target basins
1957238N14153,EP,1957,BESS,Not in target basins
1957244N15210,EP,1957,DELLA,Not in target basins
1957252N15221,EP,1957,UNNAMED,Not in target basins
1957258N17147,EP,1957,ELAINE,Not in target basins
1957260N15261,EP,1957,UNNAMED,Not in target basins
1957261N10147,EP,1957,FAYE,Not in target basins
1957264N20251,EP,1957,UNNAMED,Not in target basins
1957268N12198,EP,1957,UNNAMED,Not in target basins
1957270N14260,EP,1957,UNNAMED,Not in target basins
1957275N17241,EP,1957,UNNAMED,Not in target basins
1957276N09151,EP,1957,HESTER,Not in target basins
1957291N13257,EP,1957,UNNAMED,Not in target basins
1957291N14155,EP,1957,JUDY,Not in target basins
1957294N16247,EP,1957,UNNAMED,Not in target basins
1957294N18249,EP,1957,UNNAMED,Not in target basins
1957311N06171,EP,1957,LOLA,Not in target basins
1957311S06180,SP,1958,UNNAMED,Not in target basins
1957321N06172,EP,1957,MAMIE,Not in target basins
1957333N12198,EP,1957,NINA,Not in target basins
1957335S11185,SP,1958,UNNAMED,Not in target basins
1958001S08177,SP,1958,UNNAMED,Not in target basins
1958011S11137,SP,1958,UNNAMED,Not in target basins
1958014S14162,SP,1958,UNNAMED,Not in target basins
1958043S13139,SP,1958,UNNAMED,Not in target basins
1958070S13175,SP,1958,UNNAMED,Not in target basins
1958077S23174,SP,1958,UNNAMED,Not in target basins
1958090S17151,SP,1958,UNNAMED,Not in target basins
1958092S10159,SP,1958,UNNAMED,Not in target basins
1958099S13153,SP,1958,UNNAMED,Not in target basins
1958102S10139,SP,1958,UNNAMED,Not in target basins
1958108S12161,SP,1958,UNNAMED,Not in target basins
1958155S11162,SP,1958,UNNAMED,Not in target basins
1958157N12262,EP,1958,UNNAMED,Not in target basins
1958164N13268,EP,1958,UNNAMED,Not in target basins
1958170S28155,SP,1958,UNNAMED,Not in target basins
1958194N05146,EP,1958,ALICE,Not in target basins
1958200N18232,EP,1958,UNNAMED,Not in target basins
1958203N19235,EP,1958,UNNAMED,Not in target basins
1958208N16260,EP,1958,UNNAMED,Not in target basins
1958213N17247,EP,1958,UNNAMED,Not in target basins
1958219N20207,EP,1958,UNNAMED,Not in target basins
1958225N17238,EP,1958,UNNAMED,Not in target basins
1958250N18248,EP,1958,UNNAMED,Not in target basins
1958251N10142,EP,1958,HELEN,Not in target basins
1958254N21252,EP,1958,UNNAMED,Not in target basins
1958263N20176,EP,1958,JUNE,Not in target basins
1958263N23179,EP,1958,UNNAMED,Not in target basins
1958273N16260,EP,1958,UNNAMED,Not in target basins
1958288N15248,EP,1958,UNNAMED,Not in target basins
1958295N10149,EP,1958,LORNA,Not in target basins
1958297N12161,EP,1958,MARIE,Not in target basins
1958302N18252,EP,1958,UNNAMED,Not in target basins
1958331S09179,SP,1959,UNNAMED,Not in target basins
1959004S14124,SP,1959,BERTHA,Not in target basins
1959015S14168,SP,1959,BEATRICE,Not in target basins
1959024S19176,SP,1959,UNNAMED,Not in target basins
1959041S10189,SP,1959,UNNAMED,Not in target basins
1959042S17157,SP,1959,CONNIE,Not in target basins
1959044S10183,SP,1959,UNNAMED,Not in target basins
1959054S08196,SP,1959,UNNAMED,Not in target basins
1959065S10164,SP,1959,UNNAMED,Not in target basins
1959092S10135,SP,1959,UNNAMED,Not in target basins
1959161N17254,EP,1959,UNNAMED,Not in target basins
1959177N17256,EP,1959,UNNAMED,Not in target basins
1959197N12242,EP,1959,UNNAMED,Not in target basins
1959203N16240,EP,1959,UNNAMED,Not in target basins
1959210N13262,EP,1959,UNNAMED,Not in target basins
1959211N21148,EP,1959,ELLEN,Not in target basins
1959214N16219,EP,1959,DOT,Not in target basins
1959217N26230,EP,1959,UNNAMED,Not in target basins
1959232N19249,EP,1959,UNNAMED,Not in target basins
1959239N18232,EP,1959,UNNAMED,Not in target basins
1959247N13266,EP,1959,UNNAMED,Not in target basins
1959249N19181,EP,1959,PATSY,Not in target basins
1959263N11160,EP,1959,VERA,Not in target basins
1959265N16241,EP,1959,UNNAMED,Not in target basins
1959269N19214,EP,1959,WANDA,Not in target basins
1959274N09137,EP,1959,AMY,Not in target basins
1959286N07168,EP,1959,DINAH,Not in target basins
1959292N19249,EP,1959,UNNAMED,Not in target basins
1959296N12265,EP,1959,UNNAMED,Not in target basins
1959353S06156,SP,1960,UNNAMED,Not in target basins
1959359S12133,SP,1960,UNNAMED,Not in target basins
1960016S13179,SP,1960,UNNAMED,Not in target basins
1960033S16173,SP,1960,UNNAMED,Not in target basins
1960057S16160,SP,1960,UNNAMED,Not in target basins
1960063S14155,SP,1960,UNNAMED,Not in target basins
1960075S12149,SP,1960,UNNAMED,Not in target basins
1960077S15191,SP,1960,UNNAMED,Not in target basins
1960093S13203,SP,1960,UNNAMED,Not in target basins
1960093S14155,SP,1960,UNNAMED,Not in target basins
1960146N08131,EP,1960,LUCILLE,Not in target basins
1960146S17153,SP,1960,UNNAMED,Not in target basins
1960161N14265,EP,1960,ANNETTE,Not in target basins
1960164N29134,EP,1960,MARY,Not in target basins
1960174N14257,EP,1960,BONNY,Not in target basins
1960202N16257,EP,1960,CELESTE,Not in target basins
1960207N22154,EP,1960,ROSE,Not in target basins
1960230N15260,EP,1960,DIANA,Not in target basins
1960242N12269,EP,1960,ESTELLE,Not in target basins
1960247N12268,EP,1960,FERNANDA,Not in target basins
1960278N16246,EP,1960,UNNAMED,Not in target basins
1960294N13138,EP,1960,NINA,Not in target basins
1960296N18255,EP,1960,HYACINTH,Not in target basins
1960297N40158,EP,1960,MAMIE,Not in target basins
1960327N09161,EP,1960,OPHELIA,Not in target basins
1961003S19147,SP,1961,UNNAMED,Not in target basins
1961004S19146,SP,1961,UNNAMED,Not in target basins
1961006S11162,SP,1961,BARBARINE,Not in target basins
1961008S13162,SP,1961,UNNAMED,Not in target basins
1961014S10135,SP,1961,UNNAMED,Not in target basins
1961014S10495,SP,1961,UNNAMED,Not in target basins
1961017S10135,SP,1961,UNNAMED,Not in target basins
1961027S14161,SP,1961,UNNAMED,Not in target basins
1961029S14161,SP,1961,UNNAMED,Not in target basins
1961034S13163,SP,1961,CATHERINE,Not in target basins
1961061S11137,SP,1961,UNNAMED,Not in target basins
1961070S13195,SP,1961,UNNAMED,Not in target basins
1961071S14205,SP,1961,UNNAMED,Not in target basins
1961071S15187,SP,1961,UNNAMED,Not in target basins
1961074S14162,SP,1961,ISIS,Not in target basins
1961141N09135,EP,1961,BETTY,Not in target basins
1961161N13260,EP,1961,IVA,Not in target basins
1961192N17248,EP,1961,JOANNE,Not in target basins
1961196N14262,EP,1961,LIZA,Not in target basins
1961196N17253,EP,1961,KATHLEEN,Not in target basins
1961201N14252,EP,1961,UNNAMED,Not in target basins
1961216N17244,EP,1961,NAOMI,Not in target basins
1961250N07173,EP,1961,NANCY,Not in target basins
1961250N17248,EP,1961,ORLA,Not in target basins
1961276N21222,EP,1961,PAULINE,Not in target basins
1961277N12235,EP,1961,REBECCA,Not in target basins
1961305N14268,EP,1961,SIMONE,Not in target basins
1961312N14153,EP,1961,DOT,Not in target basins
1961314N15257,EP,1961,TARA,Not in target basins
1961333S11157,SP,1962,UNNAMED,Not in target basins
1961356S16149,SP,1962,UNNAMED,Not in target basins
1962040S16164,SP,1962,UNNAMED,Not in target basins
1962045S14168,SP,1962,UNNAMED,Not in target basins
1962046S17196,SP,1962,UNNAMED,Not in target basins
1962047S13137,SP,1962,UNNAMED,Not in target basins
1962048S17191,SP,1962,UNNAMED,Not in target basins
1962057S17164,SP,1962,UNNAMED,Not in target basins
1962175N17256,EP,1962,VALERIE,Not in target basins
1962182N13264,EP,1962,UNNAMED,Not in target basins
1962189N20249,EP,1962,WILLA,Not in target basins
1962206N14140,EP,1962,NORA,Not in target basins
1962211N09153,EP,1962,OPAL,Not in target basins
1962224N11151,EP,1962,RUTH,Not in target basins
1962229N15247,EP,1962,AVA,Not in target basins
1962232N17149,EP,1962,THELMA,Not in target basins
1962233N19228,EP,1962,UNNAMED,Not in target basins
1962241N18220,EP,1962,UNNAMED,Not in target basins
1962245N20252,EP,1962,BERNICE,Not in target basins
1962263N17253,EP,1962,CLAUDIA,Not in target basins
1962269N17251,EP,1962,UNNAMED,Not in target basins
1962272N10161,EP,1962,EMMA,Not in target basins
1962274N14256,EP,1962,DOREEN,Not in target basins
1962274N16158,EP,1962,FREDA,Not in target basins
1962292N11139,EP,1962,GILDA,Not in target basins
1962311N06154,EP,1962,KAREN,Not in target basins
1962314S20166,SP,1963,UNNAMED,Not in target basins
1962340N07141,EP,1962,NADINE,Not in target basins
1962355S17185,SP,1963,UNNAMED,Not in target basins
1962358S17151,SP,1963,UNNAMED,Not in target basins
1962363S17150,SP,1963,ANNIE,Not in target basins
1962364S23155,SP,1963,UNNAMED,Not in target basins
1963013S13149,SP,1963,UNNAMED,Not in target basins
1963014S17161,SP,1963,UNNAMED,Not in target basins
1963018S17165,SP,1963,UNNAMED,Not in target basins
1963021S15155,SP,1963,UNNAMED,Not in target basins
1963023S15155,SP,1963,UNNAMED,Not in target basins
1963026S19149,SP,1963,UNNAMED,Not in target basins
1963028S19149,SP,1963,UNNAMED,Not in target basins
1963030S17165,SP,1963,UNNAMED,Not in target basins
1963035S17151,SP,1963,UNNAMED,Not in target basins
1963047S15159,SP,1963,UNNAMED,Not in target basins
1963060S14159,SP,1963,UNNAMED,Not in target basins
1963067S21199,SP,1963,UNNAMED,Not in target basins
1963074S25154,SP,1963,UNNAMED,Not in target basins
1963081S15154,SP,1963,UNNAMED,Not in target basins
1963084S12139,SP,1963,UNNAMED,Not in target basins
1963085S10138,SP,1963,UNNAMED,Not in target basins
1963090S19152,SP,1963,UNNAMED,Not in target basins
1963100S11137,SP,1963,UNNAMED,Not in target basins
1963104S19168,SP,1963,UNNAMED,Not in target basins
1963110S12153,SP,1963,UNNAMED,Not in target basins
1963116N08146,EP,1963,OLIVE,Not in target basins
1963123S13163,SP,1963,UNNAMED,Not in target basins
1963126S26153,SP,1963,UNNAMED,Not in target basins
1963127S25154,SP,1963,UNNAMED,Not in target basins
1963128S24158,SP,1963,UNNAMED,Not in target basins
1963130S20166,SP,1963,UNNAMED,Not in target basins
1963147N12135,EP,1963,POLLY,Not in target basins
1963158N20116,EP,1963,ROSE,Not in target basins
1963163N13135,EP,1963,SHIRLEY,Not in target basins
1963173S15154,SP,1963,UNNAMED,Not in target basins
1963175S21162,SP,1963,UNNAMED,Not in target basins
1963180N15260,EP,1963,EMILY,Not in target basins
1963196N18250,EP,1963,FLORENCE,Not in target basins
1963201N14244,EP,1963,GLENDA,Not in target basins
1963207N13151,EP,1963,BESS,Not in target basins
1963214N13213,EP,1963,UNNAMED,Not in target basins
1963235N17164,EP,1963,ELAINE,Not in target basins
1963251N13151,EP,1963,HESTER,Not in target basins
1963252N13264,EP,1963,JEN-KATH,Not in target basins
1963255N19235,EP,1963,IRAH,Not in target basins
1963268N17257,EP,1963,LILLIAN,Not in target basins
1963270N08154,EP,1963,JUDY,Not in target basins
1963276N10140,EP,1963,KIT,Not in target basins
1963279N07165,EP,1963,LOLA,Not in target basins
1963291N15249,EP,1963,MONA,Not in target basins
1963296N15164,EP,1963,ORA,Not in target basins
1963318S10170,SP,1964,UNNAMED,Not in target basins
1963350S12163,SP,1964,UNNAMED,Not in target basins
1963351S11172,SP,1964,UNNAMED,Not in target basins
1964004S15203,SP,1964,UNNAMED,Not in target basins
1964006S13137,SP,1964,AUDREY,Not in target basins
1964020S13192,SP,1964,UNNAMED,Not in target basins
1964024S16189,SP,1964,UNNAMED,Not in target basins
1964027S14151,SP,1964,BERTHA:BERTHE,Not in target basins
1964028S09131,SP,1964,DORA,Not in target basins
1964044S13172,SP,1964,UNNAMED,Not in target basins
1964049S12174,SP,1964,EDITH,Not in target basins
1964058S13152,SP,1964,UNNAMED,Not in target basins
1964067S10137,SP,1964,CARMEN,Not in target basins
1964073S17154,SP,1964,UNNAMED,Not in target basins
1964074S15149,SP,1964,GERTIE,Not in target basins
1964089S12178,SP,1964,HENRIETTA,Not in target basins
1964109S20161,SP,1964,UNNAMED,Not in target basins
1964112S22183,SP,1964,UNNAMED,Not in target basins
1964188N17255,EP,1964,NATALIE,Not in target basins
1964197N15248,EP,1964,ODESSA,Not in target basins
1964202N12248,EP,1964,PRUDENCE,Not in target basins
1964224N25161,EP,1964,KATHY,Not in target basins
1964234N20244,EP,1964,ROSALYN:ROSLYN,Not in target basins
1964237N22253,EP,1964,UNNAMED,Not in target basins
1964251N20251,EP,1964,TILLIE,Not in target basins
1964261N12149,EP,1964,WILDA,Not in target basins
1964287N13165,EP,1964,FRAN,Not in target basins
1964323S19164,SP,1965,UNNAMED,Not in target basins
1964325S13176,SP,1965,UNNAMED,Not in target basins
1964336S10135,SP,1965,FLORA,Not in target basins
1964340S12177,SP,1965,UNNAMED,Not in target basins
1964355S13176,SP,1965,UNNAMED,Not in target basins
1965012S11138,SP,1965,UNNAMED,Not in target basins
1965014S15169,SP,1965,UNNAMED,Not in target basins
1965021N07151,EP,1965,RUTH,Not in target basins
1965024S14200,SP,1965,UNNAMED,Not in target basins
1965026S12133,SP,1965,JUDY,Not in target basins
1965049S14159,SP,1965,UNNAMED,Not in target basins
1965053S12137,SP,1965,MARIE,Not in target basins
1965055S19161,SP,1965,UNNAMED,Not in target basins
1965057S19166,SP,1965,UNNAMED,Not in target basins
1965088S14166,SP,1965,UNNAMED,Not in target basins
1965091S22174,SP,1965,UNNAMED,Not in target basins
1965140N09134,EP,1965,AMY,Not in target basins
1965155N12253,EP,1965,VICTORIA,Not in target basins
1965168N15262,EP,1965,WALLIE,Not in target basins
1965169N08142,EP,1965,EMMA,Not in target basins
1965180N15250,EP,1965,AVA,Not in target basins
1965182N12264,EP,1965,BERNICE,Not in target basins
1965199N26180,EP,1965,UNNAMED,Not in target basins
1965205N07163,EP,1965,JEAN,Not in target basins
1965220N22248,EP,1965,CLAUDIA,Not in target basins
1965233N14248,EP,1965,DOREEN,Not in target basins
1965242N17252,EP,1965,EMILY,Not in target basins
1965244N09145,EP,1965,SHIRLEY,Not in target basins
1965251N11143,EP,1965,TRIX,Not in target basins
1965251N16248,EP,1965,FLORENCE,Not in target basins
1965256N13149,EP,1965,VIRGINIA,Not in target basins
1965257N12248,EP,1965,GLENDA,Not in target basins
1965267N19250,EP,1965,HAZEL,Not in target basins
1965269N08156,EP,1965,BESS,Not in target basins
1965274N09162,EP,1965,CARMEN,Not in target basins
1965283N08168,EP,1965,DELLA,Not in target basins
1965317N09169,EP,1965,FAYE,Not in target basins
1965355S09134,SP,1966,AMANDA:GISELE,Not in target basins
1966024S15190,SP,1966,UNNAMED,Not in target basins
1966030S18201,SP,1966,UNNAMED,Not in target basins
1966040S11135,SP,1966,BETTY,Not in target basins
1966055S14149,SP,1966,CONNIE,Not in target basins
1966141N16117,EP,1966,JUDY,Not in target basins
1966171N09151,EP,1966,KIT,Not in target basins
1966171N14260,EP,1966,ADELE,Not in target basins
1966214N15145,EP,1966,RITA,Not in target basins
1966215N16244,EP,1966,BLANCA,Not in target basins
1966220N14237,EP,1966,CONNIE,Not in target basins
1966229N14257,EP,1966,DOLORES,Not in target basins
1966235N16249,EP,1966,EILEEN,Not in target basins
1966247N17137,EP,1966,DORIS,Not in target basins
1966249N16252,EP,1966,FRANCESCA,Not in target basins
1966251N17231,EP,1966,GRETCHEN,Not in target basins
1966253N14255,EP,1966,HELGA,Not in target basins
1966254N11265,EP,1966,IONE,Not in target basins
1966254N15211,EP,1966,UNNAMED,Not in target basins
1966254N17160,EP,1966,GRACE,Not in target basins
1966258N14251,EP,1966,JOYCE,Not in target basins
1966262N11160,EP,1966,JUNE,Not in target basins
1966263N19149,EP,1966,UNNAMED,Not in target basins
1966269N19245,EP,1966,KIRSTEN,Not in target basins
1966272N23138,EP,1966,UNNAMED,Not in target basins
1966277N16257,EP,1966,LORRAINE,Not in target basins
1966280N13154,EP,1966,KATHY,Not in target basins
1966290N12263,EP,1966,MAGGIE,Not in target basins
1966303N14168,EP,1966,MARIE,Not in target basins
1966317S08161,SP,1967,ANGELA,Not in target basins
1967001S35162,SP,1967,UNNAMED,Not in target basins
1967022S12165,SP,1967,AGNES:DINAH,Not in target basins
1967027S18173,SP,1967,UNNAMED,Not in target basins
1967048S13164,SP,1967,BARBARA,Not in target basins
1967054S15171,SP,1967,UNNAMED,Not in target basins
1967060S22159,SP,1967,UNNAMED,Not in target basins
1967062S16123,SP,1967,GWEN,Not in target basins
1967072S15149,SP,1967,ELAINE,Not in target basins
1967072S15157,SP,1967,DULCIE,Not in target basins
1967073S15138,SP,1967,CYNTHIA,Not in target basins
1967075N08148,EP,1967,THERESE,Not in target basins
1967085S13155,SP,1967,GLENDA,Not in target basins
1967086S13161,SP,1967,UNNAMED,Not in target basins
1967159N14243,EP,1967,AGATHA,Not in target basins
1967167N16259,EP,1967,BRIDGET,Not in target basins
1967174N15258,EP,1967,CARLOTTA,Not in target basins
1967186N15220,EP,1967,UNNAMED,Not in target basins
1967187N10264,EP,1967,DENISE,Not in target basins
1967194N15243,EP,1967,ELEANOR,Not in target basins
1967205N13262,EP,1967,FRANCENE,Not in target basins
1967206N15153,EP,1967,ELLEN,Not in target basins
1967206N15241,EP,1967,GEORGETTE,Not in target basins
1967209N17139,EP,1967,GEORGIA,Not in target basins
1967222N18249,EP,1967,UNNAMED,Not in target basins
1967224N13253,EP,1967,ILSA,Not in target basins
1967230N15248,EP,1967,JEWEL,Not in target basins
1967242N18253,EP,1967,KATRINA,Not in target basins
1967248N13253,EP,1967,LILY,Not in target basins
1967252N11211,EP,1967,SARAH,Not in target basins
1967253N29167,EP,1967,THELMA,Not in target basins
1967256N16254,EP,1967,MONICA,Not in target basins
1967256N18163,EP,1967,VERA,Not in target basins
1967257N15247,EP,1967,NANETTE,Not in target basins
1967259N24153,EP,1967,UNNAMED,Not in target basins
1967268N06165,EP,1967,AMY,Not in target basins
1967279N13251,EP,1967,OLIVIA,Not in target basins
1967287N13259,EP,1967,PRISCILLA,Not in target basins
1967289N09149,EP,1967,DINAH,Not in target basins
1967294N13245,EP,1967,RAMONA,Not in target basins
1967314S05163,SP,1968,ANNIE,Not in target basins
1967340S15152,SP,1968,UNNAMED,Not in target basins
1967343S25155,SP,1968,UNNAMED,Not in target basins
1967348S12185,SP,1968,UNNAMED,Not in target basins
1968014S13166,SP,1968,BRENDA,Not in target basins
1968026S14139,SP,1968,DIXIE,Not in target basins
1968026S16162,SP,1968,UNNAMED,Not in target basins
1968034S15140,SP,1968,UNNAMED,Not in target basins
1968044S17139,SP,1968,UNNAMED,Not in target basins
1968051S13139,SP,1968,BERTHA:BONNIE,Not in target basins
1968056S13148,SP,1968,UNNAMED,Not in target basins
1968060S14167,SP,1968,FLORENCE,Not in target basins
1968094S08156,SP,1968,GISELE:GISELLE,Not in target basins
1968149N10150,EP,1968,KIM,Not in target basins
1968173N17258,EP,1968,ANNETTE,Not in target basins
1968186N13256,EP,1968,BONNY,Not in target basins
1968196N15220,EP,1968,UNNAMED,Not in target basins
1968197N16257,EP,1968,CELESTE,Not in target basins
1968201N13152,EP,1968,MARY,Not in target basins
1968203N11257,EP,1968,DIANA,Not in target basins
1968206N11259,EP,1968,ESTELLE,Not in target basins
1968213N16218,EP,1968,ESTELLE,Not in target basins
1968214N22219,EP,1968,UNNAMED,Not in target basins
1968218N12256,EP,1968,FERNANDA,Not in target basins
1968219N12263,EP,1968,GWEN,Not in target basins
1968230N17252,EP,1968,HYACINTH,Not in target basins
1968234N10254,EP,1968,JOANNE,Not in target basins
1968234N13264,EP,1968,IVA,Not in target basins
1968235N20138,EP,1968,TRIX,Not in target basins
1968237N12259,EP,1968,KATHLEEN,Not in target basins
1968237N21177,EP,1968,VIRGINIA,Not in target basins
1968238N35180,EP,1968,VIRGINIA,Not in target basins
1968240N11173,EP,1968,AGNES,Not in target basins
1968241N12259,EP,1968,LIZA,Not in target basins
1968242N09268,EP,1968,MADELINE,Not in target basins
1968243N15198,EP,1968,UNNAMED,Not in target basins
1968253N12261,EP,1968,NAOMI,Not in target basins
1968266N16253,EP,1968,ORLA,Not in target basins
1968270N13261,EP,1968,PAULINE,Not in target basins
1968280N12262,EP,1968,REBECCA,Not in target basins
1968292N09165,EP,1968,IRMA,Not in target basins
1968293N13268,EP,1968,SIMONE,Not in target basins
1968295N14256,EP,1968,TARA,Not in target basins
1968300N10166,EP,1968,KIT,Not in target basins
1968308S17175,SP,1969,UNNAMED,Not in target basins
1968311N08165,EP,1968,LOLA,Not in target basins
1968328S09153,SP,1969,ADELE,Not in target basins
1968345S09162,SP,1969,BECKY,Not in target basins
1969008S12179,SP,1969,UNNAMED,Not in target basins
1969024S13148,SP,1969,BRIDGET,Not in target basins
1969027S08161,SP,1969,COLLEEN,Not in target basins
1969044S15173,SP,1969,HORTENSE,Not in target basins
1969047S15175,SP,1969,IRENE,Not in target basins
1969056S13178,SP,1969,UNNAMED,Not in target basins
1969058S11164,SP,1969,UNNAMED,Not in target basins
1969060S12136,SP,1969,AUDREY:BONNIE,Not in target basins
1969074S16162,SP,1969,UNNAMED,Not in target basins
1969091S15160,SP,1969,UNNAMED,Not in target basins
1969098S11156,SP,1969,UNNAMED,Not in target basins
1969101S10165,SP,1969,UNNAMED,Not in target basins
1969116S09153,SP,1969,ESTHER,Not in target basins
1969152N13268,EP,1969,UNNAMED,Not in target basins
1969156N11263,EP,1969,UNNAMED,Not in target basins
1969183N13269,EP,1969,AVA,Not in target basins
1969190N12258,EP,1969,BERNICE,Not in target basins
1969203N13230,EP,1969,CLAUDIA,Not in target basins
1969216N16253,EP,1969,DOREEN,Not in target basins
1969222N19253,EP,1969,UNNAMED,Not in target basins
1969235N20253,EP,1969,EMILY,Not in target basins
1969245N17253,EP,1969,FLORENCE,Not in target basins
1969251N15259,EP,1969,GLENDA,Not in target basins
1969262N15238,EP,1969,HEATHER,Not in target basins
1969273N16248,EP,1969,IRAH,Not in target basins
1969277N21253,EP,1969,UNNAMED,Not in target basins
1969279N11158,EP,1969,HELEN,Not in target basins
1969282N14256,EP,1969,JENNIFER,Not in target basins
1969287N11150,EP,1969,IDA,Not in target basins
1969299N10142,EP,1969,JUNE,Not in target basins
1969306N08156,EP,1969,KATHY,Not in target basins
1969318S20155,SP,1970,UNNAMED,Not in target basins
1970003S16165,SP,1970,ADA,Not in target basins
1970004S09175,SP,1970,UNNAMED,Not in target basins
1970009S12185,SP,1970,UNNAMED,Not in target basins
1970011S23178,SP,1970,UNNAMED,Not in target basins
1970041S14139,SP,1970,DAWN,Not in target basins
1970042S14155,SP,1970,FLORENCE,Not in target basins
1970043S15163,SP,1970,DOLLY,Not in target basins
1970046S25178,SP,1970,UNNAMED,Not in target basins
1970058S15200,SP,1970,EMMA,Not in target basins
1970060S14147,SP,1970,UNNAMED,Not in target basins
1970064S19153,SP,1970,UNNAMED,Not in target basins
1970071S11155,SP,1970,CINDY,Not in target basins
1970092S17165,SP,1970,UNNAMED,Not in target basins
1970098S16182,SP,1970,GILLIAN,Not in target basins
1970104S10164,SP,1970,ISA,Not in target basins
1970104S15184,SP,1970,HELEN,Not in target basins
1970151N11261,EP,1970,ADELE,Not in target basins
1970161N13243,EP,1970,BLANCA,Not in target basins
1970169N11252,EP,1970,CONNIE,Not in target basins
1970174S11176,SP,1970,UNNAMED,Not in target basins
1970178N16260,EP,1970,EILEEN,Not in target basins
1970183N08273,EP,1970,FRANCESCA,Not in target basins
1970196N15252,EP,1970,GRETCHEN,Not in target basins
1970198N16257,EP,1970,HELGA,Not in target basins
1970200N24161,EP,1970,SALLY,Not in target basins
1970204N14260,EP,1970,IONE,Not in target basins
1970205N18253,EP,1970,IONE,Not in target basins
1970211N17255,EP,1970,JOYCE,Not in target basins
1970211N27183,EP,1970,THERESE,Not in target basins
1970217N16260,EP,1970,KRISTEN,Not in target basins
1970219N18140,EP,1970,WILDA,Not in target basins
1970228N11263,EP,1970,LORRAINE,Not in target basins
1970233N13231,EP,1970,MAGGIE,Not in target basins
1970243N16257,EP,1970,NORMA,Not in target basins
1970244N25186,EP,1970,DOT,Not in target basins
1970250N14263,EP,1970,ORLENE,Not in target basins
1970277N12265,EP,1970,PATRICIA,Not in target basins
1970294N13247,EP,1970,ROSALIE,Not in target basins
1970306N15252,EP,1970,SELMA,Not in target basins
1970330S09138,SP,1971,BEVERLEY:EVA,Not in target basins
1970351S17176,SP,1971,PRISCILLA,Not in target basins
1970364S15165,SP,1971,ROSIE,Not in target basins
1970364S16154,SP,1971,UNNAMED,Not in target basins
1971032S15137,SP,1971,AGGIE,Not in target basins
1971041S20153,SP,1971,DORA,Not in target basins
1971042S17150,SP,1971,GERTIE,Not in target basins
1971046S17158,SP,1971,IDA,Not in target basins
1971048S16141,SP,1971,FIONA,Not in target basins
1971072S13155,SP,1971,LENA,Not in target basins
1971122N14120,EP,1971,BABE,Not in target basins
1971142N12267,EP,1971,AGATHA,Not in target basins
1971166N12270,EP,1971,BRIDGET,Not in target basins
1971183N11252,EP,1971,CARLOTTA,Not in target basins
1971184N11262,EP,1971,DENISE,Not in target basins
1971188N12254,EP,1971,ELEANOR,Not in target basins
1971195N24183,EP,1971,MARY,Not in target basins
1971199N11254,EP,1971,FRANCENE:FRANCESCA,Not in target basins
1971202N16256,EP,1971,GEORGETTE,Not in target basins
1971207N10251,EP,1971,HILARY,Not in target basins
1971212N12262,EP,1971,ILSA,Not in target basins
1971219N15259,EP,1971,JEWEL,Not in target basins
1971221N15263,EP,1971,KATRINA,Not in target basins
1971222N23155,EP,1971,SHIRLEY,Not in target basins
1971231N24151,EP,1971,TRIX,Not in target basins
1971235N23166,EP,1971,UNNAMED,Not in target basins
1971236N15213,EP,1971,UNNAMED,Not in target basins
1971240N13266,EP,1971,LILY,Not in target basins
1971241N12252,EP,1971,MONICA,Not in target basins
1971246N12264,EP,1971,NANETTE,Not in target basins
1971255N11312,EP,1971,IRENE:OLIVIA,Not in target basins
1971280N11270,EP,1971,PRISCILLA,Not in target basins
1971301N11259,EP,1971,RAMONA,Not in target basins
1971309S21167,SP,1972,UNNAMED,Not in target basins
1971311N06141,EP,1971,IRMA,Not in target basins
1971330N10260,EP,1971,SHARON,Not in target basins
1971336S07170,SP,1972,URSULA,Not in target basins
1971336S09139,SP,1972,KITTY,Not in target basins
1971350S14194,SP,1972,VIVIENNE,Not in target basins
1971354S11159,SP,1972,ALTHEA,Not in target basins
1972003S16139,SP,1972,BRONWYN,Not in target basins
1972005S10152,SP,1972,CARLOTTA,Not in target basins
1972018S18183,SP,1972,UNNAMED,Not in target basins
1972030S10175,SP,1972,WENDY,Not in target basins
1972036S14150,SP,1972,DAISY,Not in target basins
1972077S15178,SP,1972,YOLANDE,Not in target basins
1972082S15199,SP,1972,AGATHA,Not in target basins
1972088S11158,SP,1972,EMILY,Not in target basins
1972102S11140,SP,1972,FAITH,Not in target basins
1972102S13154,SP,1972,GAIL,Not in target basins
1972129S06156,SP,1972,HANNAH,Not in target basins
1972148N07168,EP,1972,LOLA,Not in target basins
1972151S05156,SP,1972,IDA,Not in target basins
1972153N12252,EP,1972,ANNETTE,Not in target basins
1972210N19251,EP,1972,BONNY,Not in target basins
1972219N15240,EP,1972,CELESTE,Not in target basins
1972224N10244,EP,1972,DIANA,Not in target basins
1972228N10250,EP,1972,ESTELLE,Not in target basins
1972233N11256,EP,1972,FERNANDA,Not in target basins
1972235N10262,EP,1972,GWEN,Not in target basins
1972241N11266,EP,1972,HYACINTH,Not in target basins
1972258N13258,EP,1972,IVA,Not in target basins
1972268N09203,EP,1972,JUNE,Not in target basins
1972274N12220,EP,1972,UNNAMED,Not in target basins
1972274N13255,EP,1972,JOANNE,Not in target basins
1972292N16251,EP,1972,KATHLEEN,Not in target basins
1972293N07181,EP,1972,OLGA,Not in target basins
1972293S08182,SP,1973,BEBE,Not in target basins
1972307S11184,SP,1973,COLLETTE,Not in target basins
1972316N05185,EP,1972,RUBY,Not in target basins
1972319N11263,EP,1972,LIZA,Not in target basins
1972331S07169,SP,1973,UNNAMED,Not in target basins
1972341S06166,SP,1973,DIANA,Not in target basins
1972366S08174,SP,1973,UNNAMED,Not in target basins
1972366S12178,SP,1973,UNNAMED,Not in target basins
1973014S13195,SP,1973,FELICITY,Not in target basins
1973027S15139,SP,1973,ADELINE,Not in target basins
1973029S16185,SP,1973,GLENDA,Not in target basins
1973031S10169,SP,1973,UNNAMED,Not in target basins
1973031S12184,SP,1973,ELENORE,Not in target basins
1973031S19195,SP,1973,GLENDA,Not in target basins
1973052S13151,SP,1973,KIRSTY,Not in target basins
1973058S11138,SP,1973,LEAH,Not in target basins
1973060S08161,SP,1973,MADGE,Not in target basins
1973060S11171,SP,1973,HENRIETTA,Not in target basins
1973061S15173,SP,1973,HENRIETTA,Not in target basins
1973079S09131,SP,1973,BELLA,Not in target basins
1973092S13168,SP,1973,JULIETTE,Not in target basins
1973095S22188,SP,1973,JULIETTE,Not in target basins
1973153N12266,EP,1973,AVA,Not in target basins
1973173N14262,EP,1973,BERNICE,Not in target basins
1973177N11264,EP,1973,CLAUDIA,Not in target basins
1973188S17161,SP,1974,UNNAMED,Not in target basins
1973189S25154,SP,1974,UNNAMED,Not in target basins
1973199N11253,EP,1973,DOREEN,Not in target basins
1973203N13263,EP,1973,EMILY,Not in target basins
1973206N13266,EP,1973,FLORENCE,Not in target basins
1973212N12259,EP,1973,GLENDA,Not in target basins
1973219N17142,EP,1973,IRIS,Not in target basins
1973243N14266,EP,1973,HEATHER,Not in target basins
1973265N13258,EP,1973,IRAH,Not in target basins
1973266N13246,EP,1973,JENNIFER,Not in target basins
1973273N12250,EP,1973,KATHERINE,Not in target basins
1973278N11257,EP,1973,LILLIAN,Not in target basins
1973311S17191,SP,1974,UNNAMED,Not in target basins
1973335S15161,SP,1974,LOTTIE:NATALIE,Not in target basins
1973349S14157,SP,1974,UNA,Not in target basins
1974016S17165,SP,1974,MONICA,Not in target basins
1974017S20150,SP,1974,VERA,Not in target basins
1974017S21156,SP,1974,NESSIE,Not in target basins
1974021S18149,SP,1974,WANDA,Not in target basins
1974030S15182,SP,1974,PAM,Not in target basins
1974039S18153,SP,1974,YVONNE,Not in target basins
1974046S20182,SP,1974,UNNAMED,Not in target basins
1974050S19184,SP,1974,UNNAMED,Not in target basins
1974055S20180,SP,1974,UNNAMED,Not in target basins
1974064S19151,SP,1974,ZOE,Not in target basins
1974076S13138,SP,1974,JENNY,Not in target basins
1974080S17149,SP,1974,ALICE,Not in target basins
1974080S22153,SP,1974,ALICE,Not in target basins
1974114S13164,SP,1974,TINA,Not in target basins
1974115N07150,EP,1974,BABE,Not in target basins
1974148N14259,EP,1974,ALETTA,Not in target basins
1974156N12253,EP,1974,BLANCA,Not in target basins
1974158N10258,EP,1974,CONNIE,Not in target basins
1974166N13263,EP,1974,DOLORES,Not in target basins
1974183N15249,EP,1974,EILEEN,Not in target basins
1974190N16242,EP,1974,UNNAMED,Not in target basins
1974195N12261,EP,1974,FRANCESCA,Not in target basins
1974198N14244,EP,1974,GRETCHEN,Not in target basins
1974199N08262,EP,1974,UNNAMED,Not in target basins
1974202N10263,EP,1974,UNNAMED,Not in target basins
1974203N21165,EP,1974,KIM,Not in target basins
1974212N11250,EP,1974,UNNAMED,Not in target basins
1974217N12226,EP,1974,UNNAMED,Not in target basins
1974222N13251,EP,1974,HELGA,Not in target basins
1974232N13235,EP,1974,IONE,Not in target basins
1974234N11214,EP,1974,OLIVE,Not in target basins
1974234N14251,EP,1974,JOYCE,Not in target basins
1974235N11243,EP,1974,LORRAINE,Not in target basins
1974235N14235,EP,1974,KIRSTEN,Not in target basins
1974238N12255,EP,1974,MAGGIE,Not in target basins
1974246N19250,EP,1974,UNNAMED,Not in target basins
1974253N15259,EP,1974,NORMA,Not in target basins
1974258N15295,EP,1974,FIFI:ORLENE,Not in target basins
1974264N18162,EP,1974,AGNES,Not in target basins
1974280N10258,EP,1974,PATRICIA,Not in target basins
1974287N10248,EP,1974,UNNAMED,Not in target basins
1974294N15228,EP,1974,ROSALIE,Not in target basins
1974324S24156,SP,1975,UNNAMED,Not in target basins
1974325S24166,SP,1975,UNNAMED,Not in target basins
1974340S12152,SP,1975,UNNAMED,Not in target basins
1974345S15177,SP,1975,UNNAMED,Not in target basins
1974353S15185,SP,1975,UNNAMED,Not in target basins
1974354S08135,SP,1975,TRACY,Not in target basins
1975013S12159,SP,1975,UNNAMED,Not in target basins
1975013S14160,SP,1975,FLORA,Not in target basins
1975015S13147,SP,1975,GLORIA,Not in target basins
1975015S16161,SP,1975,FLORA,Not in target basins
1975020S24161,SP,1975,UNNAMED,Not in target basins
1975024S19178,SP,1975,VAL,Not in target basins
1975026S14160,SP,1975,UNNAMED,Not in target basins
1975063S15168,SP,1975,ALISON,Not in target basins
1975089S17163,SP,1975,BETTY,Not in target basins
1975097S10137,SP,1975,AMELIA,Not in target basins
1975153N14261,EP,1975,AGATHA,Not in target basins
1975179N15250,EP,1975,BRIDGET,Not in target basins
1975183N11259,EP,1975,CARLOTTA,Not in target basins
1975184N12226,EP,1975,UNNAMED,Not in target basins
1975186N11267,EP,1975,DENISE,Not in target basins
1975192N14260,EP,1975,ELEANOR,Not in target basins
1975208N16257,EP,1975,FRANCENE,Not in target basins
1975212S24178,SP,1976,UNNAMED,Not in target basins
1975223N14243,EP,1975,GEORGETTE,Not in target basins
1975225N11253,EP,1975,HILARY,Not in target basins
1975230N12264,EP,1975,ILSA,Not in target basins
1975236N12260,EP,1975,JEWEL,Not in target basins
1975241N10260,EP,1975,KATRINA,Not in target basins
1975243N31213,EP,1975,UNNAMED,Not in target basins
1975251N23162,EP,1975,WINNIE,Not in target basins
1975255N20251,EP,1975,UNNAMED,Not in target basins
1975260N16256,EP,1975,LILY,Not in target basins
1975272N12242,EP,1975,MONICA,Not in target basins
1975272N13253,EP,1975,NANETTE,Not in target basins
1975273N09138,EP,1975,CORA,Not in target basins
1975290N18249,EP,1975,UNNAMED,Not in target basins
1975295N14252,EP,1975,OLIVIA,Not in target basins
1975296N24129,EP,1975,GRACE,Not in target basins
1975305N13261,EP,1975,UNNAMED,Not in target basins
1975306N12263,EP,1975,PRISCILLA,Not in target basins
1975309N11154,EP,1975,IDA,Not in target basins
1975322S14162,SP,1976,CHARLOTTE,Not in target basins
1975335S11136,SP,1976,KIM,Not in target basins
1976011S13177,SP,1976,DAVID,Not in target basins
1976020S18165,SP,1976,ELSA,Not in target basins
1976030S13162,SP,1976,ALAN,Not in target basins
1976034S21228,SP,1976,FRANCES,Not in target basins
1976045S17150,SP,1976,BETH,Not in target basins
1976055S06156,SP,1976,COLIN,Not in target basins
1976064S17146,SP,1976,DAWN,Not in target basins
1976070S13166,SP,1976,HOPE,Not in target basins
1976070S15162,SP,1976,GEORGE,Not in target basins
1976092N11140,EP,1976,MARIE,Not in target basins
1976106S12155,SP,1976,JAN,Not in target basins
1976113S04156,SP,1976,WATOREA,Not in target basins
1976120S27159,SP,1976,WATOREA,Not in target basins
1976155N11265,EP,1976,ANNETTE,Not in target basins
1976155N13247,EP,1976,UNNAMED,Not in target basins
1976178N16257,EP,1976,BONNY,Not in target basins
1976181N13264,EP,1976,UNNAMED,Not in target basins
1976197N11252,EP,1976,CELESTE,Not in target basins
1976198N12258,EP,1976,DIANA,Not in target basins
1976209N13238,EP,1976,ESTELLE,Not in target basins
1976210N12227,EP,1976,FERNANDA,Not in target basins
1976218N10253,EP,1976,GWEN,Not in target basins
1976220N12259,EP,1976,HYACINTH,Not in target basins
1976221N14226,EP,1976,UNNAMED,Not in target basins
1976229N15239,EP,1976,UNNAMED,Not in target basins
1976237N13264,EP,1976,IVA,Not in target basins
1976242N08268,EP,1976,JOANNE,Not in target basins
1976251N15251,EP,1976,KATHLEEN,Not in target basins
1976257N17156,EP,1976,HOPE,Not in target basins
1976262N14152,EP,1976,JOAN,Not in target basins
1976266N13220,EP,1976,KATE,Not in target basins
1976270N13253,EP,1976,LIZA,Not in target basins
1976273N10270,EP,1976,MADELINE,Not in target basins
1976299N17244,EP,1976,NAOMI,Not in target basins
1976345S13179,SP,1977,KIM,Not in target basins
1976346S11182,SP,1977,LAURIE,Not in target basins
1976351S13141,SP,1977,TED,Not in target basins
1977011S12167,SP,1977,MARION,Not in target basins
1977017S15150,SP,1977,JUNE,Not in target basins
1977030S15148,SP,1977,KEITH,Not in target basins
1977034S18176,SP,1977,UNNAMED,Not in target basins
1977040S14161,SP,1977,UNNAMED,Not in target basins
1977040S16148,SP,1977,LILY,Not in target basins
1977041S17157,SP,1977,MILES,Not in target basins
1977043S16148,SP,1977,NANCY,Not in target basins
1977051S19194,SP,1977,UNNAMED,Not in target basins
1977066S14140,SP,1977,OTTO,Not in target basins
1977068S11168,SP,1977,NORMAN,Not in target basins
1977074S19184,SP,1977,PAT,Not in target basins
1977106S12202,SP,1977,ROBERT,Not in target basins
1977146N12253,EP,1977,AVA,Not in target basins
1977151N12272,EP,1977,UNNAMED,Not in target basins
1977161N06134,EP,1977,RUTH,Not in target basins
1977161N13268,EP,1977,UNNAMED,Not in target basins
1977177N13251,EP,1977,BERNICE,Not in target basins
1977184N15249,EP,1977,CLAUDIA,Not in target basins
1977189N14243,EP,1977,UNNAMED,Not in target basins
1977190N13255,EP,1977,UNNAMED,Not in target basins
1977206N12225,EP,1977,UNNAMED,Not in target basins
1977214N15233,EP,1977,UNNAMED,Not in target basins
1977225N18254,EP,1977,DOREEN,Not in target basins
1977247N22255,EP,1977,UNNAMED,Not in target basins
1977256N14241,EP,1977,EMILY,Not in target basins
1977263N17251,EP,1977,UNNAMED,Not in target basins
1977264N14236,EP,1977,FLORENCE,Not in target basins
1977267N11254,EP,1977,GLENDA,Not in target basins
1977276N16155,EP,1977,GILDA,Not in target basins
1977277N15253,EP,1977,HEATHER,Not in target basins
1977291N07148,EP,1977,IVY,Not in target basins
1977295N14245,EP,1977,UNNAMED,Not in target basins
1977310S08163,SP,1978,TOM,Not in target basins
1977328S06177,SP,1978,STEVE,Not in target basins
1977339S11204,SP,1978,TESSA,Not in target basins
1977357S11184,SP,1978,ANNE,Not in target basins
1977357S16146,SP,1978,UNNAMED,Not in target basins
1977365S09188,SP,1978,BOB,Not in target basins
1978006N06169,EP,1978,NADINE,Not in target basins
1978032S09187,SP,1978,BOB,Not in target basins
1978032S21147,SP,1978,UNNAMED,Not in target basins
1978045S13179,SP,1978,CHARLES,Not in target basins
1978047S12168,SP,1978,ERNIE,Not in target basins
1978047S13197,SP,1978,DIANA,Not in target basins
1978056S11136,SP,1978,GWEN,Not in target basins
1978095S11137,SP,1978,HAL,Not in target basins
1978151N15260,EP,1978,ALETTA,Not in target basins
1978168N11242,EP,1978,BUD,Not in target basins
1978168N14254,EP,1978,CARLOTTA,Not in target basins
1978178N14260,EP,1978,DANIEL,Not in target basins
1978181N14235,EP,1978,UNNAMED,Not in target basins
1978188N15248,EP,1978,EMILIA,Not in target basins
1978190N11254,EP,1978,FICO,Not in target basins
1978194N11261,EP,1978,GILMA,Not in target basins
1978203N13260,EP,1978,HECTOR,Not in target basins
1978218N12212,EP,1978,UNNAMED,Not in target basins
1978223N18252,EP,1978,IVA,Not in target basins
1978230N12239,EP,1978,JOHN,Not in target basins
1978231N13224,EP,1978,LANE,Not in target basins
1978231N14251,EP,1978,KRISTY,Not in target basins
1978236N11245,EP,1978,MIRIAM,Not in target basins
1978243N13262,EP,1978,NORMAN,Not in target basins
1978251N12261,EP,1978,UNNAMED,Not in target basins
1978257N11298,EP,1978,GRETA:OLIVIA,Not in target basins
1978266N14260,EP,1978,PAUL,Not in target basins
1978272N19154,EP,1978,MAMIE,Not in target basins
1978276N14257,EP,1978,ROSA,Not in target basins
1978281N11138,EP,1978,ORA,Not in target basins
1978288N10185,EP,1978,RITA,Not in target basins
1978291N10215,EP,1978,SUSAN,Not in target basins
1978292N16252,EP,1978,SERGIO,Not in target basins
1978304N14148,EP,1978,TESS,Not in target basins
1978359S04172,SP,1979,FAY,Not in target basins
1978363S10136,SP,1979,PETER,Not in target basins
1979002S04179,SP,1979,GORDON,Not in target basins
1979008S14137,SP,1979,GRETA,Not in target basins
1979027S15167,SP,1979,HENRY,Not in target basins
1979033S18151,SP,1979,UNNAMED,Not in target basins
1979042S05170,SP,1979,KERRY,Not in target basins
1979043S11161,SP,1979,ROSA,Not in target basins
1979051S16187,SP,1979,LESLIE,Not in target basins
1979083S15184,SP,1979,MELI,Not in target basins
1979090S12168,SP,1979,UNNAMED,Not in target basins
1979093S08156,SP,1979,STAN,Not in target basins
1979152N11265,EP,1979,ANDRES,Not in target basins
1979152N13253,EP,1979,UNNAMED,Not in target basins
1979172N10257,EP,1979,BLANCA,Not in target basins
1979196N17257,EP,1979,CARLOS,Not in target basins
1979197N20252,EP,1979,UNNAMED,Not in target basins
1979198N11256,EP,1979,DOLORES,Not in target basins
1979230N11246,EP,1979,ENRIQUE,Not in target basins
1979233N14258,EP,1979,FEFA,Not in target basins
1979247N15265,EP,1979,UNNAMED,Not in target basins
1979252N16259,EP,1979,GUILLERMO,Not in target basins
1979275N06159,EP,1979,TIP,Not in target basins
1979277N13256,EP,1979,HILDA,Not in target basins
1979297N12265,EP,1979,IGNACIO,Not in target basins
1979319N09272,EP,1979,JIMENA,Not in target basins
1979344S12170,SP,1980,OFA,Not in target basins
1980001S13173,SP,1980,PENI,Not in target basins
1980003S15137,SP,1980,PAUL,Not in target basins
1980033S12161,SP,1980,RAE,Not in target basins
1980042S17149,SP,1980,RUTH,Not in target basins
1980052S16155,SP,1980,SIMON,Not in target basins
1980069S12161,SP,1980,SINA,Not in target basins
1980073S09133,SP,1980,DORIS:GLORIA,Not in target basins
1980081S12170,SP,1980,TIA,Not in target basins
1980085S09170,SP,1980,VAL,Not in target basins
1980085S11135,SP,1980,UNNAMED,Not in target basins
1980088S14140,SP,1980,UNNAMED,Not in target basins
1980092S15183,SP,1980,WALLY,Not in target basins
1980094N02179,EP,1980,CARMEN,Not in target basins
1980133N07149,EP,1980,ELLEN,Not in target basins
1980161N09249,EP,1980,AGATHA,Not in target basins
1980169N12250,EP,1980,BLAS,Not in target basins
1980177N13259,EP,1980,CELIA,Not in target basins
1980183N13250,EP,1980,DARBY,Not in target basins
1980194N16252,EP,1980,ESTELLE,Not in target basins
1980200N13249,EP,1980,FRANK,Not in target basins
1980210N17251,EP,1980,GEORGETTE,Not in target basins
1980213N11256,EP,1980,HOWARD,Not in target basins
1980219N15165,EP,1980,MARGE,Not in target basins
1980219N15258,EP,1980,ISIS,Not in target basins
1980236N13255,EP,1980,JAVIER,Not in target basins
1980260N13256,EP,1980,KAY,Not in target basins
1980266N16257,EP,1980,LESTER,Not in target basins
1980269N15147,EP,1980,THELMA,Not in target basins
1980270N13165,EP,1980,VERNON,Not in target basins
1980285N13252,EP,1980,MADELINE,Not in target basins
1980302N17250,EP,1980,NEWTON,Not in target basins
1980323N04180,EP,1980,DINAH,Not in target basins
1980332S16214,SP,1981,DIOLA,Not in target basins
1981011S12185,SP,1981,ARTHUR,Not in target basins
1981022S13155,SP,1981,UNNAMED,Not in target basins
1981030S17190,SP,1981,BETSY,Not in target basins
1981039S09178,SP,1981,CLIFF,Not in target basins
1981039S14153,SP,1981,EDDIE,Not in target basins
1981047S18181,SP,1981,UNNAMED,Not in target basins
1981051S14181,SP,1981,DAMAN,Not in target basins
1981054S12181,SP,1981,UNNAMED,Not in target basins
1981056S14141,SP,1981,FREDA,Not in target basins
1981060S06176,SP,1981,ESAU,Not in target basins
1981068S19199,SP,1981,TAHMAR,Not in target basins
1981069S12135,SP,1981,MAX,Not in target basins
1981077S13198,SP,1981,FRAN,Not in target basins
1981086S16183,SP,1981,UNNAMED,Not in target basins
1981151N11255,EP,1981,ADRIAN,Not in target basins
1981180N11257,EP,1981,BEATRIZ,Not in target basins
1981186N13258,EP,1981,CALVIN,Not in target basins
1981192N13253,EP,1981,DORA,Not in target basins
1981198N18253,EP,1981,EUGENE,Not in target basins
1981219N12255,EP,1981,FERNANDA,Not in target basins
1981225N16249,EP,1981,GREG,Not in target basins
1981226N17142,EP,1981,VANESSA,Not in target basins
1981234N18253,EP,1981,HILARY,Not in target basins
1981240N17257,EP,1981,IRWIN,Not in target basins
1981245N23161,EP,1981,BILL,Not in target basins
1981258N15237,EP,1981,JOVA,Not in target basins
1981262N16256,EP,1981,KNUT,Not in target basins
1981280N20250,EP,1981,LIDIA,Not in target basins
1981281N15245,EP,1981,MAX,Not in target basins
1981282N15256,EP,1981,NORMA,Not in target basins
1981297N11261,EP,1981,OTIS,Not in target basins
1981335S16139,SP,1982,AMELIA,Not in target basins
1981353S09172,SP,1982,GYAN,Not in target basins
1981354S12140,SP,1982,UNNAMED,Not in target basins
1982011S11141,SP,1982,BRUNO,Not in target basins
1982022S26154,SP,1982,ABIGAIL,Not in target basins
1982024S18166,SP,1982,HETTIE,Not in target basins
1982035S13141,SP,1982,CORAL,Not in target basins
1982058S10185,SP,1982,ISAAC,Not in target basins
1982091S03159,SP,1982,BERNIE,Not in target basins
1982095S11138,SP,1982,DOMINIC,Not in target basins
1982131S09157,SP,1982,CLAUDIA,Not in target basins
1982140N11255,EP,1982,ALETTA,Not in target basins
1982152N13264,EP,1982,UNNAMED,Not in target basins
1982164N08237,EP,1982,UNNAMED,Not in target basins
1982167N13255,EP,1982,BUD,Not in target basins
1982168N13266,EP,1982,UNNAMED,Not in target basins
1982183N13253,EP,1982,CARLOTTA,Not in target basins
1982184N13225,EP,1982,UNNAMED,Not in target basins
1982188N09262,EP,1982,DANIEL,Not in target basins
1982194N10224,EP,1982,EMILIA,Not in target basins
1982195N12249,EP,1982,UNNAMED,Not in target basins
1982197N11240,EP,1982,UNNAMED,Not in target basins
1982199N11257,EP,1982,FABIO,Not in target basins
1982207N09243,EP,1982,GILMA,Not in target basins
1982210N11245,EP,1982,HECTOR,Not in target basins
1982213N12253,EP,1982,IVA,Not in target basins
1982215N10236,EP,1982,JOHN,Not in target basins
1982221N10236,EP,1982,KRISTY,Not in target basins
1982221N10250,EP,1982,LANE,Not in target basins
1982238N10161,EP,1982,GORDON,Not in target basins
1982242N11191,EP,1982,AKONI,Not in target basins
1982242N13253,EP,1982,MIRIAM,Not in target basins
1982247N11147,EP,1982,JUDY,Not in target basins
1982253N10250,EP,1982,NORMAN,Not in target basins
1982254N14229,EP,1982,UNNAMED,Not in target basins
1982257N20172,EP,1982,LOLA,Not in target basins
1982259N15202,EP,1982,HANA,Not in target basins
1982259N16218,EP,1982,EMA,Not in target basins
1982262N11258,EP,1982,OLIVIA,Not in target basins
1982262N12270,EP,1982,PAUL,Not in target basins
1982274N13265,EP,1982,ROSA,Not in target basins
1982287N09269,EP,1982,SERGIO,Not in target basins
1982293N09257,EP,1982,TARA,Not in target basins
1982304S10171,SP,1983,JOTI,Not in target basins
1982311S09181,SP,1983,KINA,Not in target basins
1982324N10193,EP,1982,IWA,Not in target basins
1982344S09200,SP,1983,LISA,Not in target basins
1983014S15143,SP,1983,DES,Not in target basins
1983019S14176,SP,1983,MARK,Not in target basins
1983022S10218,SP,1983,NANO,Not in target basins
1983042S11158,SP,1983,ELINOR,Not in target basins
1983051S15214,SP,1983,NISHA:ORAMA,Not in target basins
1983054S15179,SP,1983,OSCAR,Not in target basins
1983056S11193,SP,1983,PREMA,Not in target basins
1983066S11213,SP,1983,REWA,Not in target basins
1983079S13224,SP,1983,SABA,Not in target basins
1983082S11180,SP,1983,SARAH,Not in target basins
1983082S15216,SP,1983,UNNAMED,Not in target basins
1983086S08204,SP,1983,TOMASI,Not in target basins
1983097S10224,SP,1983,VEENA,Not in target basins
1983105S09228,SP,1983,WILLIAM,Not in target basins
1983141N07269,EP,1983,ADOLPH,Not in target basins
1983160N11266,EP,1983,BARBARA,Not in target basins
1983183N11251,EP,1983,COSME,Not in target basins
1983187N12259,EP,1983,DALILIA,Not in target basins
1983193N11256,EP,1983,ERICK,Not in target basins
1983198N18255,EP,1983,FLOSSIE,Not in target basins
1983205N11265,EP,1983,GIL,Not in target basins
1983208N11265,EP,1983,HENRIETTE,Not in target basins
1983213N10199,EP,1983,UNNAMED,Not in target basins
1983221N13254,EP,1983,ISMAEL,Not in target basins
1983229N15140,EP,1983,DOM,Not in target basins
1983237N11253,EP,1983,JULIETTE,Not in target basins
1983239N10183,EP,1983,ELLEN,Not in target basins
1983243N11184,EP,1983,UNNAMED,Not in target basins
1983243N12259,EP,1983,KIKO,Not in target basins
1983249N15260,EP,1983,LORENA,Not in target basins
1983255N12261,EP,1983,MANUEL,Not in target basins
1983259N08161,EP,1983,FORREST,Not in target basins
1983264N15248,EP,1983,NARDA,Not in target basins
1983271N12242,EP,1983,OCTAVE,Not in target basins
1983274N12251,EP,1983,PRISCILLA,Not in target basins
1983279N17148,EP,1983,IDA,Not in target basins
1983281N12256,EP,1983,RAYMOND,Not in target basins
1983283N13230,EP,1983,SONIA,Not in target basins
1983285N09260,EP,1983,TICO,Not in target basins
1983299N07172,EP,1983,MARGE,Not in target basins
1983306N08259,EP,1983,VELMA,Not in target basins
1983339N13257,EP,1983,WINNIE,Not in target basins
1983343S14148,SP,1984,FRITZ,Not in target basins
1983360S13174,SP,1984,ATU,Not in target basins
1984011S18149,SP,1984,GRACE,Not in target basins
1984032S15160,SP,1984,BETI,Not in target basins
1984035S15152,SP,1984,HARVEY,Not in target basins
1984051S17147,SP,1984,INGRID,Not in target basins
1984051S20163,SP,1984,UNNAMED,Not in target basins
1984066S12151,SP,1984,JIM,Not in target basins
1984076S13173,SP,1984,CYRIL,Not in target basins
1984077S12149,SP,1984,KATHY,Not in target basins
1984083S16174,SP,1984,UNNAMED,Not in target basins
1984094S14156,SP,1984,LANCE,Not in target basins
1984139N09260,EP,1984,ALMA,Not in target basins
1984150N12266,EP,1984,BORIS,Not in target basins
1984169N14257,EP,1984,CRISTINA,Not in target basins
1984177N10254,EP,1984,DOUGLAS,Not in target basins
1984180N10258,EP,1984,ELIDA,Not in target basins
1984186N16256,EP,1984,FAUSTO,Not in target basins
1984189N11265,EP,1984,GENEVIEVE,Not in target basins
1984204N21162,EP,1984,DINAH,Not in target basins
1984210N16249,EP,1984,HERNAN,Not in target basins
1984214N12143,EP,1984,FREDA,Not in target basins
1984217N14264,EP,1984,ISELLE,Not in target basins
1984228N15261,EP,1984,JULIO,Not in target basins
1984230N09210,EP,1984,KELI,Not in target basins
1984230N12226,EP,1984,KENNA,Not in target basins
1984237N11230,EP,1984,LALA,Not in target basins
1984239N16246,EP,1984,LOWELL,Not in target basins
1984248N27180,EP,1984,MOKE,Not in target basins
1984250N17256,EP,1984,MARIE,Not in target basins
1984259N19245,EP,1984,NORBERT,Not in target basins
1984262N14259,EP,1984,ODILE,Not in target basins
1984270N13262,EP,1984,POLO,Not in target basins
1984277N07151,EP,1984,OGDEN,Not in target basins
1984282N11263,EP,1984,RACHEL,Not in target basins
1984294N04163,EP,1984,VANESSA,Not in target basins
1984305N13262,EP,1984,SIMON,Not in target basins
1984343S10132,SP,1985,UNNAMED,Not in target basins
1984361S08178,SP,1985,UNNAMED,Not in target basins
1984361S12146,SP,1985,MONICA,Not in target basins
1984362S11165,SP,1985,UNNAMED,Not in target basins
1985009S12182,SP,1985,DRENA,Not in target basins
1985012S16161,SP,1985,ERIC,Not in target basins
1985014S16151,SP,1985,NIGEL,Not in target basins
1985017S15146,SP,1985,ODETTE,Not in target basins
1985025S15203,SP,1985,FREDA,Not in target basins
1985033S12157,SP,1985,UNNAMED,Not in target basins
1985049S12143,SP,1985,PIERRE,Not in target basins
1985051S11135,SP,1985,REBECCA,Not in target basins
1985062S15170,SP,1985,GAVIN,Not in target basins
1985070S17175,SP,1985,HINA,Not in target basins
1985078S14138,SP,1985,SANDY,Not in target basins
1985086S13152,SP,1985,TANYA,Not in target basins
1985101S10136,SP,1985,GRETEL,Not in target basins
1985157N16259,EP,1985,ANDRES,Not in target basins
1985158N10267,EP,1985,BLANCA,Not in target basins
1985159N09241,EP,1985,CARLOS,Not in target basins
1985177N10258,EP,1985,DOLORES,Not in target basins
1985178N10236,EP,1985,ENRIQUE,Not in target basins
1985184N15258,EP,1985,FEFA,Not in target basins
1985189N12260,EP,1985,GUILLERMO,Not in target basins
1985199N18248,EP,1985,HILDA,Not in target basins
1985201N12256,EP,1985,JIMENA,Not in target basins
1985202N13226,EP,1985,IGNACIO,Not in target basins
1985210N14257,EP,1985,KEVIN,Not in target basins
1985211N12237,EP,1985,LINDA,Not in target basins
1985219N14254,EP,1985,MARTY,Not in target basins
1985232N16248,EP,1985,NORA,Not in target basins
1985233N15196,EP,1985,UNNAMED,Not in target basins
1985234N13258,EP,1985,OLAF,Not in target basins
1985237N21130,EP,1985,RUBY,Not in target basins
1985240N09198,EP,1985,SKIP,Not in target basins
1985240N16256,EP,1985,PAULINE,Not in target basins
1985244N14254,EP,1985,RICK,Not in target basins
1985249N13265,EP,1985,SANDRA,Not in target basins
1985259N12262,EP,1985,TERRY,Not in target basins
1985261N13243,EP,1985,VIVIAN,Not in target basins
1985280N15254,EP,1985,WALDO,Not in target basins
1985297N10201,EP,1985,NELE,Not in target basins
1985298N12249,EP,1985,XINA,Not in target basins
1985346S12145,SP,1986,UNNAMED,Not in target basins
1986021S16140,SP,1986,VERNON,Not in target basins
1986027S13145,SP,1986,WINIFRED,Not in target basins
1986036S16187,SP,1986,IMA,Not in target basins
1986036S19216,SP,1986,JUNE,Not in target basins
1986038S13158,SP,1986,KELI,Not in target basins
1986060S16158,SP,1986,LUSI,Not in target basins
1986062S15150,SP,1986,ALFRED,Not in target basins
1986099S12168,SP,1986,MARTIN,Not in target basins
1986105S12174,SP,1986,UNNAMED,Not in target basins
1986111S08156,SP,1986,MANU,Not in target basins
1986134N08149,EP,1986,LOLA,Not in target basins
1986135S07160,SP,1986,NAMU,Not in target basins
1986142N13253,EP,1986,AGATHA,Not in target basins
1986169N09247,EP,1986,BLAS,Not in target basins
1986176N11262,EP,1986,CELIA,Not in target basins
1986185N14256,EP,1986,DARBY,Not in target basins
1986198N10245,EP,1986,ESTELLE,Not in target basins
1986206N11265,EP,1986,FRANK,Not in target basins
1986209N12213,EP,1986,UNNAMED,Not in target basins
1986211N12219,EP,1986,UNNAMED,Not in target basins
1986214N09234,EP,1986,GEORGETTE,Not in target basins
1986221N17163,EP,1986,TIP,Not in target basins
1986229N17256,EP,1986,HOWARD,Not in target basins
1986232N15246,EP,1986,ISIS,Not in target basins
1986233N10263,EP,1986,JAVIER,Not in target basins
1986241N18248,EP,1986,KAY,Not in target basins
1986257N14230,EP,1986,LESTER,Not in target basins
1986259N07170,EP,1986,BEN,Not in target basins
1986259N13256,EP,1986,MADELINE,Not in target basins
1986262N12266,EP,1986,NEWTON,Not in target basins
1986264N12221,EP,1986,ORLENE,Not in target basins
1986271N12267,EP,1986,PAINE,Not in target basins
1986289N10267,EP,1986,ROSLYN,Not in target basins
1986325S10171,SP,1987,OSEA,Not in target basins
1986346S12173,SP,1987,PATSY,Not in target basins
1986356S07183,SP,1987,RAJA,Not in target basins
1986360S13195,SP,1987,SALLY,Not in target basins
1987015S09187,SP,1987,TUSI,Not in target basins
1987019S12140,SP,1987,IRMA,Not in target basins
1987034S16187,SP,1987,UNNAMED,Not in target basins
1987035S12160,SP,1987,UMA:VELI,Not in target basins
1987036S12140,SP,1987,JASON,Not in target basins
1987037S14152,SP,1987,VELI,Not in target basins
1987040S19174,SP,1987,UNNAMED,Not in target basins
1987058S10173,SP,1987,WINI,Not in target basins
1987059S12196,SP,1987,UNNAMED,Not in target basins
1987065S11164,SP,1987,YALI,Not in target basins
1987096S11144,SP,1987,KAY,Not in target basins
1987110S10179,SP,1987,ZUMAN,Not in target basins
1987140S08170,SP,1987,BLANCH:BLANCHE,Not in target basins
1987159N12264,EP,1987,ADRIAN,Not in target basins
1987185N13244,EP,1987,BEATRIZ,Not in target basins
1987187N13258,EP,1987,CALVIN,Not in target basins
1987196N15258,EP,1987,DORA,Not in target basins
1987200N04191,EP,1987,WYNNE,Not in target basins
1987203N11263,EP,1987,EUGENE,Not in target basins
1987205N12229,EP,1987,FERNANDA,Not in target basins
1987209N12259,EP,1987,GREG,Not in target basins
1987213N11268,EP,1987,HILARY,Not in target basins
1987216N10270,EP,1987,IRWIN,Not in target basins
1987226N13241,EP,1987,JOVA,Not in target basins
1987231N10159,EP,1987,DINAH,Not in target basins
1987238N10213,EP,1987,OKA,Not in target basins
1987241N10241,EP,1987,KNUT,Not in target basins
1987242N13257,EP,1987,LIDIA,Not in target basins
1987253N11260,EP,1987,MAX,Not in target basins
1987258N15253,EP,1987,NORMA,Not in target basins
1987263N10241,EP,1987,OTIS,Not in target basins
1987264N10190,EP,1987,PEKE,Not in target basins
1987274N21249,EP,1987,PILAR,Not in target basins
1987279N12256,EP,1987,RAMON,Not in target basins
1987300N10239,EP,1987,SELMA,Not in target basins
1987353S08177,SP,1988,UNNAMED,Not in target basins
1988003S12171,SP,1988,AGI,Not in target basins
1988006S05182,SP,1988,ANNE,Not in target basins
1988050S13155,SP,1988,CHARLIE,Not in target basins
1988055S10180,SP,1988,BOLA,Not in target basins
1988058S19198,SP,1988,CILLA,Not in target basins
1988100S15171,SP,1988,DOVI,Not in target basins
1988107S28175,SP,1988,DOVI,Not in target basins
1988168N13248,EP,1988,UNNAMED,Not in target basins
1988169N14259,EP,1988,ALETTA,Not in target basins
1988173N12268,EP,1988,BUD,Not in target basins
1988184N19251,EP,1988,UNNAMED,Not in target basins
1988191N13256,EP,1988,CARLOTTA,Not in target basins
1988202N15248,EP,1988,DANIEL,Not in target basins
1988210N14251,EP,1988,EMILIA,Not in target basins
1988211N12239,EP,1988,FABIO,Not in target basins
1988211N15225,EP,1988,GILMA,Not in target basins
1988211N18230,EP,1988,UNNAMED,Not in target basins
1988213N11262,EP,1988,HECTOR,Not in target basins
1988218N13264,EP,1988,IVA,Not in target basins
1988227N18250,EP,1988,UNNAMED,Not in target basins
1988230N18254,EP,1988,JOHN,Not in target basins
1988240N15248,EP,1988,UNNAMED,Not in target basins
1988242N12215,EP,1988,ULEKI,Not in target basins
1988242N13262,EP,1988,KRISTY,Not in target basins
1988245N20269,EP,1988,DEBBY,Not in target basins
1988249N18163,EP,1988,HAL,Not in target basins
1988257N16252,EP,1988,UNNAMED,Not in target basins
1988265N12218,EP,1988,WILA,Not in target basins
1988265N13263,EP,1988,LANE,Not in target basins
1988274N12142,EP,1988,NELSON,Not in target basins
1988285N09318,EP,1988,JOAN:MIRIAM,Not in target basins
1988285N18251,EP,1988,UNNAMED,Not in target basins
1988352S14166,SP,1989,ESETA,Not in target basins
1988364S17148,SP,1989,DELILAH,Not in target basins
1989002S14192,SP,1989,FILI,Not in target basins
1989006S13184,SP,1989,GINA,Not in target basins
1989010N16212,EP,1989,WINONA,Not in target basins
1989037S16164,SP,1989,HARRY,Not in target basins
1989042S23178,SP,1989,UNNAMED,Not in target basins
1989052S27233,SP,1989,HINANO,Not in target basins
1989053S14210,SP,1989,JUDY,Not in target basins
1989053S15170,SP,1989,IVY,Not in target basins
1989088S15187,SP,1989,KERRY,Not in target basins
1989089S11158,SP,1989,AIVU,Not in target basins
1989096S13159,SP,1989,LILI,Not in target basins
1989122S09162,SP,1989,MEENA,Not in target basins
1989126S13178,SP,1989,ERNIE,Not in target basins
1989150N09257,EP,1989,ADOLPH,Not in target basins
1989165N11255,EP,1989,BARBARA,Not in target basins
1989169N13265,EP,1989,COSME,Not in target basins
1989190N08231,EP,1989,UNNAMED,Not in target basins
1989190N09240,EP,1989,UNNAMED,Not in target basins
1989190N13261,EP,1989,DALILIA,Not in target basins
1989193N13220,EP,1989,UNNAMED,Not in target basins
1989195N10219,EP,1989,UNNAMED,Not in target basins
1989196N14250,EP,1989,UNNAMED,Not in target basins
1989200N12236,EP,1989,ERICK,Not in target basins
1989205N13260,EP,1989,FLOSSIE,Not in target basins
1989210N14259,EP,1989,GIL,Not in target basins
1989211N24153,EP,1989,MAC,Not in target basins
1989227N12236,EP,1989,HENRIETTE,Not in target basins
1989227N13261,EP,1989,ISMAEL,Not in target basins
1989234N16244,EP,1989,JULIETTE,Not in target basins
1989235N26122,EP,1989,ROGER,Not in target basins
1989238N22253,EP,1989,KIKO,Not in target basins
1989240N14256,EP,1989,LORENA,Not in target basins
1989241N13265,EP,1989,MANUEL,Not in target basins
1989246N14263,EP,1989,NARDA,Not in target basins
1989250N17148,EP,1989,TIP,Not in target basins
1989252N11260,EP,1989,OCTAVE,Not in target basins
1989254N17145,EP,1989,VERA,Not in target basins
1989260N13264,EP,1989,PRISCILLA,Not in target basins
1989268N14261,EP,1989,RAYMOND,Not in target basins
1989269N14267,EP,1989,UNNAMED,Not in target basins
1989277N13257,EP,1989,UNNAMED,Not in target basins
1989287N11259,EP,1989,UNNAMED,Not in target basins
1989289N16243,EP,1989,UNNAMED,Not in target basins
1989291N05158,EP,1989,FORREST,Not in target basins
1989346S10133,SP,1990,FELICITY,Not in target basins
1990027S18156,SP,1990,NANCY,Not in target basins
1990028S10183,SP,1990,OFA,Not in target basins
1990043S09206,SP,1990,PENI,Not in target basins
1990059S13135,SP,1990,GREG,Not in target basins
1990060S15170,SP,1990,HILDA,Not in target basins
1990073S13170,SP,1990,IVOR,Not in target basins
1990075S09176,SP,1990,RAE,Not in target basins
1990076S12165,SP,1990,RAE,Not in target basins
1990133N09259,EP,1990,ALMA,Not in target basins
1990154N11260,EP,1990,BORIS,Not in target basins
1990160N12250,EP,1990,CRISTINA,Not in target basins
1990170N13260,EP,1990,DOUGLAS,Not in target basins
1990177N14257,EP,1990,ELIDA,Not in target basins
1990181N10259,EP,1990,UNNAMED,Not in target basins
1990187N13258,EP,1990,FAUSTO,Not in target basins
1990191N10266,EP,1990,GENEVIEVE,Not in target basins
1990201N12254,EP,1990,HERNAN,Not in target basins
1990202N10264,EP,1990,ISELLE,Not in target basins
1990205N13231,EP,1990,UNNAMED,Not in target basins
1990205N16141,EP,1990,STEVE,Not in target basins
1990208N18132,EP,1990,VERNON,Not in target basins
1990216N13281,EP,1990,DIANA,Not in target basins
1990219N10214,EP,1990,AKA,Not in target basins
1990222N11219,EP,1990,UNNAMED,Not in target basins
1990229N11249,EP,1990,UNNAMED,Not in target basins
1990229N11261,EP,1990,JULIO,Not in target basins
1990234N14248,EP,1990,KENNA,Not in target basins
1990236N14264,EP,1990,LOWELL,Not in target basins
1990251N06171,EP,1990,FLO,Not in target basins
1990251N12238,EP,1990,MARIE,Not in target basins
1990253N12248,EP,1990,NORBERT,Not in target basins
1990253N13258,EP,1990,UNNAMED,Not in target basins
1990267N13252,EP,1990,ODILE,Not in target basins
1990270N13261,EP,1990,RACHEL,Not in target basins
1990272N10223,EP,1990,POLO,Not in target basins
1990282N15250,EP,1990,SIMON,Not in target basins
1990289N10261,EP,1990,TRUDY,Not in target basins
1990295N11261,EP,1990,VANCE,Not in target basins
1990319N07197,EP,1990,OWEN,Not in target basins
1990327S07175,SP,1991,SINA,Not in target basins
1990350S11165,SP,1991,JOY,Not in target basins
1991046S18150,SP,1991,DAPHNE,Not in target basins
1991055S12142,SP,1991,KELVIN,Not in target basins
1991062S09168,SP,1991,UNNAMED,Not in target basins
1991074S11158,SP,1991,UNNAMED,Not in target basins
1991124S08154,SP,1991,LISA,Not in target basins
1991136N11238,EP,1991,ANDRES,Not in target basins
1991166N10257,EP,1991,BLANCA,Not in target basins
1991168N11265,EP,1991,CARLOS,Not in target basins
1991174N13259,EP,1991,DELORES,Not in target basins
1991180N13267,EP,1991,UNNAMED,Not in target basins
1991197N09248,EP,1991,ENRIQUE,Not in target basins
1991210N11253,EP,1991,FEFA,Not in target basins
1991216N12262,EP,1991,GUILLERMO,Not in target basins
1991220N13258,EP,1991,HILDA,Not in target basins
1991239N20133,EP,1991,HARRY,Not in target basins
1991243N05172,EP,1991,IVY,Not in target basins
1991251N12138,EP,1991,KINNA,Not in target basins
1991256N13171,EP,1991,MIREILLE,Not in target basins
1991256N14148,EP,1991,LUKE,Not in target basins
1991256N17253,EP,1991,UNNAMED,Not in target basins
1991259N14258,EP,1991,IGNACIO,Not in target basins
1991264N10260,EP,1991,JIMENA,Not in target basins
1991268N12264,EP,1991,KEVIN,Not in target basins
1991274N14149,EP,1991,ORCHID,Not in target basins
1991277N13251,EP,1991,LINDA,Not in target basins
1991281N12265,EP,1991,MARTY,Not in target basins
1991311N10256,EP,1991,NORA,Not in target basins
1991317S07164,SP,1992,TIA,Not in target basins
1991320N06171,EP,1991,YURI,Not in target basins
1991329N04181,EP,1991,ZELDA,Not in target basins
1991338S08181,SP,1992,VAL,Not in target basins
1991339S10203,SP,1992,WASA,Not in target basins
1991348S23218,SP,1992,ARTHUR,Not in target basins
1992005S07172,SP,1992,BETSY,Not in target basins
1992006S13134,SP,1992,MARK,Not in target basins
1992017S12198,SP,1992,UNNAMED,Not in target basins
1992027N05206,EP,1992,EKEKA,Not in target basins
1992036S11212,SP,1992,CLIFF,Not in target basins
1992044S09181,SP,1992,DAMAN,Not in target basins
1992050S19155,SP,1992,UNNAMED,Not in target basins
1992055S13169,SP,1992,ESAU,Not in target basins
1992064S10184,SP,1992,FRAN,Not in target basins
1992074S12185,SP,1992,GENE,Not in target basins
1992084S10212,SP,1992,HETTIE,Not in target basins
1992088N05188,EP,1992,HALI,Not in target basins
1992088S23215,SP,1992,HETTIE,Not in target basins
1992118S11179,SP,1992,INNIS,Not in target basins
1992154N11258,EP,1992,AGATHA,Not in target basins
1992169N14246,EP,1992,UNNAMED,Not in target basins
1992172N07144,EP,1992,BOBBIE,Not in target basins
1992175N12269,EP,1992,CELIA,Not in target basins
1992175N16249,EP,1992,BLAS,Not in target basins
1992185N13265,EP,1992,DARBY,Not in target basins
1992191N12252,EP,1992,ESTELLE,Not in target basins
1992195N14254,EP,1992,FRANK,Not in target basins
1992197N11266,EP,1992,GEORGETTE,Not in target basins
1992208N13246,EP,1992,HOWARD,Not in target basins
1992210N14254,EP,1992,ISIS,Not in target basins
1992212N05154,EP,1992,JANIS,Not in target basins
1992213N12256,EP,1992,JAVIER,Not in target basins
1992216N06182,EP,1992,KENT,Not in target basins
1992223N15236,EP,1992,UNNAMED,Not in target basins
1992227N13130,EP,1992,LOIS,Not in target basins
1992229N24162,EP,1992,NINA,Not in target basins
1992231N19249,EP,1992,KAY,Not in target basins
1992233N16254,EP,1992,LESTER,Not in target basins
1992241N11253,EP,1992,NEWTON,Not in target basins
1992241N13237,EP,1992,MADELINE,Not in target basins
1992247N10258,EP,1992,ORLENE,Not in target basins
1992248N19166,EP,1992,SIBYL,Not in target basins
1992249N12229,EP,1992,INIKI,Not in target basins
1992255N19247,EP,1992,PAINE,Not in target basins
1992258N17249,EP,1992,ROSLYN,Not in target basins
1992262N10262,EP,1992,TINA,Not in target basins
1992262N17252,EP,1992,SEYMOUR,Not in target basins
1992263N05175,EP,1992,VAL,Not in target basins
1992268N11193,EP,1992,WARD,Not in target basins
1992275N14260,EP,1992,VIRGIL,Not in target basins
1992281N11263,EP,1992,WINIFRED,Not in target basins
1992288N10253,EP,1992,XAVIER,Not in target basins
1992290N11253,EP,1992,YOLANDA,Not in target basins
1992298N10188,EP,1992,DAN,Not in target basins
1992300N13249,EP,1992,ZEKE,Not in target basins
1992318N06182,EP,1992,GAY,Not in target basins
1992318N11160,EP,1992,HUNT,Not in target basins
1992327N11206,EP,1992,UNNAMED,Not in target basins
1992338S04173,SP,1993,JONI,Not in target basins
1992357S13143,SP,1993,NINA,Not in target basins
1992358S07161,SP,1993,KINA,Not in target basins
1993002S17196,SP,1993,UNNAMED,Not in target basins
1993011S12214,SP,1993,UNNAMED,Not in target basins
1993025S12136,SP,1993,UNNAMED,Not in target basins
1993029S11178,SP,1993,LIN,Not in target basins
1993034S12151,SP,1993,OLIVER,Not in target basins
1993034S14191,SP,1993,MICK,Not in target basins
1993043S11193,SP,1993,NISHA,Not in target basins
1993045S13170,SP,1993,OLI,Not in target basins
1993053S12161,SP,1993,POLLY,Not in target basins
1993069S08164,SP,1993,ROGER,Not in target basins
1993083S12181,SP,1993,PREMA,Not in target basins
1993131S04158,SP,1993,ADEL,Not in target basins
1993162N10245,EP,1993,ADRIAN,Not in target basins
1993169N13265,EP,1993,BEATRIZ,Not in target basins
1993178N14265,EP,1993,UNNAMED,Not in target basins
1993186N13262,EP,1993,CALVIN,Not in target basins
1993196N11241,EP,1993,DORA,Not in target basins
1993197N11247,EP,1993,EUGENE,Not in target basins
1993217N10320,EP,1993,BRET,Not in target basins
1993221N12216,EP,1993,KEONI,Not in target basins
1993221N13256,EP,1993,FERNANDA,Not in target basins
1993223N07185,EP,1993,UNNAMED,Not in target basins
1993227N15258,EP,1993,GREG,Not in target basins
1993229N13265,EP,1993,HILARY,Not in target basins
1993233N13260,EP,1993,IRWIN,Not in target basins
1993241N14264,EP,1993,JOVA,Not in target basins
1993246N16129,EP,1993,ZOLA,Not in target basins
1993249N12253,EP,1993,KENNETH,Not in target basins
1993252N11265,EP,1993,LIDIA,Not in target basins
1993258N11279,EP,1993,GERT,Not in target basins
1993263N11168,EP,1993,CECIL,Not in target basins
1993271N14134,EP,1993,FLO,Not in target basins
1993273N11245,EP,1993,MAX,Not in target basins
1993276N13249,EP,1993,NORMA,Not in target basins
1993285N12192,EP,1993,HATTIE,Not in target basins
1993285N16239,EP,1993,UNNAMED,Not in target basins
1993360S04171,SP,1994,REWA,Not in target basins
1994006S18182,SP,1994,UNNAMED,Not in target basins
1994019S17174,SP,1994,SARAH,Not in target basins
1994028S11136,SP,1994,SADIE,Not in target basins
1994053S08155,SP,1994,THEODORE,Not in target basins
1994078S06184,SP,1994,THOMAS:TOMAS,Not in target basins
1994081S11154,SP,1994,USHA,Not in target basins
1994110S08160,SP,1994,UNNAMED,Not in target basins
1994128N04155,EP,1994,PAGE,Not in target basins
1994169N13240,EP,1994,ALETTA,Not in target basins
1994178N16248,EP,1994,BUD,Not in target basins
1994180N12255,EP,1994,CARLOTTA,Not in target basins
1994190N13239,EP,1994,DANIEL,Not in target basins
1994197N09229,EP,1994,EMILIA,Not in target basins
1994200N13235,EP,1994,FABIO,Not in target basins
1994202N11238,EP,1994,GILMA,Not in target basins
1994212N11240,EP,1994,LI,Not in target basins
1994219N19252,EP,1994,HECTOR,Not in target basins
1994221N15215,EP,1994,UNNAMED,Not in target basins
1994222N11267,EP,1994,JOHN,Not in target basins
1994223N15253,EP,1994,ILEANA,Not in target basins
1994224N16240,EP,1994,UNNAMED,Not in target basins
1994241N14236,EP,1994,KRISTY,Not in target basins
1994247N18251,EP,1994,LANE,Not in target basins
1994249N11200,EP,1994,MELE,Not in target basins
1994249N21220,EP,1994,LANE,Not in target basins
1994259N13244,EP,1994,MIRIAM,Not in target basins
1994262N16249,EP,1994,NORMAN,Not in target basins
1994265N13251,EP,1994,OLIVIA,Not in target basins
1994268N15232,EP,1994,PAUL,Not in target basins
1994272N40159,EP,1994,PAT,Not in target basins
1994273N08176,EP,1994,SETH,Not in target basins
1994282N17247,EP,1994,ROSA,Not in target basins
1994291N12170,EP,1994,WILDA,Not in target basins
1994294N13203,EP,1994,NONA,Not in target basins
1994295N25188,EP,1994,YURI,Not in target basins
1994315S07168,SP,1995,VANIA,Not in target basins
1994347S09167,SP,1995,UNNAMED,Not in target basins
1994348N04175,EP,1994,BOBBIE,Not in target basins
1994364S11195,SP,1995,WILLIAM,Not in target basins
1995005N04189,EP,1995,UNNAMED,Not in target basins
1995059S11155,SP,1995,VIOLET,Not in target basins
1995063S13141,SP,1995,WARREN,Not in target basins
1995074S17175,SP,1995,UNNAMED,Not in target basins
1995091S11145,SP,1995,UNNAMED,Not in target basins
1995106S09144,SP,1995,AGNES,Not in target basins
1995141N13256,EP,1995,UNNAMED,Not in target basins
1995148N07150,EP,1995,DEANNA,Not in target basins
1995167N11254,EP,1995,ADOLPH,Not in target basins
1995189N11257,EP,1995,BARBARA,Not in target basins
1995198N17252,EP,1995,COSME,Not in target basins
1995206N13252,EP,1995,DALILA,Not in target basins
1995214N15249,EP,1995,ERICK,Not in target basins
1995220N15256,EP,1995,FLOSSIE,Not in target basins
1995233N15261,EP,1995,GIL,Not in target basins
1995240N24151,EP,1995,MARK,Not in target basins
1995244N16256,EP,1995,HENRIETTE,Not in target basins
1995250N09161,EP,1995,OSCAR,Not in target basins
1995252N08142,EP,1995,POLLY,Not in target basins
1995256N15253,EP,1995,ISMAEL,Not in target basins
1995260N15255,EP,1995,JULIETTE,Not in target basins
1995287N08163,EP,1995,WARD,Not in target basins
1995302N17174,EP,1995,BRIAN,Not in target basins
1995314N25186,EP,1995,COLLEEN,Not in target basins
1995348S15135,SP,1996,GERTIE,Not in target basins
1995357N07139,EP,1995,DAN,Not in target basins
1996002S15133,SP,1996,BARRY,Not in target basins
1996015S18182,SP,1996,YASI,Not in target basins
1996021S16152,SP,1996,CELESTE,Not in target basins
1996026S14143,SP,1996,JACOB,Not in target basins
1996042S13139,SP,1996,DENNIS,Not in target basins
1996064S12155,SP,1996,ATU,Not in target basins
1996067S16138,SP,1996,ETHEL,Not in target basins
1996069S21166,SP,1996,ZAKA,Not in target basins
1996071S25177,SP,1996,ZAKA,Not in target basins
1996079S12170,SP,1996,BETI,Not in target basins
1996134N11246,EP,1996,UNNAMED,Not in target basins
1996137N13251,EP,1996,UNNAMED,Not in target basins
1996172N13261,EP,1996,ALMA,Not in target basins
1996179N13266,EP,1996,BORIS,Not in target basins
1996184N09271,EP,1996,CRISTINA,Not in target basins
1996186N19156,EP,1996,DAN,Not in target basins
1996187N17251,EP,1996,UNNAMED,Not in target basins
1996192N19152,EP,1996,EVE,Not in target basins
1996207N12297,EP,1996,CESAR,Not in target basins
1996210N05156,EP,1996,KIRK,Not in target basins
1996211N13270,EP,1996,DOUGLAS,Not in target basins
1996227N15176,EP,1996,ORSON,Not in target basins
1996227N30177,EP,1996,UNNAMED,Not in target basins
1996232N17280,EP,1996,DOLLY,Not in target basins
1996240N22168,EP,1996,RICK,Not in target basins
1996244N13257,EP,1996,ELIDA,Not in target basins
1996254N13138,EP,1996,VIOLET,Not in target basins
1996254N14258,EP,1996,FAUSTO,Not in target basins
1996260N14217,EP,1996,UNNAMED,Not in target basins
1996261N08184,EP,1996,YATES,Not in target basins
1996268N15140,EP,1996,ZANE,Not in target basins
1996272N16250,EP,1996,GENEVIEVE,Not in target basins
1996274N13261,EP,1996,HERNAN,Not in target basins
1996309N21175,EP,1996,UNNAMED,Not in target basins
1996312N13251,EP,1996,UNNAMED,Not in target basins
1996324S04164,SP,1997,CYRIL,Not in target basins
1996354S05170,SP,1997,FERGUS,Not in target basins
1996357S10136,SP,1997,PHIL,Not in target basins
1996365S15137,SP,1997,RACHEL,Not in target basins
1997001S10176,SP,1997,DRENA,Not in target basins
1997009S16188,SP,1997,EVAN,Not in target basins
1997021S16172,SP,1997,FREDA,Not in target basins
1997039S10155,SP,1997,GILLIAN,Not in target basins
1997045S11163,SP,1997,HAROLD,Not in target basins
1997053S12142,SP,1997,ITA,Not in target basins
1997053S16206,SP,1997,UNNAMED,Not in target basins
1997054S18201,SP,1997,UNNAMED,Not in target basins
1997061S08171,SP,1997,GAVIN,Not in target basins
1997062S16158,SP,1997,JUSTIN,Not in target basins
1997071S13176,SP,1997,HINA,Not in target basins
1997105S10168,SP,1997,IAN,Not in target basins
1997118S09166,SP,1997,JUNE,Not in target basins
1997143N17111,EP,1997,LEVI,Not in target basins
1997146N09161,EP,1997,MARIE,Not in target basins
1997147S12168,SP,1997,UNNAMED,Not in target basins
1997152N06171,EP,1997,NESTOR,Not in target basins
1997152N10265,EP,1997,ANDRES,Not in target basins
1997156S11192,SP,1997,KELI,Not in target basins
1997161N14266,EP,1997,BLANCA,Not in target basins
1997167N06162,EP,1997,PETER,Not in target basins
1997173N14243,EP,1997,UNNAMED,Not in target basins
1997176N16252,EP,1997,CARLOS,Not in target basins
1997181N14250,EP,1997,UNNAMED,Not in target basins
1997187N13250,EP,1997,DOLORES,Not in target basins
1997193N09248,EP,1997,ENRIQUE,Not in target basins
1997196N10251,EP,1997,FELICIA,Not in target basins
1997201N24152,EP,1997,SCOTT,Not in target basins
1997207N11198,EP,1997,UNNAMED,Not in target basins
1997212N11265,EP,1997,GUILLERMO,Not in target basins
1997221N03179,EP,1997,YULE,Not in target basins
1997222N11246,EP,1997,HILDA,Not in target basins
1997225N09186,EP,1997,UNNAMED,Not in target basins
1997229N19242,EP,1997,IGNACIO,Not in target basins
1997236N10172,EP,1997,BING,Not in target basins
1997238N11227,EP,1997,JIMENA,Not in target basins
1997240N12193,EP,1997,OLIWA,Not in target basins
1997247N18248,EP,1997,KEVIN,Not in target basins
1997252N10171,EP,1997,DAVID,Not in target basins
1997253N12255,EP,1997,LINDA,Not in target basins
1997256N14227,EP,1997,MARTY,Not in target basins
1997259N13258,EP,1997,NORA,Not in target basins
1997262N22184,EP,1997,ELLA,Not in target basins
1997265N10175,EP,1997,GINGER,Not in target basins
1997270N11265,EP,1997,OLAF,Not in target basins
1997277S04170,SP,1998,LUSI,Not in target basins
1997279N12263,EP,1997,PAULINE,Not in target basins
1997279N14221,EP,1997,UNNAMED,Not in target basins
1997284N04179,EP,1997,JOAN,Not in target basins
1997297S11177,SP,1998,UNNAMED,Not in target basins
1997301N09202,EP,1997,UNNAMED,Not in target basins
1997302S08199,SP,1998,MARTIN,Not in target basins
1997311N09258,EP,1997,RICK,Not in target basins
1997319S09180,SP,1998,NUTE,Not in target basins
1997326S09203,SP,1998,OSEA,Not in target basins
1997333N06194,EP,1997,PAKA,Not in target basins
1997336S09195,SP,1998,PAM,Not in target basins
1997355S05189,SP,1998,SUSAN,Not in target basins
1997359S12129,SP,1998,SID,Not in target basins
1998001S09195,SP,1998,RON,Not in target basins
1998002S14151,SP,1998,KATRINA,Not in target basins
1998022S15143,SP,1998,LES,Not in target basins
1998025S12185,SP,1998,TUI,Not in target basins
1998030S13194,SP,1998,VELI,Not in target basins
1998030S14208,SP,1998,URSULA,Not in target basins
1998031S12187,SP,1998,WES,Not in target basins
1998036S13135,SP,1998,CINDY:VICTOR,Not in target basins
1998056S14139,SP,1998,MAY,Not in target basins
1998076S11170,SP,1998,YALI,Not in target basins
1998079S10145,SP,1998,NATHAN,Not in target basins
1998087S15172,SP,1998,ZUMAN,Not in target basins
1998106S09135,SP,1998,UNNAMED,Not in target basins
1998108S10203,SP,1998,ALAN,Not in target basins
1998120S16220,SP,1998,BART,Not in target basins
1998161N09261,EP,1998,AGATHA,Not in target basins
1998169N12265,EP,1998,UNNAMED,Not in target basins
1998173N08266,EP,1998,BLAS,Not in target basins
1998197N13259,EP,1998,CELIA,Not in target basins
1998203N11253,EP,1998,DARBY,Not in target basins
1998210N14263,EP,1998,ESTELLE,Not in target basins
1998216N09260,EP,1998,FRANK,Not in target basins
1998222N09257,EP,1998,GEORGETTE,Not in target basins
1998228N13218,EP,1998,UNNAMED,Not in target basins
1998230N11267,EP,1998,HOWARD,Not in target basins
1998235N17131,EP,1998,REX,Not in target basins
1998242N14252,EP,1998,ISIS,Not in target basins
1998249N16256,EP,1998,JAVIER,Not in target basins
1998253N17150,EP,1998,STELLA,Not in target basins
1998259N17118,EP,1998,VICKI,Not in target basins
1998274N19254,EP,1998,UNNAMED,Not in target basins
1998283N13268,EP,1998,MADELINE,Not in target basins
1998284N13243,EP,1998,KAY,Not in target basins
1998288N11268,EP,1998,LESTER,Not in target basins
1998335S12138,SP,1999,THELMA,Not in target basins
1998348S17156,SP,1999,UNNAMED,Not in target basins
1998355S14187,SP,1999,CORA,Not in target basins
1998355S20210,SP,1999,UNNAMED,Not in target basins
1999013S13164,SP,1999,DANI,Not in target basins
1999020S17158,SP,1999,OLINDA,Not in target basins
1999021S15149,SP,1999,PETE,Not in target basins
1999024S11138,SP,1999,UNNAMED,Not in target basins
1999040S13160,SP,1999,ELLA,Not in target basins
1999040S15147,SP,1999,RONA,Not in target basins
1999048S21152,SP,1999,FRANK,Not in target basins
1999057S22203,SP,1999,GITA,Not in target basins
1999070S19206,SP,1999,HALI,Not in target basins
1999140S16157,SP,1999,UNNAMED,Not in target basins
1999169N13264,EP,1999,ADRIAN,Not in target basins
1999189N12263,EP,1999,BEATRIZ,Not in target basins
1999193N16269,EP,1999,UNNAMED,Not in target basins
1999202N10241,EP,1999,UNNAMED,Not in target basins
1999205N11254,EP,1999,CALVIN,Not in target basins
1999208N14234,EP,1999,UNNAMED,Not in target basins
1999217N11265,EP,1999,DORA,Not in target basins
1999218N12241,EP,1999,EUGENE,Not in target basins
1999225N12247,EP,1999,UNNAMED,Not in target basins
1999228N10252,EP,1999,FERNANDA,Not in target basins
1999231N30181,EP,1999,TANYA,Not in target basins
1999234N16251,EP,1999,UNNAMED,Not in target basins
1999248N17256,EP,1999,GREG,Not in target basins
1999260N15255,EP,1999,HILARY,Not in target basins
1999260N20130,EP,1999,BART,Not in target basins
1999281N16255,EP,1999,IRWIN,Not in target basins
2000006S15164,SP,2000,IRIS,Not in target basins
2000018S15190,SP,2000,UNNAMED,Not in target basins
2000023S15172,SP,2000,JO,Not in target basins
2000055S23227,SP,2000,KIM,Not in target basins
2000056S17152,SP,2000,STEVE,Not in target basins
2000064S19209,SP,2000,LEO,Not in target basins
2000067S15189,SP,2000,MONA,Not in target basins
2000089S20168,SP,2000,VAUGHAN,Not in target basins
2000091S14156,SP,2000,TESSI,Not in target basins
2000104S17182,SP,2000,NEIL,Not in target basins
2000138N16119,EP,2000,LONGWANG,Not in target basins
2000142N12262,EP,2000,ALETTA,Not in target basins
2000164N12256,EP,2000,BUD,Not in target basins
2000170N10268,EP,2000,CARLOTTA,Not in target basins
2000187N12245,EP,2000,UNNAMED,Not in target basins
2000201N11224,EP,2000,UPANA,Not in target basins
2000203N17249,EP,2000,UNNAMED,Not in target basins
2000205N10260,EP,2000,DANIEL,Not in target basins
2000206N11266,EP,2000,EMILIA,Not in target basins
2000209N06182,EP,2000,CHANCHU,Not in target basins
2000215N15254,EP,2000,FABIO,Not in target basins
2000217N12260,EP,2000,GILMA,Not in target basins
2000223N18257,EP,2000,HECTOR,Not in target basins
2000226N16258,EP,2000,ILEANA,Not in target basins
2000228N31180,EP,2000,WENE,Not in target basins
2000241N15223,EP,2000,JOHN,Not in target basins
2000244N13229,EP,2000,KRISTY,Not in target basins
2000249N15258,EP,2000,LANE,Not in target basins
2000258N22138,EP,2000,SONAMU,Not in target basins
2000260N15178,EP,2000,SHANSHAN,Not in target basins
2000260N19253,EP,2000,MIRIAM,Not in target basins
2000264N17257,EP,2000,NORMAN,Not in target basins
2000277N15257,EP,2000,OLIVIA,Not in target basins
2000299N10252,EP,2000,PAUL,Not in target basins
2000309N10270,EP,2000,ROSA,Not in target basins
2000333S11140,SP,2001,SAM,Not in target basins
2000349S23190,SP,2001,UNNAMED,Not in target basins
2001005S12136,SP,2001,UNNAMED,Not in target basins
2001039S11139,SP,2001,WINSOME,Not in target basins
2001045S14142,SP,2001,WYLVA,Not in target basins
2001047S17157,SP,2001,UNNAMED,Not in target basins
2001049S17198,SP,2001,OMA,Not in target basins
2001054S15155,SP,2001,ABIGAIL,Not in target basins
2001056S11163,SP,2001,PAULA,Not in target basins
2001060S19223,SP,2001,RITA,Not in target basins
2001094S12172,SP,2001,SOSE,Not in target basins
2001106S08137,SP,2001,ALISTAIR,Not in target basins
2001146N14259,EP,2001,ADOLPH,Not in target basins
2001171N12234,EP,2001,BARBARA,Not in target basins
2001194N15252,EP,2001,COSME,Not in target basins
2001202N11266,EP,2001,DALILA,Not in target basins
2001202N14243,EP,2001,ERICK,Not in target basins
2001235N17225,EP,2001,UNNAMED,Not in target basins
2001238N16139,EP,2001,WUTIP,Not in target basins
2001238N19252,EP,2001,FLOSSIE,Not in target basins
2001247N15237,EP,2001,GIL,Not in target basins
2001248N17251,EP,2001,HENRIETTE,Not in target basins
2001253N13213,EP,2001,UNNAMED,Not in target basins
2001254N15261,EP,2001,IVO,Not in target basins
2001260N14167,EP,2001,FRANCISCO,Not in target basins
2001264N13269,EP,2001,JULIETTE,Not in target basins
2001265N16244,EP,2001,KIKO,Not in target basins
2001266N10217,EP,2001,UNNAMED,Not in target basins
2001275N12258,EP,2001,LORENA,Not in target basins
2001276N13146,EP,2001,KROSA,Not in target basins
2001276N14240,EP,2001,UNNAMED,Not in target basins
2001284N14261,EP,2001,MANUEL,Not in target basins
2001291N05158,EP,2001,PODUL,Not in target basins
2001294N11235,EP,2001,NARDA,Not in target basins
2001304N12237,EP,2001,OCTAVE,Not in target basins
2001320S11146,SP,2002,UNNAMED,Not in target basins
2001334S21200,SP,2002,TRINA,Not in target basins
2001357S14203,SP,2002,VICKY,Not in target basins
2001363S10185,SP,2002,WAKA,Not in target basins
2001365S12138,SP,2002,BERNIE,Not in target basins
2002001S09165,SP,2002,UNNAMED,Not in target basins
2002015S20159,SP,2002,UNNAMED,Not in target basins
2002040S14130,SP,2002,UNNAMED,Not in target basins
2002042S20156,SP,2002,CLAUDIA,Not in target basins
2002054S17176,SP,2002,UNNAMED,Not in target basins
2002062S15154,SP,2002,DES,Not in target basins
2002073S16161,SP,2002,UNNAMED,Not in target basins
2002143S07157,SP,2002,UPIA,Not in target basins
2002145N11259,EP,2002,ALMA,Not in target basins
2002160N16258,EP,2002,BORIS,Not in target basins
2002179N12238,EP,2002,UNNAMED,Not in target basins
2002187N11160,EP,2002,HALONG,Not in target basins
2002191N12260,EP,2002,CRISTINA,Not in target basins
2002198N09182,EP,2002,KALMAEGI,Not in target basins
2002202N13254,EP,2002,DOUGLAS,Not in target basins
2002204N12263,EP,2002,ELIDA,Not in target basins
2002218N13241,EP,2002,UNNAMED,Not in target basins
2002222N09163,EP,2002,PHANFONE,Not in target basins
2002234N11221,EP,2002,ALIKA,Not in target basins
2002234N13253,EP,2002,FAUSTO,Not in target basins
2002237N10202,EP,2002,ELE,Not in target basins
2002238N15250,EP,2002,GENEVIEVE,Not in target basins
2002242N14257,EP,2002,HERNAN,Not in target basins
2002249N19253,EP,2002,UNNAMED,Not in target basins
2002258N15256,EP,2002,ISELLE,Not in target basins
2002263N22139,EP,2002,CHANGMI,Not in target basins
2002268N15258,EP,2002,JULIO,Not in target basins
2002282N10156,EP,2002,BAVI,Not in target basins
2002295N11261,EP,2002,KENNA,Not in target basins
2002296N11230,EP,2002,LOWELL,Not in target basins
2002297N09206,EP,2002,HUKO,Not in target basins
2002298N17169,EP,2002,MAYSAK,Not in target basins
2002318N15250,EP,2002,UNNAMED,Not in target basins
2002335S13182,SP,2003,YOLANDE,Not in target basins
2002358S08185,SP,2003,ZOE,Not in target basins
2003004S10136,SP,2003,UNNAMED,Not in target basins
2003011N02180,EP,2003,YANYAN,Not in target basins
2003011S09182,SP,2003,AMI,Not in target basins
2003021S10163,SP,2003,BENI,Not in target basins
2003025S16173,SP,2003,CILLA,Not in target basins
2003036S10197,SP,2003,DOVI,Not in target basins
2003061S21148,SP,2003,ERICA,Not in target basins
2003066S16176,SP,2003,UNNAMED,Not in target basins
2003067S13130,SP,2003,CRAIG,Not in target basins
2003068S14172,SP,2003,ESETA,Not in target basins
2003103S14180,SP,2003,FILI,Not in target basins
2003140N10258,EP,2003,ANDRES,Not in target basins
2003155S10172,SP,2003,GINA,Not in target basins
2003156S07155,SP,2003,EPI,Not in target basins
2003168N16257,EP,2003,BLANCA,Not in target basins
2003177N14263,EP,2003,CARLOS,Not in target basins
2003187N14244,EP,2003,DOLORES,Not in target basins
2003192N14254,EP,2003,ENRIQUE,Not in target basins
2003199N14255,EP,2003,FELICIA,Not in target basins
2003219N16244,EP,2003,GUILLERMO,Not in target basins
2003221N14249,EP,2003,HILDA,Not in target basins
2003223N13224,EP,2003,UNNAMED,Not in target basins
2003235N20253,EP,2003,IGNACIO,Not in target basins
2003240N14230,EP,2003,JIMENA,Not in target basins
2003247N19249,EP,2003,KEVIN,Not in target basins
2003257N15252,EP,2003,LINDA,Not in target basins
2003259N13133,EP,2003,CHOI-WAN,Not in target basins
2003262N17254,EP,2003,MARTY,Not in target basins
2003267N15140,EP,2003,KOPPU,Not in target basins
2003271N18275,EP,2003,LARRY,Not in target basins
2003275N16252,EP,2003,NORA,Not in target basins
2003276N12262,EP,2003,OLAF,Not in target basins
2003291N17147,EP,2003,PARMA,Not in target basins
2003294N10260,EP,2003,PATRICIA,Not in target basins
2003350S10140,SP,2004,DEBBIE,Not in target basins
2003359S15177,SP,2004,HETA,Not in target basins
2004041S14147,SP,2004,FRITZ,Not in target basins
2004052S15172,SP,2004,IVY,Not in target basins
2004058S13142,SP,2004,EVAN,Not in target basins
2004072S11146,SP,2004,FAY,Not in target basins
2004081S15148,SP,2004,GRACE,Not in target basins
2004086S29318,SA,2004,UNNAMED,Not in target basins
2004093N07154,EP,2004,SUDAL,Not in target basins
2004098S15173,SP,2004,UNNAMED,Not in target basins
2004143N15252,EP,2004,AGATHA,Not in target basins
2004156N16117,EP,2004,CONSON,Not in target basins
2004164N06139,EP,2004,DIANMU,Not in target basins
2004185N16241,EP,2004,UNNAMED,Not in target basins
2004186N06203,EP,2004,UNNAMED,Not in target basins
2004195N15255,EP,2004,BLAS,Not in target basins
2004201N14247,EP,2004,CELIA,Not in target basins
2004209N12247,EP,2004,DARBY,Not in target basins
2004214N12234,EP,2004,UNNAMED,Not in target basins
2004216N16166,EP,2004,MERANTI,Not in target basins
2004222N24150,EP,2004,MALAKAS,Not in target basins
2004232N12228,EP,2004,ESTELLE,Not in target basins
2004236N17250,EP,2004,FRANK,Not in target basins
2004237N17236,EP,2004,UNNAMED,Not in target basins
2004239N11171,EP,2004,SONGDA,Not in target basins
2004240N15254,EP,2004,GEORGETTE,Not in target basins
2004244N12257,EP,2004,HOWARD,Not in target basins
2004252N15250,EP,2004,ISIS,Not in target basins
2004255N11267,EP,2004,JAVIER,Not in target basins
2004279N14249,EP,2004,KAY,Not in target basins
2004284N07157,EP,2004,TOKAGE,Not in target basins
2004286N14263,EP,2004,LESTER,Not in target basins
2004299N18251,EP,2004,UNNAMED,Not in target basins
2004348S15173,SP,2005,UNNAMED,Not in target basins
2004357S16216,SP,2005,JUDY,Not in target basins
2004365S13120,SP,2005,RAYMOND,Not in target basins
2005003S09177,SP,2005,KERRY,Not in target basins
2005027S18168,SP,2005,LOLA,Not in target basins
2005032S14195,SP,2005,MEENA,Not in target basins
2005035S14136,SP,2005,HARVEY,Not in target basins
2005041S13181,SP,2005,OLAF,Not in target basins
2005042S12190,SP,2005,NANCY,Not in target basins
2005054S09173,SP,2005,PERCY,Not in target basins
2005060S12179,SP,2005,RAE,Not in target basins
2005063S12141,SP,2005,INGRID,Not in target basins
2005103S08138,SP,2005,UNNAMED,Not in target basins
2005110S17180,SP,2005,SHEILA,Not in target basins
2005138N10265,EP,2005,ADRIAN,Not in target basins
2005173N14258,EP,2005,BEATRIZ,Not in target basins
2005177N13263,EP,2005,CALVIN,Not in target basins
2005185N15261,EP,2005,DORA,Not in target basins
2005199N15256,EP,2005,EUGENE,Not in target basins
2005202N13138,EP,2005,BANYAN,Not in target basins
2005215N14224,EP,2005,UNNAMED,Not in target basins
2005222N14246,EP,2005,FERNANDA,Not in target basins
2005223N13251,EP,2005,GREG,Not in target basins
2005232N13263,EP,2005,HILARY,Not in target basins
2005238N17255,EP,2005,IRWIN,Not in target basins
2005255N15246,EP,2005,JOVA,Not in target basins
2005258N12242,EP,2005,KENNETH,Not in target basins
2005261N13245,EP,2005,LIDIA,Not in target basins
2005261N14252,EP,2005,MAX,Not in target basins
2005262N20155,EP,2005,SAOLA,Not in target basins
2005266N15252,EP,2005,NORMA,Not in target basins
2005271N17255,EP,2005,OTIS,Not in target basins
2005288N11259,EP,2005,UNNAMED,Not in target basins
2006007S15182,SP,2006,TAM,Not in target basins
2006013S13184,SP,2006,URMIL,Not in target basins
2006025S18147,SP,2006,JIM,Not in target basins
2006040S15181,SP,2006,VAIANU,Not in target basins
2006053S11144,SP,2006,KATE,Not in target basins
2006055S10138,SP,2006,UNNAMED,Not in target basins
2006074S13158,SP,2006,LARRY,Not in target basins
2006075S14185,SP,2006,WATI,Not in target basins
2006106S10153,SP,2006,MONICA,Not in target basins
2006147N15259,EP,2006,ALETTA,Not in target basins
2006155N16257,EP,2006,UNNAMED,Not in target basins
2006192N13250,EP,2006,BUD,Not in target basins
2006193N13258,EP,2006,CARLOTTA,Not in target basins
2006198N12252,EP,2006,DANIEL,Not in target basins
2006203N12257,EP,2006,EMILIA,Not in target basins
2006213N13256,EP,2006,GILMA,Not in target basins
2006213N14239,EP,2006,FABIO,Not in target basins
2006228N10218,EP,2006,IOKE,Not in target basins
2006228N13247,EP,2006,HECTOR,Not in target basins
2006234N12258,EP,2006,ILEANA,Not in target basins
2006240N12265,EP,2006,JOHN,Not in target basins
2006242N16246,EP,2006,KRISTY,Not in target basins
2006257N16259,EP,2006,LANE,Not in target basins
2006258N11215,EP,2006,UNNAMED,Not in target basins
2006259N17245,EP,2006,MIRIAM,Not in target basins
2006259N19155,EP,2006,YAGI,Not in target basins
2006268N10187,EP,2006,UNNAMED,Not in target basins
2006281N11201,EP,2006,UNNAMED,Not in target basins
2006282N14243,EP,2006,NORMAN,Not in target basins
2006283N13232,EP,2006,OLIVIA,Not in target basins
2006294N16254,EP,2006,PAUL,Not in target basins
2006294S10168,SP,2007,XAVIER,Not in target basins
2006300N17256,EP,2006,UNNAMED,Not in target basins
2006312N13256,EP,2006,ROSA,Not in target basins
2006315N13248,EP,2006,UNNAMED,Not in target basins
2006318N12256,EP,2006,SERGIO,Not in target basins
2006322S09172,SP,2007,YANI,Not in target basins
2006335S10164,SP,2007,UNNAMED,Not in target basins
2007021S12183,SP,2007,ARTHUR,Not in target basins
2007021S12195,SP,2007,ZITA,Not in target basins
2007032S11137,SP,2007,NELSON,Not in target basins
2007033S12177,SP,2007,UNNAMED,Not in target basins
2007058S12135,SP,2007,GEORGE,Not in target basins
2007084S12157,SP,2007,BECKY,Not in target basins
2007091S14175,SP,2007,CLIFF,Not in target basins
2007135N08147,EP,2007,YUTU,Not in target basins
2007136S10158,SP,2007,PIERRE,Not in target basins
2007147N13249,EP,2007,ALVIN,Not in target basins
2007150N14263,EP,2007,BARBARA,Not in target basins
2007163N15250,EP,2007,UNNAMED,Not in target basins
2007188N04148,EP,2007,MAN-YI,Not in target basins
2007191N17241,EP,2007,UNNAMED,Not in target basins
2007196N11234,EP,2007,COSME,Not in target basins
2007196N15246,EP,2007,UNNAMED,Not in target basins
2007203N13255,EP,2007,DALILA,Not in target basins
2007213N13238,EP,2007,ERICK,Not in target basins
2007221N13234,EP,2007,FLOSSIE,Not in target basins
2007242N13264,EP,2007,HENRIETTE,Not in target basins
2007242N19251,EP,2007,GIL,Not in target basins
2007249N24161,EP,2007,DANAS,Not in target basins
2007261N13254,EP,2007,IVO,Not in target basins
2007262N16233,EP,2007,UNNAMED,Not in target basins
2007272N15251,EP,2007,JULIETTE,Not in target basins
2007274N18131,EP,2007,KROSA,Not in target basins
2007282N19181,EP,2007,LINGLING,Not in target basins
2007288N15251,EP,2007,KIKO,Not in target basins
2007291N19148,EP,2007,KAJIKI,Not in target basins
2007317S10150,SP,2008,GUBA,Not in target basins
2007337S12186,SP,2008,DAMAN,Not in target basins
2007365S15134,SP,2008,HELEN,Not in target basins
2008008S18184,SP,2008,ELISA,Not in target basins
2008015S16162,SP,2008,FUNA,Not in target basins
2008026S12179,SP,2008,GENE,Not in target basins
2008060S19151,SP,2008,UNNAMED,Not in target basins
2008080S17163,SP,2008,UNNAMED,Not in target basins
2008108S13158,SP,2008,UNNAMED,Not in target basins
2008147N10141,EP,2008,NAKRI,Not in target basins
2008150N10274,EP,2008,ALMA,Not in target basins
2008179N12252,EP,2008,BORIS,Not in target basins
2008180N14238,EP,2008,CRISTINA,Not in target basins
2008184N15254,EP,2008,DOUGLAS,Not in target basins
2008188N14260,EP,2008,UNNAMED,Not in target basins
2008194N11266,EP,2008,ELIDA,Not in target basins
2008198N10265,EP,2008,FAUSTO,Not in target basins
2008204N13260,EP,2008,GENEVIEVE,Not in target basins
2008218N10224,EP,2008,KIKA,Not in target basins
2008220N12250,EP,2008,HERNAN,Not in target basins
2008226N22134,EP,2008,VONGFONG,Not in target basins
2008227N16255,EP,2008,ISELLE,Not in target basins
2008237N18253,EP,2008,JULIO,Not in target basins
2008246N19250,EP,2008,KARINA,Not in target basins
2008251N15256,EP,2008,LOWELL,Not in target basins
2008275N16245,EP,2008,MARIE,Not in target basins
2008278N13261,EP,2008,NORBERT,Not in target basins
2008283N12271,EP,2008,ODILE,Not in target basins
2008292N20152,EP,2008,BAVI,Not in target basins
2008297N12255,EP,2008,UNNAMED,Not in target basins
2008308N08252,EP,2008,POLO,Not in target basins
2008320N23146,EP,2008,HAISHEN,Not in target basins
2008356S14138,SP,2009,UNNAMED,Not in target basins
2009011S16139,SP,2009,CHARLOTTE,Not in target basins
2009025S12177,SP,2009,HETTIE,Not in target basins
2009031S16147,SP,2009,ELLIE,Not in target basins
2009045S18174,SP,2009,INNIS,Not in target basins
2009064S13148,SP,2009,HAMISH,Not in target basins
2009069S19204,SP,2009,JONI,Not in target basins
2009075S18197,SP,2009,KEN,Not in target basins
2009082S15154,SP,2009,JASPER,Not in target basins
2009092S15178,SP,2009,LIN,Not in target basins
2009107S07133,SP,2009,KIRRILY,Not in target basins
2009167N14257,EP,2009,UNNAMED,Not in target basins
2009171N15264,EP,2009,ANDRES,Not in target basins
2009185N13260,EP,2009,BLANCA,Not in target basins
2009190N09254,EP,2009,CARLOS,Not in target basins
2009194N11257,EP,2009,DOLORES,Not in target basins
2009210N11231,EP,2009,LANA,Not in target basins
2009215N10242,EP,2009,FELICIA,Not in target basins
2009215N13252,EP,2009,ENRIQUE,Not in target basins
2009219N19140,EP,2009,ETAU,Not in target basins
2009220N12246,EP,2009,UNNAMED,Not in target basins
2009221N10201,EP,2009,MAKA,Not in target basins
2009222N09262,EP,2009,GUILLERMO,Not in target basins
2009228N11163,EP,2009,VAMCO,Not in target basins
2009233N13230,EP,2009,HILDA,Not in target basins
2009235N14252,EP,2009,IGNACIO,Not in target basins
2009238N12189,EP,2009,UNNAMED,Not in target basins
2009239N10253,EP,2009,KEVIN,Not in target basins
2009239N12270,EP,2009,JIMENA,Not in target basins
2009246N12250,EP,2009,LINDA,Not in target basins
2009246N18130,EP,2009,DUJUAN,Not in target basins
2009257N14256,EP,2009,MARTY,Not in target basins
2009264N13252,EP,2009,NORA,Not in target basins
2009271N15257,EP,2009,OLAF,Not in target basins
2009281N15144,EP,2009,NEPARTAK,Not in target basins
2009282N16252,EP,2009,PATRICIA,Not in target basins
2009288N07267,EP,2009,RICK,Not in target basins
2009289N12230,EP,2009,NEKI,Not in target basins
2009342S09140,SP,2010,LAURENCE,Not in target basins
2009346S10172,SP,2010,MICK,Not in target basins
2010020S08163,SP,2010,OLGA,Not in target basins
2010020S14147,SP,2010,NEVILLE,Not in target basins
2010027S14184,SP,2010,NISHA,Not in target basins
2010029S12177,SP,2010,OLI,Not in target basins
2010038S08194,SP,2010,PAT,Not in target basins
2010040S11185,SP,2010,RENE,Not in target basins
2010051S06195,SP,2010,SARAH,Not in target basins
2010067S25317,SA,2010,UNNAMED,Not in target basins
2010069S12188,SP,2010,TOMAS,Not in target basins
2010070S15168,SP,2010,ULUI,Not in target basins
2010084S09138,SP,2010,PAUL,Not in target basins
2010149N13266,EP,2010,AGATHA,Not in target basins
2010166N15255,EP,2010,BLAS,Not in target basins
2010167N15265,EP,2010,UNNAMED,Not in target basins
2010169N13266,EP,2010,CELIA,Not in target basins
2010172N08272,EP,2010,DARBY,Not in target basins
2010195N14257,EP,2010,UNNAMED,Not in target basins
2010217N15265,EP,2010,ESTELLE,Not in target basins
2010232N18253,EP,2010,UNNAMED,Not in target basins
2010234N14267,EP,2010,FRANK,Not in target basins
2010240N15142,EP,2010,KOMPASU,Not in target basins
2010246N19251,EP,2010,UNNAMED,Not in target basins
2010247N15266,EP,2010,HERMINE,Not in target basins
2010263N15149,EP,2010,MALAKAS,Not in target basins
2010264N20252,EP,2010,GEORGETTE,Not in target basins
2010350N30175,EP,2010,OMEKA,Not in target basins
2010358S13152,SP,2011,TASHA,Not in target basins
2011010S17169,SP,2011,VANIA,Not in target basins
2011013S15151,SP,2011,ZELIA,Not in target basins
2011020S13182,SP,2011,WILMA,Not in target basins
2011022S16146,SP,2011,ANTHONY,Not in target basins
2011028S13180,SP,2011,YASI,Not in target basins
2011034S19199,SP,2011,ZAKA,Not in target basins
2011048S14171,SP,2011,ATU,Not in target basins
2011069S20321,SA,2011,UNNAMED,Not in target basins
2011082S17184,SP,2011,BUNE,Not in target basins
2011126N11129,EP,2011,AERE,Not in target basins
2011158N11260,EP,2011,ADRIAN,Not in target basins
2011170N12263,EP,2011,BEATRIZ,Not in target basins
2011188N14261,EP,2011,CALVIN,Not in target basins
2011199N10271,EP,2011,DORA,Not in target basins
2011212N10264,EP,2011,EUGENE,Not in target basins
2011227N12234,EP,2011,FERNANDA,Not in target basins
2011229N14261,EP,2011,GREG,Not in target basins
2011243N17259,EP,2011,UNNAMED,Not in target basins
2011253N20145,EP,2011,ROKE,Not in target basins
2011257N19154,EP,2011,SONCA,Not in target basins
2011264N13264,EP,2011,HILARY,Not in target basins
2011278N12248,EP,2011,IRWIN,Not in target basins
2011279N10257,EP,2011,JOVA,Not in target basins
2011280N10268,EP,2011,UNNAMED,Not in target basins
2011323N09264,EP,2011,KENNETH,Not in target basins
2011354S14155,SP,2012,UNNAMED,Not in target basins
2011358S11132,SP,2012,GRANT,Not in target basins
2012032S15141,SP,2012,JASMINE,Not in target basins
2012037S17176,SP,2012,CYRIL,Not in target basins
2012071S10132,SP,2012,UNNAMED,Not in target basins
2012092S16166,SP,2012,DAPHNE,Not in target basins
2012135N10255,EP,2012,ALETTA,Not in target basins
2012142N09262,EP,2012,BUD,Not in target basins
2012166N09269,EP,2012,CARLOTTA,Not in target basins
2012179S09153,SP,2012,UNNAMED,Not in target basins
2012186N12255,EP,2012,DANIEL,Not in target basins
2012189N10262,EP,2012,EMILIA,Not in target basins
2012193N12259,EP,2012,FABIO,Not in target basins
2012219N12254,EP,2012,GILMA,Not in target basins
2012225N18255,EP,2012,HECTOR,Not in target basins
2012232N13141,EP,2012,BOLAVEN,Not in target basins
2012239N11261,EP,2012,ILEANA,Not in target basins
2012247N18252,EP,2012,JOHN,Not in target basins
2012256N15257,EP,2012,KRISTY,Not in target basins
2012260N13237,EP,2012,LANE,Not in target basins
2012263N15141,EP,2012,JELAWAT,Not in target basins
2012266N14254,EP,2012,MIRIAM,Not in target basins
2012272N22251,EP,2012,NORMAN,Not in target basins
2012274N13151,EP,2012,MALIKSI,Not in target basins
2012279N15145,EP,2012,PRAPIROON,Not in target basins
2012281N14242,EP,2012,OLIVIA,Not in target basins
2012288N14248,EP,2012,PAUL,Not in target basins
2012304N14246,EP,2012,ROSA,Not in target basins
2012346S14180,SP,2013,EVAN,Not in target basins
2012362S08165,SP,2013,FREDA,Not in target basins
2013019S12174,SP,2013,GARRY,Not in target basins
2013020S16137,SP,2013,OSWALD,Not in target basins
2013040S16199,SP,2013,HALEY,Not in target basins
2013064S18149,SP,2013,SANDRA,Not in target basins
2013072S12140,SP,2013,TIM,Not in target basins
2013117S10155,SP,2013,ZANE,Not in target basins
2013134N07265,EP,2013,ALVIN,Not in target basins
2013149N14264,EP,2013,BARBARA,Not in target basins
2013175N12256,EP,2013,COSME,Not in target basins
2013180N11256,EP,2013,DALILA,Not in target basins
2013186N13262,EP,2013,ERICK,Not in target basins
2013206N15238,EP,2013,FLOSSIE,Not in target basins
2013211N11248,EP,2013,GIL,Not in target basins
2013214N13243,EP,2013,HENRIETTE,Not in target basins
2013221N11244,EP,2013,UNNAMED,Not in target basins
2013224N12220,EP,2013,UNALA,Not in target basins
2013227N08193,EP,2013,PEWA,Not in target basins
2013232N14252,EP,2013,IVO,Not in target basins
2013241N19254,EP,2013,JULIETTE,Not in target basins
2013242N15245,EP,2013,KIKO,Not in target basins
2013248N17255,EP,2013,LORENA,Not in target basins
2013257N15259,EP,2013,MANUEL,Not in target basins
2013262N14149,EP,2013,PABUK,Not in target basins
2013280N13242,EP,2013,NARDA,Not in target basins
2013282N14149,EP,2013,WIPHA,Not in target basins
2013286N15251,EP,2013,OCTAVE,Not in target basins
2013287N13243,EP,2013,PRISCILLA,Not in target basins
2013292N09162,EP,2013,LEKIMA,Not in target basins
2013293N13260,EP,2013,RAYMOND,Not in target basins
2013305N16252,EP,2013,SONIA,Not in target basins
2013324S11113,SP,2014,ALESSIA,Not in target basins
2014004S17183,SP,2014,IAN,Not in target basins
2014017S14160,SP,2014,JUNE,Not in target basins
2014027S14155,SP,2014,DYLAN,Not in target basins
2014030S14129,SP,2014,FLETCHER,Not in target basins
2014031S17149,SP,2014,EDNA,Not in target basins
2014056S18175,SP,2014,KOFI,Not in target basins
2014066S09138,SP,2014,GILLIAN,Not in target basins
2014066S15152,SP,2014,HADI,Not in target basins
2014068S16169,SP,2014,LUSI,Not in target basins
2014077S11196,SP,2014,MIKE,Not in target basins
2014092S11159,SP,2014,ITA,Not in target basins
2014142N10254,EP,2014,AMANDA,Not in target basins
2014153N12267,EP,2014,BORIS,Not in target basins
2014160N15259,EP,2014,CRISTINA,Not in target basins
2014164N19116,EP,2014,HAGIBIS,Not in target basins
2014180N14255,EP,2014,DOUGLAS,Not in target basins
2014181N17257,EP,2014,ELIDA,Not in target basins
2014187N11247,EP,2014,FAUSTO,Not in target basins
2014195N11232,EP,2014,WALI,Not in target basins
2014204N10239,EP,2014,GENEVIEVE,Not in target basins
2014207N12255,EP,2014,HERNAN,Not in target basins
2014212N11242,EP,2014,ISELLE,Not in target basins
2014214N13249,EP,2014,JULIO,Not in target basins
2014225N15255,EP,2014,KARINA,Not in target basins
2014229N16246,EP,2014,LOWELL,Not in target basins
2014234N12261,EP,2014,MARIE,Not in target basins
2014246N17254,EP,2014,NORBERT,Not in target basins
2014253N13244,EP,2014,UNNAMED,Not in target basins
2014253N13260,EP,2014,ODILE,Not in target basins
2014259N11262,EP,2014,POLO,Not in target basins
2014267N15257,EP,2014,RACHEL,Not in target basins
2014267N18150,EP,2014,KAMMURI,Not in target basins
2014271N10160,EP,2014,PHANFONE,Not in target basins
2014274N15260,EP,2014,SIMON,Not in target basins
2014275N06166,EP,2014,VONGFONG,Not in target basins
2014284N10231,EP,2014,ANA,Not in target basins
2014290N14261,EP,2014,TRUDY,Not in target basins
2014303N11261,EP,2014,VANCE,Not in target basins
2015020S12208,SP,2015,NIKO,Not in target basins
2015030S16161,SP,2015,OLA,Not in target basins
2015047S12142,SP,2015,LAM,Not in target basins
2015047S15152,SP,2015,MARCIA,Not in target basins
2015066S08170,SP,2015,PAM,Not in target basins
2015068S12151,SP,2015,NATHAN,Not in target basins
2015079S15182,SP,2015,REUBEN,Not in target basins
2015099S13163,SP,2015,SOLO,Not in target basins
2015127N04158,EP,2015,DOLPHIN,Not in target basins
2015148N11250,EP,2015,ANDRES,Not in target basins
2015152N12258,EP,2015,BLANCA,Not in target basins
2015162N12262,EP,2015,CARLOS,Not in target basins
2015180S04163,SP,2015,RAQUEL,Not in target basins
2015188N08194,EP,2015,HALOLA,Not in target basins
2015189N13223,EP,2015,ELA,Not in target basins
2015190N12210,EP,2015,IUNE,Not in target basins
2015192N11263,EP,2015,DOLORES,Not in target basins
2015194N13235,EP,2015,ENRIQUE,Not in target basins
2015204N16247,EP,2015,FELICIA,Not in target basins
2015209N07248,EP,2015,GUILLERMO,Not in target basins
2015209N15236,EP,2015,UNNAMED,Not in target basins
2015213S08169,SP,2016,UNNAMED,Not in target basins
2015218N12231,EP,2015,HILDA,Not in target basins
2015218N18149,EP,2015,MOLAVE,Not in target basins
2015228N17247,EP,2015,UNNAMED,Not in target basins
2015229N08212,EP,2015,KILO,Not in target basins
2015231N13183,EP,2015,LOKE,Not in target basins
2015236N12231,EP,2015,IGNACIO,Not in target basins
2015238N10255,EP,2015,JIMENA,Not in target basins
2015244N12248,EP,2015,KEVIN,Not in target basins
2015248N10256,EP,2015,LINDA,Not in target basins
2015260N12187,EP,2015,MALIA,Not in target basins
2015264N24246,EP,2015,UNNAMED,Not in target basins
2015266N11214,EP,2015,NIALA,Not in target basins
2015270N13257,EP,2015,MARTY,Not in target basins
2015274N13201,EP,2015,OHO,Not in target basins
2015275N13187,EP,2015,UNNAMED,Not in target basins
2015282N11230,EP,2015,NORA,Not in target basins
2015286N12163,EP,2015,CHAMPI,Not in target basins
2015286S10175,SP,2016,UNNAMED,Not in target basins
2015288N10243,EP,2015,OLAF,Not in target basins
2015293N13266,EP,2015,PATRICIA,Not in target basins
2015322N13253,EP,2015,RICK,Not in target basins
2015328N11260,EP,2015,SANDRA,Not in target basins
2015330S10178,SP,2016,TUNI,Not in target basins
2015355S16136,SP,2016,UNNAMED,Not in target basins
2015362N01179,EP,2015,UNNAMED,Not in target basins
2015364S09190,SP,2016,ULA,Not in target basins
2016006N02188,EP,2016,PALI,Not in target basins
2016014S13195,SP,2016,VICTOR,Not in target basins
2016040S16155,SP,2016,TATIANA,Not in target basins
2016041S14170,SP,2016,WINSTON,Not in target basins
2016055S15202,SP,2016,YALO,Not in target basins
2016074S16137,SP,2016,UNNAMED,Not in target basins
2016095S13162,SP,2016,ZENA,Not in target basins
2016108S17181,SP,2016,AMOS,Not in target basins
2016158N13261,EP,2016,UNNAMED,Not in target basins
2016183N13246,EP,2016,AGATHA,Not in target basins
2016185N11253,EP,2016,BLAS,Not in target basins
2016188N12254,EP,2016,CELIA,Not in target basins
2016194N15255,EP,2016,DARBY,Not in target basins
2016197N14256,EP,2016,ESTELLE,Not in target basins
2016203N10249,EP,2016,GEORGETTE,Not in target basins
2016203N13259,EP,2016,FRANK,Not in target basins
2016214N15240,EP,2016,HOWARD,Not in target basins
2016216N14243,EP,2016,IVETTE,Not in target basins
2016216N17149,EP,2016,OMAIS,Not in target basins
2016220N18258,EP,2016,JAVIER,Not in target basins
2016230N12254,EP,2016,KAY,Not in target basins
2016237N14253,EP,2016,LESTER,Not in target basins
2016240N13224,EP,2016,MADELINE,Not in target basins
2016248N15255,EP,2016,NEWTON,Not in target basins
2016255N12247,EP,2016,ORLENE,Not in target basins
2016262N16251,EP,2016,PAINE,Not in target basins
2016269N15165,EP,2016,CHABA,Not in target basins
2016270N12223,EP,2016,ULIKA,Not in target basins
2016270N15240,EP,2016,ROSLYN,Not in target basins
2016278N16181,EP,2016,SONGDA,Not in target basins
2016296N11262,EP,2016,SEYMOUR,Not in target basins
2016318N18253,EP,2016,TINA,Not in target basins
2016323N13279,EP,2016,OTTO,Not in target basins
2017046S17137,SP,2017,ALFRED,Not in target basins
2017051S18189,SP,2017,BART,Not in target basins
2017052S16178,SP,2017,UNNAMED,Not in target basins
2017060S09139,SP,2017,BLANCHE,Not in target basins
2017082S14152,SP,2017,DEBBIE,Not in target basins
2017094S17191,SP,2017,UNNAMED,Not in target basins
2017097S12171,SP,2017,COOK,Not in target basins
2017111S09146,SP,2017,FRANCES,Not in target basins
2017122S13170,SP,2017,DONNA,Not in target basins
2017127S18184,SP,2017,ELLA,Not in target basins
2017130N09269,EP,2017,ADRIAN,Not in target basins
2017152N14262,EP,2017,BEATRIZ,Not in target basins
2017163N14265,EP,2017,CALVIN,Not in target basins
2017175N13264,EP,2017,DORA,Not in target basins
2017182N15132,EP,2017,NANMADOL,Not in target basins
2017189N11250,EP,2017,EUGENE,Not in target basins
2017193N12252,EP,2017,FERNANDA,Not in target basins
2017198N13245,EP,2017,UNNAMED,Not in target basins
2017199N14255,EP,2017,GREG,Not in target basins
2017202N08274,EP,2017,HILARY,Not in target basins
2017203N14248,EP,2017,IRWIN,Not in target basins
2017216N16254,EP,2017,UNNAMED,Not in target basins
2017223N16172,EP,2017,BANYAN,Not in target basins
2017224N19253,EP,2017,JOVA,Not in target basins
2017230N13249,EP,2017,KENNETH,Not in target basins
2017239N18147,EP,2017,SANVU,Not in target basins
2017242N17253,EP,2017,LIDIA,Not in target basins
2017254N16251,EP,2017,OTIS,Not in target basins
2017257N16251,EP,2017,NORMA,Not in target basins
2017257N16258,EP,2017,MAX,Not in target basins
2017265N17257,EP,2017,PILAR,Not in target basins
2017277N14265,EP,2017,RAMON,Not in target basins
2017300N10271,EP,2017,SELMA,Not in target basins
2018027S11156,SP,2018,FEHI,Not in target basins
2018038S15172,SP,2018,GITA,Not in target basins
2018064S16172,SP,2018,HOLA,Not in target basins
2018070S10160,SP,2018,LINDA,Not in target basins
2018079S08137,SP,2018,NORA,Not in target basins
2018082S12164,SP,2018,IRIS,Not in target basins
2018089S18172,SP,2018,JOSIE,Not in target basins
2018096S15172,SP,2018,KENI,Not in target basins
2018131N12235,EP,2018,UNNAMED,Not in target basins
2018157N14255,EP,2018,ALETTA,Not in target basins
2018161N12260,EP,2018,BUD,Not in target basins
2018166N15260,EP,2018,CARLOTTA,Not in target basins
2018174N12244,EP,2018,DANIEL,Not in target basins
2018178N12253,EP,2018,EMILIA,Not in target basins
2018182N11256,EP,2018,FABIO,Not in target basins
2018208N11225,EP,2018,UNNAMED,Not in target basins
2018208N13238,EP,2018,GILMA,Not in target basins
2018213N12245,EP,2018,HECTOR,Not in target basins
2018217N12266,EP,2018,ILEANA,Not in target basins
2018218N14255,EP,2018,JOHN,Not in target basins
2018219N15237,EP,2018,KRISTY,Not in target basins
2018226N11245,EP,2018,LANE,Not in target basins
2018227N11145,EP,2018,SOULIK,Not in target basins
2018238N13239,EP,2018,MIRIAM,Not in target basins
2018240N15251,EP,2018,NORMAN,Not in target basins
2018244N14252,EP,2018,OLIVIA,Not in target basins
2018251N15248,EP,2018,PAUL,Not in target basins
2018263N12146,EP,2018,TRAMI,Not in target basins
2018263N26249,EP,2018,UNNAMED,Not in target basins
2018268N14253,EP,2018,ROSA,Not in target basins
2018269N11220,EP,2018,WALAKA,Not in target basins
2018269S09157,SP,2019,LIUA,Not in target basins
2018273N12259,EP,2018,SERGIO,Not in target basins
2018288N17257,EP,2018,TARA,Not in target basins
2018292N13269,EP,2018,VICENTE,Not in target basins
2018292N14261,EP,2018,WILLA,Not in target basins
2018306N14249,EP,2018,XAVIER,Not in target basins
2018324N04156,EP,2018,MAN-YI,Not in target basins
2018334S09156,SP,2019,OWEN,Not in target basins
2018363S12145,SP,2019,PENNY,Not in target basins
2019001S10162,SP,2019,MONA,Not in target basins
2019040S17183,SP,2019,NEIL,Not in target basins
2019042S17162,SP,2019,OMA,Not in target basins
2019057S13184,SP,2019,POLA,Not in target basins
2019074S08151,SP,2019,TREVOR,Not in target basins
2019129S10160,SP,2019,ANN,Not in target basins
2019176N18128,EP,2019,SEPAT,Not in target basins
2019177N15256,EP,2019,ALVIN,Not in target basins
2019181N10252,EP,2019,BARBARA,Not in target basins
2019188N16245,EP,2019,COSME,Not in target basins
2019193N14255,EP,2019,UNNAMED,Not in target basins
2019203N15244,EP,2019,DALILA,Not in target basins
2019209N11237,EP,2019,ERICK,Not in target basins
2019210N11253,EP,2019,FLOSSIE,Not in target basins
2019215N13242,EP,2019,GIL,Not in target basins
2019224N18252,EP,2019,HENRIETTE,Not in target basins
2019233N15255,EP,2019,IVO,Not in target basins
2019242N14180,EP,2019,FAXAI,Not in target basins
2019243N06136,EP,2019,LINGLING,Not in target basins
2019244N13253,EP,2019,JULIETTE,Not in target basins
2019246N15225,EP,2019,AKONI,Not in target basins
2019255N15251,EP,2019,KIKO,Not in target basins
2019260N10253,EP,2019,MARIO,Not in target basins
2019260N12262,EP,2019,LORENA,Not in target basins
2019272N14261,EP,2019,NARDA,Not in target basins
2019278N16165,EP,2019,HAGIBIS,Not in target basins
2019285N15198,EP,2019,EMA,Not in target basins
2019289N14267,EP,2019,UNNAMED,Not in target basins
2019290N11234,EP,2019,OCTAVE,Not in target basins
2019293N17257,EP,2019,PRISCILLA,Not in target basins
2019317N11248,EP,2019,RAYMOND,Not in target basins
2019320N09264,EP,2019,UNNAMED,Not in target basins
2019326S08163,SP,2020,RITA,Not in target basins
2019359S08175,SP,2020,SARAI,Not in target basins
2020005S08133,SP,2020,CLAUDIA,Not in target basins
2020015S12170,SP,2020,TINO,Not in target basins
2020024S14190,SP,2020,UNNAMED,Not in target basins
2020037S13163,SP,2020,UESI,Not in target basins
2020051S13186,SP,2020,VICKY,Not in target basins
2020052S11181,SP,2020,WASI,Not in target basins
2020052S13140,SP,2020,ESTHER,Not in target basins
2020073S14149,SP,2020,GRETEL,Not in target basins
2020091S10145,SP,2020,UNNAMED,Not in target basins
2020092S09155,SP,2020,HAROLD,Not in target basins
2020116N14245,EP,2020,UNNAMED,Not in target basins
2020152N12269,EP,2020,AMANDA,Not in target basins
2020176N10228,EP,2020,BORIS,Not in target basins
2020182N20248,EP,2020,UNNAMED,Not in target basins
2020189N10261,EP,2020,CRISTINA,Not in target basins
2020196N17250,EP,2020,UNNAMED,Not in target basins
2020202N15234,EP,2020,UNNAMED,Not in target basins
2020202N15241,EP,2020,DOUGLAS,Not in target basins
2020213N15131,EP,2020,HAGUPIT,Not in target basins
2020221N13262,EP,2020,ELIDA,Not in target basins
2020226N13233,EP,2020,UNNAMED,Not in target basins
2020229N18242,EP,2020,FAUSTO,Not in target basins
2020230N11264,EP,2020,GENEVIEVE,Not in target basins
2020238N16252,EP,2020,HERNAN,Not in target basins
2020239N15243,EP,2020,ISELLE,Not in target basins
2020249N14265,EP,2020,JULIO,Not in target basins
2020257N16248,EP,2020,KARINA,Not in target basins
2020265N16252,EP,2020,LOWELL,Not in target basins
2020270N17159,EP,2020,KUJIRA,Not in target basins
2020272N12257,EP,2020,MARIE,Not in target basins
2020279N11256,EP,2020,NORBERT,Not in target basins
2020309N14245,EP,2020,ODALYS,Not in target basins
2020323N15248,EP,2020,POLO,Not in target basins
2020345S13183,SP,2021,UNNAMED,Not in target basins
2020346S13168,SP,2021,YASA,Not in target basins
2020347S14190,SP,2021,ZAZU,Not in target basins
2020352S26195,SP,2021,ZAZU,Not in target basins
2021001S14136,SP,2021,IMOGEN,Not in target basins
2021015S14147,SP,2021,KIMI,Not in target basins
2021025S14138,SP,2021,LUCAS,Not in target basins
2021029S14162,SP,2021,BINA,Not in target basins
2021029S16171,SP,2021,ANA,Not in target basins
2021038S14178,SP,2021,UNNAMED,Not in target basins
2021058S14149,SP,2021,NIRAN,Not in target basins
2021099S15159,SP,2021,UNNAMED,Not in target basins
2021102N06144,EP,2021,SURIGAE,Not in target basins
2021129N13254,EP,2021,ANDRES,Not in target basins
2021151N11257,EP,2021,BLANCA,Not in target basins
2021163N11240,EP,2021,CARLOS,Not in target basins
2021169N14260,EP,2021,DOLORES,Not in target basins
2021176N15259,EP,2021,ENRIQUE,Not in target basins
2021195N13249,EP,2021,FELICIA,Not in target basins
2021198N15254,EP,2021,GUILLERMO,Not in target basins
2021208N13245,EP,2021,JIMENA,Not in target basins
2021212N12248,EP,2021,HILDA,Not in target basins
2021213N14253,EP,2021,IGNACIO,Not in target basins
2021219N08193,EP,2021,OMAIS,Not in target basins
2021219N15258,EP,2021,KEVIN,Not in target basins
2021222N12262,EP,2021,LINDA,Not in target basins
2021235N20251,EP,2021,MARTY,Not in target basins
2021236N12265,EP,2021,NORA,Not in target basins
2021250N17254,EP,2021,OLAF,Not in target basins
2021265N11150,EP,2021,MINDULLE,Not in target basins
2021282N16165,EP,2021,NAMTHEUN,Not in target basins
2021283N14258,EP,2021,PAMELA,Not in target basins
2021295N09145,EP,2021,MALOU,Not in target basins
2021296N13260,EP,2021,RICK,Not in target basins
2021307N09275,EP,2021,TERRY,Not in target basins
2021311N13248,EP,2021,SANDRA,Not in target basins
2021343S09155,SP,2022,RUBY,Not in target basins
2021358S09130,SP,2022,SETH,Not in target basins
2022008S13148,SP,2022,TIFFANY,Not in target basins
2022008S17173,SP,2022,CODY,Not in target basins
2022030S14147,SP,2022,UNNAMED,Not in target basins
2022038S19164,SP,2022,DOVI,Not in target basins
2022058S17163,SP,2022,EVA,Not in target basins
2022094S15163,SP,2022,FILI,Not in target basins
2022096N03150,EP,2022,MALAKAS,Not in target basins
2022137S13171,SP,2022,GINA,Not in target basins
2022148N13263,EP,2022,AGATHA,Not in target basins
2022165N14258,EP,2022,BLAS,Not in target basins
2022167N11269,EP,2022,CELIA,Not in target basins
2022179N08310,EP,2022,BONNIE,Not in target basins
2022191N14249,EP,2022,DARBY,Not in target basins
2022197N12260,EP,2022,ESTELLE,Not in target basins
2022207N11262,EP,2022,FRANK,Not in target basins
2022209N16246,EP,2022,GEORGETTE,Not in target basins
2022219N14255,EP,2022,HOWARD,Not in target basins
2022225N15253,EP,2022,IVETTE,Not in target basins
2022233N22151,EP,2022,TOKAGE,Not in target basins
2022244N15254,EP,2022,JAVIER,Not in target basins
2022248N14259,EP,2022,KAY,Not in target basins
2022254N21158,EP,2022,MERBOK,Not in target basins
2022255N16256,EP,2022,MADELINE,Not in target basins
2022259N12265,EP,2022,LESTER,Not in target basins
2022265N17256,EP,2022,NEWTON,Not in target basins
2022268N20147,EP,2022,KULAP,Not in target basins
2022272N14258,EP,2022,ORLENE,Not in target basins
2022276N15249,EP,2022,PAINE,Not in target basins
2022280N11294,EP,2022,JULIA,Not in target basins
2022284N15152,EP,2022,HAITANG,Not in target basins
2022293N15259,EP,2022,ROSLYN,Not in target basins
2023005S18142,SP,2023,HALE,Not in target basins
2023016S15160,SP,2023,IRENE,Not in target basins
2023020S18156,SP,2023,UNNAMED,Not in target basins
2023036S12163,SP,2023,GABRIELLE,Not in target basins
2023054S19117,SP,2023,UNNAMED,Not in target basins
2023055S14184,SP,2023,JUDY,Not in target basins
2023059S15149,SP,2023,KEVIN,Not in target basins
2023096S07135,SP,2023,ILSA,Not in target basins
2023156N12135,EP,2023,GUCHOL,Not in target basins
2023179N15256,EP,2023,ADRIAN,Not in target basins
2023180N13264,EP,2023,BEATRIZ,Not in target basins
2023191N10262,EP,2023,CALVIN,Not in target basins
2023202N13240,EP,2023,UNNAMED,Not in target basins
2023213N14257,EP,2023,DORA,Not in target basins
2023217N15256,EP,2023,EUGENE,Not in target basins
2023225N14248,EP,2023,FERNANDA,Not in target basins
2023226N11222,EP,2023,GREG,Not in target basins
2023228N12259,EP,2023,HILARY,Not in target basins
2023234N19154,EP,2023,DAMREY,Not in target basins
2023239N16242,EP,2023,IRWIN,Not in target basins
2023248N12257,EP,2023,JOVA,Not in target basins
2023259N15225,EP,2023,UNNAMED,Not in target basins
2023261N13248,EP,2023,KENNETH,Not in target basins
2023267N14242,EP,2023,UNNAMED,Not in target basins
2023276N11254,EP,2023,LIDIA,Not in target basins
2023279N08157,EP,2023,BOLAVEN,Not in target basins
2023281N14260,EP,2023,MAX,Not in target basins
2023290N12256,EP,2023,NORMA,Not in target basins
2023292S03172,SP,2024,LOLA,Not in target basins
2023294N09264,EP,2023,OTIS,Not in target basins
2023302N10267,EP,2023,PILAR,Not in target basins
2023316S08168,SP,2024,MAL,Not in target basins
2023326N10240,EP,2023,RAMON,Not in target basins
2023337S08165,SP,2024,JASPER,Not in target basins
2024017S15151,SP,2024,KIRRILY,Not in target basins
2024031S24154,SP,2024,UNNAMED,Not in target basins
2024035S16188,SP,2024,NAT,Not in target basins
2024037S09184,SP,2024,OSAI,Not in target basins
2024044S15134,SP,2024,LINCOLN,Not in target basins
2024045S15192,SP,2024,UNNAMED,Not in target basins
2024073S14128,SP,2024,MEGAN,Not in target basins
2024100S11152,SP,2024,PAUL,Not in target basins
2024141N03142,EP,2024,EWINIAR,Not in target basins
2024186N15256,EP,2024,ALETTA,Not in target basins
2024207N16250,EP,2024,BUD,Not in target basins
2024213N14254,EP,2024,CARLOTTA,Not in target basins
2024216N12231,EP,2024,DANIEL,Not in target basins
2024218N14254,EP,2024,FABIO,Not in target basins
2024218N16247,EP,2024,EMILIA,Not in target basins
2024224N27154,EP,2024,SON-TINH,Not in target basins
2024225N22135,EP,2024,AMPIL,Not in target basins
2024225N24147,EP,2024,WUKONG,Not in target basins
2024231N14251,EP,2024,GILMA,Not in target basins
2024235N16223,EP,2024,HONE,Not in target basins
2024236N14248,EP,2024,HECTOR,Not in target basins
2024246N22147,EP,2024,LEEPI,Not in target basins
2024256N18254,EP,2024,ILEANA,Not in target basins
2024259N12145,EP,2024,PULASAN,Not in target basins
2024267N14261,EP,2024,JOHN,Not in target basins
2024275N14264,EP,2024,UNNAMED,Not in target basins
2024278N11150,EP,2024,BARIJAT,Not in target basins
2024296N13260,EP,2024,KRISTY,Not in target basins
2024307N11232,EP,2024,LANE,Not in target basins
2024307N11250,EP,2024,UNNAMED,Not in target basins
2024364S17177,SP,2025,UNNAMED,Not in target basins
2025010S17185,SP,2025,PITA,Not in target basins
2025034S19166,SP,2025,UNNAMED,Not in target basins
2025042S22164,SP,2025,UNNAMED,Not in target basins
2025052S14148,SP,2025,ALFRED,Not in target basins
2025054S13182,SP,2025,RAE,Not in target basins
2025056S16171,SP,2025,SERU,Not in target basins
2025057S25184,SP,2025,RAE,Not in target basins
2025104S15168,SP,2025,TAM,Not in target basins
2025106S10135,SP,2025,UNNAMED,Not in target basins
2025129S08138,SP,2025,UNNAMED,Not in target basins
2025149N12256,EP,2025,ALVIN,Not in target basins
2025159N12250,EP,2025,COSME,Not in target basins
2025159N15258,EP,2025,BARBARA,Not in target basins
2025164N11260,EP,2025,DALILA,Not in target basins
2025168N11269,EP,2025,ERICK,Not in target basins
2025180N13261,EP,2025,FLOSSIE,Not in target basins
2025182N22149,EP,2025,MUN,Not in target basins
2025191N19142,EP,2025,NARI,Not in target basins
2025205N13145,EP,2025,KROSA,Not in target basins
2025207N11219,EP,2025,IONA,Not in target basins
2025209N12220,EP,2025,KELI,Not in target basins
2025212N13247,EP,2025,GIL,Not in target basins
2025212N26130,EP,2025,BAILU,Not in target basins
2025216N13243,EP,2025,HENRIETTE,Not in target basins
2025219N13264,EP,2025,IVO,Not in target basins
2025237N16251,EP,2025,JULIETTE,Not in target basins
2025243N14239,EP,2025,KIKO,Not in target basins
2025245N17255,EP,2025,LORENA,Not in target basins
2025245N19129,EP,2025,PEIPAH,Not in target basins
2025254N14262,EP,2025,MARIO,Not in target basins
2025261N23166,EP,2025,NEOGURI,Not in target basins
2025265N14261,EP,2025,NARDA,Not in target basins
2025273N09248,EP,2025,OCTAVE,Not in target basins
2025276N20147,EP,2025,HALONG,Not in target basins
2025278N15254,EP,2025,PRISCILLA,Not in target basins
2025280N13147,EP,2025,NAKRI,Not in target basins
2025282N16261,EP,2025,RAYMOND,Not in target basins
2025297N13247,EP,2025,SONIA,Not in target basins
2025339S14210,SP,2026,UNNAMED,Not in target basins
2025349S13169,SP,2026,UNNAMED,Not in target basins
2026010S17148,SP,2026,KOJI,Not in target basins
2026021S18159,SP,2026,UNNAMED,Not in target basins
2026028S17172,SP,2026,UNNAMED,Not in target basins
2026058S18168,SP,2026,URMIL,Not in target basins
2026063S14151,SP,2026,UNNAMED,Not in target basins
2026076S12157,SP,2026,NARELLE,Not in target basins
2026082S17163,SP,2026,UNNAMED,Not in target basins
2026094S09155,SP,2026,MAILA,Not in target basins
2026095S14172,SP,2026,VAIANU,Not in target basins
2026152N08237,EP,2026,AMANDA,Not in target basins
2026157N14255,EP,2026,BORIS,Not in target basins
2026158N10271,EP,2026,CRISTINA,Not in target basins
2026180N11238,EP,2026,DOUGLAS,Not in target basins
2026194N12265,EP,2026,ELIDA,Not in target basins
2026198N08260,EP,2026,FAUSTO,Not in target basins
2026204N08267,EP,2026,GENEVIEVE,Not in target basins
