SID,BASIN,SEASON,NAME,max_wind_kt,min_pressure_hpa,intensity_class
1979343S08093,SI,1980,CLAUDETTE:VIOLA,110.0,930.0,Intense (>=96kt)
1979357S10095,SI,1980,DANITZA:WILF,70.0,973.0,Moderate (64-95kt)
1980002S15081,SI,1980,DANITZA,29.0,1000.0,Weak (<64kt)
1980005S11059,SI,1980,EGLANTINE,25.0,1005.0,Weak (<64kt)
1980005S14120,SI,1980,AMY,115.0,915.0,Intense (>=96kt)
1980009S14066,SI,1980,FLORE,20.0,1005.0,Weak (<64kt)
1980010S20043,SI,1980,UNNAMED,29.0,1000.0,Weak (<64kt)
1980010S22048,SI,1980,UNNAMED,29.0,1000.0,Weak (<64kt)
1980018S10130,SI,1980,BRIAN,100.0,930.0,Intense (>=96kt)
1980021S10090,SI,1980,CLARA,60.0,980.0,Weak (<64kt)
1980024S11076,SI,1980,IVANNE,29.0,1000.0,Weak (<64kt)
1980027S11129,SI,1980,DEAN,110.0,930.0,Intense (>=96kt)
1980043S16131,SI,1980,ENID,110.0,930.0,Intense (>=96kt)
1980051S12102,SI,1980,FRED,105.0,930.0,Intense (>=96kt)
1980073S09133,SI,1980,DORIS:GLORIA,90.0,955.0,Moderate (64-95kt)
1980094N02179,WP,1980,CARMEN,60.0,985.0,Weak (<64kt)
1980126N08150,WP,1980,DOM,85.0,960.0,Moderate (64-95kt)
1980133N07149,WP,1980,ELLEN,105.0,930.0,Intense (>=96kt)
1980137N04158,WP,1980,FORREST,55.0,992.0,Weak (<64kt)
1980140N16116,WP,1980,GEORGIA,55.0,980.0,Weak (<64kt)
1980171N06142,WP,1980,HERBERT,50.0,990.0,Weak (<64kt)
1980187N09146,WP,1980,IDA,70.0,980.0,Moderate (64-95kt)
1980197N07154,WP,1980,JOE,85.0,940.0,Moderate (64-95kt)
1980201N08155,WP,1980,KIM,100.0,910.0,Intense (>=96kt)
1980208N23153,WP,1980,LEX,75.0,960.0,Moderate (64-95kt)
1980219N15165,WP,1980,MARGE,90.0,945.0,Moderate (64-95kt)
1980236N15144,WP,1980,NORRIS,95.0,945.0,Moderate (64-95kt)
1980246N05151,WP,1980,ORCHID,70.0,960.0,Moderate (64-95kt)
1980254N14112,WP,1980,RUTH,55.0,980.0,Weak (<64kt)
1980256N10154,WP,1980,SPERRY,65.0,975.0,Moderate (64-95kt)
1980257N17133,WP,1980,PERCY,100.0,915.0,Intense (>=96kt)
1980269N15147,WP,1980,THELMA,55.0,960.0,Weak (<64kt)
1980270N13165,WP,1980,VERNON,95.0,935.0,Moderate (64-95kt)
1980277N09157,WP,1980,WYNNE,120.0,890.0,Intense (>=96kt)
1980282N19162,WP,1980,ALEX,35.0,998.0,Weak (<64kt)
1980296N05165,WP,1980,BETTY,100.0,925.0,Intense (>=96kt)
1980300N08137,WP,1980,CARY,45.0,996.0,Weak (<64kt)
1980308S05102,SI,1981,ADELAIDE:ALICE,105.0,940.0,Intense (>=96kt)
1980323N04180,WP,1980,DINAH,90.0,950.0,Moderate (64-95kt)
1980347S11122,SI,1981,CAROL,55.0,980.0,Weak (<64kt)
1980348S11116,SI,1981,CAROL,110.0,940.0,Intense (>=96kt)
1980349N10138,WP,1980,ED,45.0,990.0,Weak (<64kt)
1980349S09100,SI,1981,DAN,50.0,985.0,Weak (<64kt)
1980355S10117,SI,1981,EDNA,40.0,994.0,Weak (<64kt)
1980357S11127,SI,1981,FELIX,100.0,940.0,Intense (>=96kt)
1981012S12110,SI,1981,MABEL,110.0,930.0,Intense (>=96kt)
1981039S14153,SI,1981,EDDIE,35.0,986.0,Weak (<64kt)
1981055S19120,SI,1981,NEIL,105.0,940.0,Intense (>=96kt)
1981069S12135,SI,1981,MAX,85.0,960.0,Moderate (64-95kt)
1981070N03173,WP,1981,FREDA,90.0,945.0,Moderate (64-95kt)
1981094S06094,SI,1981,OLGA,95.0,940.0,Moderate (64-95kt)
1981102N04162,WP,1981,GERALD,60.0,980.0,Weak (<64kt)
1981118N04164,WP,1981,HOLLY,45.0,996.0,Weak (<64kt)
1981142S08091,SI,1981,PADDY,65.0,973.0,Moderate (64-95kt)
1981158N17119,WP,1981,IKE,60.0,965.0,Weak (<64kt)
1981166N11135,WP,1981,JUNE,70.0,965.0,Moderate (64-95kt)
1981176N08150,WP,1981,KELLY,60.0,975.0,Weak (<64kt)
1981178N05160,WP,1981,LYNN,55.0,985.0,Weak (<64kt)
1981195N11138,WP,1981,MAURY,50.0,985.0,Weak (<64kt)
1981202N24123,WP,1981,NINA,40.0,992.0,Weak (<64kt)
1981207N22150,WP,1981,OGDEN,50.0,975.0,Weak (<64kt)
1981212N17142,WP,1981,PHYLLIS,55.0,975.0,Weak (<64kt)
1981212N18142,WP,1981,UNNAMED,40.0,988.0,Weak (<64kt)
1981214N13113,WP,1981,ROY,45.0,985.0,Weak (<64kt)
1981218N20168,WP,1981,SUSAN,60.0,980.0,Weak (<64kt)
1981226N16119,WP,1981,WARREN,35.0,992.0,Weak (<64kt)
1981226N17142,WP,1981,VANESSA,50.0,980.0,Weak (<64kt)
1981227N18129,WP,1981,THAD,70.0,955.0,Moderate (64-95kt)
1981237N16148,WP,1981,AGNES,80.0,950.0,Moderate (64-95kt)
1981245N23161,WP,1981,BILL,75.0,960.0,Moderate (64-95kt)
1981256N10150,WP,1981,CLARA,100.0,925.0,Intense (>=96kt)
1981261N25174,WP,1981,DOYLE,70.0,965.0,Moderate (64-95kt)
1981266N09151,WP,1981,ELSIE,120.0,895.0,Intense (>=96kt)
1981283N07132,WP,1981,FABIAN,45.0,994.0,Weak (<64kt)
1981286N10150,WP,1981,GAY,85.0,950.0,Moderate (64-95kt)
1981306S03096,SI,1982,ARMELLE:BESSI,52.0,976.0,Weak (<64kt)
1981317N14153,WP,1981,HAZEN,70.0,955.0,Moderate (64-95kt)
1981319N07163,WP,1981,IRMA,110.0,905.0,Intense (>=96kt)
1981324N08158,WP,1981,JEFF,40.0,1000.0,Weak (<64kt)
1981335S16139,SI,1982,AMELIA,35.0,996.0,Weak (<64kt)
1981343N05150,WP,1981,KIT,100.0,925.0,Intense (>=96kt)
1981351S12060,SI,1982,BENEDICTE,72.0,954.0,Moderate (64-95kt)
1981354S12140,SI,1982,UNNAMED,40.0,988.0,Weak (<64kt)
1981355N07149,WP,1981,LEE,80.0,950.0,Moderate (64-95kt)
1981363S10079,SI,1982,CLARISSEE,28.0,997.0,Weak (<64kt)
1982005S10105,SI,1982,CHRIS:DAMIA,112.0,898.0,Intense (>=96kt)
1982011S07094,SI,1982,DAPHNE:FIFI,50.0,986.0,Weak (<64kt)
1982011S11141,SI,1982,BRUNO,50.0,980.0,Weak (<64kt)
1982011S12119,SI,1982,ERROL,55.0,980.0,Weak (<64kt)
1982027S16120,SI,1982,GRAHAM,55.0,980.0,Weak (<64kt)
1982030S15065,SI,1982,ELECTRE,44.0,984.0,Weak (<64kt)
1982031S20048,SI,1982,FRIDA,36.0,991.0,Weak (<64kt)
1982035S13141,SI,1982,CORAL,25.0,1000.0,Weak (<64kt)
1982036S16060,SI,1982,GABRIELLE,44.0,984.0,Weak (<64kt)
1982043S12073,SI,1982,HEBERTE,28.0,997.0,Weak (<64kt)
1982043S12104,SI,1982,HARRIET,50.0,988.0,Weak (<64kt)
1982054S13123,SI,1982,IAN,80.0,964.0,Moderate (64-95kt)
1982054S23052,SI,1982,ISABEAU,28.0,997.0,Weak (<64kt)
1982073N07153,WP,1982,MAMIE,50.0,990.0,Weak (<64kt)
1982075S12055,SI,1982,JUSTINE,82.0,941.0,Moderate (64-95kt)
1982077N04161,WP,1982,NELSON,100.0,935.0,Intense (>=96kt)
1982087N04157,WP,1982,ODESSA,75.0,965.0,Moderate (64-95kt)
1982113S06085,SI,1982,KARLA,92.0,927.0,Moderate (64-95kt)
1982136N08140,WP,1982,PAT,90.0,945.0,Moderate (64-95kt)
1982150N13087,NI,1982,UNNAMED,90.0,952.0,Moderate (64-95kt)
1982169N09149,WP,1982,RUBY,70.0,975.0,Moderate (64-95kt)
1982176N18114,WP,1982,TESS:VAL,45.0,985.0,Weak (<64kt)
1982179N19128,WP,1982,SKIP,45.0,992.0,Weak (<64kt)
1982190N09148,WP,1982,WINONA,50.0,985.0,Weak (<64kt)
1982202N11165,WP,1982,BESS,125.0,900.0,Intense (>=96kt)
1982202N12148,WP,1982,ANDY,100.0,930.0,Intense (>=96kt)
1982213N13145,WP,1982,CECIL,110.0,920.0,Intense (>=96kt)
1982220N08154,WP,1982,DOT,80.0,970.0,Moderate (64-95kt)
1982227N09140,WP,1982,FAYE,80.0,960.0,Moderate (64-95kt)
1982229N09154,WP,1982,ELLIS,100.0,915.0,Intense (>=96kt)
1982238N10161,WP,1982,GORDON,90.0,945.0,Moderate (64-95kt)
1982246N16119,WP,1982,HOPE,55.0,980.0,Weak (<64kt)
1982247N11147,WP,1982,JUDY,80.0,955.0,Moderate (64-95kt)
1982248N14133,WP,1982,IRVING,85.0,950.0,Moderate (64-95kt)
1982257N17140,WP,1982,KEN,95.0,940.0,Moderate (64-95kt)
1982257N20172,WP,1982,LOLA,45.0,990.0,Weak (<64kt)
1982272N11156,WP,1982,MAC,120.0,895.0,Intense (>=96kt)
1982283N17148,WP,1982,NANCY,100.0,935.0,Intense (>=96kt)
1982286N09170,WP,1982,OWEN,90.0,940.0,Moderate (64-95kt)
1982290N09084,NI,1982,UNNAMED,55.0,982.0,Weak (<64kt)
1982300S09056,SI,1983,ARILISY,28.0,997.0,Weak (<64kt)
1982309N12066,NI,1982,UNNAMED,90.0,962.0,Moderate (64-95kt)
1982325N08176,WP,1982,PAMELA,90.0,940.0,Moderate (64-95kt)
1982334S09060,SI,1983,BEMANY,62.0,966.0,Weak (<64kt)
1982339N07139,WP,1982,ROGER,60.0,980.0,Weak (<64kt)
1982353S13064,SI,1983,CLERA,28.0,997.0,Weak (<64kt)
1982355S09060,SI,1983,DADAFY,52.0,976.0,Weak (<64kt)
1983002S11112,SI,1983,JANE,90.0,947.0,Moderate (64-95kt)
1983010S08049,SI,1983,ELINAH,62.0,966.0,Weak (<64kt)
1983059S13127,SI,1983,KEN,65.0,970.0,Moderate (64-95kt)
1983092S10125,SI,1983,LENA,65.0,980.0,Moderate (64-95kt)
1983110S12080,SI,1983,NAOMI,80.0,960.0,Moderate (64-95kt)
1983112S10096,SI,1983,MONTY,65.0,975.0,Moderate (64-95kt)
1983167N05145,WP,1983,SARAH,35.0,998.0,Weak (<64kt)
1983173S11056,SI,1983,FELY,20.0,1003.0,Weak (<64kt)
1983186N04153,WP,1983,VERA,75.0,965.0,Moderate (64-95kt)
1983188N06136,WP,1983,TIP,65.0,975.0,Moderate (64-95kt)
1983201N08144,WP,1983,WAYNE,110.0,920.0,Intense (>=96kt)
1983212N06151,WP,1983,ABBY,120.0,895.0,Intense (>=96kt)
1983220N16111,WP,1983,CARMEN,40.0,992.0,Weak (<64kt)
1983223N23143,WP,1983,BEN,55.0,985.0,Weak (<64kt)
1983229N15140,WP,1983,DOM,40.0,996.0,Weak (<64kt)
1983239N10183,WP,1983,ELLEN,110.0,925.0,Intense (>=96kt)
1983259N08161,WP,1983,FORREST,110.0,885.0,Intense (>=96kt)
1983271N18118,WP,1983,GEORGIA,70.0,980.0,Moderate (64-95kt)
1983276N06130,WP,1983,HERBERT,45.0,994.0,Weak (<64kt)
1983279N04140,WP,1983,JOE,55.0,975.0,Weak (<64kt)
1983279N17148,WP,1983,IDA,60.0,975.0,Weak (<64kt)
1983282N09155,WP,1983,KIM,40.0,994.0,Weak (<64kt)
1983287N09164,WP,1983,LEX,50.0,985.0,Weak (<64kt)
1983295S08089,SI,1984,OSCAR,75.0,968.0,Moderate (64-95kt)
1983299N07172,WP,1983,MARGE,110.0,895.0,Intense (>=96kt)
1983311N15161,WP,1983,NORRIS,45.0,994.0,Weak (<64kt)
1983317N12153,WP,1983,ORCHID,110.0,930.0,Intense (>=96kt)
1983321N11111,WP,1983,PERCY,70.0,970.0,Moderate (64-95kt)
1983325N08148,WP,1983,RUTH,50.0,992.0,Weak (<64kt)
1983330S11113,SI,1984,QUENTON,90.0,955.0,Moderate (64-95kt)
1983334N09142,WP,1983,SPERRY,45.0,996.0,Weak (<64kt)
1983339S10065,SI,1984,ANDRY,92.0,927.0,Moderate (64-95kt)
1983347N06154,WP,1983,THELMA,55.0,990.0,Weak (<64kt)
1983353S06130,SI,1984,ESTHER,50.0,990.0,Weak (<64kt)
1983353S08070,SI,1984,BAKOLY,92.0,927.0,Moderate (64-95kt)
1984002S14108,SI,1984,TIM,55.0,980.0,Weak (<64kt)
1984005S15044,SI,1984,CABOTO,36.0,991.0,Weak (<64kt)
1984016S15073,SI,1984,DOMOINA,52.0,976.0,Weak (<64kt)
1984020S11077,SI,1984,EDOARA,36.0,991.0,Weak (<64kt)
1984022S08086,SI,1984,FANJA:VIVIENNE,65.0,975.0,Moderate (64-95kt)
1984025S14073,SI,1984,GALY,36.0,991.0,Weak (<64kt)
1984033S12115,SI,1984,WILLY,80.0,960.0,Moderate (64-95kt)
1984035S09101,SI,1984,ANNETTE:JAMINY,92.0,927.0,Moderate (64-95kt)
1984038S12073,SI,1984,HAJA,52.0,976.0,Weak (<64kt)
1984041S17042,SI,1984,IMBOA,52.0,976.0,Weak (<64kt)
1984048S16120,SI,1984,BOBBY,95.0,950.0,Moderate (64-95kt)
1984053S30068,SI,1984,JAMINY,36.0,1000.0,Weak (<64kt)
1984057S14124,SI,1984,CHLOE,90.0,955.0,Moderate (64-95kt)
1984062S12131,SI,1984,FERDINAND,60.0,980.0,Weak (<64kt)
1984066S12151,SI,1984,JIM,55.0,982.0,Weak (<64kt)
1984067S09101,SI,1984,DARYL,90.0,955.0,Moderate (64-95kt)
1984077S12149,SI,1984,KATHY,50.0,994.0,Weak (<64kt)
1984094S10080,SI,1984,KAMISY,92.0,927.0,Moderate (64-95kt)
1984159N12116,WP,1984,VERNON,40.0,994.0,Weak (<64kt)
1984169N20137,WP,1984,WYNNE,55.0,980.0,Weak (<64kt)
1984180N16130,WP,1984,ALEX,80.0,960.0,Moderate (64-95kt)
1984184N06139,WP,1984,BETTY,50.0,985.0,Weak (<64kt)
1984186N16154,WP,1984,CARY,80.0,955.0,Moderate (64-95kt)
1984204N21162,WP,1984,DINAH,100.0,915.0,Intense (>=96kt)
1984207N29135,WP,1984,ED,80.0,950.0,Moderate (64-95kt)
1984214N12143,WP,1984,FREDA,50.0,985.0,Weak (<64kt)
1984225N18142,WP,1984,HOLLY,70.0,960.0,Moderate (64-95kt)
1984227N18118,WP,1984,GERALD,55.0,980.0,Weak (<64kt)
1984238N18137,WP,1984,JUNE,65.0,985.0,Moderate (64-95kt)
1984239N08146,WP,1984,IKE,90.0,950.0,Moderate (64-95kt)
1984255N25173,WP,1984,KELLY,70.0,965.0,Moderate (64-95kt)
1984267N18120,WP,1984,LYNN,45.0,998.0,Weak (<64kt)
1984270N19141,WP,1984,NINA,45.0,992.0,Weak (<64kt)
1984270N22147,WP,1984,MAURY,50.0,990.0,Weak (<64kt)
1984277N07151,WP,1984,OGDEN,65.0,980.0,Moderate (64-95kt)
1984281N13146,WP,1984,PHYLLIS,65.0,975.0,Moderate (64-95kt)
1984283N09139,WP,1984,ROY,40.0,996.0,Weak (<64kt)
1984284N11116,WP,1984,SUSAN,40.0,996.0,Weak (<64kt)
1984290N06153,WP,1984,THAD,90.0,935.0,Moderate (64-95kt)
1984291N13130,WP,1984,WARREN,60.0,975.0,Weak (<64kt)
1984294N04163,WP,1984,VANESSA,120.0,880.0,Intense (>=96kt)
1984302N00149,WP,1984,AGNES,105.0,925.0,Intense (>=96kt)
1984313N14154,WP,1984,BILL,100.0,910.0,Intense (>=96kt)
1984317N04164,WP,1984,CLARA,90.0,940.0,Moderate (64-95kt)
1984325S15052,SI,1985,ANETY,36.0,1003.0,Weak (<64kt)
1984336N05156,WP,1984,DOYLE,100.0,940.0,Intense (>=96kt)
1984337S11082,SI,1985,BOBALAHY,44.0,984.0,Weak (<64kt)
1984339S05102,SI,1985,EMMA,65.0,967.0,Moderate (64-95kt)
1984355S16129,SI,1985,FRANK,85.0,950.0,Moderate (64-95kt)
1985004N04131,WP,1985,FABIAN,50.0,990.0,Weak (<64kt)
1985005N04157,WP,1985,ELSIE,35.0,1000.0,Weak (<64kt)
1985009S11072,SI,1985,CELESTINA,52.0,976.0,Weak (<64kt)
1985025S09073,SI,1985,DITRA,62.0,966.0,Weak (<64kt)
1985026S16126,SI,1985,GERTIE,60.0,973.0,Weak (<64kt)
1985034S12082,SI,1985,ESITERA,44.0,984.0,Weak (<64kt)
1985040S17054,SI,1985,ESITERA,36.0,991.0,Weak (<64kt)
1985041S14129,SI,1985,HUBERT,80.0,954.0,Moderate (64-95kt)
1985042S08101,SI,1985,ISOBEL,75.0,960.0,Moderate (64-95kt)
1985042S18060,SI,1985,GERIMENA,44.0,984.0,Weak (<64kt)
1985043S16042,SI,1985,FELIKSA,52.0,976.0,Weak (<64kt)
1985046S09128,SI,1985,JACOB,75.0,950.0,Moderate (64-95kt)
1985060S11112,SI,1985,KIRSTY,110.0,920.0,Intense (>=96kt)
1985065S09118,SI,1985,LINDSAY,80.0,950.0,Moderate (64-95kt)
1985078S14138,SI,1985,SANDY,40.0,990.0,Weak (<64kt)
1985097S09076,SI,1985,HELISAONINA,82.0,941.0,Moderate (64-95kt)
1985100S07104,SI,1985,MARGOT,85.0,942.0,Moderate (64-95kt)
1985101S10136,SI,1985,GRETEL,50.0,984.0,Weak (<64kt)
1985136N07129,WP,1985,GAY,80.0,950.0,Moderate (64-95kt)
1985162N05154,WP,1985,HAL,80.0,960.0,Moderate (64-95kt)
1985166N19111,WP,1985,UNNAMED,35.0,990.0,Weak (<64kt)
1985168N05156,WP,1985,IRMA,80.0,960.0,Moderate (64-95kt)
1985199N08143,WP,1985,JEFF,70.0,970.0,Moderate (64-95kt)
1985212N22148,WP,1985,KIT,75.0,960.0,Moderate (64-95kt)
1985220N18128,WP,1985,LEE,60.0,975.0,Weak (<64kt)
1985226N23126,WP,1985,MAMIE,65.0,975.0,Moderate (64-95kt)
1985227N16149,WP,1985,NELSON,80.0,950.0,Moderate (64-95kt)
1985231N16142,WP,1985,ODESSA,80.0,955.0,Moderate (64-95kt)
1985236N23125,WP,1985,PAT,75.0,955.0,Moderate (64-95kt)
1985237N21130,WP,1985,RUBY,55.0,985.0,Weak (<64kt)
1985240N08148,WP,1985,TESS,70.0,970.0,Moderate (64-95kt)
1985240N09198,WP,1985,SKIP,75.0,970.0,Moderate (64-95kt)
1985256N13146,WP,1985,VAL,45.0,996.0,Weak (<64kt)
1985260N13115,WP,1985,WINONA,45.0,990.0,Weak (<64kt)
1985268N03161,WP,1985,BRENDAN,85.0,955.0,Moderate (64-95kt)
1985268N16126,WP,1985,ANDY,55.0,985.0,Weak (<64kt)
1985281N02144,WP,1985,CECIL,80.0,960.0,Moderate (64-95kt)
1985284N05159,WP,1985,DOT,120.0,895.0,Intense (>=96kt)
1985286N05162,WP,1985,ELLIS,50.0,996.0,Weak (<64kt)
1985294N10122,WP,1985,FAYE,75.0,965.0,Moderate (64-95kt)
1985323N05107,WP,1985,GORDON,40.0,998.0,Weak (<64kt)
1985329S09104,SI,1986,NICHOLAS,85.0,945.0,Moderate (64-95kt)
1985347N07155,WP,1985,HOPE,90.0,950.0,Moderate (64-95kt)
1985347N09114,WP,1985,IRVING,50.0,992.0,Weak (<64kt)
1985356S20040,SI,1986,ALIFREDY,36.0,997.0,Weak (<64kt)
1986005S15043,SI,1986,BEROBIA,44.0,984.0,Weak (<64kt)
1986007S07080,SI,1986,DELIFINA,52.0,976.0,Weak (<64kt)
1986007S09098,SI,1986,OPHELIA,45.0,986.0,Weak (<64kt)
1986007S11055,SI,1986,COSTA,52.0,976.0,Weak (<64kt)
1986017S12131,SI,1986,HECTOR,40.0,982.0,Weak (<64kt)
1986018S14108,SI,1986,PANCHO,55.0,976.0,Weak (<64kt)
1986029N04152,WP,1986,JUDY,70.0,970.0,Moderate (64-95kt)
1986029S13069,SI,1986,ERINESTA,92.0,927.0,Moderate (64-95kt)
1986036S10082,SI,1986,FILOMENA,36.0,991.0,Weak (<64kt)
1986048S16116,SI,1986,RHONDA,65.0,968.0,Moderate (64-95kt)
1986049S18043,SI,1986,GISTA,52.0,976.0,Weak (<64kt)
1986052S13114,SI,1986,SELWYN,60.0,980.0,Weak (<64kt)
1986056S09130,SI,1986,TIFFANY,50.0,984.0,Weak (<64kt)
1986061S13124,SI,1986,VICTOR,100.0,930.0,Intense (>=96kt)
1986067S11080,SI,1986,HONORININA,82.0,941.0,Moderate (64-95kt)
1986070S13082,SI,1986,IARIMA,36.0,991.0,Weak (<64kt)
1986085S13091,SI,1986,JEFOTRA,72.0,954.0,Moderate (64-95kt)
1986095S11105,SI,1986,ALISON:KRISOSTOMA,60.0,974.0,Weak (<64kt)
1986112N02152,WP,1986,KEN,65.0,980.0,Moderate (64-95kt)
1986124S05090,SI,1986,BILLY:LILA,90.0,950.0,Moderate (64-95kt)
1986134N08149,WP,1986,LOLA,120.0,910.0,Intense (>=96kt)
1986136N18114,WP,1986,MAC,40.0,992.0,Weak (<64kt)
1986169N07152,WP,1986,NANCY,70.0,955.0,Moderate (64-95kt)
1986172N04161,WP,1986,OWEN,45.0,985.0,Weak (<64kt)
1986179N11175,WP,1986,PEGGY,110.0,900.0,Intense (>=96kt)
1986190N11162,WP,1986,ROGER,75.0,955.0,Moderate (64-95kt)
1986200N17111,WP,1986,UNNAMED,35.0,996.0,Weak (<64kt)
1986209N13139,WP,1986,SARAH,55.0,980.0,Weak (<64kt)
1986214N09234,WP,1986,GEORGETTE,60.0,970.0,Weak (<64kt)
1986221N17163,WP,1986,TIP,70.0,965.0,Moderate (64-95kt)
1986225N17134,WP,1986,VERA,90.0,925.0,Moderate (64-95kt)
1986228N19120,WP,1986,WAYNE,75.0,955.0,Moderate (64-95kt)
1986240N24160,WP,1986,UNNAMED,35.0,992.0,Weak (<64kt)
1986252N06153,WP,1986,ABBY,85.0,945.0,Moderate (64-95kt)
1986259N07170,WP,1986,BEN,100.0,920.0,Intense (>=96kt)
1986270N05178,WP,1986,CARMEN,85.0,940.0,Moderate (64-95kt)
1986275N10134,WP,1986,DOM,40.0,996.0,Weak (<64kt)
1986276N07177,WP,1986,ELLEN,70.0,965.0,Moderate (64-95kt)
1986283N10179,WP,1986,FORREST,90.0,930.0,Moderate (64-95kt)
1986287N09141,WP,1986,GEORGIA,45.0,985.0,Weak (<64kt)
1986302N05178,WP,1986,HERBERT,60.0,985.0,Weak (<64kt)
1986309N07162,WP,1986,IDA,50.0,985.0,Weak (<64kt)
1986316N06146,WP,1986,JOE,85.0,940.0,Moderate (64-95kt)
1986330N05173,WP,1986,KIM,110.0,905.0,Intense (>=96kt)
1986333N04179,WP,1986,LEX,50.0,994.0,Weak (<64kt)
1986343N05176,WP,1986,MARGE,85.0,950.0,Moderate (64-95kt)
1986353N03178,WP,1986,NORRIS,85.0,955.0,Moderate (64-95kt)
1987007N06162,WP,1987,ORCHID,90.0,955.0,Moderate (64-95kt)
1987015S16125,SI,1987,CONNIE,85.0,950.0,Moderate (64-95kt)
1987016S13066,SI,1987,ALININA,52.0,976.0,Weak (<64kt)
1987019S12140,SI,1987,IRMA,50.0,980.0,Weak (<64kt)
1987030N06089,NI,1987,UNNAMED,75.0,970.0,Moderate (64-95kt)
1987031S15124,SI,1987,DAMIEN,50.0,980.0,Weak (<64kt)
1987036S15066,SI,1987,BEMAZAVA,36.0,997.0,Weak (<64kt)
1987040S19051,SI,1987,CLOTILDA,60.0,970.0,Weak (<64kt)
1987053S15127,SI,1987,ELSIE,100.0,940.0,Intense (>=96kt)
1987062S13072,SI,1987,DAODO,72.0,954.0,Moderate (64-95kt)
1987093N05155,WP,1987,PERCY,45.0,1000.0,Weak (<64kt)
1987096S11144,SI,1987,KAY,60.0,976.0,Weak (<64kt)
1987110S27050,SI,1987,ELIZABETHA,52.0,976.0,Weak (<64kt)
1987150N13095,NI,1987,UNNAMED,45.0,980.0,Weak (<64kt)
1987168N17118,WP,1987,RUTH,45.0,992.0,Weak (<64kt)
1987176N10150,WP,1987,SPERRY,65.0,980.0,Moderate (64-95kt)
1987188N10151,WP,1987,THELMA,100.0,915.0,Intense (>=96kt)
1987196N09146,WP,1987,VERNON,60.0,985.0,Weak (<64kt)
1987200N04191,WP,1987,WYNNE,100.0,920.0,Intense (>=96kt)
1987202N09144,WP,1987,ALEX,65.0,970.0,Moderate (64-95kt)
1987219N08134,WP,1987,BETTY,110.0,890.0,Intense (>=96kt)
1987219N08155,WP,1987,CARY,75.0,960.0,Moderate (64-95kt)
1987222N27145,WP,1987,UNNAMED,35.0,1002.0,Weak (<64kt)
1987231N10159,WP,1987,DINAH,100.0,915.0,Intense (>=96kt)
1987238N24090,NI,1987,UNNAMED,25.0,990.0,Weak (<64kt)
1987244N11177,WP,1987,HOLLY,110.0,900.0,Intense (>=96kt)
1987245N15133,WP,1987,GERALD,80.0,950.0,Moderate (64-95kt)
1987247N09150,WP,1987,FREDA,105.0,915.0,Intense (>=96kt)
1987255N23086,NI,1987,UNNAMED,25.0,993.0,Weak (<64kt)
1987258N23082,NI,1987,UNNAMED,25.0,997.0,Weak (<64kt)
1987264N10190,WP,1987,PEKE,80.0,950.0,Moderate (64-95kt)
1987266N16148,WP,1987,IAN,75.0,955.0,Moderate (64-95kt)
1987270N15160,WP,1987,JUNE,45.0,992.0,Weak (<64kt)
1987282N12137,WP,1987,KELLY,75.0,955.0,Moderate (64-95kt)
1987287N12089,NI,1987,UNNAMED,45.0,994.0,Weak (<64kt)
1987288N13168,WP,1987,LYNN,105.0,920.0,Intense (>=96kt)
1987303N06088,NI,1987,UNNAMED,55.0,984.0,Weak (<64kt)
1987311N10148,WP,1987,MAURY,45.0,994.0,Weak (<64kt)
1987312N09095,NI,1987,UNNAMED,55.0,990.0,Weak (<64kt)
1987320N03171,WP,1987,NINA,90.0,930.0,Moderate (64-95kt)
1987340S07095,SI,1988,ARINY,36.0,997.0,Weak (<64kt)
1987343N05154,WP,1987,PHYLLIS,75.0,960.0,Moderate (64-95kt)
1987358S10070,SI,1988,BENANDRO,36.0,991.0,Weak (<64kt)
1988005N03174,WP,1988,ROY,85.0,940.0,Moderate (64-95kt)
1988012S11061,SI,1988,CALIDERA,62.0,966.0,Weak (<64kt)
1988019S24044,SI,1988,CALIDERA,36.0,1000.0,Weak (<64kt)
1988021S12080,SI,1988,DOAZA,72.0,954.0,Moderate (64-95kt)
1988028S07100,SI,1988,FREDERIC,85.0,955.0,Moderate (64-95kt)
1988037S13109,SI,1988,EZENINA:GWENDA,100.0,941.0,Intense (>=96kt)
1988055S10051,SI,1988,FILAO,72.0,954.0,Moderate (64-95kt)
1988072S08088,SI,1988,GASITAO,92.0,927.0,Moderate (64-95kt)
1988076S14056,SI,1988,HELY,52.0,976.0,Weak (<64kt)
1988125S10071,SI,1988,IARISENA,36.0,991.0,Weak (<64kt)
1988138S07092,SI,1988,HERBIE,50.0,982.0,Weak (<64kt)
1988150N19119,WP,1988,SUSAN,65.0,970.0,Moderate (64-95kt)
1988156N18128,WP,1988,UNNAMED,35.0,1000.0,Weak (<64kt)
1988170N05141,WP,1988,THAD,70.0,970.0,Moderate (64-95kt)
1988177N07137,WP,1988,VANESSA,55.0,990.0,Weak (<64kt)
1988193N09149,WP,1988,WARREN,90.0,940.0,Moderate (64-95kt)
1988208N27135,WP,1988,AGNES,50.0,975.0,Weak (<64kt)
1988213N20134,WP,1988,UNNAMED,35.0,998.0,Weak (<64kt)
1988218N21128,WP,1988,BILL,45.0,985.0,Weak (<64kt)
1988219N27175,WP,1988,CLARA,40.0,994.0,Weak (<64kt)
1988226N22173,WP,1988,DOYLE,90.0,930.0,Moderate (64-95kt)
1988226N26127,WP,1988,UNNAMED,35.0,1000.0,Weak (<64kt)
1988227N24123,WP,1988,UNNAMED,35.0,1000.0,Weak (<64kt)
1988237N23154,WP,1988,ELSIE,45.0,992.0,Weak (<64kt)
1988237N30143,WP,1988,FABIAN,60.0,970.0,Weak (<64kt)
1988242N12215,WP,1988,ULEKI,85.0,945.0,Moderate (64-95kt)
1988246N26133,WP,1988,GAY,40.0,996.0,Weak (<64kt)
1988249N18163,WP,1988,HAL,85.0,945.0,Moderate (64-95kt)
1988255N15132,WP,1988,JEFF,45.0,994.0,Weak (<64kt)
1988255N21159,WP,1988,IRMA,55.0,990.0,Weak (<64kt)
1988260N15157,WP,1988,LEE,50.0,990.0,Weak (<64kt)
1988263N15126,WP,1988,KIT,55.0,980.0,Weak (<64kt)
1988263N18115,WP,1988,MAMIE,45.0,990.0,Weak (<64kt)
1988274N12142,WP,1988,NELSON,100.0,915.0,Intense (>=96kt)
1988282N15118,WP,1988,UNNAMED,45.0,992.0,Weak (<64kt)
1988282N17153,WP,1988,ODESSA,70.0,965.0,Moderate (64-95kt)
1988290N08145,WP,1988,PAT,60.0,980.0,Weak (<64kt)
1988295N10138,WP,1988,RUBY,75.0,950.0,Moderate (64-95kt)
1988304S08077,SI,1989,ADELININA,36.0,991.0,Weak (<64kt)
1988307N09131,WP,1988,TESS,60.0,975.0,Weak (<64kt)
1988308N09140,WP,1988,SKIP,80.0,950.0,Moderate (64-95kt)
1988310S08100,SI,1989,BARISAONA,72.0,954.0,Moderate (64-95kt)
1988347S12128,SI,1989,ILONA,80.0,960.0,Moderate (64-95kt)
1988356N05142,WP,1988,VAL,45.0,992.0,Weak (<64kt)
1989006S15044,SI,1989,CALASANJY,72.0,954.0,Moderate (64-95kt)
1989010N16212,WP,1989,WINONA,35.0,1000.0,Weak (<64kt)
1989010S15063,SI,1989,DONA,28.0,997.0,Weak (<64kt)
1989018S10082,SI,1989,EDME,52.0,976.0,Weak (<64kt)
1989023S08103,SI,1989,JOHN,40.0,990.0,Weak (<64kt)
1989024S11064,SI,1989,FIRINGA,72.0,954.0,Moderate (64-95kt)
1989035S11106,SI,1989,KIRRILY,80.0,955.0,Moderate (64-95kt)
1989044S12102,SI,1989,HANITRA:LEON,72.0,954.0,Moderate (64-95kt)
1989047S13079,SI,1989,GIZELA,52.0,976.0,Weak (<64kt)
1989056S23039,SI,1989,IANA,44.0,984.0,Weak (<64kt)
1989060S09097,SI,1989,MARCIA,35.0,995.0,Weak (<64kt)
1989080S16066,SI,1989,JINABO,62.0,966.0,Weak (<64kt)
1989084S18122,SI,1989,NED,100.0,941.0,Intense (>=96kt)
1989087S11073,SI,1989,KRISY,82.0,941.0,Moderate (64-95kt)
1989094S05086,SI,1989,LEZISSY,44.0,984.0,Weak (<64kt)
1989103N07154,WP,1989,ANDY,100.0,920.0,Intense (>=96kt)
1989106S11128,SI,1989,ORSON,130.0,905.0,Intense (>=96kt)
1989134N07138,WP,1989,BRENDA,65.0,970.0,Moderate (64-95kt)
1989142N11114,WP,1989,CECIL,60.0,975.0,Weak (<64kt)
1989153N04144,WP,1989,DOT,80.0,955.0,Moderate (64-95kt)
1989169N16142,WP,1989,ELLIS,50.0,985.0,Weak (<64kt)
1989187N15132,WP,1989,FAYE,55.0,980.0,Weak (<64kt)
1989190N20160,WP,1989,GORDON,100.0,915.0,Intense (>=96kt)
1989194N13149,WP,1989,HOPE,45.0,990.0,Weak (<64kt)
1989199N05139,WP,1989,IRVING,55.0,985.0,Weak (<64kt)
1989201N11145,WP,1989,JUDY,85.0,940.0,Moderate (64-95kt)
1989209N22130,WP,1989,KEN:LOLA,55.0,980.0,Weak (<64kt)
1989211N24153,WP,1989,MAC,80.0,950.0,Moderate (64-95kt)
1989216N06159,WP,1989,OWEN,75.0,960.0,Moderate (64-95kt)
1989221N10149,WP,1989,NANCY,70.0,965.0,Moderate (64-95kt)
1989227N16145,WP,1989,PEGGY,35.0,996.0,Weak (<64kt)
1989235N22146,WP,1989,UNNAMED,35.0,1002.0,Weak (<64kt)
1989235N26122,WP,1989,ROGER,55.0,975.0,Weak (<64kt)
1989246N16159,WP,1989,SARAH,80.0,950.0,Moderate (64-95kt)
1989250N17148,WP,1989,TIP,50.0,984.0,Weak (<64kt)
1989254N17145,WP,1989,VERA,55.0,972.0,Weak (<64kt)
1989259N20126,WP,1989,WAYNE,70.0,970.0,Moderate (64-95kt)
1989271N12142,WP,1989,ANGELA,95.0,925.0,Moderate (64-95kt)
1989271N14168,WP,1989,COLLEEN,80.0,950.0,Moderate (64-95kt)
1989272N18120,WP,1989,BRIAN,65.0,970.0,Moderate (64-95kt)
1989279N07151,WP,1989,DAN,75.0,960.0,Moderate (64-95kt)
1989286N14137,WP,1989,ELSIE,100.0,915.0,Intense (>=96kt)
1989291N05158,WP,1989,FORREST,85.0,940.0,Moderate (64-95kt)
1989305N07105,WP,1989,GAY,65.0,970.0,Moderate (64-95kt)
1989309S07100,SI,1990,PEDRO,60.0,982.0,Weak (<64kt)
1989314N10152,WP,1989,HUNT,75.0,960.0,Moderate (64-95kt)
1989324N17174,WP,1989,IRMA,95.0,925.0,Moderate (64-95kt)
1989346S10133,SI,1990,FELICITY,25.0,997.0,Weak (<64kt)
1989349S08065,SI,1990,ALIBERA,72.0,954.0,Moderate (64-95kt)
1989354N05155,WP,1989,JACK,95.0,925.0,Moderate (64-95kt)
1990005S13112,SI,1990,ROSITA,45.0,988.0,Weak (<64kt)
1990008N01172,WP,1990,KORYN,55.0,980.0,Weak (<64kt)
1990012S12131,SI,1990,SAM,70.0,966.0,Moderate (64-95kt)
1990024S14117,SI,1990,TINA,50.0,976.0,Weak (<64kt)
1990031S09070,SI,1990,DETY,72.0,954.0,Moderate (64-95kt)
1990032S11059,SI,1990,CEZERA,52.0,976.0,Weak (<64kt)
1990056S11125,SI,1990,VINCENT,70.0,966.0,Moderate (64-95kt)
1990058S16075,SI,1990,EDISOANA,72.0,954.0,Moderate (64-95kt)
1990062S13091,SI,1990,GREGOARA:WALTER,92.0,927.0,Moderate (64-95kt)
1990065S07083,SI,1990,FELANA,36.0,991.0,Weak (<64kt)
1990074S12115,SI,1990,ALEX,120.0,927.0,Intense (>=96kt)
1990101S07048,SI,1990,HANTA,36.0,991.0,Weak (<64kt)
1990102S11092,SI,1990,BESSI,40.0,990.0,Weak (<64kt)
1990117N04152,WP,1990,LEWIS,35.0,998.0,Weak (<64kt)
1990124N09088,NI,1990,UNNAMED,127.0,920.0,Intense (>=96kt)
1990129N05138,WP,1990,MARIAN,70.0,965.0,Moderate (64-95kt)
1990130S03081,SI,1990,IKONJO,52.0,976.0,Weak (<64kt)
1990163N08133,WP,1990,NATHAN,55.0,980.0,Weak (<64kt)
1990164N21089,NI,1990,UNNAMED,33.0,990.0,Weak (<64kt)
1990166N06141,WP,1990,OFELIA,65.0,970.0,Moderate (64-95kt)
1990171N11148,WP,1990,PERCY,80.0,950.0,Moderate (64-95kt)
1990180N09159,WP,1990,ROBYN,45.0,992.0,Weak (<64kt)
1990202N13130,WP,1990,TASHA,55.0,980.0,Weak (<64kt)
1990205N16141,WP,1990,STEVE,85.0,940.0,Moderate (64-95kt)
1990208N18132,WP,1990,VERNON,75.0,955.0,Moderate (64-95kt)
1990216N29125,WP,1990,WINONA,60.0,975.0,Weak (<64kt)
1990219N10214,WP,1990,AKA,40.0,994.0,Weak (<64kt)
1990221N07162,WP,1990,YANCY,80.0,950.0,Moderate (64-95kt)
1990226N19088,NI,1990,UNNAMED,27.0,993.0,Weak (<64kt)
1990228N15141,WP,1990,ZOLA,75.0,960.0,Moderate (64-95kt)
1990232N13141,WP,1990,BECKY,70.0,965.0,Moderate (64-95kt)
1990232N22089,NI,1990,UNNAMED,27.0,986.0,Weak (<64kt)
1990235N10152,WP,1990,ABE,75.0,955.0,Moderate (64-95kt)
1990245N16149,WP,1990,DOT,75.0,960.0,Moderate (64-95kt)
1990246N23089,NI,1990,UNNAMED,27.0,995.0,Weak (<64kt)
1990250N13157,WP,1990,ED,70.0,965.0,Moderate (64-95kt)
1990251N06171,WP,1990,FLO,120.0,890.0,Intense (>=96kt)
1990261N12141,WP,1990,GENE,80.0,950.0,Moderate (64-95kt)
1990271N13153,WP,1990,HATTIE,80.0,950.0,Moderate (64-95kt)
1990272N11121,WP,1990,IRA,35.0,996.0,Weak (<64kt)
1990280N18091,NI,1990,UNNAMED,33.0,998.0,Weak (<64kt)
1990287N13156,WP,1990,KYLE,75.0,955.0,Moderate (64-95kt)
1990288N15118,WP,1990,LOLA,35.0,998.0,Weak (<64kt)
1990304N08092,NI,1990,UNNAMED,33.0,1001.0,Weak (<64kt)
1990309N08167,WP,1990,PAGE,105.0,910.0,Intense (>=96kt)
1990310N07152,WP,1990,MIKE,100.0,915.0,Intense (>=96kt)
1990312N12121,WP,1990,NELL,50.0,990.0,Weak (<64kt)
1990318N14082,NI,1990,UNNAMED,27.0,1008.0,Weak (<64kt)
1990319N07197,WP,1990,OWEN,95.0,925.0,Moderate (64-95kt)
1990320N15076,NI,1990,UNNAMED,33.0,1007.0,Weak (<64kt)
1990334S08078,SI,1991,UNNAMED,28.0,997.0,Weak (<64kt)
1990343S10128,SI,1991,LAURENCE,35.0,992.0,Weak (<64kt)
1990347N05173,WP,1990,RUSS,100.0,915.0,Intense (>=96kt)
1991008S09078,SI,1991,ALISON,20.0,1002.0,Weak (<64kt)
1991013S04096,SI,1991,BELLA,85.0,936.0,Moderate (64-95kt)
1991046S15122,SI,1991,CHRIS,60.0,976.0,Weak (<64kt)
1991046S18150,SI,1991,DAPHNE,60.0,976.0,Weak (<64kt)
1991047S16041,SI,1991,CYNTHIA,67.0,970.0,Moderate (64-95kt)
1991053S21040,SI,1991,DEBRA,62.0,966.0,Weak (<64kt)
1991057S10087,SI,1991,ELMA,70.0,965.0,Moderate (64-95kt)
1991062N04156,WP,1991,SHARON,50.0,985.0,Weak (<64kt)
1991077N03165,WP,1991,TIM,65.0,970.0,Moderate (64-95kt)
1991080S06092,SI,1991,FATIMA,72.0,954.0,Moderate (64-95kt)
1991083S11100,SI,1991,ERROL,90.0,950.0,Moderate (64-95kt)
1991089S18052,SI,1991,UNNAMED,28.0,998.0,Weak (<64kt)
1991099S10132,SI,1991,MARIAN,100.0,930.0,Intense (>=96kt)
1991105S12103,SI,1991,FIFI,60.0,975.0,Weak (<64kt)
1991111N04145,WP,1991,VANESSA,45.0,994.0,Weak (<64kt)
1991113N10091,NI,1991,UNNAMED,127.0,918.0,Intense (>=96kt)
1991124N05152,WP,1991,WALT,100.0,915.0,Intense (>=96kt)
1991150N14091,NI,1991,UNNAMED,45.0,990.0,Weak (<64kt)
1991156S07084,SI,1991,GRITELLE,44.0,984.0,Weak (<64kt)
1991163N11128,WP,1991,YUNYA,80.0,950.0,Moderate (64-95kt)
1991187N06139,WP,1991,ZEKE,65.0,970.0,Moderate (64-95kt)
1991194N11147,WP,1991,AMY,95.0,930.0,Moderate (64-95kt)
1991196N06153,WP,1991,BRENDAN,60.0,980.0,Weak (<64kt)
1991200N05157,WP,1991,CAITLIN,80.0,940.0,Moderate (64-95kt)
1991208N20090,NI,1991,UNNAMED,30.0,984.0,Weak (<64kt)
1991220N10133,WP,1991,FRED,75.0,960.0,Moderate (64-95kt)
1991220N20160,WP,1991,ELLIE,70.0,960.0,Moderate (64-95kt)
1991226N18159,WP,1991,GLADYS,60.0,965.0,Weak (<64kt)
1991233N22147,WP,1991,UNNAMED,35.0,992.0,Weak (<64kt)
1991234N20089,NI,1991,UNNAMED,25.0,992.0,Weak (<64kt)
1991239N20133,WP,1991,HARRY,40.0,984.0,Weak (<64kt)
1991243N05172,WP,1991,IVY,95.0,935.0,Moderate (64-95kt)
1991244N19126,WP,1991,JOEL,45.0,985.0,Weak (<64kt)
1991251N12138,WP,1991,KINNA,80.0,955.0,Moderate (64-95kt)
1991256N13171,WP,1991,MIREILLE,100.0,925.0,Intense (>=96kt)
1991256N14148,WP,1991,LUKE,55.0,976.0,Weak (<64kt)
1991257N16130,WP,1991,NAT,80.0,950.0,Moderate (64-95kt)
1991264N15084,NI,1991,UNNAMED,25.0,1000.0,Weak (<64kt)
1991274N08164,WP,1991,PAT,95.0,925.0,Moderate (64-95kt)
1991274N14149,WP,1991,ORCHID,95.0,930.0,Moderate (64-95kt)
1991285N15090,NI,1991,UNNAMED,25.0,998.0,Weak (<64kt)
1991285S08064,SI,1992,UNNAMED,28.0,997.0,Weak (<64kt)
1991289N06156,WP,1991,RUTH,115.0,895.0,Intense (>=96kt)
1991290S10077,SI,1992,UNNAMED,28.0,997.0,Weak (<64kt)
1991301N08173,WP,1991,SETH,100.0,925.0,Intense (>=96kt)
1991301N10083,NI,1991,UNNAMED,25.0,998.0,Weak (<64kt)
1991304N08140,WP,1991,THELMA,40.0,992.0,Weak (<64kt)
1991307N06177,WP,1991,VERNE,55.0,980.0,Weak (<64kt)
1991313N10095,NI,1991,UNNAMED,45.0,998.0,Weak (<64kt)
1991317N09141,WP,1991,WILDA,45.0,992.0,Weak (<64kt)
1991320N06171,WP,1991,YURI,120.0,895.0,Intense (>=96kt)
1991324S08074,SI,1992,UNNAMED,36.0,991.0,Weak (<64kt)
1991329N04181,WP,1991,ZELDA,60.0,975.0,Weak (<64kt)
1991335S04095,SI,1992,GRAHAM,110.0,915.0,Intense (>=96kt)
1991352S08066,SI,1992,ALEXANDRA,56.0,972.0,Weak (<64kt)
1991360S13058,SI,1992,BRYNA,39.0,988.0,Weak (<64kt)
1992003N03176,WP,1992,AXEL,55.0,980.0,Weak (<64kt)
1992027N05206,WP,1992,EKEKA,45.0,990.0,Weak (<64kt)
1992039S14063,SI,1992,CELESTA,43.0,985.0,Weak (<64kt)
1992048S18067,SI,1992,DAVILIA,39.0,988.0,Weak (<64kt)
1992054S14044,SI,1992,ELIZABETHA,35.0,992.0,Weak (<64kt)
1992055S11086,SI,1992,FARIDA,82.0,941.0,Moderate (64-95kt)
1992055S12119,SI,1992,IAN,105.0,930.0,Intense (>=96kt)
1992055S17053,SI,1992,GERDA,20.0,1003.0,Weak (<64kt)
1992056S11102,SI,1992,HARRIET:HEATHER,105.0,930.0,Intense (>=96kt)
1992057S17052,SI,1992,UNNAMED,31.0,995.0,Weak (<64kt)
1992058S15060,SI,1992,GERDA,35.0,992.0,Weak (<64kt)
1992060S18061,SI,1992,GERDA,35.0,992.0,Weak (<64kt)
1992061S19061,SI,1992,UNNAMED,27.0,998.0,Weak (<64kt)
1992096S05101,SI,1992,IRNA:JANE,110.0,915.0,Intense (>=96kt)
1992096S08132,SI,1992,NEVILLE,110.0,945.0,Intense (>=96kt)
1992136N10090,NI,1992,UNNAMED,35.0,992.0,Weak (<64kt)
1992155N10070,NI,1992,UNNAMED,45.0,994.0,Weak (<64kt)
1992172N07144,WP,1992,BOBBIE,90.0,940.0,Moderate (64-95kt)
1992174N13126,WP,1992,CHUCK,70.0,965.0,Moderate (64-95kt)
1992188N07156,WP,1992,ELI,70.0,965.0,Moderate (64-95kt)
1992194N07140,WP,1992,FAYE,35.0,1000.0,Weak (<64kt)
1992198N13135,WP,1992,GARY,55.0,980.0,Weak (<64kt)
1992206N25161,WP,1992,HELEN,40.0,996.0,Weak (<64kt)
1992212N05154,WP,1992,JANIS,95.0,935.0,Moderate (64-95kt)
1992212N20135,WP,1992,IRVING,55.0,980.0,Weak (<64kt)
1992216N06182,WP,1992,KENT,95.0,930.0,Moderate (64-95kt)
1992227N13130,WP,1992,LOIS,35.0,996.0,Weak (<64kt)
1992227N17112,WP,1992,MARK,45.0,990.0,Weak (<64kt)
1992229N24162,WP,1992,NINA,35.0,996.0,Weak (<64kt)
1992236N07159,WP,1992,OMAR,100.0,920.0,Intense (>=96kt)
1992237N14144,WP,1992,POLLY,55.0,975.0,Weak (<64kt)
1992242N13166,WP,1992,RYAN,85.0,945.0,Moderate (64-95kt)
1992248N19166,WP,1992,SIBYL,85.0,940.0,Moderate (64-95kt)
1992259N11159,WP,1992,TED,50.0,985.0,Weak (<64kt)
1992263N05175,WP,1992,VAL,45.0,970.0,Weak (<64kt)
1992268N11193,WP,1992,WARD,85.0,945.0,Moderate (64-95kt)
1992269S05087,SI,1993,AVIONA,40.0,988.0,Weak (<64kt)
1992273N12077,NI,1992,UNNAMED,45.0,996.0,Weak (<64kt)
1992277N16140,WP,1992,YVETTE,100.0,915.0,Intense (>=96kt)
1992279N08175,WP,1992,ZACK,40.0,992.0,Weak (<64kt)
1992286N12115,WP,1992,ANGELA,65.0,970.0,Moderate (64-95kt)
1992288N10089,NI,1992,UNNAMED,35.0,996.0,Weak (<64kt)
1992289N08135,WP,1992,COLLEEN,55.0,980.0,Weak (<64kt)
1992289N09171,WP,1992,BRIAN,80.0,950.0,Moderate (64-95kt)
1992292S09083,SI,1993,BABIE,37.0,991.0,Weak (<64kt)
1992298N10188,WP,1992,DAN,90.0,935.0,Moderate (64-95kt)
1992302N06150,WP,1992,ELSIE,100.0,915.0,Intense (>=96kt)
1992306N12093,NI,1992,UNNAMED,45.0,996.0,Weak (<64kt)
1992311N06107,NI,1992,UNNAMED,55.0,994.0,Weak (<64kt)
1992314N08141,NI,1992,FORREST,102.0,952.0,Intense (>=96kt)
1992314N08141,WP,1992,FORREST,45.0,996.0,Weak (<64kt)
1992318N06182,WP,1992,GAY,110.0,900.0,Intense (>=96kt)
1992318N11160,WP,1992,HUNT,90.0,940.0,Moderate (64-95kt)
1992331S11082,SI,1993,UNNAMED,28.0,997.0,Weak (<64kt)
1992352S11100,SI,1993,KEN,40.0,990.0,Weak (<64kt)
1992361S23039,SI,1993,UNNAMED,37.0,998.0,Weak (<64kt)
1993012S09074,SI,1993,COLINA,72.0,970.0,Moderate (64-95kt)
1993016S06091,SI,1993,EDWINA,93.0,925.0,Moderate (64-95kt)
1993016S16042,SI,1993,DESSILIA,50.0,975.0,Weak (<64kt)
1993023S14120,SI,1993,LENA,55.0,972.0,Weak (<64kt)
1993041S16052,SI,1993,FINELLA,44.0,984.0,Weak (<64kt)
1993051S14046,SI,1993,GRACIA,37.0,990.0,Weak (<64kt)
1993056S21051,SI,1993,UNNAMED,30.0,995.0,Weak (<64kt)
1993059S20052,SI,1993,HUTELLE,27.0,998.0,Weak (<64kt)
1993061S14042,SI,1993,IONIA,34.0,993.0,Weak (<64kt)
1993064N03174,WP,1993,IRMA,50.0,985.0,Weak (<64kt)
1993091S13092,SI,1993,JOURDANNE,90.0,930.0,Moderate (64-95kt)
1993096S11101,SI,1993,MONTY,60.0,992.0,Weak (<64kt)
1993120S10075,SI,1993,KONITA,70.0,955.0,Moderate (64-95kt)
1993164N04160,WP,1993,KORYN,105.0,905.0,Intense (>=96kt)
1993185N09137,WP,1993,LEWIS,60.0,975.0,Weak (<64kt)
1993199N10156,WP,1993,NATHAN,55.0,980.0,Weak (<64kt)
1993205N15137,WP,1993,OFELIA,45.0,990.0,Weak (<64kt)
1993207N19130,WP,1993,PERCY,60.0,975.0,Weak (<64kt)
1993211N07161,WP,1993,ROBYN,85.0,940.0,Moderate (64-95kt)
1993215N08154,WP,1993,STEVE,55.0,980.0,Weak (<64kt)
1993221N12216,WP,1993,KEONI,90.0,940.0,Moderate (64-95kt)
1993224N07153,WP,1993,TASHA,65.0,970.0,Moderate (64-95kt)
1993229N10159,WP,1993,VERNON,70.0,965.0,Moderate (64-95kt)
1993231N09134,WP,1993,WINONA,40.0,990.0,Weak (<64kt)
1993240N17142,WP,1993,YANCY,95.0,925.0,Moderate (64-95kt)
1993246N16129,WP,1993,ZOLA,50.0,985.0,Weak (<64kt)
1993250N17119,WP,1993,ABE,85.0,945.0,Moderate (64-95kt)
1993253N06150,WP,1993,BECKY,55.0,980.0,Weak (<64kt)
1993261N11131,WP,1993,DOT,70.0,965.0,Moderate (64-95kt)
1993263N11168,WP,1993,CECIL,80.0,950.0,Moderate (64-95kt)
1993270N07153,WP,1993,ED,100.0,915.0,Intense (>=96kt)
1993271N14134,WP,1993,FLO,65.0,970.0,Moderate (64-95kt)
1993275N04159,WP,1993,GENE,35.0,998.0,Weak (<64kt)
1993285N12192,WP,1993,HATTIE,50.0,980.0,Weak (<64kt)
1993298N11154,WP,1993,IRA,80.0,950.0,Moderate (64-95kt)
1993306N10168,WP,1993,JEANA,45.0,992.0,Weak (<64kt)
1993312N06079,NI,1993,UNNAMED,25.0,998.0,Weak (<64kt)
1993312S06080,SI,1994,ALEXINA,46.0,982.0,Weak (<64kt)
1993316N11070,NI,1993,UNNAMED,65.0,986.0,Moderate (64-95kt)
1993322N09137,WP,1993,KYLE,70.0,960.0,Moderate (64-95kt)
1993327S07093,SI,1994,BETTINA,60.0,970.0,Weak (<64kt)
1993331N05172,WP,1993,LOLA,80.0,955.0,Moderate (64-95kt)
1993331N07108,NI,1993,UNNAMED,90.0,968.0,Moderate (64-95kt)
1993336N05164,WP,1993,MANNY,75.0,955.0,Moderate (64-95kt)
1993345S08083,SI,1994,CECILIA,55.0,972.0,Weak (<64kt)
1993348S13120,SI,1994,NAOMI,80.0,960.0,Moderate (64-95kt)
1993353N05159,WP,1993,NELL,60.0,975.0,Weak (<64kt)
1993353N09084,NI,1993,UNNAMED,30.0,1006.0,Weak (<64kt)
1993362S12130,SI,1994,OSCAR,35.0,995.0,Weak (<64kt)
1994007S16056,SI,1994,DAISY,85.0,935.0,Moderate (64-95kt)
1994010S17124,SI,1994,FARAH:PEARL,85.0,950.0,Moderate (64-95kt)
1994012S09075,SI,1994,EDMEA,52.0,976.0,Weak (<64kt)
1994022S12113,SI,1994,QUENTON,80.0,955.0,Moderate (64-95kt)
1994026S11078,SI,1994,GERALDA,110.0,905.0,Intense (>=96kt)
1994036S09075,SI,1994,HOLLANDA,85.0,940.0,Moderate (64-95kt)
1994037S12095,SI,1994,IVY,75.0,950.0,Moderate (64-95kt)
1994047S17041,SI,1994,JULITA,30.0,995.0,Weak (<64kt)
1994064S13099,SI,1994,LITANNE,105.0,910.0,Intense (>=96kt)
1994064S15052,SI,1994,KELVINA,45.0,985.0,Weak (<64kt)
1994067S14109,SI,1994,MARIOLA,62.0,966.0,Weak (<64kt)
1994071S10119,SI,1994,SHARON,105.0,930.0,Intense (>=96kt)
1994076S14078,SI,1994,NADIA,95.0,925.0,Moderate (64-95kt)
1994086S08092,SI,1994,ODILLE,95.0,925.0,Moderate (64-95kt)
1994087S10115,SI,1994,TIM,35.0,995.0,Weak (<64kt)
1994088N09148,WP,1994,OWEN,60.0,980.0,Weak (<64kt)
1994095S08129,SI,1994,VIVIENNE,85.0,955.0,Moderate (64-95kt)
1994116S05095,SI,1994,WILLY,50.0,985.0,Weak (<64kt)
1994117N07096,NI,1994,UNNAMED,115.0,940.0,Intense (>=96kt)
1994128N04155,WP,1994,PAGE,70.0,965.0,Moderate (64-95kt)
1994153N19113,WP,1994,RUSS,50.0,985.0,Weak (<64kt)
1994157N17074,NI,1994,UNNAMED,55.0,980.0,Weak (<64kt)
1994169N06152,WP,1994,SHARON,40.0,996.0,Weak (<64kt)
1994186N09139,WP,1994,TIM,95.0,930.0,Moderate (64-95kt)
1994189N16117,WP,1994,VANESSA,40.0,990.0,Weak (<64kt)
1994191N08141,WP,1994,ZEKE,50.0,985.0,Weak (<64kt)
1994192N05139,WP,1994,WALT,100.0,915.0,Intense (>=96kt)
1994197N14115,WP,1994,YUNYA,45.0,990.0,Weak (<64kt)
1994206N14131,WP,1994,BRENDAN,45.0,992.0,Weak (<64kt)
1994206N22107,WP,1994,AMY,45.0,985.0,Weak (<64kt)
1994210N16144,WP,1994,CAITLIN,45.0,990.0,Weak (<64kt)
1994211N12152,WP,1994,DOUG,100.0,925.0,Intense (>=96kt)
1994212N11240,WP,1994,LI,40.0,994.0,Weak (<64kt)
1994215N30149,WP,1994,ELLIE,70.0,965.0,Moderate (64-95kt)
1994222N11267,WP,1994,JOHN,85.0,945.0,Moderate (64-95kt)
1994224N20152,WP,1994,FRED,100.0,925.0,Intense (>=96kt)
1994231N12157,WP,1994,GLADYS,80.0,955.0,Moderate (64-95kt)
1994232N10144,WP,1994,HARRY,45.0,990.0,Weak (<64kt)
1994237N24167,WP,1994,IVY,75.0,960.0,Moderate (64-95kt)
1994242N12112,WP,1994,JOEL,45.0,990.0,Weak (<64kt)
1994244N07151,WP,1994,KINNA,75.0,960.0,Moderate (64-95kt)
1994250N14133,WP,1994,LUKE,45.0,990.0,Weak (<64kt)
1994251N10180,WP,1994,MELISSA,110.0,910.0,Intense (>=96kt)
1994257N13139,WP,1994,NAT,40.0,992.0,Weak (<64kt)
1994259N12128,WP,1994,ORCHID,100.0,925.0,Intense (>=96kt)
1994263N17170,WP,1994,PAT,70.0,965.0,Moderate (64-95kt)
1994265N16149,WP,1994,PAT:RUTH,40.0,992.0,Weak (<64kt)
1994273N08176,WP,1994,SETH,110.0,910.0,Intense (>=96kt)
1994275S05062,SI,1995,UNNAMED,30.0,995.0,Weak (<64kt)
1994287N08176,WP,1994,VERNE,80.0,950.0,Moderate (64-95kt)
1994287N14156,WP,1994,TERESA,80.0,955.0,Moderate (64-95kt)
1994291N12170,WP,1994,WILDA,90.0,935.0,Moderate (64-95kt)
1994295N25188,WP,1994,YURI,40.0,996.0,Weak (<64kt)
1994298N25161,WP,1994,ZELDA,105.0,910.0,Intense (>=96kt)
1994302N11086,NI,1994,UNNAMED,60.0,988.0,Weak (<64kt)
1994317N07070,NI,1994,UNNAMED,65.0,984.0,Moderate (64-95kt)
1994325S06076,SI,1995,ALBERTINE,95.0,925.0,Moderate (64-95kt)
1994344S09112,SI,1995,ANNETTE,100.0,925.0,Intense (>=96kt)
1994345N06165,WP,1994,AXEL,85.0,950.0,Moderate (64-95kt)
1994348N04175,WP,1994,BOBBIE,50.0,972.0,Weak (<64kt)
1994362S11054,SI,1995,CHRISTELLE,45.0,980.0,Weak (<64kt)
1994365S06063,SI,1995,BENTHA,45.0,984.0,Weak (<64kt)
1995017S10078,SI,1995,DORINA,95.0,925.0,Moderate (64-95kt)
1995020S20038,SI,1995,FODAH,55.0,970.0,Weak (<64kt)
1995032S10074,SI,1995,GAIL,65.0,970.0,Moderate (64-95kt)
1995032S10095,SI,1995,HEIDA,40.0,990.0,Weak (<64kt)
1995049S11133,SI,1995,BOBBY,105.0,925.0,Intense (>=96kt)
1995053S14065,SI,1995,INGRID,80.0,945.0,Moderate (64-95kt)
1995064S13042,SI,1995,JOSTA,58.0,972.0,Weak (<64kt)
1995064S13055,SI,1995,KYLIE,45.0,984.0,Weak (<64kt)
1995074S16068,SI,1995,LIDY,30.0,996.0,Weak (<64kt)
1995088S10078,SI,1995,MARLENE,100.0,920.0,Intense (>=96kt)
1995089S09131,SI,1995,CHLOE,120.0,920.0,Intense (>=96kt)
1995113N06169,WP,1995,CHUCK,35.0,998.0,Weak (<64kt)
1995126N11081,NI,1995,UNNAMED,30.0,996.0,Weak (<64kt)
1995128N15082,NI,1995,UNNAMED,30.0,996.0,Weak (<64kt)
1995135N20087,NI,1995,UNNAMED,30.0,996.0,Weak (<64kt)
1995148N07150,WP,1995,DEANNA,40.0,990.0,Weak (<64kt)
1995193N06156,WP,1995,FAYE,75.0,950.0,Moderate (64-95kt)
1995206N15133,WP,1995,GARY,55.0,980.0,Weak (<64kt)
1995215N12145,WP,1995,HELEN,50.0,985.0,Weak (<64kt)
1995225N12124,WP,1995,IRVING,45.0,990.0,Weak (<64kt)
1995229N12144,WP,1995,JANIS,45.0,990.0,Weak (<64kt)
1995233N16115,WP,1995,LOIS,50.0,980.0,Weak (<64kt)
1995236N10134,WP,1995,KENT,85.0,945.0,Moderate (64-95kt)
1995240N24151,WP,1995,MARK,65.0,985.0,Moderate (64-95kt)
1995244N08139,WP,1995,NINA,40.0,992.0,Weak (<64kt)
1995250N09161,WP,1995,OSCAR,100.0,925.0,Intense (>=96kt)
1995252N08142,WP,1995,POLLY,75.0,960.0,Moderate (64-95kt)
1995255N14104,NI,1995,UNNAMED,25.0,998.0,Weak (<64kt)
1995258N14115,WP,1995,RYAN,85.0,940.0,Moderate (64-95kt)
1995264N06174,WP,1995,SIBYL,50.0,985.0,Weak (<64kt)
1995269N21088,NI,1995,UNNAMED,25.0,1000.0,Weak (<64kt)
1995277N07141,WP,1995,TED,50.0,990.0,Weak (<64kt)
1995279N15153,WP,1995,VAL,40.0,996.0,Weak (<64kt)
1995284N17074,NI,1995,UNNAMED,45.0,996.0,Weak (<64kt)
1995287N08163,WP,1995,WARD,85.0,940.0,Moderate (64-95kt)
1995292N08150,WP,1995,YVETTE,50.0,985.0,Weak (<64kt)
1995293N05177,WP,1995,ANGELA,115.0,910.0,Intense (>=96kt)
1995294N05163,WP,1995,ZACK,90.0,950.0,Moderate (64-95kt)
1995302N17174,WP,1995,BRIAN,40.0,998.0,Weak (<64kt)
1995310N09096,NI,1995,UNNAMED,77.0,978.0,Moderate (64-95kt)
1995319S05092,SI,1996,AGNIELLE:DARYL,95.0,925.0,Moderate (64-95kt)
1995323N05097,NI,1995,UNNAMED,102.0,956.0,Intense (>=96kt)
1995336S10106,SI,1996,EMMA,40.0,990.0,Weak (<64kt)
1995340S10116,SI,1996,FRANK,95.0,950.0,Moderate (64-95kt)
1995348S15135,SI,1996,GERTIE,75.0,965.0,Moderate (64-95kt)
1995357N07139,WP,1995,DAN,55.0,985.0,Weak (<64kt)
1995363S17051,SI,1996,UNNAMED,30.0,995.0,Weak (<64kt)
1996001S08075,SI,1996,BONITA,100.0,920.0,Intense (>=96kt)
1996002S15133,SI,1996,BARRY,20.0,1004.0,Weak (<64kt)
1996007S10100,SI,1996,CORYNA:HUBERT,80.0,955.0,Moderate (64-95kt)
1996025S14125,SI,1996,ISOBEL,35.0,995.0,Weak (<64kt)
1996026S14143,SI,1996,JACOB,85.0,955.0,Moderate (64-95kt)
1996043S07053,SI,1996,DOLORESSE,52.0,977.0,Weak (<64kt)
1996049S10068,SI,1996,EDWIGE,80.0,945.0,Moderate (64-95kt)
1996049S13042,SI,1996,DOLORESSE,50.0,980.0,Weak (<64kt)
1996057S12074,SI,1996,FLOSSY,80.0,945.0,Moderate (64-95kt)
1996058N06137,WP,1996,UNNAMED,35.0,998.0,Weak (<64kt)
1996066S17129,SI,1996,KIRSTY,100.0,935.0,Intense (>=96kt)
1996078S12072,SI,1996,GUYLIANNE,35.0,992.0,Weak (<64kt)
1996090N04150,WP,1996,ANN,35.0,1000.0,Weak (<64kt)
1996093S16074,SI,1996,HANSELLA,65.0,962.0,Moderate (64-95kt)
1996095S09133,SI,1996,OLIVIA,105.0,925.0,Intense (>=96kt)
1996098S13085,SI,1996,ITELLE,95.0,925.0,Moderate (64-95kt)
1996122N08092,NI,1996,UNNAMED,30.0,1000.0,Weak (<64kt)
1996122S05093,SI,1996,JENNA,55.0,984.0,Weak (<64kt)
1996128N07138,WP,1996,BART,95.0,930.0,Moderate (64-95kt)
1996137N13111,WP,1996,CAM,40.0,994.0,Weak (<64kt)
1996163N08088,NI,1996,UNNAMED,45.0,992.0,Weak (<64kt)
1996167N16072,NI,1996,UNNAMED,60.0,972.0,Weak (<64kt)
1996186N19156,WP,1996,DAN,65.0,970.0,Moderate (64-95kt)
1996190S07096,SI,1997,LINDSAY,40.0,990.0,Weak (<64kt)
1996192N19152,WP,1996,EVE,85.0,940.0,Moderate (64-95kt)
1996201N07137,WP,1996,GLORIA,65.0,965.0,Moderate (64-95kt)
1996202N17115,WP,1996,FRANKIE,50.0,975.0,Weak (<64kt)
1996203N12152,WP,1996,HERB,95.0,925.0,Moderate (64-95kt)
1996208N20165,WP,1996,JOY,55.0,980.0,Weak (<64kt)
1996210N05156,WP,1996,KIRK,75.0,955.0,Moderate (64-95kt)
1996217N16111,WP,1996,LISA,40.0,996.0,Weak (<64kt)
1996227N08156,WP,1996,NIKI,65.0,970.0,Moderate (64-95kt)
1996227N15176,WP,1996,ORSON,75.0,955.0,Moderate (64-95kt)
1996228S05084,SI,1997,UNNAMED,30.0,995.0,Weak (<64kt)
1996232N21170,WP,1996,PIPER,40.0,996.0,Weak (<64kt)
1996246N08148,WP,1996,SALLY,85.0,940.0,Moderate (64-95kt)
1996252N11162,WP,1996,TOM,70.0,965.0,Moderate (64-95kt)
1996254N13138,WP,1996,VIOLET,90.0,935.0,Moderate (64-95kt)
1996260N19107,WP,1996,WILLIE,55.0,985.0,Weak (<64kt)
1996261N08184,WP,1996,YATES,90.0,935.0,Moderate (64-95kt)
1996268N15140,WP,1996,ZANE,80.0,950.0,Moderate (64-95kt)
1996275N15082,NI,1996,UNNAMED,25.0,1000.0,Weak (<64kt)
1996282N11162,WP,1996,ABEL:BETH,60.0,975.0,Weak (<64kt)
1996288N09092,NI,1996,UNNAMED,60.0,994.0,Weak (<64kt)
1996289S05093,SI,1997,ANTOINETTE,63.0,965.0,Weak (<64kt)
1996291N17168,WP,1996,CARLO,70.0,965.0,Moderate (64-95kt)
1996296N09093,NI,1996,UNNAMED,30.0,998.0,Weak (<64kt)
1996302S07095,SI,1997,BELLAMINE:MELANIE,95.0,925.0,Moderate (64-95kt)
1996306N15097,NI,1996,UNNAMED,77.0,988.0,Moderate (64-95kt)
1996307N09154,WP,1996,DALE,90.0,930.0,Moderate (64-95kt)
1996312N14125,WP,1996,ERNIE,40.0,992.0,Weak (<64kt)
1996318N33146,WP,1996,DALE,50.0,956.0,Weak (<64kt)
1996325S08104,SI,1997,CHANTELLE:DANIELLA,100.0,915.0,Intense (>=96kt)
1996332N09092,NI,1996,UNNAMED,65.0,984.0,Moderate (64-95kt)
1996339S03094,SI,1997,ELVINA,45.0,985.0,Weak (<64kt)
1996346S09129,SI,1997,NICHOLAS,45.0,985.0,Weak (<64kt)
1996348S09108,SI,1997,OPHELIA,55.0,980.0,Weak (<64kt)
1996353N05151,WP,1996,FERN,60.0,975.0,Weak (<64kt)
1996357S10136,SI,1997,PHIL,60.0,975.0,Weak (<64kt)
1996361S12060,SI,1997,FABRIOLA,55.0,985.0,Weak (<64kt)
1996365S15137,SI,1997,RACHEL,70.0,965.0,Moderate (64-95kt)
1997008S16093,SI,1997,UNNAMED,50.0,991.0,Weak (<64kt)
1997013S08101,SI,1997,HELINDA:PANCHO,115.0,915.0,Intense (>=96kt)
1997018S10074,SI,1997,ILETTA,55.0,975.0,Weak (<64kt)
1997018S11059,SI,1997,GRETELLE,75.0,950.0,Moderate (64-95kt)
1997032S17055,SI,1997,JOSIE,75.0,950.0,Moderate (64-95kt)
1997042S13096,SI,1997,KARLETTE,60.0,970.0,Weak (<64kt)
1997056S15041,SI,1997,LISETTE,50.0,980.0,Weak (<64kt)
1997099N06153,WP,1997,ISA,85.0,940.0,Moderate (64-95kt)
1997108N05168,WP,1997,JIMMY,35.0,994.0,Weak (<64kt)
1997124N03171,WP,1997,KELLY,35.0,998.0,Weak (<64kt)
1997125S08079,SI,1997,RHONDA,95.0,935.0,Moderate (64-95kt)
1997133N03092,NI,1997,UNNAMED,90.0,964.0,Moderate (64-95kt)
1997143N17111,WP,1997,LEVI,40.0,992.0,Weak (<64kt)
1997146N09161,WP,1997,MARIE,65.0,965.0,Moderate (64-95kt)
1997152N06171,WP,1997,NESTOR,100.0,930.0,Intense (>=96kt)
1997165N12139,WP,1997,OPAL,75.0,960.0,Moderate (64-95kt)
1997167N06162,WP,1997,PETER,65.0,968.0,Moderate (64-95kt)
1997177N21090,NI,1997,UNNAMED,30.0,985.0,Weak (<64kt)
1997196N08142,WP,1997,ROSIE,100.0,920.0,Intense (>=96kt)
1997199S04079,SI,1998,UNNAMED,30.0,995.0,Weak (<64kt)
1997201N24152,WP,1997,SCOTT,40.0,992.0,Weak (<64kt)
1997202N04152,WP,1997,TINA,75.0,955.0,Moderate (64-95kt)
1997210N15120,WP,1997,VICTOR,60.0,980.0,Weak (<64kt)
1997210N21089,NI,1997,UNNAMED,30.0,1002.0,Weak (<64kt)
1997216N20091,NI,1997,UNNAMED,30.0,986.0,Weak (<64kt)
1997217N06168,WP,1997,WINNIE,100.0,915.0,Intense (>=96kt)
1997221N03179,WP,1997,YULE,55.0,980.0,Weak (<64kt)
1997232N14136,WP,1997,AMBER,80.0,950.0,Moderate (64-95kt)
1997232N17115,WP,1997,ZITA,55.0,980.0,Weak (<64kt)
1997232N20088,NI,1997,UNNAMED,30.0,990.0,Weak (<64kt)
1997236N10172,WP,1997,BING,85.0,940.0,Moderate (64-95kt)
1997238N19112,WP,1997,CASS,45.0,992.0,Weak (<64kt)
1997240N12193,WP,1997,OLIWA,100.0,915.0,Intense (>=96kt)
1997240N20087,NI,1997,UNNAMED,25.0,994.0,Weak (<64kt)
1997252N10171,WP,1997,DAVID,85.0,945.0,Moderate (64-95kt)
1997261N13114,WP,1997,FRITZ,55.0,980.0,Weak (<64kt)
1997263N14084,NI,1997,UNNAMED,55.0,984.0,Weak (<64kt)
1997265N10175,WP,1997,GINGER,95.0,925.0,Moderate (64-95kt)
1997283N07177,WP,1997,IVAN,105.0,905.0,Intense (>=96kt)
1997284N04179,WP,1997,JOAN,105.0,905.0,Intense (>=96kt)
1997298N06140,NI,1997,LINDA,35.0,1004.0,Weak (<64kt)
1997298N06140,WP,1997,LINDA,50.0,985.0,Weak (<64kt)
1997299N07169,WP,1997,KEITH,110.0,910.0,Intense (>=96kt)
1997307N08082,NI,1997,UNNAMED,30.0,1005.0,Weak (<64kt)
1997311N10151,WP,1997,MORT,45.0,992.0,Weak (<64kt)
1997333N06194,WP,1997,PAKA,100.0,920.0,Intense (>=96kt)
1997359S12129,SI,1998,SID,40.0,990.0,Weak (<64kt)
1997360S12111,SI,1998,SELWYN,75.0,960.0,Moderate (64-95kt)
1998016S12043,SI,1998,UNNAMED,32.0,995.0,Weak (<64kt)
1998022S15125,SI,1998,TIFFANY,100.0,940.0,Intense (>=96kt)
1998022S15143,SI,1998,LES,40.0,996.0,Weak (<64kt)
1998032S18036,SI,1998,BELTANE,35.0,992.0,Weak (<64kt)
1998036S13066,SI,1998,ANACELLE,75.0,950.0,Moderate (64-95kt)
1998036S13135,SI,1998,CINDY:VICTOR,85.0,970.0,Moderate (64-95kt)
1998046S19070,SI,1998,UNNAMED,30.0,997.0,Weak (<64kt)
1998064S09093,SI,1998,ELSIE,55.0,975.0,Weak (<64kt)
1998064S13061,SI,1998,DONALINE,40.0,988.0,Weak (<64kt)
1998073S11065,SI,1998,FIONA,30.0,995.0,Weak (<64kt)
1998096S13071,SI,1998,GEMMA,45.0,985.0,Weak (<64kt)
1998133N04086,NI,1998,UNNAMED,60.0,972.0,Weak (<64kt)
1998152N11075,NI,1998,UNNAMED,90.0,958.0,Moderate (64-95kt)
1998165N18088,NI,1998,UNNAMED,30.0,992.0,Weak (<64kt)
1998188N18117,WP,1998,NICHOLE,35.0,998.0,Weak (<64kt)
1998213N14128,WP,1998,OTTO,65.0,970.0,Moderate (64-95kt)
1998217N10130,WP,1998,PENNY,50.0,985.0,Weak (<64kt)
1998235N17131,WP,1998,REX,75.0,955.0,Moderate (64-95kt)
1998253N17150,WP,1998,STELLA,60.0,965.0,Weak (<64kt)
1998258N19126,WP,1998,TODD,75.0,955.0,Moderate (64-95kt)
1998259N17118,WP,1998,VICKI,75.0,960.0,Moderate (64-95kt)
1998262N20137,WP,1998,WALDO,45.0,994.0,Weak (<64kt)
1998267N13134,WP,1998,YANNI,65.0,965.0,Moderate (64-95kt)
1998279S10092,SI,1999,ZELIA,40.0,990.0,Weak (<64kt)
1998280N14069,NI,1998,UNNAMED,30.0,998.0,Weak (<64kt)
1998281N11151,WP,1998,ZEB,110.0,900.0,Intense (>=96kt)
1998285N12149,WP,1998,BABS,85.0,940.0,Moderate (64-95kt)
1998285N14068,NI,1998,UNNAMED,35.0,994.0,Weak (<64kt)
1998287N16083,NI,1998,UNNAMED,30.0,998.0,Weak (<64kt)
1998299N11090,NI,1998,UNNAMED,30.0,1002.0,Weak (<64kt)
1998310S10096,SI,1999,ALISON,85.0,955.0,Moderate (64-95kt)
1998315N09116,WP,1998,CHIP,40.0,994.0,Weak (<64kt)
1998317N11087,NI,1998,UNNAMED,77.0,982.0,Moderate (64-95kt)
1998320N10102,NI,1998,UNNAMED,65.0,984.0,Moderate (64-95kt)
1998321N11117,WP,1998,DAWN,35.0,998.0,Weak (<64kt)
1998327N09126,WP,1998,ELVIS,40.0,992.0,Weak (<64kt)
1998335S12138,SI,1999,THELMA,120.0,920.0,Intense (>=96kt)
1998336S13120,SI,1999,BILLY,70.0,965.0,Moderate (64-95kt)
1998342N06141,WP,1998,FAITH,65.0,970.0,Moderate (64-95kt)
1998343N08114,WP,1998,GIL,40.0,992.0,Weak (<64kt)
1998346N10072,NI,1998,UNNAMED,55.0,993.0,Weak (<64kt)
1998357S11101,SI,1999,CATHY,50.0,991.0,Weak (<64kt)
1999015S20036,SI,1999,ALDA,52.0,975.0,Weak (<64kt)
1999021S13113,SI,1999,BIRENDA:DAMIEN,85.0,950.0,Moderate (64-95kt)
1999029S14096,SI,1999,CHIKITA,37.0,990.0,Weak (<64kt)
1999031N08092,NI,1999,UNNAMED,50.0,998.0,Weak (<64kt)
1999043S18038,SI,1999,UNNAMED,33.0,994.0,Weak (<64kt)
1999060S10089,SI,1999,DAVINA,90.0,930.0,Moderate (64-95kt)
1999071S15087,SI,1999,UNNAMED,30.0,995.0,Weak (<64kt)
1999074S13118,SI,1999,ELAINE,90.0,945.0,Moderate (64-95kt)
1999074S13132,SI,1999,VANCE,120.0,910.0,Intense (>=96kt)
1999084S12119,SI,1999,EVRINA:FREDERIC,110.0,920.0,Intense (>=96kt)
1999092S11131,SI,1999,GWENDA,120.0,900.0,Intense (>=96kt)
1999107S12090,SI,1999,HAMISH,55.0,980.0,Weak (<64kt)
1999111N08126,WP,1999,KATE,55.0,980.0,Weak (<64kt)
1999116N14114,WP,1999,LEO,65.0,970.0,Moderate (64-95kt)
1999135N12073,NI,1999,UNNAMED,105.0,946.0,Intense (>=96kt)
1999151N09132,WP,1999,MAGGIE,75.0,955.0,Moderate (64-95kt)
1999168N19086,NI,1999,UNNAMED,30.0,986.0,Weak (<64kt)
1999195N24156,WP,1999,UNNAMED,35.0,996.0,Weak (<64kt)
1999203N17129,WP,1999,NEIL,50.0,980.0,Weak (<64kt)
1999204N17117,WP,1999,UNNAMED,40.0,985.0,Weak (<64kt)
1999208N06139,WP,1999,OLGA,65.0,970.0,Moderate (64-95kt)
1999208N21089,NI,1999,UNNAMED,25.0,990.0,Weak (<64kt)
1999213N12144,WP,1999,PAUL,45.0,980.0,Weak (<64kt)
1999217N11265,WP,1999,DORA,60.0,994.0,Weak (<64kt)
1999218N21116,WP,1999,RACHEL,35.0,992.0,Weak (<64kt)
1999219N21089,NI,1999,UNNAMED,20.0,992.0,Weak (<64kt)
1999230N12129,WP,1999,SAM,55.0,980.0,Weak (<64kt)
1999231N30181,WP,1999,TANYA,50.0,1000.0,Weak (<64kt)
1999235N27140,WP,1999,VIRGIL,50.0,994.0,Weak (<64kt)
1999241N12133,WP,1999,WENDY,35.0,996.0,Weak (<64kt)
1999253N17124,WP,1999,YORK,55.0,980.0,Weak (<64kt)
1999254N18142,WP,1999,ZIA,45.0,985.0,Weak (<64kt)
1999258N25128,WP,1999,ANN,50.0,985.0,Weak (<64kt)
1999260N20130,WP,1999,BART,90.0,930.0,Moderate (64-95kt)
1999266N18113,WP,1999,CAM,45.0,992.0,Weak (<64kt)
1999275N16135,WP,1999,DAN,80.0,955.0,Moderate (64-95kt)
1999288N12129,WP,1999,EVE,45.0,990.0,Weak (<64kt)
1999288N15093,NI,1999,UNNAMED,90.0,968.0,Moderate (64-95kt)
1999298N12099,NI,1999,UNNAMED,140.0,912.0,Intense (>=96kt)
1999315N13127,WP,1999,GLORIA,50.0,980.0,Weak (<64kt)
1999342N10089,NI,1999,UNNAMED,25.0,998.0,Weak (<64kt)
1999343S09095,SI,2000,ILSA,55.0,980.0,Weak (<64kt)
1999343S11123,SI,2000,JOHN,110.0,915.0,Intense (>=96kt)
1999357S08076,SI,2000,ASTRIDE,50.0,985.0,Weak (<64kt)
2000003S13082,SI,2000,BABIOLA,85.0,950.0,Moderate (64-95kt)
2000024S12100,SI,2000,KIRRILY,75.0,975.0,Moderate (64-95kt)
2000025S15056,SI,2000,CONNIE,100.0,930.0,Intense (>=96kt)
2000031S11074,SI,2000,DAMIENNE,35.0,994.0,Weak (<64kt)
2000032S11116,SI,2000,ELINE:LEONE,100.0,930.0,Intense (>=96kt)
2000045S14100,SI,2000,MARCIA,35.0,995.0,Weak (<64kt)
2000050S13078,SI,2000,FELICIA,60.0,975.0,Weak (<64kt)
2000056S17152,SI,2000,STEVE,60.0,975.0,Weak (<64kt)
2000058S14063,SI,2000,GLORIA,50.0,985.0,Weak (<64kt)
2000060S12086,SI,2000,UNNAMED,30.0,998.0,Weak (<64kt)
2000060S17123,SI,2000,NORMAN,110.0,930.0,Intense (>=96kt)
2000075S17119,SI,2000,OLGA,50.0,985.0,Weak (<64kt)
2000083S17102,SI,2000,HUDAH,120.0,905.0,Intense (>=96kt)
2000088N08090,NI,2000,UNNAMED,45.0,998.0,Weak (<64kt)
2000099S28037,SI,2000,UNNAMED,50.0,992.0,Weak (<64kt)
2000102S13128,SI,2000,PAUL,120.0,915.0,Intense (>=96kt)
2000103S10095,SI,2000,INNOCENTE,37.0,993.0,Weak (<64kt)
2000105S09127,SI,2000,ROSITA,120.0,930.0,Intense (>=96kt)
2000125N06136,WP,2000,DAMREY,90.0,930.0,Moderate (64-95kt)
2000138N16119,WP,2000,LONGWANG,45.0,990.0,Weak (<64kt)
2000184N13133,WP,2000,KIROGI,85.0,940.0,Moderate (64-95kt)
2000185N15117,WP,2000,KAI-TAK,75.0,960.0,Moderate (64-95kt)
2000199N20145,WP,2000,TEMBIN,40.0,992.0,Weak (<64kt)
2000202N12131,WP,2000,BOLAVEN,50.0,980.0,Weak (<64kt)
2000209N06182,WP,2000,CHANCHU,35.0,996.0,Weak (<64kt)
2000214N22155,WP,2000,JELAWAT,85.0,940.0,Moderate (64-95kt)
2000222N14143,WP,2000,EWINIAR,65.0,975.0,Moderate (64-95kt)
2000230N08139,WP,2000,BILIS,110.0,920.0,Intense (>=96kt)
2000232N12116,WP,2000,KAEMI,40.0,985.0,Weak (<64kt)
2000236N17084,NI,2000,UNNAMED,25.0,994.0,Weak (<64kt)
2000237N08138,WP,2000,PRAPIROON,70.0,965.0,Moderate (64-95kt)
2000240N22115,WP,2000,MARIA,40.0,985.0,Weak (<64kt)
2000245N14157,WP,2000,SAOMAI,95.0,925.0,Moderate (64-95kt)
2000248N17117,WP,2000,WUKONG,75.0,955.0,Moderate (64-95kt)
2000248N18126,WP,2000,BOPHA,45.0,988.0,Weak (<64kt)
2000258N22138,WP,2000,SONAMU,55.0,980.0,Weak (<64kt)
2000260N15178,WP,2000,SHANSHAN,95.0,925.0,Moderate (64-95kt)
2000289N15089,NI,2000,UNNAMED,35.0,996.0,Weak (<64kt)
2000295N20146,WP,2000,YAGI,70.0,965.0,Moderate (64-95kt)
2000299N08139,WP,2000,XANGSANE,75.0,960.0,Moderate (64-95kt)
2000299N13093,NI,2000,UNNAMED,35.0,998.0,Weak (<64kt)
2000305N06136,WP,2000,BEBINCA,60.0,980.0,Weak (<64kt)
2000331N09092,NI,2000,UNNAMED,102.0,958.0,Intense (>=96kt)
2000332N08133,WP,2000,RUMBIA,40.0,990.0,Weak (<64kt)
2000333S11140,SI,2001,SAM,110.0,935.0,Intense (>=96kt)
2000358N08086,NI,2000,UNNAMED,90.0,970.0,Moderate (64-95kt)
2000364N07130,WP,2000,SOULIK,80.0,955.0,Moderate (64-95kt)
2000366S09068,SI,2001,ANDO,105.0,925.0,Intense (>=96kt)
2001003S09091,SI,2001,BINDU,80.0,955.0,Moderate (64-95kt)
2001005S12136,SI,2001,UNNAMED,40.0,996.0,Weak (<64kt)
2001018S12086,SI,2001,CHARLY,100.0,930.0,Intense (>=96kt)
2001028S15128,SI,2001,TERRI,60.0,975.0,Weak (<64kt)
2001031S13072,SI,2001,UNNAMED,45.0,985.0,Weak (<64kt)
2001039S11139,SI,2001,WINSOME,25.0,987.0,Weak (<64kt)
2001039S13117,SI,2001,VINCENT,45.0,980.0,Weak (<64kt)
2001045S14142,SI,2001,WYLVA,25.0,988.0,Weak (<64kt)
2001054S15155,SI,2001,ABIGAIL,30.0,988.0,Weak (<64kt)
2001064S10052,SI,2001,DERA,80.0,955.0,Moderate (64-95kt)
2001091S11111,SI,2001,WALTER,80.0,940.0,Moderate (64-95kt)
2001091S13094,SI,2001,UNNAMED,35.0,998.0,Weak (<64kt)
2001093S10062,SI,2001,EVARISTE,60.0,973.0,Weak (<64kt)
2001106S08137,SI,2001,ALISTAIR,60.0,975.0,Weak (<64kt)
2001125N05129,WP,2001,CIMARON,50.0,985.0,Weak (<64kt)
2001141N14068,NI,2001,UNNAMED,115.0,932.0,Intense (>=96kt)
2001163N20087,NI,2001,UNNAMED,25.0,990.0,Weak (<64kt)
2001170N11138,WP,2001,CHEBI,65.0,965.0,Moderate (64-95kt)
2001171S35037,SI,2001,UNNAMED,50.0,995.0,Weak (<64kt)
2001180N15118,WP,2001,DURIAN,60.0,970.0,Weak (<64kt)
2001181N08141,WP,2001,UTOR,60.0,960.0,Weak (<64kt)
2001189N13130,WP,2001,TRAMI,40.0,994.0,Weak (<64kt)
2001202N23152,WP,2001,KONG-REY,70.0,955.0,Moderate (64-95kt)
2001204N19127,WP,2001,YUTU,55.0,975.0,Weak (<64kt)
2001206N14134,WP,2001,TORAJI,75.0,960.0,Moderate (64-95kt)
2001212N10158,WP,2001,MAN-YI,80.0,955.0,Moderate (64-95kt)
2001220N17118,WP,2001,USAGI,35.0,992.0,Weak (<64kt)
2001225N18146,WP,2001,PABUK,70.0,960.0,Moderate (64-95kt)
2001238N16139,WP,2001,WUTIP,90.0,930.0,Moderate (64-95kt)
2001238N18162,WP,2001,SEPAT,45.0,990.0,Weak (<64kt)
2001239N19116,WP,2001,FITOW,35.0,990.0,Weak (<64kt)
2001246N19156,WP,2001,DANAS,85.0,945.0,Moderate (64-95kt)
2001248N23125,WP,2001,NARI,75.0,960.0,Moderate (64-95kt)
2001259N20138,WP,2001,VIPA,65.0,975.0,Moderate (64-95kt)
2001260N14167,WP,2001,FRANCISCO,85.0,945.0,Moderate (64-95kt)
2001264N21126,WP,2001,LEKIMA,70.0,965.0,Moderate (64-95kt)
2001267N17070,NI,2001,UNNAMED,35.0,1000.0,Weak (<64kt)
2001276N13146,WP,2001,KROSA,80.0,950.0,Moderate (64-95kt)
2001281N18071,NI,2001,UNNAMED,35.0,998.0,Weak (<64kt)
2001284N16132,WP,2001,HAIYAN,70.0,960.0,Moderate (64-95kt)
2001288N13084,NI,2001,UNNAMED,35.0,998.0,Weak (<64kt)
2001291N05158,WP,2001,PODUL,100.0,925.0,Intense (>=96kt)
2001298S07098,SI,2002,ALEX:ANDRE,50.0,984.0,Weak (<64kt)
2001309N10130,WP,2001,LINGLING,85.0,940.0,Moderate (64-95kt)
2001313N12084,NI,2001,UNNAMED,25.0,1004.0,Weak (<64kt)
2001320S11146,SI,2002,UNNAMED,40.0,998.0,Weak (<64kt)
2001329S06095,SI,2002,BAKO:BESSI,65.0,968.0,Moderate (64-95kt)
2001338N10130,WP,2001,KAJIKI,35.0,996.0,Weak (<64kt)
2001347N04162,WP,2001,FAXAI,105.0,915.0,Intense (>=96kt)
2001361N01106,WP,2001,VAMEI,45.0,1006.0,Weak (<64kt)
2001364S19036,SI,2002,CYPRIEN,55.0,980.0,Weak (<64kt)
2002008N07141,WP,2002,TAPAH,40.0,996.0,Weak (<64kt)
2002017S07078,SI,2002,DINA,115.0,910.0,Intense (>=96kt)
2002023S10089,SI,2002,EDDY,70.0,965.0,Moderate (64-95kt)
2002030S13093,SI,2002,FRANCESCA,105.0,925.0,Intense (>=96kt)
2002033S13121,SI,2002,CHRIS,110.0,915.0,Intense (>=96kt)
2002040S14130,SI,2002,UNNAMED,20.0,994.0,Weak (<64kt)
2002045S18049,SI,2002,GUILLAUME,110.0,920.0,Intense (>=96kt)
2002057N06156,WP,2002,MITAG,95.0,930.0,Moderate (64-95kt)
2002063S11066,SI,2002,HARY,120.0,905.0,Intense (>=96kt)
2002081S08084,SI,2002,IKALA,90.0,945.0,Moderate (64-95kt)
2002096S10103,SI,2002,DIANNE:JERY,80.0,955.0,Moderate (64-95kt)
2002098S07133,SI,2002,BONNIE,50.0,985.0,Weak (<64kt)
2002122S07063,SI,2002,KESINY,70.0,965.0,Moderate (64-95kt)
2002126N09068,NI,2002,UNNAMED,35.0,994.0,Weak (<64kt)
2002128S05097,SI,2002,ERROL,35.0,995.0,Weak (<64kt)
2002129N08096,NI,2002,UNNAMED,30.0,1004.0,Weak (<64kt)
2002133N03150,WP,2002,HAGIBIS,95.0,935.0,Moderate (64-95kt)
2002155N20112,WP,2002,NOGURI,60.0,975.0,Weak (<64kt)
2002178N04155,WP,2002,CHATAAN,95.0,930.0,Moderate (64-95kt)
2002178N10139,WP,2002,RAMMASUN,85.0,945.0,Moderate (64-95kt)
2002187N11160,WP,2002,HALONG,85.0,945.0,Moderate (64-95kt)
2002189N21116,WP,2002,NAKRI,50.0,983.0,Weak (<64kt)
2002195N11172,WP,2002,FENGSHEN,100.0,920.0,Intense (>=96kt)
2002198N09182,WP,2002,KALMAEGI,35.0,1002.0,Weak (<64kt)
2002200N21150,WP,2002,FUNG-WONG,70.0,960.0,Moderate (64-95kt)
2002214N19120,WP,2002,KAMMURI,55.0,980.0,Weak (<64kt)
2002222N09163,WP,2002,PHANFONE,85.0,940.0,Moderate (64-95kt)
2002227N14115,WP,2002,VONGFONG,40.0,985.0,Weak (<64kt)
2002234N14164,WP,2002,RUSA,80.0,950.0,Moderate (64-95kt)
2002237N10202,WP,2002,ELE,90.0,940.0,Moderate (64-95kt)
2002240N16155,WP,2002,SINLAKU,80.0,950.0,Moderate (64-95kt)
2002247S03067,SI,2003,ABAIMBA,35.0,1003.0,Weak (<64kt)
2002252N20121,WP,2002,HAGUPIT,45.0,990.0,Weak (<64kt)
2002263N22139,WP,2002,CHANGMI,45.0,968.0,Weak (<64kt)
2002264N13114,WP,2002,MEKKHALA,45.0,990.0,Weak (<64kt)
2002268N15163,WP,2002,HIGOS,95.0,930.0,Moderate (64-95kt)
2002282N10156,WP,2002,BAVI,55.0,970.0,Weak (<64kt)
2002295N14082,NI,2002,UNNAMED,25.0,1002.0,Weak (<64kt)
2002297N09206,WP,2002,HUKO,75.0,985.0,Moderate (64-95kt)
2002298N17169,WP,2002,MAYSAK,55.0,980.0,Weak (<64kt)
2002314N12083,NI,2002,UNNAMED,55.0,990.0,Weak (<64kt)
2002319S06078,SI,2003,BOURA,70.0,965.0,Moderate (64-95kt)
2002323N09155,WP,2002,HAISHEN,85.0,955.0,Moderate (64-95kt)
2002327N10089,NI,2002,UNNAMED,35.0,1000.0,Weak (<64kt)
2002335N05166,WP,2002,PONGSONA,90.0,940.0,Moderate (64-95kt)
2002355N04077,NI,2002,UNNAMED,35.0,1000.0,Weak (<64kt)
2002356S07070,SI,2003,CRYSTAL,80.0,955.0,Moderate (64-95kt)
2002364S16045,SI,2003,DELFINA,50.0,985.0,Weak (<64kt)
2003004S10136,SI,2003,UNNAMED,45.0,993.0,Weak (<64kt)
2003007S10072,SI,2003,EBULA,63.0,972.0,Weak (<64kt)
2003011N02180,WP,2003,YANYAN,35.0,1000.0,Weak (<64kt)
2003021S11081,SI,2003,FARI,50.0,985.0,Weak (<64kt)
2003034S12117,SI,2003,FIONA,95.0,955.0,Moderate (64-95kt)
2003035S10099,SI,2003,ISHA,35.0,995.0,Weak (<64kt)
2003037S12061,SI,2003,GERRY,90.0,940.0,Moderate (64-95kt)
2003039S15066,SI,2003,HAPE,80.0,960.0,Moderate (64-95kt)
2003056S17119,SI,2003,GRAHAM,40.0,985.0,Weak (<64kt)
2003056S21042,SI,2003,JAPHET,95.0,935.0,Moderate (64-95kt)
2003060S13103,SI,2003,HARRIET,45.0,985.0,Weak (<64kt)
2003062S10080,SI,2003,KALUNDE,115.0,910.0,Intense (>=96kt)
2003067S13130,SI,2003,CRAIG,55.0,976.0,Weak (<64kt)
2003088S07131,SI,2003,INIGO,125.0,914.0,Intense (>=96kt)
2003098N03159,WP,2003,KUJIRA,90.0,930.0,Moderate (64-95kt)
2003098S23041,SI,2003,LUMA,70.0,980.0,Moderate (64-95kt)
2003122S11065,SI,2003,MANOU,83.0,950.0,Moderate (64-95kt)
2003129N05091,NI,2003,UNNAMED,75.0,980.0,Moderate (64-95kt)
2003138N04148,WP,2003,CHAN-HOM,85.0,940.0,Moderate (64-95kt)
2003144N16119,WP,2003,LINFA,55.0,980.0,Weak (<64kt)
2003150N17119,WP,2003,NANGKA,50.0,985.0,Weak (<64kt)
2003158N08156,WP,2003,SOUDELOR,80.0,955.0,Moderate (64-95kt)
2003196N05150,WP,2003,IMBUDO,90.0,935.0,Moderate (64-95kt)
2003196N11137,WP,2003,KONI,60.0,975.0,Weak (<64kt)
2003206N21089,NI,2003,UNNAMED,30.0,988.0,Weak (<64kt)
2003212N09150,WP,2003,ETAU,85.0,945.0,Moderate (64-95kt)
2003212N12130,WP,2003,MORAKOT,45.0,992.0,Weak (<64kt)
2003226N07156,WP,2003,KROVANH,65.0,970.0,Moderate (64-95kt)
2003230N18125,WP,2003,VAMCO,35.0,996.0,Weak (<64kt)
2003240N20139,WP,2003,DUJUAN,80.0,950.0,Moderate (64-95kt)
2003240N21089,NI,2003,UNNAMED,25.0,996.0,Weak (<64kt)
2003247N10153,WP,2003,MAEMI,105.0,910.0,Intense (>=96kt)
2003259N13133,WP,2003,CHOI-WAN,70.0,955.0,Moderate (64-95kt)
2003267N15140,WP,2003,KOPPU,70.0,960.0,Moderate (64-95kt)
2003272S05066,SI,2004,ABAIMBA,43.0,995.0,Weak (<64kt)
2003279N17084,NI,2003,UNNAMED,25.0,998.0,Weak (<64kt)
2003290N15132,WP,2003,KETSANA,90.0,940.0,Moderate (64-95kt)
2003291N17147,WP,2003,PARMA,95.0,930.0,Moderate (64-95kt)
2003295N09101,NI,2003,UNNAMED,30.0,1004.0,Weak (<64kt)
2003302N11133,WP,2003,MELOR,50.0,980.0,Weak (<64kt)
2003313S05079,SI,2004,BENI,95.0,935.0,Moderate (64-95kt)
2003315N09067,NI,2003,UNNAMED,55.0,990.0,Weak (<64kt)
2003316N11141,WP,2003,NEPARTAK,65.0,970.0,Moderate (64-95kt)
2003319N13172,WP,2003,LUPIT,100.0,915.0,Intense (>=96kt)
2003338S09065,SI,2004,CELA,65.0,975.0,Moderate (64-95kt)
2003340S07093,SI,2004,JANA,85.0,950.0,Moderate (64-95kt)
2003345N05092,NI,2003,UNNAMED,55.0,990.0,Weak (<64kt)
2003350S10140,SI,2004,DEBBIE,65.0,970.0,Moderate (64-95kt)
2003358S06067,SI,2004,DARIUS,55.0,980.0,Weak (<64kt)
2004025S16044,SI,2004,ELITA,65.0,970.0,Moderate (64-95kt)
2004026S12063,SI,2004,FRANK,100.0,930.0,Intense (>=96kt)
2004028S06090,SI,2004,LINDA,50.0,985.0,Weak (<64kt)
2004041S14147,SI,2004,FRITZ,25.0,992.0,Weak (<64kt)
2004056S18125,SI,2004,MONTY,100.0,935.0,Intense (>=96kt)
2004058S13142,SI,2004,EVAN,20.0,998.0,Weak (<64kt)
2004061S12072,SI,2004,GAFILO,125.0,895.0,Intense (>=96kt)
2004068S13089,SI,2004,HELMA:NICKY,60.0,975.0,Weak (<64kt)
2004072S11146,SI,2004,FAY,115.0,910.0,Intense (>=96kt)
2004081S12103,SI,2004,ITSANG:ITSENG:OSCAR,90.0,940.0,Moderate (64-95kt)
2004093N07154,WP,2004,SUDAL,90.0,940.0,Moderate (64-95kt)
2004125N11074,NI,2004,UNNAMED,55.0,984.0,Weak (<64kt)
2004125S08084,SI,2004,JUBA,55.0,980.0,Weak (<64kt)
2004134N07132,WP,2004,NIDA,95.0,935.0,Moderate (64-95kt)
2004136N05148,WP,2004,OMAIS,50.0,985.0,Weak (<64kt)
2004136N15090,NI,2004,UNNAMED,90.0,952.0,Moderate (64-95kt)
2004156N16117,WP,2004,CONSON,80.0,960.0,Moderate (64-95kt)
2004158N07142,WP,2004,CHANTHU,60.0,975.0,Weak (<64kt)
2004162N18068,NI,2004,UNNAMED,30.0,992.0,Weak (<64kt)
2004163N15090,NI,2004,UNNAMED,30.0,990.0,Weak (<64kt)
2004164N06139,WP,2004,DIANMU,100.0,915.0,Intense (>=96kt)
2004174N14146,WP,2004,MINDULLE,95.0,940.0,Moderate (64-95kt)
2004177N12154,WP,2004,TINGTING,80.0,955.0,Moderate (64-95kt)
2004193N19136,WP,2004,KOMPASU,45.0,992.0,Weak (<64kt)
2004206N20151,WP,2004,NAMTHEUN,85.0,935.0,Moderate (64-95kt)
2004215N22148,WP,2004,MALOU,40.0,996.0,Weak (<64kt)
2004216N16166,WP,2004,MERANTI,75.0,960.0,Moderate (64-95kt)
2004219N15137,WP,2004,RANANIM,80.0,950.0,Moderate (64-95kt)
2004222N24150,WP,2004,MALAKAS,45.0,990.0,Weak (<64kt)
2004227N15144,WP,2004,MEGI,65.0,970.0,Moderate (64-95kt)
2004230N09172,WP,2004,CHABA,110.0,910.0,Intense (>=96kt)
2004231N09147,WP,2004,AERE,80.0,955.0,Moderate (64-95kt)
2004239N11171,WP,2004,SONGDA,95.0,925.0,Moderate (64-95kt)
2004243S03088,SI,2005,PHOEBE,45.0,990.0,Weak (<64kt)
2004248N14156,WP,2004,SARIKA,55.0,980.0,Weak (<64kt)
2004255N23120,WP,2004,HAIMA,40.0,992.0,Weak (<64kt)
2004256N23089,NI,2004,UNNAMED,25.0,996.0,Weak (<64kt)
2004263N13153,WP,2004,MEARI,90.0,940.0,Moderate (64-95kt)
2004274N16069,NI,2004,UNNAMED,55.0,990.0,Weak (<64kt)
2004275N14139,WP,2004,MA-ON,100.0,920.0,Intense (>=96kt)
2004276N12087,NI,2004,UNNAMED,25.0,1002.0,Weak (<64kt)
2004281N23087,NI,2004,UNNAMED,25.0,1004.0,Weak (<64kt)
2004284N07157,WP,2004,TOKAGE,85.0,940.0,Moderate (64-95kt)
2004288N09164,WP,2004,NOCK-TEN,85.0,945.0,Moderate (64-95kt)
2004307N09068,NI,2004,UNNAMED,30.0,1004.0,Weak (<64kt)
2004312S05085,SI,2005,AROLA,60.0,978.0,Weak (<64kt)
2004319N10134,WP,2004,MUIFA,80.0,950.0,Moderate (64-95kt)
2004325S06078,SI,2005,BENTOJANA,115.0,915.0,Intense (>=96kt)
2004327N16125,WP,2004,MERBOK,35.0,1000.0,Weak (<64kt)
2004332N02072,NI,2004,UNNAMED,55.0,994.0,Weak (<64kt)
2004333N06154,WP,2004,NANMADOL,90.0,935.0,Moderate (64-95kt)
2004344N06178,WP,2004,TALAS,40.0,994.0,Weak (<64kt)
2004352N10154,WP,2004,NORU,40.0,990.0,Weak (<64kt)
2004357S06095,SI,2005,CHAMBO,85.0,950.0,Moderate (64-95kt)
2004365S13120,SI,2005,RAYMOND,45.0,985.0,Weak (<64kt)
2005006S09099,SI,2005,SALLY,50.0,985.0,Weak (<64kt)
2005012N04090,NI,2005,UNNAMED,35.0,1000.0,Weak (<64kt)
2005013N05153,WP,2005,KULAP,50.0,985.0,Weak (<64kt)
2005015S06089,SI,2005,DAREN,50.0,985.0,Weak (<64kt)
2005017S09061,SI,2005,ERNEST,90.0,950.0,Moderate (64-95kt)
2005022S14112,SI,2005,TIM,45.0,990.0,Weak (<64kt)
2005026S20040,SI,2005,FELAPI,35.0,995.0,Weak (<64kt)
2005029S11072,SI,2005,GERARD,63.0,973.0,Weak (<64kt)
2005035S15118,SI,2005,VIVIENNE,35.0,990.0,Weak (<64kt)
2005063S12141,SI,2005,INGRID,125.0,924.0,Intense (>=96kt)
2005067S12120,SI,2005,WILLY,75.0,960.0,Moderate (64-95kt)
2005071N06152,WP,2005,ROKE,55.0,980.0,Weak (<64kt)
2005079S10067,SI,2005,HENNIE,55.0,978.0,Weak (<64kt)
2005089S10085,SI,2005,ISANG,63.0,970.0,Weak (<64kt)
2005092S11102,SI,2005,ADELINE:JULIET,120.0,905.0,Intense (>=96kt)
2005107N07151,WP,2005,SONCA,90.0,935.0,Moderate (64-95kt)
2005148N06156,WP,2005,NESAT,95.0,930.0,Moderate (64-95kt)
2005172N22069,NI,2005,UNNAMED,25.0,992.0,Weak (<64kt)
2005179N22088,NI,2005,UNNAMED,25.0,990.0,Weak (<64kt)
2005192N22155,WP,2005,HAITANG,105.0,920.0,Intense (>=96kt)
2005199N21168,WP,2005,NALGAE,45.0,990.0,Weak (<64kt)
2005202N13138,WP,2005,BANYAN,55.0,975.0,Weak (<64kt)
2005210N19115,WP,2005,WASHI,45.0,985.0,Weak (<64kt)
2005210N21088,NI,2005,UNNAMED,30.0,988.0,Weak (<64kt)
2005211N09141,WP,2005,MATSA,80.0,950.0,Moderate (64-95kt)
2005222N14131,WP,2005,SANVU,50.0,985.0,Weak (<64kt)
2005229N21156,WP,2005,GUCHOL,55.0,980.0,Weak (<64kt)
2005230N20144,WP,2005,MAWAR,95.0,930.0,Moderate (64-95kt)
2005237N14148,WP,2005,TALIM,95.0,925.0,Moderate (64-95kt)
2005241N15155,WP,2005,NABI,95.0,925.0,Moderate (64-95kt)
2005248N08142,WP,2005,KHANUN,85.0,945.0,Moderate (64-95kt)
2005255N20088,NI,2005,UNNAMED,25.0,992.0,Weak (<64kt)
2005257N15120,WP,2005,VICENTE,45.0,985.0,Weak (<64kt)
2005257N20069,NI,2005,UNNAMED,25.0,996.0,Weak (<64kt)
2005260N20091,NI,2005,UNNAMED,35.0,988.0,Weak (<64kt)
2005262N13127,WP,2005,DAMREY,80.0,955.0,Moderate (64-95kt)
2005262N20155,WP,2005,SAOLA,80.0,950.0,Moderate (64-95kt)
2005268N19146,WP,2005,LONGWANG,95.0,930.0,Moderate (64-95kt)
2005282N22138,WP,2005,KIROGI,100.0,930.0,Intense (>=96kt)
2005298N12088,NI,2005,UNNAMED,30.0,998.0,Weak (<64kt)
2005301N13117,WP,2005,KAI-TAK,80.0,950.0,Moderate (64-95kt)
2005311N08140,WP,2005,TEMBIN,35.0,1002.0,Weak (<64kt)
2005316N05134,WP,2005,BOLAVEN,55.0,985.0,Weak (<64kt)
2005322S04095,SI,2006,ALVIN:BERTIE,100.0,928.0,Intense (>=96kt)
2005324N08085,NI,2005,UNNAMED,25.0,1002.0,Weak (<64kt)
2005330N09096,NI,2005,BAAZ,45.0,998.0,Weak (<64kt)
2005338N09093,NI,2005,FANOOS,45.0,998.0,Weak (<64kt)
2005349N06090,NI,2005,UNNAMED,30.0,1000.0,Weak (<64kt)
2006006S11129,SI,2006,CLARE,75.0,960.0,Moderate (64-95kt)
2006012N03081,NI,2006,UNNAMED,30.0,1004.0,Weak (<64kt)
2006017S15126,SI,2006,DARYL,55.0,976.0,Weak (<64kt)
2006021S11053,SI,2006,BOLOETSE,85.0,950.0,Moderate (64-95kt)
2006049S16051,SI,2006,UNNAMED,50.0,992.0,Weak (<64kt)
2006054S09082,SI,2006,CARINA,110.0,915.0,Intense (>=96kt)
2006055S10138,SI,2006,UNNAMED,35.0,1001.0,Weak (<64kt)
2006057S12114,SI,2006,EMMA,40.0,988.0,Weak (<64kt)
2006060S13058,SI,2006,DIWA,60.0,980.0,Weak (<64kt)
2006078S12119,SI,2006,FLOYD,105.0,916.0,Intense (>=96kt)
2006081S14129,SI,2006,GLENDA,110.0,910.0,Intense (>=96kt)
2006093S15115,SI,2006,HUBERT,50.0,980.0,Weak (<64kt)
2006094S08087,SI,2006,ELIA,40.0,990.0,Weak (<64kt)
2006106S10153,SI,2006,MONICA,135.0,917.0,Intense (>=96kt)
2006114N08090,NI,2006,MALA,100.0,954.0,Intense (>=96kt)
2006128N09138,WP,2006,CHANCHU,95.0,930.0,Moderate (64-95kt)
2006174N08135,WP,2006,JELAWAT,40.0,996.0,Weak (<64kt)
2006180N06140,WP,2006,EWINIAR,100.0,930.0,Intense (>=96kt)
2006182N20088,NI,2006,UNNAMED,30.0,982.0,Weak (<64kt)
2006188N10143,WP,2006,BILIS,60.0,970.0,Weak (<64kt)
2006198N08152,WP,2006,KAEMI,80.0,960.0,Moderate (64-95kt)
2006209N13130,WP,2006,PRAPIROON,65.0,970.0,Moderate (64-95kt)
2006214N20088,NI,2006,UNNAMED,30.0,986.0,Weak (<64kt)
2006216N07151,WP,2006,SAOMAI,105.0,925.0,Intense (>=96kt)
2006216N21152,WP,2006,MARIA,70.0,975.0,Moderate (64-95kt)
2006217N20134,WP,2006,BOPHA,55.0,980.0,Weak (<64kt)
2006224N21088,NI,2006,UNNAMED,25.0,992.0,Weak (<64kt)
2006224N21141,WP,2006,WUKONG,50.0,980.0,Weak (<64kt)
2006225N17126,WP,2006,SONAMU,35.0,992.0,Weak (<64kt)
2006228N10218,WP,2006,IOKE,105.0,920.0,Intense (>=96kt)
2006228N21088,NI,2006,UNNAMED,25.0,988.0,Weak (<64kt)
2006241N20088,NI,2006,UNNAMED,25.0,990.0,Weak (<64kt)
2006247N21089,NI,2006,UNNAMED,25.0,992.0,Weak (<64kt)
2006252N13139,WP,2006,SHANSHAN,110.0,919.0,Intense (>=96kt)
2006259N19155,WP,2006,YAGI,105.0,910.0,Intense (>=96kt)
2006262N19069,NI,2006,MUKDA,55.0,988.0,Weak (<64kt)
2006264N23087,NI,2006,UNNAMED,25.0,996.0,Weak (<64kt)
2006268N12129,WP,2006,XANGSANE,85.0,940.0,Moderate (64-95kt)
2006271N18089,NI,2006,UNNAMED,25.0,1002.0,Weak (<64kt)
2006272N13144,WP,2006,BEBINCA,50.0,980.0,Weak (<64kt)
2006276N18151,WP,2006,RUMBIA,45.0,985.0,Weak (<64kt)
2006282N13160,WP,2006,SOULIK,75.0,955.0,Moderate (64-95kt)
2006298N12143,WP,2006,CIMARON,100.0,920.0,Intense (>=96kt)
2006300N07078,NI,2006,UNNAMED,35.0,998.0,Weak (<64kt)
2006311N16143,WP,2006,CHEBI,100.0,925.0,Intense (>=96kt)
2006329N06150,WP,2006,DURIAN,105.0,915.0,Intense (>=96kt)
2006330S06049,SI,2007,ANITA,35.0,996.0,Weak (<64kt)
2006340N08142,WP,2006,UTOR,85.0,945.0,Moderate (64-95kt)
2006349N08157,WP,2006,TRAMI,35.0,1000.0,Weak (<64kt)
2006350S07071,SI,2007,BONDO,110.0,930.0,Intense (>=96kt)
2006364S12058,SI,2007,CLOVIS,62.0,978.0,Weak (<64kt)
2006365S12114,SI,2007,ISOBEL,30.0,992.0,Weak (<64kt)
2007027S07069,SI,2007,DORA,105.0,925.0,Intense (>=96kt)
2007037S19050,SI,2007,ENOK,62.0,978.0,Weak (<64kt)
2007043S11071,SI,2007,FAVIO,105.0,925.0,Intense (>=96kt)
2007050S16079,SI,2007,GAMEDE,90.0,935.0,Moderate (64-95kt)
2007052S10093,SI,2007,HUMBA,75.0,960.0,Moderate (64-95kt)
2007058S12135,SI,2007,GEORGE,110.0,902.0,Intense (>=96kt)
2007062S14119,SI,2007,JACOB,70.0,971.0,Moderate (64-95kt)
2007066S12066,SI,2007,INDLALA,95.0,935.0,Moderate (64-95kt)
2007082S16125,SI,2007,KARA,105.0,941.0,Intense (>=96kt)
2007085S11085,SI,2007,JAYA,100.0,935.0,Intense (>=96kt)
2007090N06158,WP,2007,KONG-REY,80.0,960.0,Moderate (64-95kt)
2007100S22037,SI,2007,UNNAMED,50.0,992.0,Weak (<64kt)
2007133N15091,NI,2007,AKASH,45.0,988.0,Weak (<64kt)
2007135N08147,WP,2007,YUTU,95.0,935.0,Moderate (64-95kt)
2007151N14072,NI,2007,GONU,127.0,920.0,Intense (>=96kt)
2007172N15088,NI,2007,UNNAMED,35.0,986.0,Weak (<64kt)
2007184N16112,WP,2007,TORAJI,35.0,994.0,Weak (<64kt)
2007188N04148,WP,2007,MAN-YI,95.0,930.0,Moderate (64-95kt)
2007208N20155,WP,2007,USAGI,90.0,945.0,Moderate (64-95kt)
2007208S03086,SI,2008,UNNAMED,40.0,992.0,Weak (<64kt)
2007216N18138,WP,2007,PABUK,65.0,975.0,Moderate (64-95kt)
2007219N15130,WP,2007,WUTIP,35.0,990.0,Weak (<64kt)
2007223N19136,WP,2007,SEPAT,110.0,910.0,Intense (>=96kt)
2007240N17153,WP,2007,FITOW,70.0,965.0,Moderate (64-95kt)
2007249N24161,WP,2007,DANAS,55.0,990.0,Weak (<64kt)
2007254N18140,WP,2007,NARI,100.0,935.0,Intense (>=96kt)
2007257N16134,WP,2007,WIPHA,100.0,925.0,Intense (>=96kt)
2007265N20122,WP,2007,FRANCISCO,40.0,990.0,Weak (<64kt)
2007272N17125,WP,2007,LEKIMA,60.0,975.0,Weak (<64kt)
2007274N18131,WP,2007,KROSA,105.0,925.0,Intense (>=96kt)
2007274N28173,WP,2007,HAIYAN,40.0,994.0,Weak (<64kt)
2007276N20147,WP,2007,PODUL,55.0,985.0,Weak (<64kt)
2007282N19181,WP,2007,LINGLING,45.0,994.0,Weak (<64kt)
2007291N19148,WP,2007,KAJIKI,90.0,945.0,Moderate (64-95kt)
2007298N18136,WP,2007,FAXAI,55.0,975.0,Weak (<64kt)
2007306N18133,WP,2007,PEIPAH,70.0,970.0,Moderate (64-95kt)
2007313N16148,WP,2007,TAPAH,35.0,996.0,Weak (<64kt)
2007314N10093,NI,2007,SIDR,115.0,944.0,Intense (>=96kt)
2007315S05095,SI,2008,ARIEL:LEE,50.0,984.0,Weak (<64kt)
2007322S06075,SI,2008,BONGWE,57.0,976.0,Weak (<64kt)
2007323N09128,WP,2007,HAGIBIS,70.0,970.0,Moderate (64-95kt)
2007324N10140,WP,2007,MITAG,80.0,955.0,Moderate (64-95kt)
2007346S12073,SI,2008,CELINA,40.0,992.0,Weak (<64kt)
2007352S12088,SI,2008,DAMA,35.0,995.0,Weak (<64kt)
2007360S10116,SI,2008,MELANIE,60.0,962.0,Weak (<64kt)
2007363S20043,SI,2008,ELNUS,35.0,995.0,Weak (<64kt)
2007365S15134,SI,2008,HELEN,50.0,975.0,Weak (<64kt)
2008023S10050,SI,2008,FAME,70.0,972.0,Moderate (64-95kt)
2008026S11064,SI,2008,GULA,85.0,950.0,Moderate (64-95kt)
2008033S11083,SI,2008,HONDO,115.0,915.0,Intense (>=96kt)
2008034S12103,SI,2008,UNNAMED,40.0,991.0,Weak (<64kt)
2008037S10055,SI,2008,IVAN,100.0,930.0,Intense (>=96kt)
2008042S16122,SI,2008,NICHOLAS,80.0,948.0,Moderate (64-95kt)
2008058S15131,SI,2008,OPHELIA,55.0,985.0,Weak (<64kt)
2008062S10064,SI,2008,JOKWE,105.0,940.0,Intense (>=96kt)
2008065S12096,SI,2008,KAMBA,100.0,930.0,Intense (>=96kt)
2008079S12069,SI,2008,LOLA,35.0,994.0,Weak (<64kt)
2008083S12102,SI,2008,PANCHO,95.0,934.0,Moderate (64-95kt)
2008104N08128,WP,2008,NEOGURI,80.0,960.0,Moderate (64-95kt)
2008111S06082,SI,2008,DURGA,50.0,984.0,Weak (<64kt)
2008111S08096,SI,2008,ROSIE,50.0,988.0,Weak (<64kt)
2008117N11090,NI,2008,NARGIS,90.0,962.0,Moderate (64-95kt)
2008128N07134,WP,2008,RAMMASUN,105.0,915.0,Intense (>=96kt)
2008135N12116,WP,2008,HALONG,60.0,975.0,Weak (<64kt)
2008135N16125,WP,2008,MATMO,50.0,992.0,Weak (<64kt)
2008147N10141,WP,2008,NAKRI,100.0,930.0,Intense (>=96kt)
2008157N16066,NI,2008,UNNAMED,25.0,994.0,Weak (<64kt)
2008168N22090,NI,2008,UNNAMED,25.0,988.0,Weak (<64kt)
2008169N08135,WP,2008,FENGSHEN,90.0,945.0,Moderate (64-95kt)
2008193N20126,WP,2008,KALMAEGI,65.0,970.0,Moderate (64-95kt)
2008206N22133,WP,2008,FUNG-WONG,75.0,960.0,Moderate (64-95kt)
2008217N19120,WP,2008,KAMMURI,50.0,975.0,Weak (<64kt)
2008223N20086,NI,2008,UNNAMED,25.0,988.0,Weak (<64kt)
2008223N27151,WP,2008,PHANFONE,50.0,996.0,Weak (<64kt)
2008226N22134,WP,2008,VONGFONG,50.0,990.0,Weak (<64kt)
2008229N13147,WP,2008,NURI,75.0,955.0,Moderate (64-95kt)
2008252N16128,WP,2008,SINLAKU,100.0,935.0,Intense (>=96kt)
2008259N20089,NI,2008,UNNAMED,30.0,986.0,Weak (<64kt)
2008262N16142,WP,2008,HAGUPIT,90.0,935.0,Moderate (64-95kt)
2008268N12140,WP,2008,JANGMI,115.0,905.0,Intense (>=96kt)
2008272N08139,WP,2008,HIGOS,35.0,996.0,Weak (<64kt)
2008272N15113,WP,2008,MEKKHALA,45.0,990.0,Weak (<64kt)
2008290S05071,SI,2009,ASMA,45.0,988.0,Weak (<64kt)
2008292N20152,WP,2008,BAVI,45.0,948.0,Weak (<64kt)
2008293N09060,NI,2008,UNNAMED,30.0,1000.0,Weak (<64kt)
2008298N16085,NI,2008,RASHMI,45.0,984.0,Weak (<64kt)
2008311N08128,WP,2008,MAYSAK,50.0,985.0,Weak (<64kt)
2008317N11089,NI,2008,KHAI-MUK,40.0,994.0,Weak (<64kt)
2008319S07086,SI,2009,BERNARD,35.0,995.0,Weak (<64kt)
2008320N08122,WP,2008,NOUL,40.0,994.0,Weak (<64kt)
2008320N23146,WP,2008,HAISHEN,40.0,1000.0,Weak (<64kt)
2008323S08089,SI,2009,ANIKA,50.0,990.0,Weak (<64kt)
2008329N09082,NI,2008,NISHA,45.0,996.0,Weak (<64kt)
2008338N06092,NI,2008,UNNAMED,30.0,1004.0,Weak (<64kt)
2008343N16168,WP,2008,DOLPHIN,65.0,970.0,Moderate (64-95kt)
2008348S10077,SI,2009,CINDA,50.0,985.0,Weak (<64kt)
2008351S11128,SI,2009,BILLY,95.0,950.0,Moderate (64-95kt)
2008356S14138,SI,2009,UNNAMED,30.0,998.0,Weak (<64kt)
2009008S13069,SI,2009,DONGO,60.0,978.0,Weak (<64kt)
2009017S15059,SI,2009,ERIC,50.0,991.0,Weak (<64kt)
2009017S20043,SI,2009,FANELE,100.0,930.0,Intense (>=96kt)
2009024S17123,SI,2009,DOMINIC,55.0,976.0,Weak (<64kt)
2009032S15071,SI,2009,GAEL,100.0,930.0,Intense (>=96kt)
2009034S16126,SI,2009,FREDDY,45.0,992.0,Weak (<64kt)
2009051S11075,SI,2009,HINA,57.0,976.0,Weak (<64kt)
2009059S10101,SI,2009,GABRIELLE,35.0,996.0,Weak (<64kt)
2009074S10129,SI,2009,ILSA,90.0,958.0,Moderate (64-95kt)
2009082S16039,SI,2009,IZILDA,60.0,978.0,Weak (<64kt)
2009093S12062,SI,2009,JADE,70.0,948.0,Moderate (64-95kt)
2009104N13088,NI,2009,BIJLI,40.0,996.0,Weak (<64kt)
2009107S07133,SI,2009,KIRRILY,35.0,999.0,Weak (<64kt)
2009121N13124,WP,2009,KUJIRA,85.0,940.0,Moderate (64-95kt)
2009123N10111,WP,2009,CHAN-HOM,65.0,975.0,Moderate (64-95kt)
2009143N17089,NI,2009,AILA,60.0,968.0,Weak (<64kt)
2009164N10131,WP,2009,LINFA,60.0,975.0,Weak (<64kt)
2009173N10132,WP,2009,NANGKA,40.0,994.0,Weak (<64kt)
2009174N18072,NI,2009,UNNAMED,25.0,998.0,Weak (<64kt)
2009176N23069,NI,2009,UNNAMED,25.0,996.0,Weak (<64kt)
2009189N17129,WP,2009,SOUDELOR,35.0,992.0,Weak (<64kt)
2009196N14129,WP,2009,MOLAVE,65.0,975.0,Moderate (64-95kt)
2009201N21089,NI,2009,UNNAMED,30.0,988.0,Weak (<64kt)
2009213N16130,WP,2009,GONI,40.0,990.0,Weak (<64kt)
2009215N20133,WP,2009,MORAKOT,75.0,945.0,Moderate (64-95kt)
2009219N19140,WP,2009,ETAU,40.0,992.0,Weak (<64kt)
2009228N11163,WP,2009,VAMCO,90.0,945.0,Moderate (64-95kt)
2009238N20151,WP,2009,KROVANH,60.0,975.0,Weak (<64kt)
2009246N18130,WP,2009,DUJUAN,50.0,980.0,Weak (<64kt)
2009247N19089,NI,2009,UNNAMED,30.0,988.0,Weak (<64kt)
2009251N16118,WP,2009,MUJIGAE,40.0,994.0,Weak (<64kt)
2009254N14130,WP,2009,KOPPU,65.0,975.0,Moderate (64-95kt)
2009255N13155,WP,2009,CHOI-WAN,105.0,915.0,Intense (>=96kt)
2009268N14128,WP,2009,KETSANA,70.0,960.0,Moderate (64-95kt)
2009270N10148,WP,2009,PARMA,100.0,930.0,Intense (>=96kt)
2009272N07164,WP,2009,MELOR,110.0,910.0,Intense (>=96kt)
2009281N15144,WP,2009,NEPARTAK,45.0,992.0,Weak (<64kt)
2009287N10154,WP,2009,LUPIT,95.0,930.0,Moderate (64-95kt)
2009299N12153,WP,2009,MIRINAE,80.0,955.0,Moderate (64-95kt)
2009313N11072,NI,2009,PHYAN,45.0,988.0,Weak (<64kt)
2009317S10073,SI,2010,ANJA,90.0,950.0,Moderate (64-95kt)
2009325N06148,WP,2009,NIDA,115.0,905.0,Intense (>=96kt)
2009325S12066,SI,2010,BONGANI,40.0,996.0,Weak (<64kt)
2009337S07096,SI,2010,CLEO,105.0,930.0,Intense (>=96kt)
2009342S09140,SI,2010,LAURENCE,110.0,925.0,Intense (>=96kt)
2009344N06085,NI,2009,WARD,45.0,996.0,Weak (<64kt)
2009346S07086,SI,2010,DAVID,45.0,987.0,Weak (<64kt)
2010002S09096,SI,2010,EDZANI,120.0,910.0,Intense (>=96kt)
2010019S11123,SI,2010,MAGDA,70.0,975.0,Moderate (64-95kt)
2010032S20042,SI,2010,FAMI,45.0,990.0,Weak (<64kt)
2010046S10058,SI,2010,GELANE,110.0,930.0,Intense (>=96kt)
2010066S19050,SI,2010,HUBERT,55.0,985.0,Weak (<64kt)
2010078N03153,WP,2010,OMAIS,35.0,998.0,Weak (<64kt)
2010080S06089,SI,2010,IMANI,70.0,965.0,Moderate (64-95kt)
2010084S09138,SI,2010,PAUL,30.0,995.0,Weak (<64kt)
2010091S09093,SI,2010,ROBYN,60.0,980.0,Weak (<64kt)
2010110S10118,SI,2010,SEAN,55.0,988.0,Weak (<64kt)
2010136N09057,NI,2010,BANDU,40.0,994.0,Weak (<64kt)
2010137N10090,NI,2010,LAILA,55.0,986.0,Weak (<64kt)
2010143S20035,SI,2010,JOEL,60.0,990.0,Weak (<64kt)
2010151N14065,NI,2010,PHET,85.0,964.0,Moderate (64-95kt)
2010191N12138,WP,2010,CONSON,70.0,970.0,Moderate (64-95kt)
2010198N15123,WP,2010,CHANTHU,70.0,970.0,Moderate (64-95kt)
2010218N20127,WP,2010,DIANMU,50.0,985.0,Weak (<64kt)
2010233N17119,WP,2010,MINDULLE,45.0,985.0,Weak (<64kt)
2010239N15118,WP,2010,LIONROCK,50.0,985.0,Weak (<64kt)
2010240N15142,WP,2010,KOMPASU,80.0,960.0,Moderate (64-95kt)
2010241N25125,WP,2010,NAMTHEUN,35.0,996.0,Weak (<64kt)
2010243N12146,WP,2010,MALOU,50.0,992.0,Weak (<64kt)
2010249N24125,WP,2010,MERANTI,55.0,985.0,Weak (<64kt)
2010256N17137,WP,2010,FANAPI,95.0,930.0,Moderate (64-95kt)
2010263N15149,WP,2010,MALAKAS,85.0,945.0,Moderate (64-95kt)
2010280N17085,NI,2010,UNNAMED,25.0,996.0,Weak (<64kt)
2010285N13145,WP,2010,MEGI,125.0,885.0,Intense (>=96kt)
2010286N18090,NI,2010,UNNAMED,30.0,995.0,Weak (<64kt)
2010293N16147,WP,2010,CHABA,95.0,930.0,Moderate (64-95kt)
2010293N17093,NI,2010,GIRI,105.0,950.0,Intense (>=96kt)
2010302S08098,SI,2011,ANGGREK,40.0,995.0,Weak (<64kt)
2010305N06105,NI,2010,JAL,60.0,988.0,Weak (<64kt)
2010331S07089,SI,2011,ABELE,70.0,974.0,Moderate (64-95kt)
2010341N14082,NI,2010,UNNAMED,25.0,1000.0,Weak (<64kt)
2010349S18109,SI,2011,UNNAMED,30.0,991.0,Weak (<64kt)
2010363S15133,SI,2011,UNNAMED,30.0,993.0,Weak (<64kt)
2011009S15113,SI,2011,VINCE,40.0,986.0,Weak (<64kt)
2011021S16129,SI,2011,BIANCA,95.0,949.0,Moderate (64-95kt)
2011033N06083,NI,2011,UNNAMED,25.0,1002.0,Weak (<64kt)
2011038S11062,SI,2011,BINGIZA,85.0,957.0,Moderate (64-95kt)
2011045S14132,SI,2011,CARLOS,65.0,969.0,Moderate (64-95kt)
2011045S17119,SI,2011,DIANNE,75.0,960.0,Moderate (64-95kt)
2011073S11089,SI,2011,CHERONO,40.0,993.0,Weak (<64kt)
2011088S10133,SI,2011,UNNAMED,40.0,994.0,Weak (<64kt)
2011102S26048,SI,2011,UNNAMED,50.0,985.0,Weak (<64kt)
2011103S12126,SI,2011,ERROL,65.0,985.0,Moderate (64-95kt)
2011126N11129,WP,2011,AERE,40.0,978.0,Weak (<64kt)
2011140N08142,WP,2011,SONGDA,105.0,920.0,Intense (>=96kt)
2011159N13122,WP,2011,SARIKA,40.0,996.0,Weak (<64kt)
2011160N18070,NI,2011,UNNAMED,25.0,996.0,Weak (<64kt)
2011167N08129,WP,2011,HAIMA,40.0,985.0,Weak (<64kt)
2011167N22089,NI,2011,UNNAMED,35.0,978.0,Weak (<64kt)
2011172N11133,WP,2011,MEARI,60.0,975.0,Weak (<64kt)
2011192N18158,WP,2011,MA-ON,95.0,935.0,Moderate (64-95kt)
2011195N15134,WP,2011,TOKAGE,35.0,1000.0,Weak (<64kt)
2011203N24085,NI,2011,UNNAMED,20.0,990.0,Weak (<64kt)
2011205N12130,WP,2011,NOCK-TEN,50.0,985.0,Weak (<64kt)
2011208N09145,WP,2011,MUIFA,95.0,930.0,Moderate (64-95kt)
2011215N24164,WP,2011,MERBOK,50.0,980.0,Weak (<64kt)
2011233N12129,WP,2011,NANMADOL,100.0,925.0,Intense (>=96kt)
2011236N15143,WP,2011,TALAS,50.0,970.0,Weak (<64kt)
2011245N21150,WP,2011,NORU,40.0,982.0,Weak (<64kt)
2011249N18133,WP,2011,KULAP,35.0,1000.0,Weak (<64kt)
2011253N20145,WP,2011,ROKE,85.0,940.0,Moderate (64-95kt)
2011257N19154,WP,2011,SONCA,70.0,970.0,Moderate (64-95kt)
2011265N21088,NI,2011,UNNAMED,4.0,995.0,Weak (<64kt)
2011266N13139,WP,2011,NESAT,80.0,950.0,Moderate (64-95kt)
2011267N16111,WP,2011,HAITANG,35.0,996.0,Weak (<64kt)
2011270N18139,WP,2011,NALGAE,95.0,935.0,Moderate (64-95kt)
2011282N08136,WP,2011,BANYAN,35.0,1002.0,Weak (<64kt)
2011290N15090,NI,2011,UNNAMED,5.0,1000.0,Weak (<64kt)
2011302N13062,NI,2011,KEILA,35.0,996.0,Weak (<64kt)
2011310N11066,NI,2011,UNNAMED,30.0,1000.0,Weak (<64kt)
2011330N06078,NI,2011,UNNAMED,30.0,998.0,Weak (<64kt)
2011336S06098,SI,2012,ALENGA,75.0,972.0,Moderate (64-95kt)
2011346N03156,WP,2011,WASHI,50.0,992.0,Weak (<64kt)
2011358S11132,SI,2012,GRANT,60.0,976.0,Weak (<64kt)
2011360N09088,NI,2011,THANE,75.0,969.0,Moderate (64-95kt)
2011361S09095,SI,2012,BENILDE,80.0,968.0,Moderate (64-95kt)
2012006S15043,SI,2012,CHANDA,40.0,992.0,Weak (<64kt)
2012009S12118,SI,2012,HEIDI,80.0,960.0,Moderate (64-95kt)
2012010S24049,SI,2012,DANDO,45.0,992.0,Weak (<64kt)
2012017S10074,SI,2012,ETHEL,57.0,972.0,Weak (<64kt)
2012018S16041,SI,2012,FUNSO,110.0,925.0,Intense (>=96kt)
2012024S15116,SI,2012,IGGY,60.0,974.0,Weak (<64kt)
2012039S14075,SI,2012,GIOVANNA,105.0,935.0,Intense (>=96kt)
2012042S12110,SI,2012,HILWA,48.0,992.0,Weak (<64kt)
2012056S13057,SI,2012,IRINA,52.0,978.0,Weak (<64kt)
2012066S10101,SI,2012,JONI:KOJI,55.0,980.0,Weak (<64kt)
2012070S17112,SI,2012,LUA,85.0,935.0,Moderate (64-95kt)
2012071S10132,SI,2012,UNNAMED,30.0,996.0,Weak (<64kt)
2012086N10116,WP,2012,PAKHAR,40.0,998.0,Weak (<64kt)
2012141N11148,WP,2012,SANVU,60.0,975.0,Weak (<64kt)
2012152N12130,WP,2012,MAWAR,75.0,960.0,Moderate (64-95kt)
2012156S07066,SI,2012,KUENA,45.0,994.0,Weak (<64kt)
2012162N06150,WP,2012,GUCHOL,100.0,930.0,Intense (>=96kt)
2012168N19112,WP,2012,TALIM,50.0,985.0,Weak (<64kt)
2012177N11135,WP,2012,DOKSURI,40.0,992.0,Weak (<64kt)
2012196N19144,WP,2012,KHANUN,50.0,985.0,Weak (<64kt)
2012201N15129,WP,2012,VICENTE,80.0,950.0,Moderate (64-95kt)
2012209N11131,WP,2012,SAOLA,70.0,960.0,Moderate (64-95kt)
2012209N25149,WP,2012,DAMREY,70.0,965.0,Moderate (64-95kt)
2012215N23146,WP,2012,HAIKUI,65.0,965.0,Moderate (64-95kt)
2012216N24162,WP,2012,KIROGI,50.0,990.0,Weak (<64kt)
2012225N16133,WP,2012,KAI-TAK,65.0,970.0,Moderate (64-95kt)
2012230N21126,WP,2012,TEMBIN,80.0,950.0,Moderate (64-95kt)
2012232N13141,WP,2012,BOLAVEN,100.0,910.0,Intense (>=96kt)
2012254N09135,WP,2012,SANBA,110.0,900.0,Intense (>=96kt)
2012263N15141,WP,2012,JELAWAT,110.0,905.0,Intense (>=96kt)
2012267N16141,WP,2012,EWINIAR,50.0,985.0,Weak (<64kt)
2012273N13112,WP,2012,GAEMI,50.0,990.0,Weak (<64kt)
2012274N13151,WP,2012,MALIKSI,50.0,960.0,Weak (<64kt)
2012279N15145,WP,2012,PRAPIROON,90.0,940.0,Moderate (64-95kt)
2012285N21091,NI,2012,UNNAMED,30.0,1002.0,Weak (<64kt)
2012285S04077,SI,2013,ANAIS,100.0,945.0,Intense (>=96kt)
2012287N16147,WP,2012,MARIA,50.0,990.0,Weak (<64kt)
2012296N06135,WP,2012,SON-TINH,85.0,945.0,Moderate (64-95kt)
2012297N11067,NI,2012,MURJAN,40.0,998.0,Weak (<64kt)
2012301N11087,NI,2012,NILAM,45.0,987.0,Weak (<64kt)
2012321N14090,NI,2012,UNNAMED,30.0,1002.0,Weak (<64kt)
2012325S09084,SI,2013,BOLDWIN,57.0,985.0,Weak (<64kt)
2012331N03157,WP,2012,BOPHA,100.0,930.0,Intense (>=96kt)
2012337S06089,SI,2013,CLAUDIA,95.0,940.0,Moderate (64-95kt)
2012357N09064,NI,2012,UNNAMED,30.0,1002.0,Weak (<64kt)
2012359N08134,WP,2012,WUKONG,40.0,1000.0,Weak (<64kt)
2012362S08071,SI,2013,DUMILE,70.0,970.0,Moderate (64-95kt)
2012362S13116,SI,2013,MITCHELL,45.0,988.0,Weak (<64kt)
2013001N04141,WP,2013,SONAMU,50.0,990.0,Weak (<64kt)
2013005S10126,SI,2013,NARELLE,105.0,930.0,Intense (>=96kt)
2013009S11084,SI,2013,EMANG,35.0,994.0,Weak (<64kt)
2013020S17124,SI,2013,PETA,45.0,988.0,Weak (<64kt)
2013026S13067,SI,2013,FELLENG,90.0,935.0,Moderate (64-95kt)
2013041S10087,SI,2013,GINO,75.0,953.0,Moderate (64-95kt)
2013046S20042,SI,2013,HARUNA,80.0,960.0,Moderate (64-95kt)
2013049N05131,WP,2013,SHANSHAN,35.0,1002.0,Weak (<64kt)
2013051S12102,SI,2013,UNNAMED,45.0,990.0,Weak (<64kt)
2013052S13126,SI,2013,RUSTY,90.0,944.0,Moderate (64-95kt)
2013093S08074,SI,2013,IMELDA,80.0,960.0,Moderate (64-95kt)
2013097S06099,SI,2013,VICTORIA,75.0,971.0,Moderate (64-95kt)
2013128S05086,SI,2013,JAMALA,40.0,992.0,Weak (<64kt)
2013130N04093,NI,2013,MAHASEN:VIYARU,45.0,990.0,Weak (<64kt)
2013149N21090,NI,2013,UNNAMED,25.0,990.0,Weak (<64kt)
2013158N13129,WP,2013,YAGI,45.0,990.0,Weak (<64kt)
2013167N12128,WP,2013,LEEPI,40.0,994.0,Weak (<64kt)
2013171N15117,WP,2013,BEBINCA,40.0,990.0,Weak (<64kt)
2013178N09133,WP,2013,RUMBIA,50.0,985.0,Weak (<64kt)
2013187N20156,WP,2013,SOULIK,100.0,925.0,Intense (>=96kt)
2013196N14128,WP,2013,CIMARON,40.0,1000.0,Weak (<64kt)
2013210N13122,WP,2013,JEBI,50.0,985.0,Weak (<64kt)
2013211N21088,NI,2013,UNNAMED,25.0,990.0,Weak (<64kt)
2013217N11118,WP,2013,MANGKHUT,40.0,992.0,Weak (<64kt)
2013220N12137,WP,2013,UTOR,105.0,925.0,Intense (>=96kt)
2013227N08193,WP,2013,PEWA,55.0,990.0,Weak (<64kt)
2013228N23124,WP,2013,TRAMI,60.0,965.0,Weak (<64kt)
2013232N22088,NI,2013,UNNAMED,25.0,990.0,Weak (<64kt)
2013237N11129,WP,2013,KONG-REY,55.0,980.0,Weak (<64kt)
2013241N29169,WP,2013,YUTU,35.0,1002.0,Weak (<64kt)
2013243N26122,WP,2013,TORAJI,50.0,985.0,Weak (<64kt)
2013255N20148,WP,2013,MAN-YI,65.0,960.0,Moderate (64-95kt)
2013259N17132,WP,2013,USAGI,110.0,910.0,Intense (>=96kt)
2013262N14149,WP,2013,PABUK,60.0,965.0,Weak (<64kt)
2013269N15118,WP,2013,WUTIP,65.0,965.0,Moderate (64-95kt)
2013272N10135,WP,2013,FITOW,75.0,960.0,Moderate (64-95kt)
2013272N26152,WP,2013,SEPAT,40.0,990.0,Weak (<64kt)
2013274N18152,WP,2013,DANAS,90.0,935.0,Moderate (64-95kt)
2013281N12098,NI,2013,PHAILIN,115.0,940.0,Intense (>=96kt)
2013282N14132,WP,2013,NARI,75.0,965.0,Moderate (64-95kt)
2013282N14149,WP,2013,WIPHA,90.0,930.0,Moderate (64-95kt)
2013289N14149,WP,2013,FRANCISCO,105.0,920.0,Intense (>=96kt)
2013292N09162,WP,2013,LEKIMA,115.0,905.0,Intense (>=96kt)
2013296S07079,SI,2014,UNNAMED,35.0,997.0,Weak (<64kt)
2013301N13142,WP,2013,KROSA,75.0,970.0,Moderate (64-95kt)
2013305N07141,NI,2013,UNNAMED,25.0,1003.0,Weak (<64kt)
2013306N07162,WP,2013,HAIYAN,125.0,895.0,Intense (>=96kt)
2013310N06066,NI,2013,UNNAMED,30.0,1002.0,Weak (<64kt)
2013316N06130,WP,2013,PODUL,35.0,1000.0,Weak (<64kt)
2013322N13090,NI,2013,HELEN,55.0,990.0,Weak (<64kt)
2013324N07103,NI,2013,LEHAR,75.0,980.0,Moderate (64-95kt)
2013324S11113,SI,2014,ALESSIA,40.0,994.0,Weak (<64kt)
2013339N09084,NI,2013,MADI,65.0,986.0,Moderate (64-95kt)
2013348S10082,SI,2014,AMARA,110.0,935.0,Intense (>=96kt)
2013350S08099,SI,2014,BRUCE,120.0,920.0,Intense (>=96kt)
2013360S12124,SI,2014,CHRISTINE,90.0,948.0,Moderate (64-95kt)
2013362S09053,SI,2014,BEJISA,95.0,950.0,Moderate (64-95kt)
2014003N08086,NI,2014,UNNAMED,25.0,1004.0,Weak (<64kt)
2014007S11104,SI,2014,COLIN,110.0,915.0,Intense (>=96kt)
2014015N10129,WP,2014,LINGLING,35.0,1002.0,Weak (<64kt)
2014015S16043,SI,2014,DELIWE,45.0,990.0,Weak (<64kt)
2014029N10143,WP,2014,KAJIKI,35.0,1000.0,Weak (<64kt)
2014030S14129,SI,2014,FLETCHER,15.0,996.0,Weak (<64kt)
2014032S13123,SI,2014,UNNAMED,55.0,984.0,Weak (<64kt)
2014034S14058,SI,2014,EDILSON,57.0,978.0,Weak (<64kt)
2014036S12073,SI,2014,FOBANE,60.0,975.0,Weak (<64kt)
2014048S16039,SI,2014,GUITO,60.0,980.0,Weak (<64kt)
2014058N09149,WP,2014,FAXAI,65.0,975.0,Moderate (64-95kt)
2014066S09138,SI,2014,GILLIAN,120.0,927.0,Intense (>=96kt)
2014086S10041,SI,2014,HELLEN,125.0,915.0,Intense (>=96kt)
2014093N02148,WP,2014,PEIPAH,35.0,998.0,Weak (<64kt)
2014093S11085,SI,2014,IVANOE,47.0,987.0,Weak (<64kt)
2014106S10099,SI,2014,JACK,75.0,966.0,Moderate (64-95kt)
2014117N10145,WP,2014,TAPAH,50.0,985.0,Weak (<64kt)
2014141N16091,NI,2014,UNNAMED,25.0,1000.0,Weak (<64kt)
2014159N12068,NI,2014,NANAUK,45.0,986.0,Weak (<64kt)
2014160N21120,WP,2014,MITAG,40.0,994.0,Weak (<64kt)
2014164N19116,WP,2014,HAGIBIS,40.0,988.0,Weak (<64kt)
2014184N08147,WP,2014,NEOGURI,100.0,930.0,Intense (>=96kt)
2014190N08154,WP,2014,RAMMASUN,90.0,935.0,Moderate (64-95kt)
2014197N10137,WP,2014,MATMO,70.0,965.0,Moderate (64-95kt)
2014202N22087,NI,2014,UNNAMED,25.0,988.0,Weak (<64kt)
2014204N10239,WP,2014,GENEVIEVE,110.0,915.0,Intense (>=96kt)
2014209N12152,WP,2014,HALONG,105.0,920.0,Intense (>=96kt)
2014209N16134,WP,2014,NAKRI,55.0,980.0,Weak (<64kt)
2014216N21089,NI,2014,UNNAMED,30.0,990.0,Weak (<64kt)
2014248N19129,WP,2014,FENGSHEN,60.0,975.0,Weak (<64kt)
2014254N10142,WP,2014,KALMAEGI,75.0,960.0,Moderate (64-95kt)
2014260N13135,WP,2014,FUNG-WONG,45.0,985.0,Weak (<64kt)
2014267N18150,WP,2014,KAMMURI,50.0,985.0,Weak (<64kt)
2014271N10160,WP,2014,PHANFONE,95.0,935.0,Moderate (64-95kt)
2014275N06166,WP,2014,VONGFONG,115.0,900.0,Intense (>=96kt)
2014279N11096,NI,2014,HUDHUD,100.0,950.0,Intense (>=96kt)
2014297N11062,NI,2014,NILOFAR,110.0,950.0,Intense (>=96kt)
2014303N13141,WP,2014,NURI,110.0,910.0,Intense (>=96kt)
2014309N13088,NI,2014,UNNAMED,30.0,998.0,Weak (<64kt)
2014319S06066,SI,2015,ADJALI,60.0,987.0,Weak (<64kt)
2014327S08077,SI,2015,UNNAMED,32.0,997.0,Weak (<64kt)
2014329N08131,WP,2014,SINLAKU,45.0,990.0,Weak (<64kt)
2014334N02156,WP,2014,HAGUPIT,115.0,905.0,Intense (>=96kt)
2014344S09102,SI,2015,BAKUNG,45.0,994.0,Weak (<64kt)
2014356S08101,SI,2015,KATE,90.0,950.0,Moderate (64-95kt)
2014362N07130,WP,2014,JANGMI,40.0,996.0,Weak (<64kt)
2015009S19054,SI,2015,BANSI,120.0,910.0,Intense (>=96kt)
2015012N09146,WP,2015,MEKKHALA,60.0,975.0,Weak (<64kt)
2015013S18038,SI,2015,CHEDZA,57.0,975.0,Weak (<64kt)
2015024S11090,SI,2015,DIAMONDRA,45.0,985.0,Weak (<64kt)
2015024S15078,SI,2015,EUNICE,125.0,915.0,Intense (>=96kt)
2015036S20038,SI,2015,FUNDI,55.0,978.0,Weak (<64kt)
2015038N08158,WP,2015,HIGOS,90.0,940.0,Moderate (64-95kt)
2015047S12142,SI,2015,LAM,90.0,951.0,Moderate (64-95kt)
2015050S11094,SI,2015,GLENDA,50.0,970.0,Weak (<64kt)
2015064S14052,SI,2015,HALIBA,45.0,991.0,Weak (<64kt)
2015068S12151,SI,2015,NATHAN,60.0,984.0,Weak (<64kt)
2015068S14113,SI,2015,OLWYN,75.0,955.0,Moderate (64-95kt)
2015069N04173,WP,2015,BAVI,45.0,990.0,Weak (<64kt)
2015085N06162,WP,2015,MAYSAK,105.0,910.0,Intense (>=96kt)
2015092N06161,WP,2015,HAISHEN,35.0,998.0,Weak (<64kt)
2015092S18074,SI,2015,JOALANE,75.0,962.0,Moderate (64-95kt)
2015094S10087,SI,2015,IKOLA,95.0,953.0,Moderate (64-95kt)
2015117S12115,SI,2015,QUANG,100.0,950.0,Intense (>=96kt)
2015122N07144,WP,2015,NOUL,110.0,920.0,Intense (>=96kt)
2015127N04158,WP,2015,DOLPHIN,100.0,925.0,Intense (>=96kt)
2015157N13069,NI,2015,ASHOBAA,45.0,990.0,Weak (<64kt)
2015171N15112,WP,2015,KUJIRA,45.0,985.0,Weak (<64kt)
2015171N18086,NI,2015,UNNAMED,25.0,990.0,Weak (<64kt)
2015173N20067,NI,2015,UNNAMED,30.0,988.0,Weak (<64kt)
2015180N09160,WP,2015,CHAN-HOM,90.0,935.0,Moderate (64-95kt)
2015183N13130,WP,2015,LINFA,50.0,980.0,Weak (<64kt)
2015184N08172,WP,2015,NANGKA,100.0,925.0,Intense (>=96kt)
2015188N08194,WP,2015,HALOLA,80.0,955.0,Moderate (64-95kt)
2015191N23085,NI,2015,UNNAMED,25.0,994.0,Weak (<64kt)
2015207N22091,NI,2015,KOMEN,40.0,986.0,Weak (<64kt)
2015209N26072,NI,2015,UNNAMED,30.0,994.0,Weak (<64kt)
2015211N13162,WP,2015,SOUDELOR,115.0,900.0,Intense (>=96kt)
2015216N23081,NI,2015,UNNAMED,25.0,998.0,Weak (<64kt)
2015218N18149,WP,2015,MOLAVE,45.0,985.0,Weak (<64kt)
2015226N12151,WP,2015,GONI,100.0,930.0,Intense (>=96kt)
2015226N15164,WP,2015,ATSANI,100.0,925.0,Intense (>=96kt)
2015229N08212,WP,2015,KILO,80.0,950.0,Moderate (64-95kt)
2015249N18142,WP,2015,ETAU,50.0,985.0,Weak (<64kt)
2015256N16113,WP,2015,VAMCO,35.0,998.0,Weak (<64kt)
2015257N14152,WP,2015,KROVANH,85.0,945.0,Moderate (64-95kt)
2015259N20084,NI,2015,UNNAMED,30.0,996.0,Weak (<64kt)
2015263N14148,WP,2015,DUJUAN,110.0,925.0,Intense (>=96kt)
2015273N12130,WP,2015,MUJIGAE,85.0,950.0,Moderate (64-95kt)
2015274N17167,WP,2015,CHOI-WAN,60.0,952.0,Weak (<64kt)
2015280N13071,NI,2015,UNNAMED,30.0,1000.0,Weak (<64kt)
2015285N14151,WP,2015,KOPPU,100.0,925.0,Intense (>=96kt)
2015286N12163,WP,2015,CHAMPI,95.0,930.0,Moderate (64-95kt)
2015301N11065,NI,2015,CHAPALA,115.0,940.0,Intense (>=96kt)
2015309N14067,NI,2015,MEGH,95.0,964.0,Moderate (64-95kt)
2015312N11084,NI,2015,UNNAMED,30.0,996.0,Weak (<64kt)
2015321N04164,WP,2015,IN-FA,95.0,935.0,Moderate (64-95kt)
2015323S05080,SI,2016,ANNABELLE,55.0,983.0,Weak (<64kt)
2015342S09079,SI,2016,BOHALE,35.0,995.0,Weak (<64kt)
2015344N07145,WP,2015,MELOR,95.0,935.0,Moderate (64-95kt)
2015355S16136,SI,2016,UNNAMED,30.0,994.0,Weak (<64kt)
2016020S14078,SI,2016,CORENTIN,60.0,975.0,Weak (<64kt)
2016027S13119,SI,2016,STAN,55.0,980.0,Weak (<64kt)
2016039S14061,SI,2016,DAYA,38.0,983.0,Weak (<64kt)
2016042S10094,SI,2016,URIAH,110.0,925.0,Intense (>=96kt)
2016075S11087,SI,2016,EMERAUDE,110.0,940.0,Intense (>=96kt)
2016087S13073,SI,2016,UNNAMED,45.0,993.0,Weak (<64kt)
2016102S12074,SI,2016,FANTALA,135.0,910.0,Intense (>=96kt)
2016138N10081,NI,2016,ROANU,45.0,983.0,Weak (<64kt)
2016178N22068,NI,2016,UNNAMED,25.0,996.0,Weak (<64kt)
2016185N08145,WP,2016,NEPARTAK,110.0,900.0,Intense (>=96kt)
2016195S06076,SI,2017,ABELA,50.0,987.0,Weak (<64kt)
2016205N25152,WP,2016,LUPIT,40.0,1000.0,Weak (<64kt)
2016207N17116,WP,2016,MIRINAE,55.0,980.0,Weak (<64kt)
2016211N11128,WP,2016,NIDA,60.0,975.0,Weak (<64kt)
2016216N17149,WP,2016,OMAIS,60.0,975.0,Weak (<64kt)
2016221N19163,WP,2016,CONSON,45.0,985.0,Weak (<64kt)
2016222N22089,NI,2016,UNNAMED,30.0,994.0,Weak (<64kt)
2016225N16138,WP,2016,CHANTHU,55.0,980.0,Weak (<64kt)
2016228N22117,WP,2016,DIANMU,40.0,980.0,Weak (<64kt)
2016230N15138,WP,2016,MINDULLE,65.0,975.0,Moderate (64-95kt)
2016230N21089,NI,2016,UNNAMED,25.0,994.0,Weak (<64kt)
2016230N25160,WP,2016,LIONROCK,90.0,940.0,Moderate (64-95kt)
2016232N22153,WP,2016,KOMPASU,35.0,994.0,Weak (<64kt)
2016244N21123,WP,2016,NAMTHEUN,70.0,955.0,Moderate (64-95kt)
2016250N25125,WP,2016,MALOU,40.0,1000.0,Weak (<64kt)
2016253N13144,WP,2016,MERANTI,120.0,890.0,Intense (>=96kt)
2016255N12114,WP,2016,RAI,35.0,996.0,Weak (<64kt)
2016256N12146,WP,2016,MALAKAS,95.0,930.0,Moderate (64-95kt)
2016265N10150,WP,2016,MEGI,85.0,945.0,Moderate (64-95kt)
2016269N15165,WP,2016,CHABA,115.0,905.0,Intense (>=96kt)
2016277S30044,SI,2017,BRANSBY,55.0,987.0,Weak (<64kt)
2016278N16181,WP,2016,SONGDA,100.0,925.0,Intense (>=96kt)
2016279N19130,WP,2016,AERE,60.0,975.0,Weak (<64kt)
2016287N12131,WP,2016,SARIKA,95.0,935.0,Moderate (64-95kt)
2016288N06146,WP,2016,HAIMA,115.0,900.0,Intense (>=96kt)
2016295N13089,NI,2016,KYANT,40.0,996.0,Weak (<64kt)
2016305N10147,WP,2016,MEARI,75.0,960.0,Moderate (64-95kt)
2016308N13088,NI,2016,UNNAMED,25.0,1000.0,Weak (<64kt)
2016313N11163,WP,2016,MA-ON,35.0,1002.0,Weak (<64kt)
2016328N09130,WP,2016,TOKAGE,50.0,992.0,Weak (<64kt)
2016335N07088,NI,2016,NADA,40.0,1000.0,Weak (<64kt)
2016341N08092,NI,2016,VARDAH,70.0,975.0,Moderate (64-95kt)
2016353S11130,SI,2017,UNNAMED,30.0,994.0,Weak (<64kt)
2016354S15116,SI,2017,YVETTE,45.0,987.0,Weak (<64kt)
2016355N07146,WP,2016,NOCK-TEN,105.0,915.0,Intense (>=96kt)
2017025S16128,SI,2017,UNNAMED,45.0,986.0,Weak (<64kt)
2017033S14056,SI,2017,CARLOS,70.0,965.0,Moderate (64-95kt)
2017043S19040,SI,2017,DINEO,75.0,955.0,Moderate (64-95kt)
2017060S09139,SI,2017,BLANCHE,55.0,984.0,Weak (<64kt)
2017061S11063,SI,2017,ENAWO,110.0,932.0,Intense (>=96kt)
2017065S14079,SI,2017,FERNANDO,43.0,987.0,Weak (<64kt)
2017079S13122,SI,2017,UNNAMED,50.0,985.0,Weak (<64kt)
2017081S10096,SI,2017,CALEB,45.0,994.0,Weak (<64kt)
2017094S10115,SI,2017,ERNIE,120.0,924.0,Intense (>=96kt)
2017097S08134,SI,2017,UNNAMED,30.0,998.0,Weak (<64kt)
2017104N08085,NI,2017,MAARUTHA,40.0,996.0,Weak (<64kt)
2017111S09146,SI,2017,FRANCES,70.0,978.0,Moderate (64-95kt)
2017113N09144,WP,2017,MUIFA,35.0,1002.0,Weak (<64kt)
2017119S08103,SI,2017,GREG,45.0,995.0,Weak (<64kt)
2017147N14087,NI,2017,MORA,60.0,978.0,Weak (<64kt)
2017161N13119,WP,2017,MERBOK,55.0,985.0,Weak (<64kt)
2017163N20090,NI,2017,UNNAMED,30.0,988.0,Weak (<64kt)
2017182N15132,WP,2017,NANMADOL,55.0,985.0,Weak (<64kt)
2017195N16114,WP,2017,TALAS,50.0,985.0,Weak (<64kt)
2017199N19086,NI,2017,UNNAMED,25.0,992.0,Weak (<64kt)
2017200N26162,WP,2017,NORU,95.0,935.0,Moderate (64-95kt)
2017201N23178,WP,2017,KULAP,40.0,1002.0,Weak (<64kt)
2017202N16116,WP,2017,SONCA,35.0,994.0,Weak (<64kt)
2017202N19124,WP,2017,ROKE,35.0,1002.0,Weak (<64kt)
2017206N13129,WP,2017,NESAT,80.0,960.0,Moderate (64-95kt)
2017207N24085,NI,2017,UNNAMED,25.0,993.0,Weak (<64kt)
2017209N19118,WP,2017,HAITANG,45.0,985.0,Weak (<64kt)
2017212N27158,WP,2017,NALGAE,45.0,990.0,Weak (<64kt)
2017223N16172,WP,2017,BANYAN,80.0,955.0,Moderate (64-95kt)
2017232N19130,WP,2017,HATO,75.0,965.0,Moderate (64-95kt)
2017236N15129,WP,2017,PAKHAR,55.0,985.0,Weak (<64kt)
2017239N18147,WP,2017,SANVU,80.0,955.0,Moderate (64-95kt)
2017242N19122,WP,2017,MAWAR,50.0,990.0,Weak (<64kt)
2017247N16132,WP,2017,GUCHOL,35.0,1000.0,Weak (<64kt)
2017252N14147,WP,2017,TALIM,95.0,935.0,Moderate (64-95kt)
2017253N14130,WP,2017,DOKSURI,80.0,955.0,Moderate (64-95kt)
2017282N22088,NI,2017,UNNAMED,30.0,996.0,Weak (<64kt)
2017284N15134,WP,2017,KHANUN,75.0,955.0,Moderate (64-95kt)
2017288N09138,WP,2017,LAN,100.0,915.0,Intense (>=96kt)
2017292N13151,WP,2017,SAOLA,60.0,975.0,Weak (<64kt)
2017292N17087,NI,2017,UNNAMED,25.0,998.0,Weak (<64kt)
2017304N11127,WP,2017,DAMREY,70.0,970.0,Moderate (64-95kt)
2017312N10134,WP,2017,HAIKUI,40.0,998.0,Weak (<64kt)
2017319N15083,NI,2017,UNNAMED,25.0,1001.0,Weak (<64kt)
2017321N07124,WP,2017,KIROGI,35.0,1000.0,Weak (<64kt)
2017329S10110,SI,2018,CEMPAKA,60.0,990.0,Weak (<64kt)
2017332S08098,SI,2018,DAHLIA,50.0,987.0,Weak (<64kt)
2017333N06082,NI,2017,OCKHI,85.0,976.0,Moderate (64-95kt)
2017340N09089,NI,2017,UNNAMED,30.0,1002.0,Weak (<64kt)
2017347N11131,WP,2017,KAI-TAK,40.0,994.0,Weak (<64kt)
2017354N08134,WP,2017,TEMBIN,70.0,970.0,Moderate (64-95kt)
2017360S15124,SI,2018,HILDA,55.0,980.0,Weak (<64kt)
2017364N07138,WP,2018,BOLAVEN,35.0,1002.0,Weak (<64kt)
2017364S12065,SI,2018,AVA,80.0,965.0,Moderate (64-95kt)
2018004S09096,SI,2018,IRVING,80.0,965.0,Moderate (64-95kt)
2018007S13130,SI,2018,JOYCE,50.0,975.0,Weak (<64kt)
2018010S10069,SI,2018,BERGUITTA,90.0,960.0,Moderate (64-95kt)
2018025S09080,SI,2018,CEBILE,100.0,940.0,Intense (>=96kt)
2018039N08151,WP,2018,SANBA,35.0,1000.0,Weak (<64kt)
2018044S10133,SI,2018,KELVIN,80.0,955.0,Moderate (64-95kt)
2018060S13057,SI,2018,DUMAZILE,90.0,945.0,Moderate (64-95kt)
2018072N05076,NI,2018,UNNAMED,25.0,1006.0,Weak (<64kt)
2018073S09129,SI,2018,MARCUS,135.0,905.0,Intense (>=96kt)
2018073S12057,SI,2018,ELIAKIM,60.0,980.0,Weak (<64kt)
2018082N04147,WP,2018,JELAWAT,105.0,915.0,Intense (>=96kt)
2018111S07055,SI,2018,FAKIR,70.0,975.0,Moderate (64-95kt)
2018117S07098,SI,2018,FLAMBOYAN,60.0,978.0,Weak (<64kt)
2018136N11054,NI,2018,MEKUNU:SAGAR,95.0,960.0,Moderate (64-95kt)
2018148N17090,NI,2018,UNNAMED,30.0,992.0,Weak (<64kt)
2018153N12113,WP,2018,EWINIAR,40.0,998.0,Weak (<64kt)
2018155N10132,WP,2018,MALIKSI,60.0,970.0,Weak (<64kt)
2018161N22092,NI,2018,UNNAMED,25.0,988.0,Weak (<64kt)
2018165N22117,WP,2018,GAEMI,45.0,990.0,Weak (<64kt)
2018179N19134,WP,2018,PRAPIROON,65.0,960.0,Moderate (64-95kt)
2018184N10147,WP,2018,MARIA,105.0,915.0,Intense (>=96kt)
2018195N19138,WP,2018,SON-TINH,40.0,994.0,Weak (<64kt)
2018199N18128,WP,2018,AMPIL,50.0,985.0,Weak (<64kt)
2018202N21088,NI,2018,UNNAMED,30.0,988.0,Weak (<64kt)
2018202N21159,WP,2018,WUKONG,50.0,990.0,Weak (<64kt)
2018204N15137,WP,2018,JONGDARI,75.0,960.0,Moderate (64-95kt)
2018213N12245,WP,2018,HECTOR,40.0,998.0,Weak (<64kt)
2018214N19153,WP,2018,SHANSHAN,70.0,970.0,Moderate (64-95kt)
2018218N18134,WP,2018,YAGI,40.0,990.0,Weak (<64kt)
2018219N21088,NI,2018,UNNAMED,25.0,992.0,Weak (<64kt)
2018221N17112,WP,2018,BEBINCA,45.0,985.0,Weak (<64kt)
2018222N16147,WP,2018,LEEPI,50.0,994.0,Weak (<64kt)
2018226N23128,WP,2018,RUMBIA,45.0,985.0,Weak (<64kt)
2018227N11145,WP,2018,SOULIK,85.0,950.0,Moderate (64-95kt)
2018227N20086,NI,2018,UNNAMED,25.0,993.0,Weak (<64kt)
2018229N11160,WP,2018,CIMARON,85.0,950.0,Moderate (64-95kt)
2018239N11161,WP,2018,JEBI,105.0,915.0,Intense (>=96kt)
2018249N22088,NI,2018,UNNAMED,30.0,990.0,Weak (<64kt)
2018250N12170,WP,2018,MANGKHUT,110.0,905.0,Intense (>=96kt)
2018251N20122,WP,2018,BARIJAT,40.0,998.0,Weak (<64kt)
2018256S07076,SI,2019,UNNAMED,40.0,1004.0,Weak (<64kt)
2018263N12146,WP,2018,TRAMI,105.0,915.0,Intense (>=96kt)
2018263N17089,NI,2018,DAYE,35.0,992.0,Weak (<64kt)
2018271N06154,WP,2018,KONG-REY,115.0,900.0,Intense (>=96kt)
2018279N11069,NI,2018,LUBAN,75.0,978.0,Moderate (64-95kt)
2018281N14088,NI,2018,TITLI,80.0,972.0,Moderate (64-95kt)
2018294N08161,WP,2018,YUTU,115.0,900.0,Intense (>=96kt)
2018309S06068,SI,2019,ALCIDE,90.0,965.0,Moderate (64-95kt)
2018311N07179,WP,2018,USAGI,60.0,990.0,Weak (<64kt)
2018313S05090,SI,2019,BOUCHRA,50.0,990.0,Weak (<64kt)
2018314N12093,NI,2018,GAJA,70.0,976.0,Moderate (64-95kt)
2018321N10113,WP,2018,TORAJI,35.0,1004.0,Weak (<64kt)
2018324N04156,WP,2018,MAN-YI,80.0,960.0,Moderate (64-95kt)
2018347N07089,NI,2018,PHETHAI,55.0,992.0,Weak (<64kt)
2018348S08093,SI,2019,KENANGA,40.0,995.0,Weak (<64kt)
2018351S09059,SI,2019,CILIDA,115.0,940.0,Intense (>=96kt)
2018365N08115,NI,2018,PABUK,45.0,998.0,Weak (<64kt)
2018365N08115,WP,2018,PABUK,45.0,996.0,Weak (<64kt)
2019018S24033,SI,2019,DESMOND,35.0,995.0,Weak (<64kt)
2019019S13106,SI,2019,UNNAMED,40.0,998.0,Weak (<64kt)
2019021S09128,SI,2019,RILEY,70.0,970.0,Moderate (64-95kt)
2019023S21041,SI,2019,EKETSANG,40.0,992.0,Weak (<64kt)
2019035S11058,SI,2019,GELENA,110.0,942.0,Intense (>=96kt)
2019035S13070,SI,2019,FUNANI,105.0,940.0,Intense (>=96kt)
2019050N05163,WP,2019,WUTIP,105.0,920.0,Intense (>=96kt)
2019060S10078,SI,2019,HALEH,95.0,945.0,Moderate (64-95kt)
2019063S18038,SI,2019,IDAI,105.0,940.0,Intense (>=96kt)
2019067S11115,SI,2019,SAVANNAH,95.0,953.0,Moderate (64-95kt)
2019077S13123,SI,2019,VERONICA,115.0,928.0,Intense (>=96kt)
2019078S13066,SI,2019,JOANINHA,100.0,939.0,Intense (>=96kt)
2019093S07133,SI,2019,WALLACE,55.0,986.0,Weak (<64kt)
2019112S04079,SI,2019,LORNA,80.0,964.0,Moderate (64-95kt)
2019112S10053,SI,2019,KENNETH,115.0,934.0,Intense (>=96kt)
2019116N02090,NI,2019,FANI,115.0,932.0,Intense (>=96kt)
2019126S05129,SI,2019,LILI,40.0,996.0,Weak (<64kt)
2019129S10160,SI,2019,ANN,25.0,1006.0,Weak (<64kt)
2019160N11073,NI,2019,VAYU,80.0,970.0,Moderate (64-95kt)
2019176N18128,WP,2019,SEPAT,40.0,992.0,Weak (<64kt)
2019182N18114,WP,2019,MUN,35.0,992.0,Weak (<64kt)
2019195N13136,WP,2019,DANAS,45.0,985.0,Weak (<64kt)
2019205N23137,WP,2019,NARI,35.0,998.0,Weak (<64kt)
2019210N16117,WP,2019,WIPHA,45.0,985.0,Weak (<64kt)
2019213N17155,WP,2019,FRANCISCO,70.0,970.0,Moderate (64-95kt)
2019214N15134,WP,2019,LEKIMA,105.0,925.0,Intense (>=96kt)
2019216N16147,WP,2019,KROSA,75.0,965.0,Moderate (64-95kt)
2019218N21088,NI,2019,UNNAMED,30.0,988.0,Weak (<64kt)
2019231N13135,WP,2019,BAILU,50.0,985.0,Weak (<64kt)
2019236N08143,WP,2019,PODUL,40.0,992.0,Weak (<64kt)
2019242N14180,WP,2019,FAXAI,85.0,955.0,Moderate (64-95kt)
2019242N18126,WP,2019,KAJIKI,35.0,996.0,Weak (<64kt)
2019243N06136,WP,2019,LINGLING,95.0,940.0,Moderate (64-95kt)
2019255N09162,WP,2019,PEIPAH,35.0,1000.0,Weak (<64kt)
2019260N20129,WP,2019,TAPAH,65.0,970.0,Moderate (64-95kt)
2019264N19071,NI,2019,HIKAA:HIKKA,75.0,978.0,Moderate (64-95kt)
2019268N10155,WP,2019,MITAG,75.0,965.0,Moderate (64-95kt)
2019273N23070,NI,2019,UNNAMED,25.0,1002.0,Weak (<64kt)
2019278N16165,WP,2019,HAGIBIS,105.0,915.0,Intense (>=96kt)
2019288N16136,WP,2019,NEOGURI,75.0,970.0,Moderate (64-95kt)
2019290N08169,WP,2019,BUALOI,100.0,935.0,Intense (>=96kt)
2019296N15066,NI,2019,KYAAR:KYARR,130.0,922.0,Intense (>=96kt)
2019301N05081,NI,2019,MAHA,100.0,956.0,Intense (>=96kt)
2019302N11118,NI,2019,BULBUL:MATMO,75.0,976.0,Moderate (64-95kt)
2019302N11118,WP,2019,BULBUL:MATMO,50.0,992.0,Weak (<64kt)
2019306N10162,WP,2019,HALONG,115.0,905.0,Intense (>=96kt)
2019308N13114,WP,2019,NAKRI,65.0,975.0,Moderate (64-95kt)
2019314N12172,WP,2019,FENGSHEN,85.0,965.0,Moderate (64-95kt)
2019314N14136,WP,2019,KALMAEGI,70.0,975.0,Moderate (64-95kt)
2019322N11144,WP,2019,FUNG-WONG,55.0,990.0,Weak (<64kt)
2019329N09160,WP,2019,KAMMURI,90.0,950.0,Moderate (64-95kt)
2019335N05058,NI,2019,PAWAN,40.0,998.0,Weak (<64kt)
2019336S06055,SI,2020,BELNA,85.0,965.0,Moderate (64-95kt)
2019337N11072,NI,2019,UNNAMED,30.0,1000.0,Weak (<64kt)
2019337S04065,SI,2020,AMBALI,120.0,930.0,Intense (>=96kt)
2019342N09062,NI,2019,UNNAMED,30.0,1000.0,Weak (<64kt)
2019352S14070,SI,2020,CALVINIA,65.0,970.0,Moderate (64-95kt)
2019354N05151,WP,2019,PHANFONE,80.0,970.0,Moderate (64-95kt)
2020005S08133,SI,2020,CLAUDIA,80.0,963.0,Moderate (64-95kt)
2020005S13121,SI,2020,BLAKE,45.0,986.0,Weak (<64kt)
2020022S17043,SI,2020,DIANE,40.0,990.0,Weak (<64kt)
2020023S19056,SI,2020,ESAMI,45.0,990.0,Weak (<64kt)
2020034S13063,SI,2020,FRANCISCO,45.0,995.0,Weak (<64kt)
2020034S17129,SI,2020,DAMIEN,85.0,955.0,Moderate (64-95kt)
2020045S15075,SI,2020,GABEKILE,90.0,950.0,Moderate (64-95kt)
2020052S13140,SI,2020,ESTHER,30.0,988.0,Weak (<64kt)
2020053S12119,SI,2020,FERDINAND,95.0,951.0,Moderate (64-95kt)
2020069S11113,SI,2020,UNNAMED,45.0,995.0,Weak (<64kt)
2020072S14054,SI,2020,HEROLD,90.0,955.0,Moderate (64-95kt)
2020092S12069,SI,2020,IRONDRO,95.0,950.0,Moderate (64-95kt)
2020104S12091,SI,2020,JERUTO,40.0,999.0,Weak (<64kt)
2020129N07134,WP,2020,VONGFONG,85.0,960.0,Moderate (64-95kt)
2020136N10088,NI,2020,AMPHAN,130.0,920.0,Intense (>=96kt)
2020139S04095,SI,2020,MANGGA,35.0,996.0,Weak (<64kt)
2020150N17054,NI,2020,UNNAMED,25.0,1000.0,Weak (<64kt)
2020153N13072,NI,2020,NISARGA,60.0,984.0,Weak (<64kt)
2020160N10133,WP,2020,NURI,40.0,996.0,Weak (<64kt)
2020211N14124,WP,2020,SINLAKU,40.0,985.0,Weak (<64kt)
2020213N15131,WP,2020,HAGUPIT,70.0,975.0,Moderate (64-95kt)
2020220N14128,WP,2020,JANGMI,45.0,990.0,Weak (<64kt)
2020222N15117,WP,2020,MEKKHALA,50.0,992.0,Weak (<64kt)
2020229N18123,WP,2020,HIGOS,55.0,992.0,Weak (<64kt)
2020234N19123,WP,2020,BAVI,85.0,950.0,Moderate (64-95kt)
2020239N13134,WP,2020,MAYSAK,95.0,935.0,Moderate (64-95kt)
2020244N25146,WP,2020,HAISHEN,105.0,910.0,Intense (>=96kt)
2020258N11127,WP,2020,NOUL,45.0,992.0,Weak (<64kt)
2020263N21136,WP,2020,DOLPHIN,60.0,975.0,Weak (<64kt)
2020270N17159,WP,2020,KUJIRA,60.0,980.0,Weak (<64kt)
2020277N21141,WP,2020,CHAN-HOM,70.0,965.0,Moderate (64-95kt)
2020281N14126,WP,2020,LINFA,45.0,994.0,Weak (<64kt)
2020285N15087,NI,2020,UNNAMED,30.0,996.0,Weak (<64kt)
2020285N17120,WP,2020,NANGKA,45.0,990.0,Weak (<64kt)
2020291N06141,WP,2020,SAUDEL,65.0,975.0,Moderate (64-95kt)
2020291N18069,NI,2020,UNNAMED,25.0,1003.0,Weak (<64kt)
2020296N09137,WP,2020,MOLAVE,90.0,940.0,Moderate (64-95kt)
2020296N19087,NI,2020,UNNAMED,25.0,998.0,Weak (<64kt)
2020299N11144,WP,2020,GONI,120.0,905.0,Intense (>=96kt)
2020303N05149,WP,2020,ATSANI,50.0,992.0,Weak (<64kt)
2020312N10131,WP,2020,ETAU,45.0,992.0,Weak (<64kt)
2020313N08135,WP,2020,VAMCO,85.0,955.0,Moderate (64-95kt)
2020317S04092,SI,2021,ALICIA,65.0,975.0,Moderate (64-95kt)
2020326N11063,NI,2020,GATI,75.0,976.0,Moderate (64-95kt)
2020327N08086,NI,2020,NIVAR,65.0,982.0,Moderate (64-95kt)
2020332S11091,SI,2021,BONGOYO,60.0,980.0,Weak (<64kt)
2020335N06090,NI,2020,BUREVI,45.0,996.0,Weak (<64kt)
2020339S09106,SI,2021,UNNAMED,45.0,990.0,Weak (<64kt)
2020353N06129,WP,2020,KROVANH,35.0,1000.0,Weak (<64kt)
2020355S11065,SI,2021,CHALANE,60.0,975.0,Weak (<64kt)
2020366S12073,SI,2021,DANILO,55.0,982.0,Weak (<64kt)
2021005S10101,SI,2021,UNNAMED,35.0,999.0,Weak (<64kt)
2021012S12086,SI,2021,ELOISE,80.0,965.0,Moderate (64-95kt)
2021013S12099,SI,2021,JOSHUA,50.0,988.0,Weak (<64kt)
2021018S11133,SI,2021,UNNAMED,35.0,992.0,Weak (<64kt)
2021020S13107,SI,2021,UNNAMED,40.0,994.0,Weak (<64kt)
2021028S15128,SI,2021,UNNAMED,35.0,990.0,Weak (<64kt)
2021035S11080,SI,2021,FARAJI,120.0,935.0,Intense (>=96kt)
2021042S23040,SI,2021,GUAMBE,80.0,957.0,Moderate (64-95kt)
2021046N06142,WP,2021,DUJUAN,40.0,996.0,Weak (<64kt)
2021053S13128,SI,2021,MARIAN,90.0,951.0,Moderate (64-95kt)
2021062S14064,SI,2021,HABANA,120.0,935.0,Intense (>=96kt)
2021062S18040,SI,2021,IMAN,45.0,992.0,Weak (<64kt)
2021079S12097,SI,2021,UNNAMED,35.0,1000.0,Weak (<64kt)
2021092N11096,NI,2021,UNNAMED,25.0,1000.0,Weak (<64kt)
2021093S10103,SI,2021,ODETTE,50.0,986.0,Weak (<64kt)
2021093S11122,SI,2021,SEROJA,65.0,967.0,Moderate (64-95kt)
2021097S10090,SI,2021,UNNAMED,35.0,1000.0,Weak (<64kt)
2021102N06144,WP,2021,SURIGAE,120.0,895.0,Intense (>=96kt)
2021108S11067,SI,2021,JOBO,65.0,980.0,Moderate (64-95kt)
2021133N10071,NI,2021,TAUKTAE,100.0,950.0,Intense (>=96kt)
2021143N15090,NI,2021,YAAS,75.0,970.0,Moderate (64-95kt)
2021148N05142,WP,2021,CHOI-WAN,40.0,998.0,Weak (<64kt)
2021161N18115,WP,2021,KOGUMA,35.0,996.0,Weak (<64kt)
2021171N09152,WP,2021,CHAMPI,65.0,980.0,Moderate (64-95kt)
2021197N17135,WP,2021,IN-FA,85.0,950.0,Moderate (64-95kt)
2021198N19117,WP,2021,CEMPAKA,70.0,980.0,Moderate (64-95kt)
2021204N21146,WP,2021,NEPARTAK,40.0,990.0,Weak (<64kt)
2021214N21110,WP,2021,LUPIT,45.0,982.0,Weak (<64kt)
2021215N24124,WP,2021,MIRINAE,50.0,980.0,Weak (<64kt)
2021216N22144,WP,2021,NIDA,55.0,992.0,Weak (<64kt)
2021219N08193,WP,2021,OMAIS,45.0,994.0,Weak (<64kt)
2021248N11131,WP,2021,CONSON,50.0,992.0,Weak (<64kt)
2021248N12141,WP,2021,CHANTHU,115.0,905.0,Intense (>=96kt)
2021256N20087,NI,2021,UNNAMED,30.0,990.0,Weak (<64kt)
2021264N13119,WP,2021,DIANMU,35.0,1000.0,Weak (<64kt)
2021265N11150,WP,2021,MINDULLE,105.0,920.0,Intense (>=96kt)
2021267N18094,NI,2021,GULAB:SHAHEEN-GU,60.0,984.0,Weak (<64kt)
2021276N07131,WP,2021,LIONROCK,35.0,994.0,Weak (<64kt)
2021280N14068,NI,2021,UNNAMED,25.0,1002.0,Weak (<64kt)
2021280N14137,WP,2021,KOMPASU,55.0,975.0,Weak (<64kt)
2021282N16165,WP,2021,NAMTHEUN,50.0,996.0,Weak (<64kt)
2021295N09145,WP,2021,MALOU,75.0,965.0,Moderate (64-95kt)
2021312N07090,NI,2021,UNNAMED,25.0,1000.0,Weak (<64kt)
2021322N11082,NI,2021,UNNAMED,25.0,1000.0,Weak (<64kt)
2021323S10103,SI,2022,PADDY,45.0,992.0,Weak (<64kt)
2021333N11146,WP,2021,NYATOH,100.0,925.0,Intense (>=96kt)
2021334S07101,SI,2022,TERATAI,40.0,996.0,Weak (<64kt)
2021335N08096,NI,2021,JAWAD,40.0,1000.0,Weak (<64kt)
2021346N05145,WP,2021,RAI,105.0,915.0,Intense (>=96kt)
2021358S09130,SI,2022,SETH,25.0,996.0,Weak (<64kt)
2022008S13148,SI,2022,TIFFANY,35.0,992.0,Weak (<64kt)
2022020S13060,SI,2022,ANA,50.0,987.0,Weak (<64kt)
2022024S09090,SI,2022,BATSIRAI,110.0,923.0,Intense (>=96kt)
2022034S16082,SI,2022,CLIFF,45.0,991.0,Weak (<64kt)
2022037S10103,SI,2022,EMNATI,95.0,935.0,Moderate (64-95kt)
2022042S12063,SI,2022,DUMAKO,50.0,992.0,Weak (<64kt)
2022046S15095,SI,2022,FEZILE,55.0,975.0,Weak (<64kt)
2022054S13100,SI,2022,VERNON,110.0,940.0,Intense (>=96kt)
2022054S14085,SI,2022,UNNAMED,45.0,995.0,Weak (<64kt)
2022055S13129,SI,2022,ANIKA,50.0,978.0,Weak (<64kt)
2022062N06085,NI,2022,UNNAMED,30.0,1002.0,Weak (<64kt)
2022065S16055,SI,2022,GOMBE,85.0,955.0,Moderate (64-95kt)
2022072S11107,SI,2022,BILLY,50.0,988.0,Weak (<64kt)
2022076S10126,SI,2022,CHARLOTTE,90.0,956.0,Moderate (64-95kt)
2022079N10093,NI,2022,UNNAMED,30.0,1000.0,Weak (<64kt)
2022080S09087,SI,2022,HALIMA,110.0,937.0,Intense (>=96kt)
2022089S16109,SI,2022,UNNAMED,25.0,1004.0,Weak (<64kt)
2022096N03150,WP,2022,MALAKAS,90.0,945.0,Moderate (64-95kt)
2022099N11128,WP,2022,MEGI,40.0,996.0,Weak (<64kt)
2022102S29032,SI,2022,ISSA,50.0,993.0,Weak (<64kt)
2022110S12051,SI,2022,JASMINE,60.0,985.0,Weak (<64kt)
2022114S12100,SI,2022,UNNAMED,40.0,996.0,Weak (<64kt)
2022116S14102,SI,2022,UNNAMED,35.0,998.0,Weak (<64kt)
2022126N07095,NI,2022,ASANI,55.0,982.0,Weak (<64kt)
2022126S06088,SI,2022,KARIM,60.0,982.0,Weak (<64kt)
2022140N16097,NI,2022,UNNAMED,25.0,998.0,Weak (<64kt)
2022180N15117,WP,2022,CHABA,70.0,965.0,Moderate (64-95kt)
2022180N15130,WP,2022,AERE,45.0,994.0,Weak (<64kt)
2022197N22069,NI,2022,UNNAMED,25.0,992.0,Weak (<64kt)
2022208N15143,WP,2022,SONGDA,40.0,996.0,Weak (<64kt)
2022208S08092,SI,2023,UNNAMED,45.0,993.0,Weak (<64kt)
2022211N20129,WP,2022,TRASES,35.0,998.0,Weak (<64kt)
2022220N16110,WP,2022,MULAN,35.0,994.0,Weak (<64kt)
2022221N21086,NI,2022,UNNAMED,25.0,990.0,Weak (<64kt)
2022221N24149,WP,2022,MEARI,40.0,988.0,Weak (<64kt)
2022224N22067,NI,2022,UNNAMED,25.0,990.0,Weak (<64kt)
2022226N22088,NI,2022,UNNAMED,25.0,994.0,Weak (<64kt)
2022230N18095,NI,2022,UNNAMED,30.0,992.0,Weak (<64kt)
2022232N18131,WP,2022,MA-ON,55.0,985.0,Weak (<64kt)
2022233N22151,WP,2022,TOKAGE,75.0,970.0,Moderate (64-95kt)
2022239N22150,WP,2022,HINNAMNOR,105.0,920.0,Intense (>=96kt)
2022247N26147,WP,2022,MUIFA,85.0,950.0,Moderate (64-95kt)
2022254N20085,NI,2022,UNNAMED,25.0,998.0,Weak (<64kt)
2022254N21158,WP,2022,MERBOK,70.0,940.0,Moderate (64-95kt)
2022254N24143,WP,2022,NANMADOL,105.0,910.0,Intense (>=96kt)
2022263N18137,WP,2022,TALAS,35.0,1000.0,Weak (<64kt)
2022264N17132,WP,2022,NORU,95.0,940.0,Moderate (64-95kt)
2022268N20147,WP,2022,KULAP,60.0,940.0,Weak (<64kt)
2022268S09088,SI,2023,ASHLEY,45.0,995.0,Weak (<64kt)
2022270N14136,WP,2022,ROKE,70.0,975.0,Moderate (64-95kt)
2022276S05090,SI,2023,BALITA,40.0,996.0,Weak (<64kt)
2022284N15152,WP,2022,HAITANG,35.0,1004.0,Weak (<64kt)
2022285N12116,WP,2022,SONCA,35.0,998.0,Weak (<64kt)
2022285N17140,WP,2022,NESAT,75.0,965.0,Moderate (64-95kt)
2022295N13093,NI,2022,SITRANG,45.0,996.0,Weak (<64kt)
2022299N11134,WP,2022,NALGAE,60.0,975.0,Weak (<64kt)
2022301N07140,WP,2022,BANYAN,40.0,1002.0,Weak (<64kt)
2022305S04091,SI,2023,UNNAMED,35.0,1000.0,Weak (<64kt)
2022316N20167,WP,2022,YAMANEKO,35.0,1004.0,Weak (<64kt)
2022324N10086,NI,2022,UNNAMED,25.0,1003.0,Weak (<64kt)
2022338N05100,NI,2022,MANDOUS,50.0,990.0,Weak (<64kt)
2022342N06133,WP,2022,PAKHAR,40.0,998.0,Weak (<64kt)
2022346S10098,SI,2023,DARIAN,125.0,915.0,Intense (>=96kt)
2022347N12074,NI,2022,UNNAMED,30.0,1000.0,Weak (<64kt)
2022355S10128,SI,2023,ELLIE,40.0,988.0,Weak (<64kt)
2022356N09085,NI,2022,UNNAMED,25.0,1004.0,Weak (<64kt)
2023013S08081,SI,2023,CHENESO,75.0,950.0,Moderate (64-95kt)
2023030N08087,NI,2023,UNNAMED,25.0,1004.0,Weak (<64kt)
2023032S12091,SI,2023,DINGANI,80.0,966.0,Moderate (64-95kt)
2023036S12117,SI,2023,FREDDY,125.0,927.0,Intense (>=96kt)
2023050S09094,SI,2023,ENALA,65.0,975.0,Moderate (64-95kt)
2023054S19117,SI,2023,UNNAMED,40.0,994.0,Weak (<64kt)
2023084S11065,SI,2023,UNNAMED,40.0,997.0,Weak (<64kt)
2023087S10096,SI,2023,HERMAN,115.0,930.0,Intense (>=96kt)
2023096S07135,SI,2023,ILSA,125.0,915.0,Intense (>=96kt)
2023108N03160,WP,2023,SANVU,45.0,996.0,Weak (<64kt)
2023129N08091,NI,2023,MOCHA,115.0,938.0,Intense (>=96kt)
2023132S03090,SI,2023,FABIEN,90.0,959.0,Moderate (64-95kt)
2023138N05151,WP,2023,MAWAR,115.0,900.0,Intense (>=96kt)
2023156N10067,NI,2023,BIPARJOY,90.0,958.0,Moderate (64-95kt)
2023156N12135,WP,2023,GUCHOL,80.0,960.0,Moderate (64-95kt)
2023194N16123,WP,2023,TALIM,60.0,970.0,Weak (<64kt)
2023201N13134,WP,2023,DOKSURI,100.0,925.0,Intense (>=96kt)
2023207N09141,WP,2023,KHANUN,95.0,930.0,Moderate (64-95kt)
2023212N19090,NI,2023,UNNAMED,30.0,988.0,Weak (<64kt)
2023213N14257,WP,2023,DORA,75.0,980.0,Moderate (64-95kt)
2023218N25145,WP,2023,LAN,90.0,940.0,Moderate (64-95kt)
2023234N18128,WP,2023,SAOLA,105.0,920.0,Intense (>=96kt)
2023234N19154,WP,2023,DAMREY,50.0,980.0,Weak (<64kt)
2023239N18144,WP,2023,HAIKUI,85.0,945.0,Moderate (64-95kt)
2023241N10158,WP,2023,KIROGI,45.0,994.0,Weak (<64kt)
2023247N20130,WP,2023,YUN-YEUNG,40.0,998.0,Weak (<64kt)
2023271N14144,WP,2023,KOINU,90.0,940.0,Moderate (64-95kt)
2023273N16073,NI,2023,UNNAMED,25.0,1002.0,Weak (<64kt)
2023279N08157,WP,2023,BOLAVEN,115.0,905.0,Intense (>=96kt)
2023289N15111,WP,2023,SANBA,40.0,1000.0,Weak (<64kt)
2023292N11063,NI,2023,TEJ,95.0,964.0,Moderate (64-95kt)
2023293N12089,NI,2023,HAMOON,65.0,984.0,Moderate (64-95kt)
2023317N10094,NI,2023,MIDHILI,50.0,996.0,Weak (<64kt)
2023334N08088,NI,2023,MICHAUNG,55.0,986.0,Weak (<64kt)
2023349N04141,WP,2023,JELAWAT,35.0,1002.0,Weak (<64kt)
2023364S19035,SI,2024,ALVARO,65.0,982.0,Moderate (64-95kt)
2024012S09093,SI,2024,ANGGREK,105.0,942.0,Intense (>=96kt)
2024012S12059,SI,2024,BELAL,75.0,968.0,Moderate (64-95kt)
2024022S16058,SI,2024,CANDICE,55.0,980.0,Weak (<64kt)
2024044S14066,SI,2024,DJOUNGOU,115.0,920.0,Intense (>=96kt)
2024044S15134,SI,2024,LINCOLN,35.0,996.0,Weak (<64kt)
2024049S17052,SI,2024,ELEANOR,55.0,984.0,Weak (<64kt)
2024061S11062,SI,2024,FILIPO,80.0,983.0,Moderate (64-95kt)
2024067S10090,SI,2024,NEVILLE,100.0,948.0,Intense (>=96kt)
2024073S14128,SI,2024,MEGAN,30.0,995.0,Weak (<64kt)
2024082S08054,SI,2024,GAMANE,75.0,972.0,Moderate (64-95kt)
2024096S11120,SI,2024,OLGA,110.0,933.0,Intense (>=96kt)
2024121S07047,SI,2024,HIDAYA,80.0,967.0,Moderate (64-95kt)
2024134S07055,SI,2024,IALY,65.0,981.0,Moderate (64-95kt)
2024141N03142,WP,2024,EWINIAR,75.0,970.0,Moderate (64-95kt)
2024145N14087,NI,2024,REMAL,60.0,978.0,Weak (<64kt)
2024151N18113,WP,2024,MALIKSI,35.0,998.0,Weak (<64kt)
2024198N08130,WP,2024,PRAPIROON,55.0,985.0,Weak (<64kt)
2024201N12133,WP,2024,GAEMI,90.0,935.0,Moderate (64-95kt)
2024201N19086,NI,2024,UNNAMED,25.0,990.0,Weak (<64kt)
2024216N24085,NI,2024,UNNAMED,30.0,988.0,Weak (<64kt)
2024218N23143,WP,2024,MARIA,55.0,980.0,Weak (<64kt)
2024224N27154,WP,2024,SON-TINH,40.0,984.0,Weak (<64kt)
2024225N22135,WP,2024,AMPIL,85.0,950.0,Moderate (64-95kt)
2024225N24147,WP,2024,WUKONG,35.0,1002.0,Weak (<64kt)
2024231N24126,WP,2024,JONGDARI,40.0,996.0,Weak (<64kt)
2024233N15148,WP,2024,SHANSHAN,95.0,935.0,Moderate (64-95kt)
2024238N25077,NI,2024,ASNA,40.0,990.0,Weak (<64kt)
2024244N09137,WP,2024,YAGI,105.0,915.0,Intense (>=96kt)
2024244N18085,NI,2024,UNNAMED,25.0,996.0,Weak (<64kt)
2024246N22147,WP,2024,LEEPI,35.0,1002.0,Weak (<64kt)
2024252N18087,NI,2024,UNNAMED,30.0,991.0,Weak (<64kt)
2024253N11148,WP,2024,BEBINCA,75.0,965.0,Moderate (64-95kt)
2024255N24080,NI,2024,UNNAMED,25.0,994.0,Weak (<64kt)
2024258N22091,NI,2024,UNNAMED,30.0,989.0,Weak (<64kt)
2024259N12145,WP,2024,PULASAN,45.0,992.0,Weak (<64kt)
2024259N17126,WP,2024,SOULIK,35.0,992.0,Weak (<64kt)
2024267N29129,WP,2024,CIMARON,35.0,998.0,Weak (<64kt)
2024269N14150,WP,2024,JEBI,65.0,980.0,Moderate (64-95kt)
2024270N24128,WP,2024,KRATHON,105.0,920.0,Intense (>=96kt)
2024274S09075,SI,2025,ANCHA,45.0,992.0,Weak (<64kt)
2024278N11150,WP,2024,BARIJAT,45.0,976.0,Weak (<64kt)
2024288N16065,NI,2024,UNNAMED,25.0,1001.0,Weak (<64kt)
2024290N11084,NI,2024,UNNAMED,25.0,1000.0,Weak (<64kt)
2024293N13141,WP,2024,TRAMI,60.0,970.0,Weak (<64kt)
2024295N15092,NI,2024,DANA,60.0,986.0,Weak (<64kt)
2024298N13150,WP,2024,KONG-REY,100.0,925.0,Intense (>=96kt)
2024307N06143,WP,2024,YINXING,100.0,945.0,Intense (>=96kt)
2024312N14145,WP,2024,TORAJI,70.0,980.0,Moderate (64-95kt)
2024313N10169,WP,2024,MAN-YI,105.0,920.0,Intense (>=96kt)
2024313S06092,SI,2025,BHEKI,100.0,948.0,Intense (>=96kt)
2024314N07151,WP,2024,USAGI,95.0,940.0,Moderate (64-95kt)
2024328S09096,SI,2025,ROBYN,55.0,985.0,Weak (<64kt)
2024329N04089,NI,2024,FENGAL,45.0,996.0,Weak (<64kt)
2024341S12086,SI,2025,CHIDO,115.0,935.0,Intense (>=96kt)
2024356N14084,NI,2024,UNNAMED,25.0,1002.0,Weak (<64kt)
2024357N10115,WP,2024,PABUK,35.0,1002.0,Weak (<64kt)
2024359S13097,SI,2025,UNNAMED,35.0,999.0,Weak (<64kt)
2024364S13117,SI,2025,DIKELEDI,95.0,947.0,Moderate (64-95kt)
2025008S13107,SI,2025,UNNAMED,40.0,1000.0,Weak (<64kt)
2025017S18122,SI,2025,SEAN,95.0,942.0,Moderate (64-95kt)
2025024S11082,SI,2025,FAIDA,30.0,997.0,Weak (<64kt)
2025029S25043,SI,2025,ELVIS,50.0,965.0,Weak (<64kt)
2025031S15106,SI,2025,VINCE,120.0,923.0,Intense (>=96kt)
2025032S14120,SI,2025,TALIAH,75.0,964.0,Moderate (64-95kt)
2025039S14125,SI,2025,ZELIA,115.0,927.0,Intense (>=96kt)
2025050S12125,SI,2025,BIANCA,95.0,954.0,Moderate (64-95kt)
2025052S23038,SI,2025,HONDE,65.0,969.0,Moderate (64-95kt)
2025054S17051,SI,2025,GARANCE,100.0,947.0,Intense (>=96kt)
2025064S05095,SI,2025,IVONE,50.0,981.0,Weak (<64kt)
2025064S12067,SI,2025,JUDE,70.0,972.0,Moderate (64-95kt)
2025076S13107,SI,2025,UNNAMED,45.0,991.0,Weak (<64kt)
2025082S13116,SI,2025,COURTNEY,110.0,934.0,Intense (>=96kt)
2025086S14121,SI,2025,DIANNE,50.0,984.0,Weak (<64kt)
2025100S09132,SI,2025,ERROL,110.0,936.0,Intense (>=96kt)
2025106S10135,SI,2025,UNNAMED,25.0,1005.0,Weak (<64kt)
2025107S30034,SI,2025,KANTO,55.0,994.0,Weak (<64kt)
2025161N15114,WP,2025,WUTIP,55.0,980.0,Weak (<64kt)
2025172N21147,WP,2025,SEPAT,35.0,1004.0,Weak (<64kt)
2025182N22149,WP,2025,MUN,50.0,990.0,Weak (<64kt)
2025184N20122,WP,2025,DANAS,75.0,965.0,Moderate (64-95kt)
2025191N19142,WP,2025,NARI,45.0,990.0,Weak (<64kt)
2025197N14131,WP,2025,WIPHA,60.0,975.0,Weak (<64kt)
2025203N18133,WP,2025,FRANCISCO,40.0,990.0,Weak (<64kt)
2025203N20124,WP,2025,CO-MAY,60.0,975.0,Weak (<64kt)
2025205N13145,WP,2025,KROSA,75.0,965.0,Moderate (64-95kt)
2025212N26130,WP,2025,BAILU,35.0,994.0,Weak (<64kt)
2025218N19149,WP,2025,PODUL,80.0,960.0,Moderate (64-95kt)
2025229N22127,WP,2025,LINGLING,45.0,994.0,Weak (<64kt)
2025233N15126,WP,2025,KAJIKI,80.0,950.0,Moderate (64-95kt)
2025240N15117,WP,2025,NONGFA,40.0,996.0,Weak (<64kt)
2025245N19129,WP,2025,PEIPAH,45.0,980.0,Weak (<64kt)
2025248N18120,WP,2025,TAPAH,60.0,980.0,Weak (<64kt)
2025259N13126,WP,2025,MITAG,50.0,992.0,Weak (<64kt)
2025260N13138,WP,2025,RAGASA,110.0,905.0,Intense (>=96kt)
2025261N23166,WP,2025,NEOGURI,100.0,925.0,Intense (>=96kt)
2025266N11137,WP,2025,BUALOI,65.0,975.0,Moderate (64-95kt)
2025274N14133,WP,2025,MATMO,70.0,975.0,Moderate (64-95kt)
2025276N20147,WP,2025,HALONG,100.0,935.0,Intense (>=96kt)
2025280N13147,WP,2025,NAKRI,70.0,970.0,Moderate (64-95kt)
2025289N13140,WP,2025,FENGSHEN,50.0,990.0,Weak (<64kt)
2025305N08140,WP,2025,KALMAEGI,90.0,950.0,Moderate (64-95kt)
2025308N09144,WP,2025,FUNG-WONG,95.0,935.0,Moderate (64-95kt)
2025328N07132,WP,2025,KOTO,70.0,970.0,Moderate (64-95kt)
2026014N08133,WP,2026,NOKAEN,40.0,996.0,Weak (<64kt)
2026034N10137,WP,2026,PENHA,35.0,1002.0,Weak (<64kt)
