Basin,Intensity,RandomRank,SID,Status
NI,Weak (<64kt),1,1987303N06088,Selected
NI,Weak (<64kt),2,2011033N06083,Selected
NI,Weak (<64kt),3,2023317N10094,Selected
NI,Weak (<64kt),4,2022224N22067,Selected
NI,Weak (<64kt),5,2001163N20087,Selected
NI,Weak (<64kt),6,2006241N20088,Selected
NI,Weak (<64kt),7,2022324N10086,Selected
NI,Weak (<64kt),8,1989203N18086,Selected
NI,Weak (<64kt),9,1985213N20088,Selected
NI,Weak (<64kt),10,1982168N23090,Selected
NI,Weak (<64kt),11,2006271N18089,Selected
NI,Weak (<64kt),12,2017199N19086,Selected
NI,Weak (<64kt),13,2022254N20085,Selected
NI,Weak (<64kt),14,2011290N15090,Selected
NI,Weak (<64kt),15,1996275N15082,Selected
NI,Weak (<64kt),16,2022140N16097,Selected
NI,Weak (<64kt),17,2018263N17089,Selected
NI,Weak (<64kt),18,1983252N25083,Selected
NI,Weak (<64kt),19,2014141N16091,Selected
NI,Weak (<64kt),20,2024295N15092,Selected
NI,Weak (<64kt),21,2023212N19090,Selected
NI,Weak (<64kt),22,1985279N20072,Selected
NI,Weak (<64kt),23,2015216N23081,Selected
NI,Weak (<64kt),24,1984228N20091,Standby (Replacement)
NI,Weak (<64kt),25,2017282N22088,Standby (Replacement)
NI,Weak (<64kt),26,2017163N20090,Standby (Replacement)
NI,Weak (<64kt),27,1989321N11085,Standby (Replacement)
NI,Weak (<64kt),28,2024244N18085,Standby (Replacement)
NI,Weak (<64kt),29,2024238N25077,Standby (Replacement)
NI,Weak (<64kt),30,1989159N17072,Standby (Replacement)
NI,Weak (<64kt),31,1988215N22090,Standby (Replacement)
NI,Weak (<64kt),32,1995284N17074,Standby (Replacement)
NI,Weak (<64kt),33,2009344N06085,Standby (Replacement)
NI,Weak (<64kt),34,1999342N10089,Standby (Replacement)
NI,Weak (<64kt),35,1992306N12093,Standby (Replacement)
NI,Weak (<64kt),36,2005257N20069,Standby (Replacement)
NI,Weak (<64kt),37,2022221N21086,Standby (Replacement)
NI,Weak (<64kt),38,2018249N22088,Standby (Replacement)
NI,Weak (<64kt),39,1985343N04090,Standby (Replacement)
NI,Weak (<64kt),40,2016295N13089,Standby (Replacement)
NI,Weak (<64kt),41,1987312N09095,Standby (Replacement)
NI,Weak (<64kt),42,2024356N14084,Standby (Replacement)
NI,Weak (<64kt),43,2016178N22068,Standby (Replacement)
NI,Weak (<64kt),44,1991234N20089,Standby (Replacement)
NI,Weak (<64kt),45,2021267N18094,Standby (Replacement)
NI,Weak (<64kt),46,2021312N07090,Standby (Replacement)
NI,Weak (<64kt),47,2018202N21088,Standby (Replacement)
NI,Weak (<64kt),48,2004125N11074,Standby (Replacement)
NI,Weak (<64kt),49,2019273N23070,Standby (Replacement)
NI,Weak (<64kt),50,1985226N19088,Standby (Replacement)
NI,Weak (<64kt),51,2023030N08087,Standby (Replacement)
NI,Weak (<64kt),52,2003295N09101,Standby (Replacement)
NI,Weak (<64kt),53,1982290N09084,Standby (Replacement)
NI,Weak (<64kt),54,2013322N13090,Standby (Replacement)
NI,Weak (<64kt),55,1982214N23090,Standby (Replacement)
NI,Weak (<64kt),56,1987238N24090,Standby (Replacement)
NI,Weak (<64kt),57,1995255N14104,Standby (Replacement)
NI,Weak (<64kt),58,2002295N14082,Standby (Replacement)
NI,Weak (<64kt),59,1990318N14082,Standby (Replacement)
NI,Weak (<64kt),60,2003240N21089,Standby (Replacement)
NI,Weak (<64kt),61,1990348N04087,Standby (Replacement)
NI,Weak (<64kt),62,1995128N15082,Standby (Replacement)
NI,Weak (<64kt),63,2017147N14087,Standby (Replacement)
NI,Weak (<64kt),64,1982199N18088,Standby (Replacement)
NI,Weak (<64kt),65,1996122N08092,Standby (Replacement)
NI,Weak (<64kt),66,2004332N02072,Standby (Replacement)
NI,Weak (<64kt),67,1991285N15090,Standby (Replacement)
NI,Weak (<64kt),68,1985148N15067,Standby (Replacement)
NI,Weak (<64kt),69,2004163N15090,Standby (Replacement)
NI,Weak (<64kt),70,2024329N04089,Standby (Replacement)
NI,Weak (<64kt),71,1986223N18088,Standby (Replacement)
NI,Weak (<64kt),72,2007133N15091,Standby (Replacement)
NI,Weak (<64kt),73,2022338N05100,Standby (Replacement)
NI,Weak (<64kt),74,2001288N13084,Standby (Replacement)
NI,Weak (<64kt),75,2006214N20088,Standby (Replacement)
NI,Weak (<64kt),76,2005298N12088,Standby (Replacement)
NI,Weak (<64kt),77,2015191N23085,Standby (Replacement)
NI,Weak (<64kt),78,2006300N07078,Standby (Replacement)
NI,Weak (<64kt),79,2017104N08085,Standby (Replacement)
NI,Weak (<64kt),80,2016308N13088,Standby (Replacement)
NI,Weak (<64kt),81,1998285N14068,Standby (Replacement)
NI,Weak (<64kt),82,2019337N11072,Standby (Replacement)
NI,Weak (<64kt),83,2015207N22091,Standby (Replacement)
NI,Weak (<64kt),84,2003279N17084,Standby (Replacement)
NI,Weak (<64kt),85,1997177N21090,Standby (Replacement)
NI,Weak (<64kt),86,1990226N19088,Standby (Replacement)
NI,Weak (<64kt),87,2011330N06078,Standby (Replacement)
NI,Weak (<64kt),88,2010305N06105,Standby (Replacement)
NI,Weak (<64kt),89,2020153N13072,Standby (Replacement)
NI,Weak (<64kt),90,1988161N21089,Standby (Replacement)
NI,Weak (<64kt),91,1998133N04086,Standby (Replacement)
NI,Weak (<64kt),92,1989163N20088,Standby (Replacement)
NI,Weak (<64kt),93,2009104N13088,Standby (Replacement)
NI,Weak (<64kt),94,2003315N09067,Standby (Replacement)
NI,Weak (<64kt),95,1988160N14074,Standby (Replacement)
NI,Weak (<64kt),96,2001267N17070,Standby (Replacement)
NI,Weak (<64kt),97,2005179N22088,Standby (Replacement)
NI,Weak (<64kt),98,2013149N21090,Standby (Replacement)
NI,Weak (<64kt),99,2010341N14082,Standby (Replacement)
NI,Weak (<64kt),100,2021256N20087,Standby (Replacement)
NI,Weak (<64kt),101,2015312N11084,Standby (Replacement)
NI,Weak (<64kt),102,1985262N18090,Standby (Replacement)
NI,Weak (<64kt),103,1982252N18089,Standby (Replacement)
NI,Weak (<64kt),104,2024216N24085,Standby (Replacement)
NI,Weak (<64kt),105,1995126N11081,Standby (Replacement)
NI,Weak (<64kt),106,2008168N22090,Standby (Replacement)
NI,Weak (<64kt),107,1993353N09084,Standby (Replacement)
NI,Weak (<64kt),108,2012301N11087,Standby (Replacement)
NI,Weak (<64kt),109,1987255N23086,Standby (Replacement)
NI,Weak (<64kt),110,2014309N13088,Standby (Replacement)
NI,Weak (<64kt),111,2004274N16069,Standby (Replacement)
NI,Weak (<64kt),112,1988291N15095,Standby (Replacement)
NI,Weak (<64kt),113,2018148N17090,Standby (Replacement)
NI,Weak (<64kt),114,1982239N19089,Standby (Replacement)
NI,Weak (<64kt),115,1985217N30075,Standby (Replacement)
NI,Weak (<64kt),116,2019218N21088,Standby (Replacement)
NI,Weak (<64kt),117,2005255N20088,Standby (Replacement)
NI,Weak (<64kt),118,1988341N08090,Standby (Replacement)
NI,Weak (<64kt),119,2024255N24080,Standby (Replacement)
NI,Weak (<64kt),120,1991313N10095,Standby (Replacement)
NI,Weak (<64kt),121,2005172N22069,Standby (Replacement)
NI,Weak (<64kt),122,1992288N10089,Standby (Replacement)
NI,Weak (<64kt),123,2012321N14090,Standby (Replacement)
NI,Weak (<64kt),124,2001313N12084,Standby (Replacement)
NI,Weak (<64kt),125,2008259N20089,Standby (Replacement)
NI,Weak (<64kt),126,2000088N08090,Standby (Replacement)
NI,Weak (<64kt),127,2017292N17087,Standby (Replacement)
NI,Weak (<64kt),128,2008223N20086,Standby (Replacement)
NI,Weak (<64kt),129,2006224N21088,Standby (Replacement)
NI,Weak (<64kt),130,1985317N12082,Standby (Replacement)
NI,Weak (<64kt),131,2015173N20067,Standby (Replacement)
NI,Weak (<64kt),132,2024290N11084,Standby (Replacement)
NI,Weak (<64kt),133,2010280N17085,Standby (Replacement)
NI,Weak (<64kt),134,1983287N19091,Standby (Replacement)
NI,Weak (<64kt),135,2004162N18068,Standby (Replacement)
NI,Weak (<64kt),136,1997263N14084,Standby (Replacement)
NI,Weak (<64kt),137,2014202N22087,Standby (Replacement)
NI,Weak (<64kt),138,2007172N15088,Standby (Replacement)
NI,Weak (<64kt),139,2005324N08085,Standby (Replacement)
NI,Weak (<64kt),140,1991208N20090,Standby (Replacement)
NI,Weak (<64kt),141,2012285N21091,Standby (Replacement)
NI,Weak (<64kt),142,1989290N18090,Standby (Replacement)
NI,Weak (<64kt),143,1982272N22092,Standby (Replacement)
NI,Weak (<64kt),144,2022347N12074,Standby (Replacement)
NI,Weak (<64kt),145,2011167N22089,Standby (Replacement)
NI,Weak (<64kt),146,1988320N10087,Standby (Replacement)
NI,Weak (<64kt),147,2023334N08088,Standby (Replacement)
NI,Weak (<64kt),148,2005349N06090,Standby (Replacement)
NI,Weak (<64kt),149,1982224N20089,Standby (Replacement)
NI,Weak (<64kt),150,2004276N12087,Standby (Replacement)
NI,Weak (<64kt),151,1987258N23082,Standby (Replacement)
NI,Weak (<64kt),152,1989315N11084,Standby (Replacement)
NI,Weak (<64kt),153,2011302N13062,Standby (Replacement)
NI,Weak (<64kt),154,1994302N11086,Standby (Replacement)
NI,Weak (<64kt),155,2005330N09096,Standby (Replacement)
NI,Weak (<64kt),156,2009313N11072,Standby (Replacement)
NI,Weak (<64kt),157,1999208N21089,Standby (Replacement)
NI,Weak (<64kt),158,1990246N23089,Standby (Replacement)
NI,Weak (<64kt),159,2001281N18071,Standby (Replacement)
NI,Weak (<64kt),160,2024288N16065,Standby (Replacement)
NI,Weak (<64kt),161,2006228N21088,Standby (Replacement)
NI,Weak (<64kt),162,1985274N14084,Standby (Replacement)
NI,Weak (<64kt),163,2006012N03081,Standby (Replacement)
NI,Weak (<64kt),164,2013232N22088,Standby (Replacement)
NI,Weak (<64kt),165,2004307N09068,Standby (Replacement)
NI,Weak (<64kt),166,2017340N09089,Standby (Replacement)
NI,Weak (<64kt),167,2015259N20084,Standby (Replacement)
NI,Weak (<64kt),168,1998346N10072,Standby (Replacement)
NI,Weak (<64kt),169,2024252N18087,Standby (Replacement)
NI,Weak (<64kt),170,2000299N13093,Standby (Replacement)
NI,Weak (<64kt),171,1997210N21089,Standby (Replacement)
NI,Weak (<64kt),172,2021280N14068,Standby (Replacement)
NI,Weak (<64kt),173,1991264N15084,Standby (Replacement)
NI,Weak (<64kt),174,2021322N11082,Standby (Replacement)
NI,Weak (<64kt),175,2015171N18086,Standby (Replacement)
NI,Weak (<64kt),176,1988199N18086,Standby (Replacement)
NI,Weak (<64kt),177,2009143N17089,Standby (Replacement)
NI,Weak (<64kt),178,1987351N09086,Standby (Replacement)
NI,Weak (<64kt),179,2018219N21088,Standby (Replacement)
NI,Weak (<64kt),180,1992155N10070,Standby (Replacement)
NI,Weak (<64kt),181,1985218N21088,Standby (Replacement)
NI,Weak (<64kt),182,1982287N13091,Standby (Replacement)
NI,Weak (<64kt),183,1996296N09093,Standby (Replacement)
NI,Weak (<64kt),184,2019335N05058,Standby (Replacement)
NI,Weak (<64kt),185,1998299N11090,Standby (Replacement)
NI,Weak (<64kt),186,2002327N10089,Standby (Replacement)
NI,Weak (<64kt),187,2024258N22091,Standby (Replacement)
NI,Weak (<64kt),188,2016138N10081,Standby (Replacement)
NI,Weak (<64kt),189,2000236N17084,Standby (Replacement)
NI,Weak (<64kt),190,2020296N19087,Standby (Replacement)
NI,Weak (<64kt),191,2018227N20086,Standby (Replacement)
NI,Weak (<64kt),192,1993312N06079,Standby (Replacement)
NI,Weak (<64kt),193,2010286N18090,Standby (Replacement)
NI,Weak (<64kt),194,2022197N22069,Standby (Replacement)
NI,Weak (<64kt),195,2011265N21088,Standby (Replacement)
NI,Weak (<64kt),196,2009247N19089,Standby (Replacement)
NI,Weak (<64kt),197,1986006N03087,Standby (Replacement)
NI,Weak (<64kt),198,2016230N21089,Standby (Replacement)
NI,Weak (<64kt),199,2009174N18072,Standby (Replacement)
NI,Weak (<64kt),200,2008317N11089,Standby (Replacement)
NI,Weak (<64kt),201,2003345N05092,Standby (Replacement)
NI,Weak (<64kt),202,1982332N07088,Standby (Replacement)
NI,Weak (<64kt),203,2008329N09082,Standby (Replacement)
NI,Weak (<64kt),204,2012357N09064,Standby (Replacement)
NI,Weak (<64kt),205,2015157N13069,Standby (Replacement)
NI,Weak (<64kt),206,1982230N21088,Standby (Replacement)
NI,Weak (<64kt),207,1992136N10090,Standby (Replacement)
NI,Weak (<64kt),208,2016335N07088,Standby (Replacement)
NI,Weak (<64kt),209,2006262N19069,Standby (Replacement)
NI,Weak (<64kt),210,2008293N09060,Standby (Replacement)
NI,Weak (<64kt),211,2022226N22088,Standby (Replacement)
NI,Weak (<64kt),212,2016222N22089,Standby (Replacement)
NI,Weak (<64kt),213,2017319N15083,Standby (Replacement)
NI,Weak (<64kt),214,2020291N18069,Standby (Replacement)
NI,Weak (<64kt),215,2020150N17054,Standby (Replacement)
NI,Weak (<64kt),216,2018161N22092,Standby (Replacement)
NI,Weak (<64kt),217,2014003N08086,Standby (Replacement)
NI,Weak (<64kt),218,1991150N14091,Standby (Replacement)
NI,Weak (<64kt),219,1986311N12072,Standby (Replacement)
NI,Weak (<64kt),220,1998287N16083,Standby (Replacement)
NI,Weak (<64kt),221,2022230N18095,Standby (Replacement)
NI,Weak (<64kt),222,1997307N08082,Standby (Replacement)
NI,Weak (<64kt),223,2006182N20088,Standby (Replacement)
NI,Weak (<64kt),224,1991301N10083,Standby (Replacement)
NI,Weak (<64kt),225,1999168N19086,Standby (Replacement)
NI,Weak (<64kt),226,1987150N13095,Standby (Replacement)
NI,Weak (<64kt),227,1996167N16072,Standby (Replacement)
NI,Weak (<64kt),228,1992311N06107,Standby (Replacement)
NI,Weak (<64kt),229,2010136N09057,Standby (Replacement)
NI,Weak (<64kt),230,1983216N23088,Standby (Replacement)
NI,Weak (<64kt),231,2018347N07089,Standby (Replacement)
NI,Weak (<64kt),232,2011160N18070,Standby (Replacement)
NI,Weak (<64kt),233,1992273N12077,Standby (Replacement)
NI,Weak (<64kt),234,2013211N21088,Standby (Replacement)
NI,Weak (<64kt),235,2014216N21089,Standby (Replacement)
NI,Weak (<64kt),236,2010137N10090,Standby (Replacement)
NI,Weak (<64kt),237,2003206N21089,Standby (Replacement)
NI,Weak (<64kt),238,1997240N20087,Standby (Replacement)
NI,Weak (<64kt),239,2013130N04093,Standby (Replacement)
NI,Weak (<64kt),240,2014159N12068,Standby (Replacement)
NI,Weak (<64kt),241,1990280N18091,Standby (Replacement)
NI,Weak (<64kt),242,2017207N24085,Standby (Replacement)
NI,Weak (<64kt),243,1983356N08081,Standby (Replacement)
NI,Weak (<64kt),244,2004256N23089,Standby (Replacement)
NI,Weak (<64kt),245,1994157N17074,Standby (Replacement)
NI,Weak (<64kt),246,2020335N06090,Standby (Replacement)
NI,Weak (<64kt),247,2012297N11067,Standby (Replacement)
NI,Weak (<64kt),248,2022126N07095,Standby (Replacement)
NI,Weak (<64kt),249,2008298N16085,Standby (Replacement)
NI,Weak (<64kt),250,1989228N17086,Standby (Replacement)
NI,Weak (<64kt),251,2022356N09085,Standby (Replacement)
NI,Weak (<64kt),252,1995269N21088,Standby (Replacement)
NI,Weak (<64kt),253,1990232N22089,Standby (Replacement)
NI,Weak (<64kt),254,2021335N08096,Standby (Replacement)
NI,Weak (<64kt),255,1990164N21089,Standby (Replacement)
NI,Weak (<64kt),256,2004281N23087,Standby (Replacement)
NI,Weak (<64kt),257,2018072N05076,Standby (Replacement)
NI,Weak (<64kt),258,1999219N21089,Standby (Replacement)
NI,Weak (<64kt),259,2006264N23087,Standby (Replacement)
NI,Weak (<64kt),260,2013310N06066,Standby (Replacement)
NI,Weak (<64kt),261,2024201N19086,Standby (Replacement)
NI,Weak (<64kt),262,1998280N14069,Standby (Replacement)
NI,Weak (<64kt),263,1990304N08092,Standby (Replacement)
NI,Weak (<64kt),264,1982274N13071,Standby (Replacement)
NI,Weak (<64kt),265,1998165N18088,Standby (Replacement)
NI,Weak (<64kt),266,2005012N04090,Standby (Replacement)
NI,Weak (<64kt),267,1989171N11088,Standby (Replacement)
NI,Weak (<64kt),268,2013305N07141,Standby (Replacement)
NI,Weak (<64kt),269,1982196N20069,Standby (Replacement)
NI,Weak (<64kt),270,1986267N21088,Standby (Replacement)
NI,Weak (<64kt),271,1999031N08092,Standby (Replacement)
NI,Weak (<64kt),272,1983175N18087,Standby (Replacement)
NI,Weak (<64kt),273,2005338N09093,Standby (Replacement)
NI,Weak (<64kt),274,1990320N15076,Standby (Replacement)
NI,Weak (<64kt),275,2011203N24085,Standby (Replacement)
NI,Weak (<64kt),276,1985266N25077,Standby (Replacement)
NI,Weak (<64kt),277,2000289N15089,Standby (Replacement)
NI,Weak (<64kt),278,1996288N09092,Standby (Replacement)
NI,Weak (<64kt),279,2018365N08115,Standby (Replacement)
NI,Weak (<64kt),280,2011310N11066,Standby (Replacement)
NI,Weak (<64kt),281,1986308N11090,Standby (Replacement)
NI,Weak (<64kt),282,2022295N13093,Standby (Replacement)
NI,Weak (<64kt),283,2005210N21088,Standby (Replacement)
NI,Weak (<64kt),284,1988275N18085,Standby (Replacement)
NI,Weak (<64kt),285,2021092N11096,Standby (Replacement)
NI,Weak (<64kt),286,1984213N20089,Standby (Replacement)
NI,Weak (<64kt),287,2019342N09062,Standby (Replacement)
NI,Weak (<64kt),288,1982337N08084,Standby (Replacement)
NI,Weak (<64kt),289,1997216N20091,Standby (Replacement)
NI,Weak (<64kt),290,2002129N08096,Standby (Replacement)
NI,Weak (<64kt),291,2008338N06092,Standby (Replacement)
NI,Weak (<64kt),292,2022079N10093,Standby (Replacement)
NI,Weak (<64kt),293,1983171N20071,Standby (Replacement)
NI,Weak (<64kt),294,2015280N13071,Standby (Replacement)
NI,Weak (<64kt),295,1997232N20088,Standby (Replacement)
NI,Weak (<64kt),296,2009201N21089,Standby (Replacement)
NI,Weak (<64kt),297,1985282N12090,Standby (Replacement)
NI,Weak (<64kt),298,2022062N06085,Standby (Replacement)
NI,Weak (<64kt),299,1985287N13093,Standby (Replacement)
NI,Weak (<64kt),300,2008157N16066,Standby (Replacement)
NI,Weak (<64kt),301,1987287N12089,Standby (Replacement)
NI,Weak (<64kt),302,1982237N26080,Standby (Replacement)
NI,Weak (<64kt),303,1996163N08088,Standby (Replacement)
NI,Weak (<64kt),304,2006247N21089,Standby (Replacement)
NI,Weak (<64kt),305,2002314N12083,Standby (Replacement)
NI,Weak (<64kt),306,2024145N14087,Standby (Replacement)
NI,Weak (<64kt),307,1986231N21088,Standby (Replacement)
NI,Weak (<64kt),308,1984158N18068,Standby (Replacement)
NI,Weak (<64kt),309,2020285N15087,Standby (Replacement)
NI,Weak (<64kt),310,2005260N20091,Standby (Replacement)
NI,Weak (<64kt),311,2023273N16073,Standby (Replacement)
NI,Weak (<64kt),312,1997298N06140,Standby (Replacement)
NI,Weak (<64kt),313,2015209N26072,Standby (Replacement)
NI,Weak (<64kt),314,1982333N09067,Standby (Replacement)
NI,Weak (<64kt),315,2002355N04077,Standby (Replacement)
NI,Weak (<64kt),316,2009176N23069,Standby (Replacement)
NI,Weak (<64kt),317,1985316N13081,Standby (Replacement)
NI,Weak (<64kt),318,1995135N20087,Standby (Replacement)
NI,Weak (<64kt),319,2002126N09068,Standby (Replacement)
NI,Moderate (64-95kt),1,2023293N12089,Selected
NI,Moderate (64-95kt),2,2018136N11054,Selected
NI,Moderate (64-95kt),3,1982150N13087,Selected
NI,Moderate (64-95kt),4,2018314N12093,Selected
NI,Moderate (64-95kt),5,2020327N08086,Selected
NI,Moderate (64-95kt),6,1982309N12066,Selected
NI,Moderate (64-95kt),7,1998152N11075,Selected
NI,Moderate (64-95kt),8,1998320N10102,Selected
NI,Moderate (64-95kt),9,2019264N19071,Selected
NI,Moderate (64-95kt),10,2015309N14067,Selected
NI,Moderate (64-95kt),11,2023292N11063,Selected
NI,Moderate (64-95kt),12,1993331N07108,Selected
NI,Moderate (64-95kt),13,1994317N07070,Selected
NI,Moderate (64-95kt),14,2010151N14065,Selected
NI,Moderate (64-95kt),15,2013324N07103,Selected
NI,Moderate (64-95kt),16,1983309N10091,Selected
NI,Moderate (64-95kt),17,2021143N15090,Standby (Replacement)
NI,Moderate (64-95kt),18,2008117N11090,Standby (Replacement)
NI,Moderate (64-95kt),19,2023156N10067,Standby (Replacement)
NI,Moderate (64-95kt),20,2003129N05091,Standby (Replacement)
NI,Moderate (64-95kt),21,2020326N11063,Standby (Replacement)
NI,Moderate (64-95kt),22,1995310N09096,Standby (Replacement)
NI,Moderate (64-95kt),23,2017333N06082,Standby (Replacement)
NI,Moderate (64-95kt),24,2011360N09088,Standby (Replacement)
NI,Moderate (64-95kt),25,2000358N08086,Standby (Replacement)
NI,Moderate (64-95kt),26,2013339N09084,Standby (Replacement)
NI,Moderate (64-95kt),27,2018279N11069,Standby (Replacement)
NI,Moderate (64-95kt),28,1984285N17089,Standby (Replacement)
NI,Moderate (64-95kt),29,2019160N11073,Standby (Replacement)
NI,Moderate (64-95kt),30,2016341N08092,Standby (Replacement)
NI,Moderate (64-95kt),31,1996332N09092,Standby (Replacement)
NI,Moderate (64-95kt),32,1998317N11087,Standby (Replacement)
NI,Moderate (64-95kt),33,1985142N16089,Standby (Replacement)
NI,Moderate (64-95kt),34,1993316N11070,Standby (Replacement)
NI,Moderate (64-95kt),35,2018281N14088,Standby (Replacement)
NI,Moderate (64-95kt),36,1996306N15097,Standby (Replacement)
NI,Moderate (64-95kt),37,1997133N03092,Standby (Replacement)
NI,Moderate (64-95kt),38,1987030N06089,Standby (Replacement)
NI,Moderate (64-95kt),39,2004136N15090,Standby (Replacement)
NI,Moderate (64-95kt),40,2019302N11118,Standby (Replacement)
NI,Moderate (64-95kt),41,1999288N15093,Standby (Replacement)
NI,Intense (>=96kt),1,1994117N07096,Selected
NI,Intense (>=96kt),2,1989143N17090,Selected
NI,Intense (>=96kt),3,1999298N12099,Selected
NI,Intense (>=96kt),4,1995323N05097,Selected
NI,Intense (>=96kt),5,1988327N06100,Selected
NI,Intense (>=96kt),6,2015301N11065,Selected
NI,Intense (>=96kt),7,2019296N15066,Selected
NI,Intense (>=96kt),8,2019116N02090,Selected
NI,Intense (>=96kt),9,2006114N08090,Selected
NI,Intense (>=96kt),10,2013281N12098,Selected
NI,Intense (>=96kt),11,1999135N12073,Selected
NI,Intense (>=96kt),12,2007314N10093,Standby (Replacement)
NI,Intense (>=96kt),13,2000331N09092,Standby (Replacement)
NI,Intense (>=96kt),14,2007151N14072,Standby (Replacement)
NI,Intense (>=96kt),15,2019301N05081,Standby (Replacement)
NI,Intense (>=96kt),16,1991113N10091,Standby (Replacement)
NI,Intense (>=96kt),17,2020136N10088,Standby (Replacement)
NI,Intense (>=96kt),18,1984314N09088,Standby (Replacement)
NI,Intense (>=96kt),19,2023129N08091,Standby (Replacement)
NI,Intense (>=96kt),20,1992314N08141,Standby (Replacement)
NI,Intense (>=96kt),21,2014279N11096,Standby (Replacement)
NI,Intense (>=96kt),22,2001141N14068,Standby (Replacement)
NI,Intense (>=96kt),23,1984332N08086,Standby (Replacement)
NI,Intense (>=96kt),24,2021133N10071,Standby (Replacement)
NI,Intense (>=96kt),25,1982120N11083,Standby (Replacement)
NI,Intense (>=96kt),26,2010293N17093,Standby (Replacement)
NI,Intense (>=96kt),27,1989305N07105,Standby (Replacement)
NI,Intense (>=96kt),28,1990124N09088,Standby (Replacement)
NI,Intense (>=96kt),29,2014297N11062,Standby (Replacement)
SI,Weak (<64kt),1,1990065S07083,Selected
SI,Weak (<64kt),2,2000075S17119,Selected
SI,Weak (<64kt),3,1993056S21051,Selected
SI,Weak (<64kt),4,1999015S20036,Selected
SI,Weak (<64kt),5,2022114S12100,Selected
SI,Weak (<64kt),6,1991046S15122,Selected
SI,Weak (<64kt),7,2017060S09139,Selected
SI,Weak (<64kt),8,1989010S15063,Selected
SI,Weak (<64kt),9,2001039S13117,Selected
SI,Weak (<64kt),10,2020355S11065,Selected
SI,Weak (<64kt),11,2008290S05071,Selected
SI,Weak (<64kt),12,1992048S18067,Selected
SI,Weak (<64kt),13,2002247S03067,Selected
SI,Weak (<64kt),14,2022008S13148,Selected
SI,Weak (<64kt),15,2017332S08098,Selected
SI,Weak (<64kt),16,1994362S11054,Selected
SI,Weak (<64kt),17,1988138S07092,Selected
SI,Weak (<64kt),18,2021018S11133,Standby (Replacement)
SI,Weak (<64kt),19,1993016S16042,Standby (Replacement)
SI,Weak (<64kt),20,1997018S10074,Standby (Replacement)
SI,Weak (<64kt),21,1982043S12104,Standby (Replacement)
SI,Weak (<64kt),22,2024359S13097,Standby (Replacement)
SI,Weak (<64kt),23,1986070S13082,Standby (Replacement)
SI,Weak (<64kt),24,1982035S13141,Standby (Replacement)
SI,Weak (<64kt),25,1984038S12073,Standby (Replacement)
SI,Weak (<64kt),26,2006364S12058,Standby (Replacement)
SI,Weak (<64kt),27,1992269S05087,Standby (Replacement)
SI,Weak (<64kt),28,2022116S14102,Standby (Replacement)
SI,Weak (<64kt),29,1982054S23052,Standby (Replacement)
SI,Weak (<64kt),30,1982334S09060,Standby (Replacement)
SI,Weak (<64kt),31,1998016S12043,Standby (Replacement)
SI,Weak (<64kt),32,1992361S23039,Standby (Replacement)
SI,Weak (<64kt),33,2017329S10110,Standby (Replacement)
SI,Weak (<64kt),34,2017119S08103,Standby (Replacement)
SI,Weak (<64kt),35,2000060S12086,Standby (Replacement)
SI,Weak (<64kt),36,1981306S03096,Standby (Replacement)
SI,Weak (<64kt),37,1998046S19070,Standby (Replacement)
SI,Weak (<64kt),38,2005035S15118,Standby (Replacement)
SI,Weak (<64kt),39,1989056S23039,Standby (Replacement)
SI,Weak (<64kt),40,2004068S13089,Standby (Replacement)
SI,Weak (<64kt),41,1990024S14117,Standby (Replacement)
SI,Weak (<64kt),42,2025029S25043,Standby (Replacement)
SI,Weak (<64kt),43,1980347S11122,Standby (Replacement)
SI,Weak (<64kt),44,2010143S20035,Standby (Replacement)
SI,Weak (<64kt),45,2011358S11132,Standby (Replacement)
SI,Weak (<64kt),46,1985042S18060,Standby (Replacement)
SI,Weak (<64kt),47,2006055S10138,Standby (Replacement)
SI,Weak (<64kt),48,2009024S17123,Standby (Replacement)
SI,Weak (<64kt),49,2010032S20042,Standby (Replacement)
SI,Weak (<64kt),50,2022046S15095,Standby (Replacement)
SI,Weak (<64kt),51,2013020S17124,Standby (Replacement)
SI,Weak (<64kt),52,1987340S07095,Standby (Replacement)
SI,Weak (<64kt),53,1980355S10117,Standby (Replacement)
SI,Weak (<64kt),54,2015064S14052,Standby (Replacement)
SI,Weak (<64kt),55,1994365S06063,Standby (Replacement)
SI,Weak (<64kt),56,1995074S16068,Standby (Replacement)
SI,Weak (<64kt),57,2025064S05095,Standby (Replacement)
SI,Weak (<64kt),58,1983173S11056,Standby (Replacement)
SI,Weak (<64kt),59,2020034S13063,Standby (Replacement)
SI,Weak (<64kt),60,2006330S06049,Standby (Replacement)
SI,Weak (<64kt),61,2018073S12057,Standby (Replacement)
SI,Weak (<64kt),62,1985356S20040,Standby (Replacement)
SI,Weak (<64kt),63,1982355S09060,Standby (Replacement)
SI,Weak (<64kt),64,2022072S11107,Standby (Replacement)
SI,Weak (<64kt),65,2006017S15126,Standby (Replacement)
SI,Weak (<64kt),66,1983010S08049,Standby (Replacement)
SI,Weak (<64kt),67,2004058S13142,Standby (Replacement)
SI,Weak (<64kt),68,1987096S11144,Standby (Replacement)
SI,Weak (<64kt),69,1989309S07100,Standby (Replacement)
SI,Weak (<64kt),70,1990102S11092,Standby (Replacement)
SI,Weak (<64kt),71,1984016S15073,Standby (Replacement)
SI,Weak (<64kt),72,1996361S12060,Standby (Replacement)
SI,Weak (<64kt),73,2005079S10067,Standby (Replacement)
SI,Weak (<64kt),74,1984337S11082,Standby (Replacement)
SI,Weak (<64kt),75,1993096S11101,Standby (Replacement)
SI,Weak (<64kt),76,1984041S17042,Standby (Replacement)
SI,Weak (<64kt),77,2015068S12151,Standby (Replacement)
SI,Weak (<64kt),78,2002128S05097,Standby (Replacement)
SI,Weak (<64kt),79,2002098S07133,Standby (Replacement)
SI,Weak (<64kt),80,2003056S17119,Standby (Replacement)
SI,Weak (<64kt),81,2001031S13072,Standby (Replacement)
SI,Weak (<64kt),82,2022055S13129,Standby (Replacement)
SI,Weak (<64kt),83,1985043S16042,Standby (Replacement)
SI,Weak (<64kt),84,2021097S10090,Standby (Replacement)
SI,Weak (<64kt),85,2016020S14078,Standby (Replacement)
SI,Weak (<64kt),86,2007360S10116,Standby (Replacement)
SI,Weak (<64kt),87,2025107S30034,Standby (Replacement)
SI,Weak (<64kt),88,1989060S09097,Standby (Replacement)
SI,Weak (<64kt),89,1982353S13064,Standby (Replacement)
SI,Weak (<64kt),90,2017079S13122,Standby (Replacement)
SI,Weak (<64kt),91,1987019S12140,Standby (Replacement)
SI,Weak (<64kt),92,1991105S12103,Standby (Replacement)
SI,Weak (<64kt),93,2021358S09130,Standby (Replacement)
SI,Weak (<64kt),94,2011102S26048,Standby (Replacement)
SI,Weak (<64kt),95,1991089S18052,Standby (Replacement)
SI,Weak (<64kt),96,2001045S14142,Standby (Replacement)
SI,Weak (<64kt),97,1980009S14066,Standby (Replacement)
SI,Weak (<64kt),98,2022276S05090,Standby (Replacement)
SI,Weak (<64kt),99,2003004S10136,Standby (Replacement)
SI,Weak (<64kt),100,2010091S09093,Standby (Replacement)
SI,Weak (<64kt),101,1999029S14096,Standby (Replacement)
SI,Weak (<64kt),102,1990343S10128,Standby (Replacement)
SI,Weak (<64kt),103,2014319S06066,Standby (Replacement)
SI,Weak (<64kt),104,1987036S15066,Standby (Replacement)
SI,Weak (<64kt),105,1988012S11061,Standby (Replacement)
SI,Weak (<64kt),106,2007363S20043,Standby (Replacement)
SI,Weak (<64kt),107,1984005S15044,Standby (Replacement)
SI,Weak (<64kt),108,1994087S10115,Standby (Replacement)
SI,Weak (<64kt),109,1998357S11101,Standby (Replacement)
SI,Weak (<64kt),110,1996339S03094,Standby (Replacement)
SI,Weak (<64kt),111,2014034S14058,Standby (Replacement)
SI,Weak (<64kt),112,1980002S15081,Standby (Replacement)
SI,Weak (<64kt),113,1991360S13058,Standby (Replacement)
SI,Weak (<64kt),114,2000103S10095,Standby (Replacement)
SI,Weak (<64kt),115,2002040S14130,Standby (Replacement)
SI,Weak (<64kt),116,1989346S10133,Standby (Replacement)
SI,Weak (<64kt),117,2017025S16128,Standby (Replacement)
SI,Weak (<64kt),118,2006049S16051,Standby (Replacement)
SI,Weak (<64kt),119,2011073S11089,Standby (Replacement)
SI,Weak (<64kt),120,1993327S07093,Standby (Replacement)
SI,Weak (<64kt),121,2019126S05129,Standby (Replacement)
SI,Weak (<64kt),122,1984020S11077,Standby (Replacement)
SI,Weak (<64kt),123,1986018S14108,Standby (Replacement)
SI,Weak (<64kt),124,1992054S14044,Standby (Replacement)
SI,Weak (<64kt),125,1990334S08078,Standby (Replacement)
SI,Weak (<64kt),126,1982036S16060,Standby (Replacement)
SI,Weak (<64kt),127,2003021S11081,Standby (Replacement)
SI,Weak (<64kt),128,2006060S13058,Standby (Replacement)
SI,Weak (<64kt),129,2024044S15134,Standby (Replacement)
SI,Weak (<64kt),130,2012325S09084,Standby (Replacement)
SI,Weak (<64kt),131,2012156S07066,Standby (Replacement)
SI,Weak (<64kt),132,1992292S09083,Standby (Replacement)
SI,Weak (<64kt),133,2022110S12051,Standby (Replacement)
SI,Weak (<64kt),134,1991324S08074,Standby (Replacement)
SI,Weak (<64kt),135,2014032S13123,Standby (Replacement)
SI,Weak (<64kt),136,2016039S14061,Standby (Replacement)
SI,Weak (<64kt),137,1981335S16139,Standby (Replacement)
SI,Weak (<64kt),138,1998064S09093,Standby (Replacement)
SI,Weak (<64kt),139,2009008S13069,Standby (Replacement)
SI,Weak (<64kt),140,2007352S12088,Standby (Replacement)
SI,Weak (<64kt),141,2017065S14079,Standby (Replacement)
SI,Weak (<64kt),142,2014036S12073,Standby (Replacement)
SI,Weak (<64kt),143,2022268S09088,Standby (Replacement)
SI,Weak (<64kt),144,2008058S15131,Standby (Replacement)
SI,Weak (<64kt),145,2004312S05085,Standby (Replacement)
SI,Weak (<64kt),146,2018007S13130,Standby (Replacement)
SI,Weak (<64kt),147,1995064S13055,Standby (Replacement)
SI,Weak (<64kt),148,2013009S11084,Standby (Replacement)
SI,Weak (<64kt),149,2009107S07133,Standby (Replacement)
SI,Weak (<64kt),150,1997056S15041,Standby (Replacement)
SI,Weak (<64kt),151,2007322S06075,Standby (Replacement)
SI,Weak (<64kt),152,2005015S06089,Standby (Replacement)
SI,Weak (<64kt),153,2016277S30044,Standby (Replacement)
SI,Weak (<64kt),154,2014344S09102,Standby (Replacement)
SI,Weak (<64kt),155,1996289S05093,Standby (Replacement)
SI,Weak (<64kt),156,1992039S14063,Standby (Replacement)
SI,Weak (<64kt),157,1987358S10070,Standby (Replacement)
SI,Weak (<64kt),158,2023054S19117,Standby (Replacement)
SI,Weak (<64kt),159,1998073S11065,Standby (Replacement)
SI,Weak (<64kt),160,1995064S13042,Standby (Replacement)
SI,Weak (<64kt),161,1988019S24044,Standby (Replacement)
SI,Weak (<64kt),162,1986005S15043,Standby (Replacement)
SI,Weak (<64kt),163,1985026S16126,Standby (Replacement)
SI,Weak (<64kt),164,2015355S16136,Standby (Replacement)
SI,Weak (<64kt),165,1991008S09078,Standby (Replacement)
SI,Weak (<64kt),166,1994064S15052,Standby (Replacement)
SI,Weak (<64kt),167,1981363S10079,Standby (Replacement)
SI,Weak (<64kt),168,1989047S13079,Standby (Replacement)
SI,Weak (<64kt),169,1980024S11076,Standby (Replacement)
SI,Weak (<64kt),170,1980005S11059,Standby (Replacement)
SI,Weak (<64kt),171,2011088S10133,Standby (Replacement)
SI,Weak (<64kt),172,2010302S08098,Standby (Replacement)
SI,Weak (<64kt),173,2015323S05080,Standby (Replacement)
SI,Weak (<64kt),174,2020022S17043,Standby (Replacement)
SI,Weak (<64kt),175,2004041S14147,Standby (Replacement)
SI,Weak (<64kt),176,1982030S15065,Standby (Replacement)
SI,Weak (<64kt),177,2004028S06090,Standby (Replacement)
SI,Weak (<64kt),178,1997008S16093,Standby (Replacement)
SI,Weak (<64kt),179,1996067S16138,Standby (Replacement)
SI,Weak (<64kt),180,1992060S18061,Standby (Replacement)
SI,Weak (<64kt),181,2007315S05095,Standby (Replacement)
SI,Weak (<64kt),182,2012362S13116,Standby (Replacement)
SI,Weak (<64kt),183,1994067S14109,Standby (Replacement)
SI,Weak (<64kt),184,1992055S17053,Standby (Replacement)
SI,Weak (<64kt),185,2010084S09138,Standby (Replacement)
SI,Weak (<64kt),186,1980349S09100,Standby (Replacement)
SI,Weak (<64kt),187,1993023S14120,Standby (Replacement)
SI,Weak (<64kt),188,1995363S17051,Standby (Replacement)
SI,Weak (<64kt),189,2005006S09099,Standby (Replacement)
SI,Weak (<64kt),190,1991285S08064,Standby (Replacement)
SI,Weak (<64kt),191,1986017S12131,Standby (Replacement)
SI,Weak (<64kt),192,2005089S10085,Standby (Replacement)
SI,Weak (<64kt),193,2006365S12114,Standby (Replacement)
SI,Weak (<64kt),194,2009017S15059,Standby (Replacement)
SI,Weak (<64kt),195,2012042S12110,Standby (Replacement)
SI,Weak (<64kt),196,2003272S05066,Standby (Replacement)
SI,Weak (<64kt),197,2004365S13120,Standby (Replacement)
SI,Weak (<64kt),198,2021062S18040,Standby (Replacement)
SI,Weak (<64kt),199,2013051S12102,Standby (Replacement)
SI,Weak (<64kt),200,1982043S12073,Standby (Replacement)
SI,Weak (<64kt),201,1990005S13112,Standby (Replacement)
SI,Weak (<64kt),202,1996025S14125,Standby (Replacement)
SI,Weak (<64kt),203,2012071S10132,Standby (Replacement)
SI,Weak (<64kt),204,1982031S20048,Standby (Replacement)
SI,Weak (<64kt),205,2025024S11082,Standby (Replacement)
SI,Weak (<64kt),206,2000031S11074,Standby (Replacement)
SI,Weak (<64kt),207,2009059S10101,Standby (Replacement)
SI,Weak (<64kt),208,2006057S12114,Standby (Replacement)
SI,Weak (<64kt),209,2019023S21041,Standby (Replacement)
SI,Weak (<64kt),210,2015024S11090,Standby (Replacement)
SI,Weak (<64kt),211,1982027S16120,Standby (Replacement)
SI,Weak (<64kt),212,2016195S06076,Standby (Replacement)
SI,Weak (<64kt),213,1996043S07053,Standby (Replacement)
SI,Weak (<64kt),214,1998096S13071,Standby (Replacement)
SI,Weak (<64kt),215,1994047S17041,Standby (Replacement)
SI,Weak (<64kt),216,2012017S10074,Standby (Replacement)
SI,Weak (<64kt),217,2016353S11130,Standby (Replacement)
SI,Weak (<64kt),218,2008079S12069,Standby (Replacement)
SI,Weak (<64kt),219,2005022S14112,Standby (Replacement)
SI,Weak (<64kt),220,1986056S09130,Standby (Replacement)
SI,Weak (<64kt),221,2003007S10072,Standby (Replacement)
SI,Weak (<64kt),222,1992331S11082,Standby (Replacement)
SI,Weak (<64kt),223,2021005S10101,Standby (Replacement)
SI,Weak (<64kt),224,1986007S11055,Standby (Replacement)
SI,Weak (<64kt),225,2022305S04091,Standby (Replacement)
SI,Weak (<64kt),226,1992058S15060,Standby (Replacement)
SI,Weak (<64kt),227,2024022S16058,Standby (Replacement)
SI,Weak (<64kt),228,2003035S10099,Standby (Replacement)
SI,Weak (<64kt),229,2018117S07098,Standby (Replacement)
SI,Weak (<64kt),230,2012056S13057,Standby (Replacement)
SI,Weak (<64kt),231,1995020S20038,Standby (Replacement)
SI,Weak (<64kt),232,2020069S11113,Standby (Replacement)
SI,Weak (<64kt),233,2008348S10077,Standby (Replacement)
SI,Weak (<64kt),234,2005026S20040,Standby (Replacement)
SI,Weak (<64kt),235,1984325S15052,Standby (Replacement)
SI,Weak (<64kt),236,1993312S06080,Standby (Replacement)
SI,Weak (<64kt),237,2022355S10128,Standby (Replacement)
SI,Weak (<64kt),238,2024274S09075,Standby (Replacement)
SI,Weak (<64kt),239,2012024S15116,Standby (Replacement)
SI,Weak (<64kt),240,1984053S30068,Standby (Replacement)
SI,Weak (<64kt),241,2001005S12136,Standby (Replacement)
SI,Weak (<64kt),242,1986052S13114,Standby (Replacement)
SI,Weak (<64kt),243,2021093S10103,Standby (Replacement)
SI,Weak (<64kt),244,2024049S17052,Standby (Replacement)
SI,Weak (<64kt),245,2013324S11113,Standby (Replacement)
SI,Weak (<64kt),246,1991053S21040,Standby (Replacement)
SI,Weak (<64kt),247,1993059S20052,Standby (Replacement)
SI,Weak (<64kt),248,2018313S05090,Standby (Replacement)
SI,Weak (<64kt),249,1993362S12130,Standby (Replacement)
SI,Weak (<64kt),250,1992061S19061,Standby (Replacement)
SI,Weak (<64kt),251,1985009S11072,Standby (Replacement)
SI,Weak (<64kt),252,2009346S07086,Standby (Replacement)
SI,Weak (<64kt),253,1998279S10092,Standby (Replacement)
SI,Weak (<64kt),254,1985078S14138,Standby (Replacement)
SI,Weak (<64kt),255,1998064S13061,Standby (Replacement)
SI,Weak (<64kt),256,2015036S20038,Standby (Replacement)
SI,Weak (<64kt),257,2020104S12091,Standby (Replacement)
SI,Weak (<64kt),258,2019019S13106,Standby (Replacement)
SI,Weak (<64kt),259,2012010S24049,Standby (Replacement)
SI,Weak (<64kt),260,1996122S05093,Standby (Replacement)
SI,Weak (<64kt),261,1996049S13042,Standby (Replacement)
SI,Weak (<64kt),262,1996357S10136,Standby (Replacement)
SI,Weak (<64kt),263,2015050S11094,Standby (Replacement)
SI,Weak (<64kt),264,2009034S16126,Standby (Replacement)
SI,Weak (<64kt),265,1997042S13096,Standby (Replacement)
SI,Weak (<64kt),266,2021323S10103,Standby (Replacement)
SI,Weak (<64kt),267,1984025S14073,Standby (Replacement)
SI,Weak (<64kt),268,1994116S05095,Standby (Replacement)
SI,Weak (<64kt),269,2008319S07086,Standby (Replacement)
SI,Weak (<64kt),270,2015013S18038,Standby (Replacement)
SI,Weak (<64kt),271,1989023S08103,Standby (Replacement)
SI,Weak (<64kt),272,2014048S16039,Standby (Replacement)
SI,Weak (<64kt),273,1993345S08083,Standby (Replacement)
SI,Weak (<64kt),274,2021079S12097,Standby (Replacement)
SI,Weak (<64kt),275,2015342S09079,Standby (Replacement)
SI,Weak (<64kt),276,2003060S13103,Standby (Replacement)
SI,Weak (<64kt),277,1991290S10077,Standby (Replacement)
SI,Weak (<64kt),278,2013296S07079,Standby (Replacement)
SI,Weak (<64kt),279,2007365S15134,Standby (Replacement)
SI,Weak (<64kt),280,2022034S16082,Standby (Replacement)
SI,Weak (<64kt),281,1987031S15124,Standby (Replacement)
SI,Weak (<64kt),282,1982011S07094,Standby (Replacement)
SI,Weak (<64kt),283,1997199S04079,Standby (Replacement)
SI,Weak (<64kt),284,2001039S11139,Standby (Replacement)
SI,Weak (<64kt),285,2014093S11085,Standby (Replacement)
SI,Weak (<64kt),286,2010110S10118,Standby (Replacement)
SI,Weak (<64kt),287,2022208S08092,Standby (Replacement)
SI,Weak (<64kt),288,2021013S12099,Standby (Replacement)
SI,Weak (<64kt),289,2025086S14121,Standby (Replacement)
SI,Weak (<64kt),290,1990101S07048,Standby (Replacement)
SI,Weak (<64kt),291,2014030S14129,Standby (Replacement)
SI,Weak (<64kt),292,1991352S08066,Standby (Replacement)
SI,Weak (<64kt),293,2001106S08137,Standby (Replacement)
SI,Weak (<64kt),294,2016087S13073,Standby (Replacement)
SI,Weak (<64kt),295,1980010S20043,Standby (Replacement)
SI,Weak (<64kt),296,2020052S13140,Standby (Replacement)
SI,Weak (<64kt),297,2010363S15133,Standby (Replacement)
SI,Weak (<64kt),298,1999357S08076,Standby (Replacement)
SI,Weak (<64kt),299,1988125S10071,Standby (Replacement)
SI,Weak (<64kt),300,1990032S11059,Standby (Replacement)
SI,Weak (<64kt),301,2003067S13130,Standby (Replacement)
SI,Weak (<64kt),302,1999343S09095,Standby (Replacement)
SI,Weak (<64kt),303,2001054S15155,Standby (Replacement)
SI,Weak (<64kt),304,2007037S19050,Standby (Replacement)
SI,Weak (<64kt),305,1993061S14042,Standby (Replacement)
SI,Weak (<64kt),306,2008356S14138,Standby (Replacement)
SI,Weak (<64kt),307,1994275S05062,Standby (Replacement)
SI,Weak (<64kt),308,2014015S16043,Standby (Replacement)
SI,Weak (<64kt),309,1986036S10082,Standby (Replacement)
SI,Weak (<64kt),310,2024328S09096,Standby (Replacement)
SI,Weak (<64kt),311,1985040S17054,Standby (Replacement)
SI,Weak (<64kt),312,1989094S05086,Standby (Replacement)
SI,Weak (<64kt),313,2020332S11091,Standby (Replacement)
SI,Weak (<64kt),314,2022054S14085,Standby (Replacement)
SI,Weak (<64kt),315,1987040S19051,Standby (Replacement)
SI,Weak (<64kt),316,1991156S07084,Standby (Replacement)
SI,Weak (<64kt),317,1987016S13066,Standby (Replacement)
SI,Weak (<64kt),318,2022042S12063,Standby (Replacement)
SI,Weak (<64kt),319,2022126S06088,Standby (Replacement)
SI,Weak (<64kt),320,1998022S15143,Standby (Replacement)
SI,Weak (<64kt),321,2019093S07133,Standby (Replacement)
SI,Weak (<64kt),322,2000058S14063,Standby (Replacement)
SI,Weak (<64kt),323,1999043S18038,Standby (Replacement)
SI,Weak (<64kt),324,1996002S15133,Standby (Replacement)
SI,Weak (<64kt),325,2017081S10096,Standby (Replacement)
SI,Weak (<64kt),326,2010066S19050,Standby (Replacement)
SI,Weak (<64kt),327,1993051S14046,Standby (Replacement)
SI,Weak (<64kt),328,2002364S16045,Standby (Replacement)
SI,Weak (<64kt),329,1997359S12129,Standby (Replacement)
SI,Weak (<64kt),330,1984002S14108,Standby (Replacement)
SI,Weak (<64kt),331,2000045S14100,Standby (Replacement)
SI,Weak (<64kt),332,1996348S09108,Standby (Replacement)
SI,Weak (<64kt),333,2021334S07101,Standby (Replacement)
SI,Weak (<64kt),334,2019018S24033,Standby (Replacement)
SI,Weak (<64kt),335,2001091S13094,Standby (Replacement)
SI,Weak (<64kt),336,1999071S15087,Standby (Replacement)
SI,Weak (<64kt),337,2022102S29032,Standby (Replacement)
SI,Weak (<64kt),338,1986007S09098,Standby (Replacement)
SI,Weak (<64kt),339,2001171S35037,Standby (Replacement)
SI,Weak (<64kt),340,2008034S12103,Standby (Replacement)
SI,Weak (<64kt),341,2020023S19056,Standby (Replacement)
SI,Weak (<64kt),342,1984077S12149,Standby (Replacement)
SI,Weak (<64kt),343,2007346S12073,Standby (Replacement)
SI,Weak (<64kt),344,1983353S06130,Standby (Replacement)
SI,Weak (<64kt),345,2024073S14128,Standby (Replacement)
SI,Weak (<64kt),346,2006094S08087,Standby (Replacement)
SI,Weak (<64kt),347,1985034S12082,Standby (Replacement)
SI,Weak (<64kt),348,1986049S18043,Standby (Replacement)
SI,Weak (<64kt),349,2001093S10062,Standby (Replacement)
SI,Weak (<64kt),350,1996190S07096,Standby (Replacement)
SI,Weak (<64kt),351,2001298S07098,Standby (Replacement)
SI,Weak (<64kt),352,2021028S15128,Standby (Replacement)
SI,Weak (<64kt),353,1992352S11100,Standby (Replacement)
SI,Weak (<64kt),354,2004243S03088,Standby (Replacement)
SI,Weak (<64kt),355,2009051S11075,Standby (Replacement)
SI,Weak (<64kt),356,1995336S10106,Standby (Replacement)
SI,Weak (<64kt),357,1984066S12151,Standby (Replacement)
SI,Weak (<64kt),358,2025106S10135,Standby (Replacement)
SI,Weak (<64kt),359,2022020S13060,Standby (Replacement)
SI,Weak (<64kt),360,2022089S16109,Standby (Replacement)
SI,Weak (<64kt),361,2025076S13107,Standby (Replacement)
SI,Weak (<64kt),362,1982300S09056,Standby (Replacement)
SI,Weak (<64kt),363,2016354S15116,Standby (Replacement)
SI,Weak (<64kt),364,1998032S18036,Standby (Replacement)
SI,Weak (<64kt),365,1980010S22048,Standby (Replacement)
SI,Weak (<64kt),366,2008323S08089,Standby (Replacement)
SI,Weak (<64kt),367,1986095S11105,Standby (Replacement)
SI,Weak (<64kt),368,2020005S13121,Standby (Replacement)
SI,Weak (<64kt),369,2014327S08077,Standby (Replacement)
SI,Weak (<64kt),370,2003358S06067,Standby (Replacement)
SI,Weak (<64kt),371,2017360S15124,Standby (Replacement)
SI,Weak (<64kt),372,2000056S17152,Standby (Replacement)
SI,Weak (<64kt),373,2000050S13078,Standby (Replacement)
SI,Weak (<64kt),374,2012006S15043,Standby (Replacement)
SI,Weak (<64kt),375,1989018S10082,Standby (Replacement)
SI,Weak (<64kt),376,1995032S10095,Standby (Replacement)
SI,Weak (<64kt),377,1988076S14056,Standby (Replacement)
SI,Weak (<64kt),378,2020139S04095,Standby (Replacement)
SI,Weak (<64kt),379,1982011S11141,Standby (Replacement)
SI,Weak (<64kt),380,1985025S09073,Standby (Replacement)
SI,Weak (<64kt),381,1996228S05084,Standby (Replacement)
SI,Weak (<64kt),382,2025008S13107,Standby (Replacement)
SI,Weak (<64kt),383,2018348S08093,Standby (Replacement)
SI,Weak (<64kt),384,1989080S16066,Standby (Replacement)
SI,Weak (<64kt),385,1991046S18150,Standby (Replacement)
SI,Weak (<64kt),386,2009082S16039,Standby (Replacement)
SI,Weak (<64kt),387,1981039S14153,Standby (Replacement)
SI,Weak (<64kt),388,2007208S03086,Standby (Replacement)
SI,Weak (<64kt),389,1996078S12072,Standby (Replacement)
SI,Weak (<64kt),390,1987110S27050,Standby (Replacement)
SI,Weak (<64kt),391,2005029S11072,Standby (Replacement)
SI,Weak (<64kt),392,2013128S05086,Standby (Replacement)
SI,Weak (<64kt),393,2000099S28037,Standby (Replacement)
SI,Weak (<64kt),394,2006093S15115,Standby (Replacement)
SI,Weak (<64kt),395,1980021S10090,Standby (Replacement)
SI,Weak (<64kt),396,2007100S22037,Standby (Replacement)
SI,Weak (<64kt),397,1993041S16052,Standby (Replacement)
SI,Weak (<64kt),398,1984062S12131,Standby (Replacement)
SI,Weak (<64kt),399,2010349S18109,Standby (Replacement)
SI,Weak (<64kt),400,2011009S15113,Standby (Replacement)
SI,Weak (<64kt),401,2004125S08084,Standby (Replacement)
SI,Weak (<64kt),402,2001028S15128,Standby (Replacement)
SI,Weak (<64kt),403,1992057S17052,Standby (Replacement)
SI,Weak (<64kt),404,2016027S13119,Standby (Replacement)
SI,Weak (<64kt),405,2023084S11065,Standby (Replacement)
SI,Weak (<64kt),406,2012066S10101,Standby (Replacement)
SI,Weak (<64kt),407,1986007S07080,Standby (Replacement)
SI,Weak (<64kt),408,1996346S09129,Standby (Replacement)
SI,Weak (<64kt),409,2001364S19036,Standby (Replacement)
SI,Weak (<64kt),410,2021020S13107,Standby (Replacement)
SI,Weak (<64kt),411,1982011S12119,Standby (Replacement)
SI,Weak (<64kt),412,1985101S10136,Standby (Replacement)
SI,Weak (<64kt),413,2017097S08134,Standby (Replacement)
SI,Weak (<64kt),414,1981354S12140,Standby (Replacement)
SI,Weak (<64kt),415,1999107S12090,Standby (Replacement)
SI,Weak (<64kt),416,2008111S08096,Standby (Replacement)
SI,Weak (<64kt),417,2001320S11146,Standby (Replacement)
SI,Weak (<64kt),418,2019129S10160,Standby (Replacement)
SI,Weak (<64kt),419,2020366S12073,Standby (Replacement)
SI,Weak (<64kt),420,2009325S12066,Standby (Replacement)
SI,Weak (<64kt),421,2008111S06082,Standby (Replacement)
SI,Weak (<64kt),422,1988304S08077,Standby (Replacement)
SI,Weak (<64kt),423,2018256S07076,Standby (Replacement)
SI,Weak (<64kt),424,2020339S09106,Standby (Replacement)
SI,Weak (<64kt),425,1990130S03081,Standby (Replacement)
SI,Weak (<64kt),426,1994012S09075,Standby (Replacement)
SI,Moderate (64-95kt),1,1981069S12135,Selected
SI,Moderate (64-95kt),2,2008023S10050,Selected
SI,Moderate (64-95kt),3,2007066S12066,Selected
SI,Moderate (64-95kt),4,2003098S23041,Selected
SI,Moderate (64-95kt),5,2013041S10087,Selected
SI,Moderate (64-95kt),6,2023013S08081,Selected
SI,Moderate (64-95kt),7,2020053S12119,Selected
SI,Moderate (64-95kt),8,2025017S18122,Selected
SI,Moderate (64-95kt),9,2020034S17129,Selected
SI,Moderate (64-95kt),10,1993348S13120,Selected
SI,Moderate (64-95kt),11,2002023S10089,Selected
SI,Moderate (64-95kt),12,1996098S13085,Selected
SI,Moderate (64-95kt),13,1984339S05102,Selected
SI,Moderate (64-95kt),14,1995017S10078,Selected
SI,Moderate (64-95kt),15,2004025S16044,Selected
SI,Moderate (64-95kt),16,2013052S13126,Selected
SI,Moderate (64-95kt),17,1988310S08100,Selected
SI,Moderate (64-95kt),18,2003350S10140,Standby (Replacement)
SI,Moderate (64-95kt),19,2003340S07093,Standby (Replacement)
SI,Moderate (64-95kt),20,1990062S13091,Standby (Replacement)
SI,Moderate (64-95kt),21,1996026S14143,Standby (Replacement)
SI,Moderate (64-95kt),22,2000003S13082,Standby (Replacement)
SI,Moderate (64-95kt),23,2007050S16079,Standby (Replacement)
SI,Moderate (64-95kt),24,1983295S08089,Standby (Replacement)
SI,Moderate (64-95kt),25,2014356S08101,Standby (Replacement)
SI,Moderate (64-95kt),26,1984033S12115,Standby (Replacement)
SI,Moderate (64-95kt),27,2013097S06099,Standby (Replacement)
SI,Moderate (64-95kt),28,2024121S07047,Standby (Replacement)
SI,Moderate (64-95kt),29,1984022S08086,Standby (Replacement)
SI,Moderate (64-95kt),30,2019060S10078,Standby (Replacement)
SI,Moderate (64-95kt),31,1998310S10096,Standby (Replacement)
SI,Moderate (64-95kt),32,2013360S12124,Standby (Replacement)
SI,Moderate (64-95kt),33,2009074S10129,Standby (Replacement)
SI,Moderate (64-95kt),34,2007052S10093,Standby (Replacement)
SI,Moderate (64-95kt),35,2018111S07055,Standby (Replacement)
SI,Moderate (64-95kt),36,2017043S19040,Standby (Replacement)
SI,Moderate (64-95kt),37,1998036S13135,Standby (Replacement)
SI,Moderate (64-95kt),38,2011021S16129,Standby (Replacement)
SI,Moderate (64-95kt),39,1982113S06085,Standby (Replacement)
SI,Moderate (64-95kt),40,1983059S13127,Standby (Replacement)
SI,Moderate (64-95kt),41,2008026S11064,Standby (Replacement)
SI,Moderate (64-95kt),42,1999021S13113,Standby (Replacement)
SI,Moderate (64-95kt),43,1989087S11073,Standby (Replacement)
SI,Moderate (64-95kt),44,1995348S15135,Standby (Replacement)
SI,Moderate (64-95kt),45,2023132S03090,Standby (Replacement)
SI,Moderate (64-95kt),46,2009093S12062,Standby (Replacement)
SI,Moderate (64-95kt),47,2013046S20042,Standby (Replacement)
SI,Moderate (64-95kt),48,2002096S10103,Standby (Replacement)
SI,Moderate (64-95kt),49,1986124S05090,Standby (Replacement)
SI,Moderate (64-95kt),50,2012070S17112,Standby (Replacement)
SI,Moderate (64-95kt),51,2015094S10087,Standby (Replacement)
SI,Moderate (64-95kt),52,2015092S18074,Standby (Replacement)
SI,Moderate (64-95kt),53,1980073S09133,Standby (Replacement)
SI,Moderate (64-95kt),54,1983339S10065,Standby (Replacement)
SI,Moderate (64-95kt),55,2023032S12091,Standby (Replacement)
SI,Moderate (64-95kt),56,2011045S17119,Standby (Replacement)
SI,Moderate (64-95kt),57,1996007S10100,Standby (Replacement)
SI,Moderate (64-95kt),58,1996302S07095,Standby (Replacement)
SI,Moderate (64-95kt),59,1984094S10080,Standby (Replacement)
SI,Moderate (64-95kt),60,1994086S08092,Standby (Replacement)
SI,Moderate (64-95kt),61,2004357S06095,Standby (Replacement)
SI,Moderate (64-95kt),62,2013362S09053,Standby (Replacement)
SI,Moderate (64-95kt),63,2019112S04079,Standby (Replacement)
SI,Moderate (64-95kt),64,2003037S12061,Standby (Replacement)
SI,Moderate (64-95kt),65,1986029S13069,Standby (Replacement)
SI,Moderate (64-95kt),66,1991013S04096,Standby (Replacement)
SI,Moderate (64-95kt),67,2019352S14070,Standby (Replacement)
SI,Moderate (64-95kt),68,1982075S12055,Standby (Replacement)
SI,Moderate (64-95kt),69,1994007S16056,Standby (Replacement)
SI,Moderate (64-95kt),70,2011103S12126,Standby (Replacement)
SI,Moderate (64-95kt),71,2001329S06095,Standby (Replacement)
SI,Moderate (64-95kt),72,1984057S14124,Standby (Replacement)
SI,Moderate (64-95kt),73,2025032S14120,Standby (Replacement)
SI,Moderate (64-95kt),74,1995053S14065,Standby (Replacement)
SI,Moderate (64-95kt),75,1990056S11125,Standby (Replacement)
SI,Moderate (64-95kt),76,2022037S10103,Standby (Replacement)
SI,Moderate (64-95kt),77,1991080S06092,Standby (Replacement)
SI,Moderate (64-95kt),78,2024134S07055,Standby (Replacement)
SI,Moderate (64-95kt),79,2024364S13117,Standby (Replacement)
SI,Moderate (64-95kt),80,1989349S08065,Standby (Replacement)
SI,Moderate (64-95kt),81,1990058S16075,Standby (Replacement)
SI,Moderate (64-95kt),82,1993120S10075,Standby (Replacement)
SI,Moderate (64-95kt),83,2012362S08071,Standby (Replacement)
SI,Moderate (64-95kt),84,2018004S09096,Standby (Replacement)
SI,Moderate (64-95kt),85,1994036S09075,Standby (Replacement)
SI,Moderate (64-95kt),86,1988021S12080,Standby (Replacement)
SI,Moderate (64-95kt),87,2018060S13057,Standby (Replacement)
SI,Moderate (64-95kt),88,1985329S09104,Standby (Replacement)
SI,Moderate (64-95kt),89,2003338S09065,Standby (Replacement)
SI,Moderate (64-95kt),90,1987015S16125,Standby (Replacement)
SI,Moderate (64-95kt),91,2020092S12069,Standby (Replacement)
SI,Moderate (64-95kt),92,2018309S06068,Standby (Replacement)
SI,Moderate (64-95kt),93,2017033S14056,Standby (Replacement)
SI,Moderate (64-95kt),94,2024012S12059,Standby (Replacement)
SI,Moderate (64-95kt),95,1991057S10087,Standby (Replacement)
SI,Moderate (64-95kt),96,2022065S16055,Standby (Replacement)
SI,Moderate (64-95kt),97,2002122S07063,Standby (Replacement)
SI,Moderate (64-95kt),98,2021093S11122,Standby (Replacement)
SI,Moderate (64-95kt),99,1986085S13091,Standby (Replacement)
SI,Moderate (64-95kt),100,2018044S10133,Standby (Replacement)
SI,Moderate (64-95kt),101,1997032S17055,Standby (Replacement)
SI,Moderate (64-95kt),102,1995340S10116,Standby (Replacement)
SI,Moderate (64-95kt),103,1992055S11086,Standby (Replacement)
SI,Moderate (64-95kt),104,1999060S10089,Standby (Replacement)
SI,Moderate (64-95kt),105,1983112S10096,Standby (Replacement)
SI,Moderate (64-95kt),106,2021042S23040,Standby (Replacement)
SI,Moderate (64-95kt),107,2005017S09061,Standby (Replacement)
SI,Moderate (64-95kt),108,2013026S13067,Standby (Replacement)
SI,Moderate (64-95kt),109,2001003S09091,Standby (Replacement)
SI,Moderate (64-95kt),110,2003122S11065,Standby (Replacement)
SI,Moderate (64-95kt),111,1984355S16129,Standby (Replacement)
SI,Moderate (64-95kt),112,2025052S23038,Standby (Replacement)
SI,Moderate (64-95kt),113,1989024S11064,Standby (Replacement)
SI,Moderate (64-95kt),114,1997360S12111,Standby (Replacement)
SI,Moderate (64-95kt),115,2011038S11062,Standby (Replacement)
SI,Moderate (64-95kt),116,1999074S13118,Standby (Replacement)
SI,Moderate (64-95kt),117,2011045S14132,Standby (Replacement)
SI,Moderate (64-95kt),118,2020072S14054,Standby (Replacement)
SI,Moderate (64-95kt),119,2002081S08084,Standby (Replacement)
SI,Moderate (64-95kt),120,2017111S09146,Standby (Replacement)
SI,Moderate (64-95kt),121,1989006S15044,Standby (Replacement)
SI,Moderate (64-95kt),122,2011361S09095,Standby (Replacement)
SI,Moderate (64-95kt),123,2021012S12086,Standby (Replacement)
SI,Moderate (64-95kt),124,1985100S07104,Standby (Replacement)
SI,Moderate (64-95kt),125,1998336S13120,Standby (Replacement)
SI,Moderate (64-95kt),126,1994325S06076,Standby (Replacement)
SI,Moderate (64-95kt),127,1985041S14129,Standby (Replacement)
SI,Moderate (64-95kt),128,1981094S06094,Standby (Replacement)
SI,Moderate (64-95kt),129,1994095S08129,Standby (Replacement)
SI,Moderate (64-95kt),130,1988028S07100,Standby (Replacement)
SI,Moderate (64-95kt),131,1996057S12074,Standby (Replacement)
SI,Moderate (64-95kt),132,1983110S12080,Standby (Replacement)
SI,Moderate (64-95kt),133,1979357S10095,Standby (Replacement)
SI,Moderate (64-95kt),134,2014106S10099,Standby (Replacement)
SI,Moderate (64-95kt),135,1985097S09076,Standby (Replacement)
SI,Moderate (64-95kt),136,1986067S11080,Standby (Replacement)
SI,Moderate (64-95kt),137,2001091S11111,Standby (Replacement)
SI,Moderate (64-95kt),138,2000024S12100,Standby (Replacement)
SI,Moderate (64-95kt),139,1990012S12131,Standby (Replacement)
SI,Moderate (64-95kt),140,2019336S06055,Standby (Replacement)
SI,Moderate (64-95kt),141,2019067S11115,Standby (Replacement)
SI,Moderate (64-95kt),142,1985042S08101,Standby (Replacement)
SI,Moderate (64-95kt),143,2010019S11123,Standby (Replacement)
SI,Moderate (64-95kt),144,1994022S12113,Standby (Replacement)
SI,Moderate (64-95kt),145,2009317S10073,Standby (Replacement)
SI,Moderate (64-95kt),146,2010080S06089,Standby (Replacement)
SI,Moderate (64-95kt),147,2008042S16122,Standby (Replacement)
SI,Moderate (64-95kt),148,1988347S12128,Standby (Replacement)
SI,Moderate (64-95kt),149,2018010S10069,Standby (Replacement)
SI,Moderate (64-95kt),150,2012337S06089,Standby (Replacement)
SI,Moderate (64-95kt),151,2015068S14113,Standby (Replacement)
SI,Moderate (64-95kt),152,2003034S12117,Standby (Replacement)
SI,Moderate (64-95kt),153,2011336S06098,Standby (Replacement)
SI,Moderate (64-95kt),154,1998036S13066,Standby (Replacement)
SI,Moderate (64-95kt),155,1995032S10074,Standby (Replacement)
SI,Moderate (64-95kt),156,2002356S07070,Standby (Replacement)
SI,Moderate (64-95kt),157,2025050S12125,Standby (Replacement)
SI,Moderate (64-95kt),158,2020317S04092,Standby (Replacement)
SI,Moderate (64-95kt),159,1994037S12095,Standby (Replacement)
SI,Moderate (64-95kt),160,1985046S09128,Standby (Replacement)
SI,Moderate (64-95kt),161,2025064S12067,Standby (Replacement)
SI,Moderate (64-95kt),162,1981351S12060,Standby (Replacement)
SI,Moderate (64-95kt),163,1987062S13072,Standby (Replacement)
SI,Moderate (64-95kt),164,2023364S19035,Standby (Replacement)
SI,Moderate (64-95kt),165,2002319S06078,Standby (Replacement)
SI,Moderate (64-95kt),166,2006021S11053,Standby (Replacement)
SI,Moderate (64-95kt),167,1983092S10125,Standby (Replacement)
SI,Moderate (64-95kt),168,1985065S09118,Standby (Replacement)
SI,Moderate (64-95kt),169,1984035S09101,Standby (Replacement)
SI,Moderate (64-95kt),170,2001064S10052,Standby (Replacement)
SI,Moderate (64-95kt),171,1989035S11106,Standby (Replacement)
SI,Moderate (64-95kt),172,2019021S09128,Standby (Replacement)
SI,Moderate (64-95kt),173,2017364S12065,Standby (Replacement)
SI,Moderate (64-95kt),174,2015047S12142,Standby (Replacement)
SI,Moderate (64-95kt),175,1993012S09074,Standby (Replacement)
SI,Moderate (64-95kt),176,1994010S17124,Standby (Replacement)
SI,Moderate (64-95kt),177,1989044S12102,Standby (Replacement)
SI,Moderate (64-95kt),178,2004081S12103,Standby (Replacement)
SI,Moderate (64-95kt),179,1981142S08091,Standby (Replacement)
SI,Moderate (64-95kt),180,1997125S08079,Standby (Replacement)
SI,Moderate (64-95kt),181,1991047S16041,Standby (Replacement)
SI,Moderate (64-95kt),182,2021053S13128,Standby (Replacement)
SI,Moderate (64-95kt),183,2024082S08054,Standby (Replacement)
SI,Moderate (64-95kt),184,2012009S12118,Standby (Replacement)
SI,Moderate (64-95kt),185,2010331S07089,Standby (Replacement)
SI,Moderate (64-95kt),186,1996365S15137,Standby (Replacement)
SI,Moderate (64-95kt),187,2024061S11062,Standby (Replacement)
SI,Moderate (64-95kt),188,2022076S10126,Standby (Replacement)
SI,Moderate (64-95kt),189,2003039S15066,Standby (Replacement)
SI,Moderate (64-95kt),190,1993091S13092,Standby (Replacement)
SI,Moderate (64-95kt),191,2020045S15075,Standby (Replacement)
SI,Moderate (64-95kt),192,1997018S11059,Standby (Replacement)
SI,Moderate (64-95kt),193,1984067S09101,Standby (Replacement)
SI,Moderate (64-95kt),194,2023050S09094,Standby (Replacement)
SI,Moderate (64-95kt),195,1990031S09070,Standby (Replacement)
SI,Moderate (64-95kt),196,1983353S08070,Standby (Replacement)
SI,Moderate (64-95kt),197,2003056S21042,Standby (Replacement)
SI,Moderate (64-95kt),198,1983002S11112,Standby (Replacement)
SI,Moderate (64-95kt),199,2007062S14119,Standby (Replacement)
SI,Moderate (64-95kt),200,1988072S08088,Standby (Replacement)
SI,Moderate (64-95kt),201,1995319S05092,Standby (Replacement)
SI,Moderate (64-95kt),202,1983330S11113,Standby (Replacement)
SI,Moderate (64-95kt),203,1991083S11100,Standby (Replacement)
SI,Moderate (64-95kt),204,2008351S11128,Standby (Replacement)
SI,Moderate (64-95kt),205,1982054S13123,Standby (Replacement)
SI,Moderate (64-95kt),206,2020005S08133,Standby (Replacement)
SI,Moderate (64-95kt),207,2005067S12120,Standby (Replacement)
SI,Moderate (64-95kt),208,2021108S11067,Standby (Replacement)
SI,Moderate (64-95kt),209,1984048S16120,Standby (Replacement)
SI,Moderate (64-95kt),210,1988055S10051,Standby (Replacement)
SI,Moderate (64-95kt),211,1996093S16074,Standby (Replacement)
SI,Moderate (64-95kt),212,2008083S12102,Standby (Replacement)
SI,Moderate (64-95kt),213,1993016S06091,Standby (Replacement)
SI,Moderate (64-95kt),214,2006006S11129,Standby (Replacement)
SI,Moderate (64-95kt),215,2013093S08074,Standby (Replacement)
SI,Moderate (64-95kt),216,1986048S16116,Standby (Replacement)
SI,Moderate (64-95kt),217,1994076S14078,Standby (Replacement)
SI,Moderate (64-95kt),218,2003313S05079,Standby (Replacement)
SI,Moderate (64-95kt),219,1996049S10068,Standby (Replacement)
SI,Intense (>=96kt),1,2006081S14129,Selected
SI,Intense (>=96kt),2,2009342S09140,Selected
SI,Intense (>=96kt),3,2002063S11066,Selected
SI,Intense (>=96kt),4,2000060S17123,Selected
SI,Intense (>=96kt),5,2014007S11104,Selected
SI,Intense (>=96kt),6,2003062S10080,Selected
SI,Intense (>=96kt),7,2024313S06092,Selected
SI,Intense (>=96kt),8,2008062S10064,Selected
SI,Intense (>=96kt),9,1994064S13099,Selected
SI,Intense (>=96kt),10,2018025S09080,Selected
SI,Intense (>=96kt),11,1992096S08132,Selected
SI,Intense (>=96kt),12,2003088S07131,Selected
SI,Intense (>=96kt),13,2002033S13121,Selected
SI,Intense (>=96kt),14,2018073S09129,Selected
SI,Intense (>=96kt),15,2025039S14125,Selected
SI,Intense (>=96kt),16,1992096S05101,Selected
SI,Intense (>=96kt),17,2018351S09059,Standby (Replacement)
SI,Intense (>=96kt),18,1999084S12119,Standby (Replacement)
SI,Intense (>=96kt),19,2025054S17051,Standby (Replacement)
SI,Intense (>=96kt),20,2005322S04095,Standby (Replacement)
SI,Intense (>=96kt),21,2005092S11102,Standby (Replacement)
SI,Intense (>=96kt),22,2019078S13066,Standby (Replacement)
SI,Intense (>=96kt),23,2014066S09138,Standby (Replacement)
SI,Intense (>=96kt),24,1996001S08075,Standby (Replacement)
SI,Intense (>=96kt),25,1989084S18122,Standby (Replacement)
SI,Intense (>=96kt),26,2007058S12135,Standby (Replacement)
SI,Intense (>=96kt),27,1992056S11102,Standby (Replacement)
SI,Intense (>=96kt),28,2004056S18125,Standby (Replacement)
SI,Intense (>=96kt),29,1980348S11116,Standby (Replacement)
SI,Intense (>=96kt),30,1991335S04095,Standby (Replacement)
SI,Intense (>=96kt),31,1999074S13132,Standby (Replacement)
SI,Intense (>=96kt),32,1994071S10119,Standby (Replacement)
SI,Intense (>=96kt),33,1998335S12138,Standby (Replacement)
SI,Intense (>=96kt),34,2024341S12086,Standby (Replacement)
SI,Intense (>=96kt),35,2015117S12115,Standby (Replacement)
SI,Intense (>=96kt),36,2019035S13070,Standby (Replacement)
SI,Intense (>=96kt),37,2002030S13093,Standby (Replacement)
SI,Intense (>=96kt),38,2006106S10153,Standby (Replacement)
SI,Intense (>=96kt),39,2000366S09068,Standby (Replacement)
SI,Intense (>=96kt),40,1980005S14120,Standby (Replacement)
SI,Intense (>=96kt),41,1998022S15125,Standby (Replacement)
SI,Intense (>=96kt),42,1981012S12110,Standby (Replacement)
SI,Intense (>=96kt),43,1982005S10105,Standby (Replacement)
SI,Intense (>=96kt),44,2010046S10058,Standby (Replacement)
SI,Intense (>=96kt),45,2021062S14064,Standby (Replacement)
SI,Intense (>=96kt),46,2006078S12119,Standby (Replacement)
SI,Intense (>=96kt),47,2008065S12096,Standby (Replacement)
SI,Intense (>=96kt),48,1980027S11129,Standby (Replacement)
SI,Intense (>=96kt),49,2006054S09082,Standby (Replacement)
SI,Intense (>=96kt),50,1995088S10078,Standby (Replacement)
SI,Intense (>=96kt),51,2019077S13123,Standby (Replacement)
SI,Intense (>=96kt),52,1997013S08101,Standby (Replacement)
SI,Intense (>=96kt),53,2013350S08099,Standby (Replacement)
SI,Intense (>=96kt),54,2022024S09090,Standby (Replacement)
SI,Intense (>=96kt),55,1995089S09131,Standby (Replacement)
SI,Intense (>=96kt),56,2000032S11116,Standby (Replacement)
SI,Intense (>=96kt),57,1988037S13109,Standby (Replacement)
SI,Intense (>=96kt),58,2019035S11058,Standby (Replacement)
SI,Intense (>=96kt),59,2000025S15056,Standby (Replacement)
SI,Intense (>=96kt),60,2000083S17102,Standby (Replacement)
SI,Intense (>=96kt),61,1980051S12102,Standby (Replacement)
SI,Intense (>=96kt),62,2009017S20043,Standby (Replacement)
SI,Intense (>=96kt),63,2013005S10126,Standby (Replacement)
SI,Intense (>=96kt),64,2004061S12072,Standby (Replacement)
SI,Intense (>=96kt),65,2025031S15106,Standby (Replacement)
SI,Intense (>=96kt),66,1999092S11131,Standby (Replacement)
SI,Intense (>=96kt),67,2005063S12141,Standby (Replacement)
SI,Intense (>=96kt),68,2019063S18038,Standby (Replacement)
SI,Intense (>=96kt),69,2000102S13128,Standby (Replacement)
SI,Intense (>=96kt),70,1995049S11133,Standby (Replacement)
SI,Intense (>=96kt),71,1996095S09133,Standby (Replacement)
SI,Intense (>=96kt),72,2023087S10096,Standby (Replacement)
SI,Intense (>=96kt),73,1980018S10130,Standby (Replacement)
SI,Intense (>=96kt),74,1989106S11128,Standby (Replacement)
SI,Intense (>=96kt),75,2007085S11085,Standby (Replacement)
SI,Intense (>=96kt),76,2019337S04065,Standby (Replacement)
SI,Intense (>=96kt),77,2023096S07135,Standby (Replacement)
SI,Intense (>=96kt),78,2015024S15078,Standby (Replacement)
SI,Intense (>=96kt),79,2022346S10098,Standby (Replacement)
SI,Intense (>=96kt),80,2017061S11063,Standby (Replacement)
SI,Intense (>=96kt),81,1996066S17129,Standby (Replacement)
SI,Intense (>=96kt),82,2021035S11080,Standby (Replacement)
SI,Intense (>=96kt),83,2004026S12063,Standby (Replacement)
SI,Intense (>=96kt),84,1996325S08104,Standby (Replacement)
SI,Intense (>=96kt),85,2025100S09132,Standby (Replacement)
SI,Intense (>=96kt),86,2022080S09087,Standby (Replacement)
SI,Intense (>=96kt),87,2017094S10115,Standby (Replacement)
SI,Intense (>=96kt),88,2004325S06078,Standby (Replacement)
SI,Intense (>=96kt),89,2025082S13116,Standby (Replacement)
SI,Intense (>=96kt),90,2024067S10090,Standby (Replacement)
SI,Intense (>=96kt),91,2012285S04077,Standby (Replacement)
SI,Intense (>=96kt),92,1992055S12119,Standby (Replacement)
SI,Intense (>=96kt),93,2000105S09127,Standby (Replacement)
SI,Intense (>=96kt),94,2013348S10082,Standby (Replacement)
SI,Intense (>=96kt),95,2024012S09093,Standby (Replacement)
SI,Intense (>=96kt),96,2024096S11120,Standby (Replacement)
SI,Intense (>=96kt),97,2024044S14066,Standby (Replacement)
SI,Intense (>=96kt),98,1994344S09112,Standby (Replacement)
SI,Intense (>=96kt),99,1986061S13124,Standby (Replacement)
SI,Intense (>=96kt),100,2016102S12074,Standby (Replacement)
SI,Intense (>=96kt),101,2008033S11083,Standby (Replacement)
SI,Intense (>=96kt),102,2002045S18049,Standby (Replacement)
SI,Intense (>=96kt),103,2007082S16125,Standby (Replacement)
SI,Intense (>=96kt),104,2016042S10094,Standby (Replacement)
SI,Intense (>=96kt),105,2012018S16041,Standby (Replacement)
SI,Intense (>=96kt),106,2010002S09096,Standby (Replacement)
SI,Intense (>=96kt),107,1991099S10132,Standby (Replacement)
SI,Intense (>=96kt),108,2016075S11087,Standby (Replacement)
SI,Intense (>=96kt),109,2008037S10055,Standby (Replacement)
SI,Intense (>=96kt),110,1979343S08093,Standby (Replacement)
SI,Intense (>=96kt),111,1994026S11078,Standby (Replacement)
SI,Intense (>=96kt),112,2007027S07069,Standby (Replacement)
SI,Intense (>=96kt),113,1980308S05102,Standby (Replacement)
SI,Intense (>=96kt),114,1987053S15127,Standby (Replacement)
SI,Intense (>=96kt),115,1985060S11112,Standby (Replacement)
SI,Intense (>=96kt),116,2009337S07096,Standby (Replacement)
SI,Intense (>=96kt),117,2022054S13100,Standby (Replacement)
SI,Intense (>=96kt),118,1980043S16131,Standby (Replacement)
SI,Intense (>=96kt),119,2012039S14075,Standby (Replacement)
SI,Intense (>=96kt),120,2019112S10053,Standby (Replacement)
SI,Intense (>=96kt),121,2004072S11146,Standby (Replacement)
SI,Intense (>=96kt),122,1999343S11123,Standby (Replacement)
SI,Intense (>=96kt),123,2000333S11140,Standby (Replacement)
SI,Intense (>=96kt),124,2015009S19054,Standby (Replacement)
SI,Intense (>=96kt),125,2009032S15071,Standby (Replacement)
SI,Intense (>=96kt),126,2014086S10041,Standby (Replacement)
SI,Intense (>=96kt),127,2006350S07071,Standby (Replacement)
SI,Intense (>=96kt),128,2002017S07078,Standby (Replacement)
SI,Intense (>=96kt),129,2023036S12117,Standby (Replacement)
SI,Intense (>=96kt),130,1980357S11127,Standby (Replacement)
SI,Intense (>=96kt),131,1981055S19120,Standby (Replacement)
SI,Intense (>=96kt),132,1990074S12115,Standby (Replacement)
SI,Intense (>=96kt),133,2007043S11071,Standby (Replacement)
SI,Intense (>=96kt),134,2001018S12086,Standby (Replacement)
WP,Weak (<64kt),1,1994197N14115,Selected
WP,Weak (<64kt),2,2013158N13129,Selected
WP,Weak (<64kt),3,2003196N11137,Selected
WP,Weak (<64kt),4,1999204N17117,Selected
WP,Weak (<64kt),5,2025191N19142,Selected
WP,Weak (<64kt),6,1992279N08175,Selected
WP,Weak (<64kt),7,2017209N19118,Selected
WP,Weak (<64kt),8,2018251N20122,Selected
WP,Weak (<64kt),9,2019236N08143,Selected
WP,Weak (<64kt),10,2014160N21120,Selected
WP,Weak (<64kt),11,2009213N16130,Selected
WP,Weak (<64kt),12,2015274N17167,Selected
WP,Weak (<64kt),13,2008226N22134,Selected
WP,Weak (<64kt),14,1988356N05142,Selected
WP,Weak (<64kt),15,1990216N29125,Selected
WP,Weak (<64kt),16,2014093N02148,Selected
WP,Weak (<64kt),17,1989010N16212,Selected
WP,Weak (<64kt),18,1993285N12192,Standby (Replacement)
WP,Weak (<64kt),19,1986209N13139,Standby (Replacement)
WP,Weak (<64kt),20,1991226N18159,Standby (Replacement)
WP,Weak (<64kt),21,1987270N15160,Standby (Replacement)
WP,Weak (<64kt),22,1996353N05151,Standby (Replacement)
WP,Weak (<64kt),23,1992314N08141,Standby (Replacement)
WP,Weak (<64kt),24,1994153N19113,Standby (Replacement)
WP,Weak (<64kt),25,2015218N18149,Standby (Replacement)
WP,Weak (<64kt),26,1999218N21116,Standby (Replacement)
WP,Weak (<64kt),27,2018222N16147,Standby (Replacement)
WP,Weak (<64kt),28,2017202N16116,Standby (Replacement)
WP,Weak (<64kt),29,1995233N16115,Standby (Replacement)
WP,Weak (<64kt),30,2001204N19127,Standby (Replacement)
WP,Weak (<64kt),31,1996217N16111,Standby (Replacement)
WP,Weak (<64kt),32,2017202N19124,Standby (Replacement)
WP,Weak (<64kt),33,2019255N09162,Standby (Replacement)
WP,Weak (<64kt),34,2009281N15144,Standby (Replacement)
WP,Weak (<64kt),35,2014029N10143,Standby (Replacement)
WP,Weak (<64kt),36,2022342N06133,Standby (Replacement)
WP,Weak (<64kt),37,1997238N19112,Standby (Replacement)
WP,Weak (<64kt),38,2009238N20151,Standby (Replacement)
WP,Weak (<64kt),39,1986172N04161,Standby (Replacement)
WP,Weak (<64kt),40,2020222N15117,Standby (Replacement)
WP,Weak (<64kt),41,1983167N05145,Standby (Replacement)
WP,Weak (<64kt),42,2021148N05142,Standby (Replacement)
WP,Weak (<64kt),43,2017312N10134,Standby (Replacement)
WP,Weak (<64kt),44,1981324N08158,Standby (Replacement)
WP,Weak (<64kt),45,1984184N06139,Standby (Replacement)
WP,Weak (<64kt),46,2017347N11131,Standby (Replacement)
WP,Weak (<64kt),47,1983223N23143,Standby (Replacement)
WP,Weak (<64kt),48,1996282N11162,Standby (Replacement)
WP,Weak (<64kt),49,1985166N19111,Standby (Replacement)
WP,Weak (<64kt),50,1994088N09148,Standby (Replacement)
WP,Weak (<64kt),51,2010239N15118,Standby (Replacement)
WP,Weak (<64kt),52,1997261N13114,Standby (Replacement)
WP,Weak (<64kt),53,2024259N12145,Standby (Replacement)
WP,Weak (<64kt),54,2013243N26122,Standby (Replacement)
WP,Weak (<64kt),55,1985323N05107,Standby (Replacement)
WP,Weak (<64kt),56,2024225N24147,Standby (Replacement)
WP,Weak (<64kt),57,1982246N16119,Standby (Replacement)
WP,Weak (<64kt),58,1997221N03179,Standby (Replacement)
WP,Weak (<64kt),59,1989199N05139,Standby (Replacement)
WP,Weak (<64kt),60,2017292N13151,Standby (Replacement)
WP,Weak (<64kt),61,2016232N22153,Standby (Replacement)
WP,Weak (<64kt),62,2009219N19140,Standby (Replacement)
WP,Weak (<64kt),63,2011205N12130,Standby (Replacement)
WP,Weak (<64kt),64,1990117N04152,Standby (Replacement)
WP,Weak (<64kt),65,1988263N18115,Standby (Replacement)
WP,Weak (<64kt),66,1995148N07150,Standby (Replacement)
WP,Weak (<64kt),67,2011126N11129,Standby (Replacement)
WP,Weak (<64kt),68,2012196N19144,Standby (Replacement)
WP,Weak (<64kt),69,1982073N07153,Standby (Replacement)
WP,Weak (<64kt),70,2011159N13122,Standby (Replacement)
WP,Weak (<64kt),71,1999258N25128,Standby (Replacement)
WP,Weak (<64kt),72,2000209N06182,Standby (Replacement)
WP,Weak (<64kt),73,2023289N15111,Standby (Replacement)
WP,Weak (<64kt),74,2011215N24164,Standby (Replacement)
WP,Weak (<64kt),75,2022285N12116,Standby (Replacement)
WP,Weak (<64kt),76,1993064N03174,Standby (Replacement)
WP,Weak (<64kt),77,2010078N03153,Standby (Replacement)
WP,Weak (<64kt),78,1992198N13135,Standby (Replacement)
WP,Weak (<64kt),79,2014248N19129,Standby (Replacement)
WP,Weak (<64kt),80,2005257N15120,Standby (Replacement)
WP,Weak (<64kt),81,1998262N20137,Standby (Replacement)
WP,Weak (<64kt),82,1994191N08141,Standby (Replacement)
WP,Weak (<64kt),83,2025240N15117,Standby (Replacement)
WP,Weak (<64kt),84,1992229N24162,Standby (Replacement)
WP,Weak (<64kt),85,2008320N08122,Standby (Replacement)
WP,Weak (<64kt),86,1981218N20168,Standby (Replacement)
WP,Weak (<64kt),87,1991304N08140,Standby (Replacement)
WP,Weak (<64kt),88,1999230N12129,Standby (Replacement)
WP,Weak (<64kt),89,1992212N20135,Standby (Replacement)
WP,Weak (<64kt),90,2016221N19163,Standby (Replacement)
WP,Weak (<64kt),91,2013217N11118,Standby (Replacement)
WP,Weak (<64kt),92,2014015N10129,Standby (Replacement)
WP,Weak (<64kt),93,1980254N14112,Standby (Replacement)
WP,Weak (<64kt),94,2000305N06136,Standby (Replacement)
WP,Weak (<64kt),95,2016250N25125,Standby (Replacement)
WP,Weak (<64kt),96,2012141N11148,Standby (Replacement)
WP,Weak (<64kt),97,2005013N05153,Standby (Replacement)
WP,Weak (<64kt),98,1990008N01172,Standby (Replacement)
WP,Weak (<64kt),99,1993306N10168,Standby (Replacement)
WP,Weak (<64kt),100,1993185N09137,Standby (Replacement)
WP,Weak (<64kt),101,2003230N18125,Standby (Replacement)
WP,Weak (<64kt),102,1994265N16149,Standby (Replacement)
WP,Weak (<64kt),103,2011346N03156,Standby (Replacement)
WP,Weak (<64kt),104,2016313N11163,Standby (Replacement)
WP,Weak (<64kt),105,1988213N20134,Standby (Replacement)
WP,Weak (<64kt),106,2012274N13151,Standby (Replacement)
WP,Weak (<64kt),107,2016225N16138,Standby (Replacement)
WP,Weak (<64kt),108,2002008N07141,Standby (Replacement)
WP,Weak (<64kt),109,1988156N18128,Standby (Replacement)
WP,Weak (<64kt),110,1997210N15120,Standby (Replacement)
WP,Weak (<64kt),111,1990180N09159,Standby (Replacement)
WP,Weak (<64kt),112,1999241N12133,Standby (Replacement)
WP,Weak (<64kt),113,2010218N20127,Standby (Replacement)
WP,Weak (<64kt),114,1993275N04159,Standby (Replacement)
WP,Weak (<64kt),115,1990312N12121,Standby (Replacement)
WP,Weak (<64kt),116,2007272N17125,Standby (Replacement)
WP,Weak (<64kt),117,2018221N17112,Standby (Replacement)
WP,Weak (<64kt),118,2013049N05131,Standby (Replacement)
WP,Weak (<64kt),119,2023194N16123,Standby (Replacement)
WP,Weak (<64kt),120,1987093N05155,Standby (Replacement)
WP,Weak (<64kt),121,2022211N20129,Standby (Replacement)
WP,Weak (<64kt),122,2017212N27158,Standby (Replacement)
WP,Weak (<64kt),123,1982190N09148,Standby (Replacement)
WP,Weak (<64kt),124,2013171N15117,Standby (Replacement)
WP,Weak (<64kt),125,2013196N14128,Standby (Replacement)
WP,Weak (<64kt),126,1984214N12143,Standby (Replacement)
WP,Weak (<64kt),127,1989187N15132,Standby (Replacement)
WP,Weak (<64kt),128,2005202N13138,Standby (Replacement)
WP,Weak (<64kt),129,1992027N05206,Standby (Replacement)
WP,Weak (<64kt),130,2013178N09133,Standby (Replacement)
WP,Weak (<64kt),131,1994212N11240,Standby (Replacement)
WP,Weak (<64kt),132,2017182N15132,Standby (Replacement)
WP,Weak (<64kt),133,1999254N18142,Standby (Replacement)
WP,Weak (<64kt),134,2025289N13140,Standby (Replacement)
WP,Weak (<64kt),135,2006217N20134,Standby (Replacement)
WP,Weak (<64kt),136,2004193N19136,Standby (Replacement)
WP,Weak (<64kt),137,1984159N12116,Standby (Replacement)
WP,Weak (<64kt),138,1993231N09134,Standby (Replacement)
WP,Weak (<64kt),139,2008223N27151,Standby (Replacement)
WP,Weak (<64kt),140,1981202N24123,Standby (Replacement)
WP,Weak (<64kt),141,2025212N26130,Standby (Replacement)
WP,Weak (<64kt),142,2025182N22149,Standby (Replacement)
WP,Weak (<64kt),143,2025203N20124,Standby (Replacement)
WP,Weak (<64kt),144,1988237N23154,Standby (Replacement)
WP,Weak (<64kt),145,1980282N19162,Standby (Replacement)
WP,Weak (<64kt),146,2021280N14137,Standby (Replacement)
WP,Weak (<64kt),147,1984284N11116,Standby (Replacement)
WP,Weak (<64kt),148,1998343N08114,Standby (Replacement)
WP,Weak (<64kt),149,1998327N09126,Standby (Replacement)
WP,Weak (<64kt),150,2002198N09182,Standby (Replacement)
WP,Weak (<64kt),151,1997143N17111,Standby (Replacement)
WP,Weak (<64kt),152,2017321N07124,Standby (Replacement)
WP,Weak (<64kt),153,2006174N08135,Standby (Replacement)
WP,Weak (<64kt),154,2010243N12146,Standby (Replacement)
WP,Weak (<64kt),155,2023247N20130,Standby (Replacement)
WP,Weak (<64kt),156,1982176N18114,Standby (Replacement)
WP,Weak (<64kt),157,2011267N16111,Standby (Replacement)
WP,Weak (<64kt),158,1993253N06150,Standby (Replacement)
WP,Weak (<64kt),159,1988208N27135,Standby (Replacement)
WP,Weak (<64kt),160,1982339N07139,Standby (Replacement)
WP,Weak (<64kt),161,1995292N08150,Standby (Replacement)
WP,Weak (<64kt),162,2021204N21146,Standby (Replacement)
WP,Weak (<64kt),163,2018039N08151,Standby (Replacement)
WP,Weak (<64kt),164,1996260N19107,Standby (Replacement)
WP,Weak (<64kt),165,1999111N08126,Standby (Replacement)
WP,Weak (<64kt),166,1992194N07140,Standby (Replacement)
WP,Weak (<64kt),167,1986302N05178,Standby (Replacement)
WP,Weak (<64kt),168,1983325N08148,Standby (Replacement)
WP,Weak (<64kt),169,2021219N08193,Standby (Replacement)
WP,Weak (<64kt),170,2005210N19115,Standby (Replacement)
WP,Weak (<64kt),171,1996208N20165,Standby (Replacement)
WP,Weak (<64kt),172,2009189N17129,Standby (Replacement)
WP,Weak (<64kt),173,2003302N11133,Standby (Replacement)
WP,Weak (<64kt),174,2001238N18162,Standby (Replacement)
WP,Weak (<64kt),175,1987196N09146,Standby (Replacement)
WP,Weak (<64kt),176,2019210N16117,Standby (Replacement)
WP,Weak (<64kt),177,1983279N17148,Standby (Replacement)
WP,Weak (<64kt),178,2001189N13130,Standby (Replacement)
WP,Weak (<64kt),179,2004327N16125,Standby (Replacement)
WP,Weak (<64kt),180,1981178N05160,Standby (Replacement)
WP,Weak (<64kt),181,1980137N04158,Standby (Replacement)
WP,Weak (<64kt),182,2013228N23124,Standby (Replacement)
WP,Weak (<64kt),183,1994189N16117,Standby (Replacement)
WP,Weak (<64kt),184,2020229N18123,Standby (Replacement)
WP,Weak (<64kt),185,2017364N07138,Standby (Replacement)
WP,Weak (<64kt),186,1984270N19141,Standby (Replacement)
WP,Weak (<64kt),187,1986136N18114,Standby (Replacement)
WP,Weak (<64kt),188,2009251N16118,Standby (Replacement)
WP,Weak (<64kt),189,2026034N10137,Standby (Replacement)
WP,Weak (<64kt),190,2023234N19154,Standby (Replacement)
WP,Weak (<64kt),191,2011249N18133,Standby (Replacement)
WP,Weak (<64kt),192,2007249N24161,Standby (Replacement)
WP,Weak (<64kt),193,2026014N08133,Standby (Replacement)
WP,Weak (<64kt),194,1990219N10214,Standby (Replacement)
WP,Weak (<64kt),195,2000199N20145,Standby (Replacement)
WP,Weak (<64kt),196,2002189N21116,Standby (Replacement)
WP,Weak (<64kt),197,1983229N15140,Standby (Replacement)
WP,Weak (<64kt),198,1994210N16144,Standby (Replacement)
WP,Weak (<64kt),199,2023349N04141,Standby (Replacement)
WP,Weak (<64kt),200,2018311N07179,Standby (Replacement)
WP,Weak (<64kt),201,2013210N13122,Standby (Replacement)
WP,Weak (<64kt),202,1990163N08133,Standby (Replacement)
WP,Weak (<64kt),203,2008135N16125,Standby (Replacement)
WP,Weak (<64kt),204,1991196N06153,Standby (Replacement)
WP,Weak (<64kt),205,1999195N24156,Standby (Replacement)
WP,Weak (<64kt),206,2018365N08115,Standby (Replacement)
WP,Weak (<64kt),207,1996318N33146,Standby (Replacement)
WP,Weak (<64kt),208,2025197N14131,Standby (Replacement)
WP,Weak (<64kt),209,2009173N10132,Standby (Replacement)
WP,Weak (<64kt),210,1995113N06169,Standby (Replacement)
WP,Weak (<64kt),211,1987222N27145,Standby (Replacement)
WP,Weak (<64kt),212,1992263N05175,Standby (Replacement)
WP,Weak (<64kt),213,2024278N11150,Standby (Replacement)
WP,Weak (<64kt),214,1991062N04156,Standby (Replacement)
WP,Weak (<64kt),215,2001180N15118,Standby (Replacement)
WP,Weak (<64kt),216,1987311N10148,Standby (Replacement)
WP,Weak (<64kt),217,1999217N11265,Standby (Replacement)
WP,Weak (<64kt),218,2008292N20152,Standby (Replacement)
WP,Weak (<64kt),219,1985237N21130,Standby (Replacement)
WP,Weak (<64kt),220,1981102N04162,Standby (Replacement)
WP,Weak (<64kt),221,1984227N18118,Standby (Replacement)
WP,Weak (<64kt),222,2020285N17120,Standby (Replacement)
WP,Weak (<64kt),223,2005311N08140,Standby (Replacement)
WP,Weak (<64kt),224,2013237N11129,Standby (Replacement)
WP,Weak (<64kt),225,2001239N19116,Standby (Replacement)
WP,Weak (<64kt),226,2024231N24126,Standby (Replacement)
WP,Weak (<64kt),227,1986240N24160,Standby (Replacement)
WP,Weak (<64kt),228,2006349N08157,Standby (Replacement)
WP,Weak (<64kt),229,1995244N08139,Standby (Replacement)
WP,Weak (<64kt),230,2005229N21156,Standby (Replacement)
WP,Weak (<64kt),231,1993215N08154,Standby (Replacement)
WP,Weak (<64kt),232,1994295N25188,Standby (Replacement)
WP,Weak (<64kt),233,2007276N20147,Standby (Replacement)
WP,Weak (<64kt),234,2024293N13141,Standby (Replacement)
WP,Weak (<64kt),235,2002282N10156,Standby (Replacement)
WP,Weak (<64kt),236,2011167N08129,Standby (Replacement)
WP,Weak (<64kt),237,2000138N16119,Standby (Replacement)
WP,Weak (<64kt),238,2013167N12128,Standby (Replacement)
WP,Weak (<64kt),239,2017242N19122,Standby (Replacement)
WP,Weak (<64kt),240,1987168N17118,Standby (Replacement)
WP,Weak (<64kt),241,2002298N17169,Standby (Replacement)
WP,Weak (<64kt),242,1981212N17142,Standby (Replacement)
WP,Weak (<64kt),243,2021248N11131,Standby (Replacement)
WP,Weak (<64kt),244,1996202N17115,Standby (Replacement)
WP,Weak (<64kt),245,1995264N06174,Standby (Replacement)
WP,Weak (<64kt),246,2011172N11133,Standby (Replacement)
WP,Weak (<64kt),247,1995225N12124,Standby (Replacement)
WP,Weak (<64kt),248,1998188N18117,Standby (Replacement)
WP,Weak (<64kt),249,1994232N10144,Standby (Replacement)
WP,Weak (<64kt),250,1995206N15133,Standby (Replacement)
WP,Weak (<64kt),251,1992289N08135,Standby (Replacement)
WP,Weak (<64kt),252,2013227N08193,Standby (Replacement)
WP,Weak (<64kt),253,2014209N16134,Standby (Replacement)
WP,Weak (<64kt),254,2006272N13144,Standby (Replacement)
WP,Weak (<64kt),255,1986275N10134,Standby (Replacement)
WP,Weak (<64kt),256,1981158N17119,Standby (Replacement)
WP,Weak (<64kt),257,2016211N11128,Standby (Replacement)
WP,Weak (<64kt),258,1984267N18120,Standby (Replacement)
WP,Weak (<64kt),259,2020312N10131,Standby (Replacement)
WP,Weak (<64kt),260,2014164N19116,Standby (Replacement)
WP,Weak (<64kt),261,2007265N20122,Standby (Replacement)
WP,Weak (<64kt),262,1991317N09141,Standby (Replacement)
WP,Weak (<64kt),263,2007282N19181,Standby (Replacement)
WP,Weak (<64kt),264,1992003N03176,Standby (Replacement)
WP,Weak (<64kt),265,1998217N10130,Standby (Replacement)
WP,Weak (<64kt),266,1992227N13130,Standby (Replacement)
WP,Weak (<64kt),267,2011245N21150,Standby (Replacement)
WP,Weak (<64kt),268,1982257N20172,Standby (Replacement)
WP,Weak (<64kt),269,2019195N13136,Standby (Replacement)
WP,Weak (<64kt),270,2013272N26152,Standby (Replacement)
WP,Weak (<64kt),271,1983276N06130,Standby (Replacement)
WP,Weak (<64kt),272,1996090N04150,Standby (Replacement)
WP,Weak (<64kt),273,1980269N15147,Standby (Replacement)
WP,Weak (<64kt),274,2011195N15134,Standby (Replacement)
WP,Weak (<64kt),275,2013262N14149,Standby (Replacement)
WP,Weak (<64kt),276,2014260N13135,Standby (Replacement)
WP,Weak (<64kt),277,2003150N17119,Standby (Replacement)
WP,Weak (<64kt),278,2018165N22117,Standby (Replacement)
WP,Weak (<64kt),279,2016279N19130,Standby (Replacement)
WP,Weak (<64kt),280,1986287N09141,Standby (Replacement)
WP,Weak (<64kt),281,2022301N07140,Standby (Replacement)
WP,Weak (<64kt),282,2018202N21159,Standby (Replacement)
WP,Weak (<64kt),283,1989235N26122,Standby (Replacement)
WP,Weak (<64kt),284,1994206N14131,Standby (Replacement)
WP,Weak (<64kt),285,2010241N25125,Standby (Replacement)
WP,Weak (<64kt),286,2015256N16113,Standby (Replacement)
WP,Weak (<64kt),287,1988246N26133,Standby (Replacement)
WP,Weak (<64kt),288,1991111N04145,Standby (Replacement)
WP,Weak (<64kt),289,1995277N07141,Standby (Replacement)
WP,Weak (<64kt),290,2020303N05149,Standby (Replacement)
WP,Weak (<64kt),291,2012177N11135,Standby (Replacement)
WP,Weak (<64kt),292,1981226N16119,Standby (Replacement)
WP,Weak (<64kt),293,2022221N24149,Standby (Replacement)
WP,Weak (<64kt),294,2020281N14126,Standby (Replacement)
WP,Weak (<64kt),295,2022220N16110,Standby (Replacement)
WP,Weak (<64kt),296,1989227N16145,Standby (Replacement)
WP,Weak (<64kt),297,2024151N18113,Standby (Replacement)
WP,Weak (<64kt),298,1992237N14144,Standby (Replacement)
WP,Weak (<64kt),299,2015012N09146,Standby (Replacement)
WP,Weak (<64kt),300,1981176N08150,Standby (Replacement)
WP,Weak (<64kt),301,2009246N18130,Standby (Replacement)
WP,Weak (<64kt),302,1991233N22147,Standby (Replacement)
WP,Weak (<64kt),303,2017195N16114,Standby (Replacement)
WP,Weak (<64kt),304,1983311N15161,Standby (Replacement)
WP,Weak (<64kt),305,2024218N23143,Standby (Replacement)
WP,Weak (<64kt),306,2025259N13126,Standby (Replacement)
WP,Weak (<64kt),307,1997124N03171,Standby (Replacement)
WP,Weak (<64kt),308,1985268N16126,Standby (Replacement)
WP,Weak (<64kt),309,1988290N08145,Standby (Replacement)
WP,Weak (<64kt),310,1993205N15137,Standby (Replacement)
WP,Weak (<64kt),311,2019302N11118,Standby (Replacement)
WP,Weak (<64kt),312,2000240N22115,Standby (Replacement)
WP,Weak (<64kt),313,1999231N30181,Standby (Replacement)
WP,Weak (<64kt),314,2014117N10145,Standby (Replacement)
WP,Weak (<64kt),315,2022284N15152,Standby (Replacement)
WP,Weak (<64kt),316,2015183N13130,Standby (Replacement)
WP,Weak (<64kt),317,1981283N07132,Standby (Replacement)
WP,Weak (<64kt),318,1986200N17111,Standby (Replacement)
WP,Weak (<64kt),319,2024198N08130,Standby (Replacement)
WP,Weak (<64kt),320,1995229N12144,Standby (Replacement)
WP,Weak (<64kt),321,2022268N20147,Standby (Replacement)
WP,Weak (<64kt),322,2019322N11144,Standby (Replacement)
WP,Weak (<64kt),323,2003144N16119,Standby (Replacement)
WP,Weak (<64kt),324,2000202N12131,Standby (Replacement)
WP,Weak (<64kt),325,1995279N15153,Standby (Replacement)
WP,Weak (<64kt),326,2019182N18114,Standby (Replacement)
WP,Weak (<64kt),327,2002155N20112,Standby (Replacement)
WP,Weak (<64kt),328,1988263N15126,Standby (Replacement)
WP,Weak (<64kt),329,1986214N09234,Standby (Replacement)
WP,Weak (<64kt),330,2013241N29169,Standby (Replacement)
WP,Weak (<64kt),331,2007298N18136,Standby (Replacement)
WP,Weak (<64kt),332,1989142N11114,Standby (Replacement)
WP,Weak (<64kt),333,1996232N21170,Standby (Replacement)
WP,Weak (<64kt),334,2022180N15130,Standby (Replacement)
WP,Weak (<64kt),335,1980300N08137,Standby (Replacement)
WP,Weak (<64kt),336,2020270N17159,Standby (Replacement)
WP,Weak (<64kt),337,2009164N10131,Standby (Replacement)
WP,Weak (<64kt),338,2025172N21147,Standby (Replacement)
WP,Weak (<64kt),339,2013001N04141,Standby (Replacement)
WP,Weak (<64kt),340,1989254N17145,Standby (Replacement)
WP,Weak (<64kt),341,1995357N07139,Standby (Replacement)
WP,Weak (<64kt),342,2018321N10113,Standby (Replacement)
WP,Weak (<64kt),343,1993353N05159,Standby (Replacement)
WP,Weak (<64kt),344,1983334N09142,Standby (Replacement)
WP,Weak (<64kt),345,1991239N20133,Standby (Replacement)
WP,Weak (<64kt),346,2012267N16141,Standby (Replacement)
WP,Weak (<64kt),347,2021215N24124,Standby (Replacement)
WP,Weak (<64kt),348,2007274N28173,Standby (Replacement)
WP,Weak (<64kt),349,1981195N11138,Standby (Replacement)
WP,Weak (<64kt),350,2017113N09144,Standby (Replacement)
WP,Weak (<64kt),351,1996227N30177,Standby (Replacement)
WP,Weak (<64kt),352,2018195N19138,Standby (Replacement)
WP,Weak (<64kt),353,2008311N08128,Standby (Replacement)
WP,Weak (<64kt),354,2007219N15130,Standby (Replacement)
WP,Weak (<64kt),355,1998321N11117,Standby (Replacement)
WP,Weak (<64kt),356,1999203N17129,Standby (Replacement)
WP,Weak (<64kt),357,2004222N24150,Standby (Replacement)
WP,Weak (<64kt),358,2012287N16147,Standby (Replacement)
WP,Weak (<64kt),359,1988226N26127,Standby (Replacement)
WP,Weak (<64kt),360,2005316N05134,Standby (Replacement)
WP,Weak (<64kt),361,1992206N25161,Standby (Replacement)
WP,Weak (<64kt),362,2008272N15113,Standby (Replacement)
WP,Weak (<64kt),363,2022299N11134,Standby (Replacement)
WP,Weak (<64kt),364,2012168N19112,Standby (Replacement)
WP,Weak (<64kt),365,2018199N18128,Standby (Replacement)
WP,Weak (<64kt),366,2001125N05129,Standby (Replacement)
WP,Weak (<64kt),367,2006225N17126,Standby (Replacement)
WP,Weak (<64kt),368,1993199N10156,Standby (Replacement)
WP,Weak (<64kt),369,1988227N24123,Standby (Replacement)
WP,Weak (<64kt),370,2007313N16148,Standby (Replacement)
WP,Weak (<64kt),371,1990202N13130,Standby (Replacement)
WP,Weak (<64kt),372,2010233N17119,Standby (Replacement)
WP,Weak (<64kt),373,1995215N12145,Standby (Replacement)
WP,Weak (<64kt),374,2005071N06152,Standby (Replacement)
WP,Weak (<64kt),375,2017161N13119,Standby (Replacement)
WP,Weak (<64kt),376,2000248N18126,Standby (Replacement)
WP,Weak (<64kt),377,2012216N24162,Standby (Replacement)
WP,Weak (<64kt),378,2016216N17149,Standby (Replacement)
WP,Weak (<64kt),379,2022316N20167,Standby (Replacement)
WP,Weak (<64kt),380,1999315N13127,Standby (Replacement)
WP,Weak (<64kt),381,1999288N12129,Standby (Replacement)
WP,Weak (<64kt),382,1986309N07162,Standby (Replacement)
WP,Weak (<64kt),383,1980349N10138,Standby (Replacement)
WP,Weak (<64kt),384,2010249N24125,Standby (Replacement)
WP,Weak (<64kt),385,1984283N09139,Standby (Replacement)
WP,Weak (<64kt),386,2020263N21136,Standby (Replacement)
WP,Weak (<64kt),387,2018153N12113,Standby (Replacement)
WP,Weak (<64kt),388,2015092N06161,Standby (Replacement)
WP,Weak (<64kt),389,1989169N16142,Standby (Replacement)
WP,Weak (<64kt),390,1988307N09131,Standby (Replacement)
WP,Weak (<64kt),391,2004352N10154,Standby (Replacement)
WP,Weak (<64kt),392,2016228N22117,Standby (Replacement)
WP,Weak (<64kt),393,2015171N15112,Standby (Replacement)
WP,Weak (<64kt),394,1983347N06154,Standby (Replacement)
WP,Weak (<64kt),395,2023241N10158,Standby (Replacement)
WP,Weak (<64kt),396,2018226N23128,Standby (Replacement)
WP,Weak (<64kt),397,2017201N23178,Standby (Replacement)
WP,Weak (<64kt),398,2018218N18134,Standby (Replacement)
WP,Weak (<64kt),399,1980171N06142,Standby (Replacement)
WP,Weak (<64kt),400,1985256N13146,Standby (Replacement)
WP,Weak (<64kt),401,2024246N22147,Standby (Replacement)
WP,Weak (<64kt),402,2008320N23146,Standby (Replacement)
WP,Weak (<64kt),403,2020220N14128,Standby (Replacement)
WP,Weak (<64kt),404,1982179N19128,Standby (Replacement)
WP,Weak (<64kt),405,2021046N06142,Standby (Replacement)
WP,Weak (<64kt),406,2002227N14115,Standby (Replacement)
WP,Weak (<64kt),407,2018155N10132,Standby (Replacement)
WP,Weak (<64kt),408,2004136N05148,Standby (Replacement)
WP,Weak (<64kt),409,2024267N29129,Standby (Replacement)
WP,Weak (<64kt),410,1992227N17112,Standby (Replacement)
WP,Weak (<64kt),411,1988282N15118,Standby (Replacement)
WP,Weak (<64kt),412,1983279N04140,Standby (Replacement)
WP,Weak (<64kt),413,1993207N19130,Standby (Replacement)
WP,Weak (<64kt),414,1996312N14125,Standby (Replacement)
WP,Weak (<64kt),415,2006276N18151,Standby (Replacement)
WP,Weak (<64kt),416,2020353N06129,Standby (Replacement)
WP,Weak (<64kt),417,1992259N11159,Standby (Replacement)
WP,Weak (<64kt),418,1985005N04157,Standby (Replacement)
WP,Weak (<64kt),419,2016207N17116,Standby (Replacement)
WP,Weak (<64kt),420,1983282N09155,Standby (Replacement)
WP,Weak (<64kt),421,2025161N15114,Standby (Replacement)
WP,Weak (<64kt),422,1985347N09114,Standby (Replacement)
WP,Weak (<64kt),423,1997311N10151,Standby (Replacement)
WP,Weak (<64kt),424,2021161N18115,Standby (Replacement)
WP,Weak (<64kt),425,1994169N06152,Standby (Replacement)
WP,Weak (<64kt),426,1985286N05162,Standby (Replacement)
WP,Weak (<64kt),427,1993246N16129,Standby (Replacement)
WP,Weak (<64kt),428,1981207N22150,Standby (Replacement)
WP,Weak (<64kt),429,1991307N06177,Standby (Replacement)
WP,Weak (<64kt),430,2015249N18142,Standby (Replacement)
WP,Weak (<64kt),431,2002264N13114,Standby (Replacement)
WP,Weak (<64kt),432,2008272N08139,Standby (Replacement)
WP,Weak (<64kt),433,2003212N12130,Standby (Replacement)
WP,Weak (<64kt),434,2002252N20121,Standby (Replacement)
WP,Weak (<64kt),435,1986333N04179,Standby (Replacement)
WP,Weak (<64kt),436,2024224N27154,Standby (Replacement)
WP,Weak (<64kt),437,1988255N15132,Standby (Replacement)
WP,Weak (<64kt),438,2011282N08136,Standby (Replacement)
WP,Weak (<64kt),439,2000332N08133,Standby (Replacement)
WP,Weak (<64kt),440,1994242N12112,Standby (Replacement)
WP,Weak (<64kt),441,2025245N19129,Standby (Replacement)
WP,Weak (<64kt),442,1998253N17150,Standby (Replacement)
WP,Weak (<64kt),443,1983220N16111,Standby (Replacement)
WP,Weak (<64kt),444,2005222N14131,Standby (Replacement)
WP,Weak (<64kt),445,1997298N06140,Standby (Replacement)
WP,Weak (<64kt),446,1996058N06137,Standby (Replacement)
WP,Weak (<64kt),447,2006188N10143,Standby (Replacement)
WP,Weak (<64kt),448,1997232N17115,Standby (Replacement)
WP,Weak (<64kt),449,2022099N11128,Standby (Replacement)
WP,Weak (<64kt),450,2016328N09130,Standby (Replacement)
WP,Weak (<64kt),451,1994348N04175,Standby (Replacement)
WP,Weak (<64kt),452,2019231N13135,Standby (Replacement)
WP,Weak (<64kt),453,1997201N24152,Standby (Replacement)
WP,Weak (<64kt),454,1988219N27175,Standby (Replacement)
WP,Weak (<64kt),455,2001220N17118,Standby (Replacement)
WP,Weak (<64kt),456,2002263N22139,Standby (Replacement)
WP,Weak (<64kt),457,2012359N08134,Standby (Replacement)
WP,Weak (<64kt),458,2025203N18133,Standby (Replacement)
WP,Weak (<64kt),459,2023108N03160,Standby (Replacement)
WP,Weak (<64kt),460,2014267N18150,Standby (Replacement)
WP,Weak (<64kt),461,1981214N13113,Standby (Replacement)
WP,Weak (<64kt),462,2011236N15143,Standby (Replacement)
WP,Weak (<64kt),463,1996137N13111,Standby (Replacement)
WP,Weak (<64kt),464,1999266N18113,Standby (Replacement)
WP,Weak (<64kt),465,2007184N16112,Standby (Replacement)
WP,Weak (<64kt),466,1990272N11121,Standby (Replacement)
WP,Weak (<64kt),467,2022232N18131,Standby (Replacement)
WP,Weak (<64kt),468,1989209N22130,Standby (Replacement)
WP,Weak (<64kt),469,2024259N17126,Standby (Replacement)
WP,Weak (<64kt),470,2016205N25152,Standby (Replacement)
WP,Weak (<64kt),471,2004344N06178,Standby (Replacement)
WP,Weak (<64kt),472,1999253N17124,Standby (Replacement)
WP,Weak (<64kt),473,1984169N20137,Standby (Replacement)
WP,Weak (<64kt),474,2022208N15143,Standby (Replacement)
WP,Weak (<64kt),475,1985260N13115,Standby (Replacement)
WP,Weak (<64kt),476,1989250N17148,Standby (Replacement)
WP,Weak (<64kt),477,2019205N23137,Standby (Replacement)
WP,Weak (<64kt),478,2000232N12116,Standby (Replacement)
WP,Weak (<64kt),479,2021214N21110,Standby (Replacement)
WP,Weak (<64kt),480,2015069N04173,Standby (Replacement)
WP,Weak (<64kt),481,2019242N18126,Standby (Replacement)
WP,Weak (<64kt),482,1985220N18128,Standby (Replacement)
WP,Weak (<64kt),483,2000258N22138,Standby (Replacement)
WP,Weak (<64kt),484,1980140N16116,Standby (Replacement)
WP,Weak (<64kt),485,2004158N07142,Standby (Replacement)
WP,Weak (<64kt),486,1998315N09116,Standby (Replacement)
WP,Weak (<64kt),487,2008217N19120,Standby (Replacement)
WP,Weak (<64kt),488,2020160N10133,Standby (Replacement)
WP,Weak (<64kt),489,2014329N08131,Standby (Replacement)
WP,Weak (<64kt),490,1990288N15118,Standby (Replacement)
WP,Weak (<64kt),491,1989194N13149,Standby (Replacement)
WP,Weak (<64kt),492,1999213N12144,Standby (Replacement)
WP,Weak (<64kt),493,1981118N04164,Standby (Replacement)
WP,Weak (<64kt),494,2019176N18128,Standby (Replacement)
WP,Weak (<64kt),495,2021216N22144,Standby (Replacement)
WP,Weak (<64kt),496,1999235N27140,Standby (Replacement)
WP,Weak (<64kt),497,2024357N10115,Standby (Replacement)
WP,Weak (<64kt),498,2004248N14156,Standby (Replacement)
WP,Weak (<64kt),499,2001361N01106,Standby (Replacement)
WP,Weak (<64kt),500,2017247N16132,Standby (Replacement)
WP,Weak (<64kt),501,1984270N22147,Standby (Replacement)
WP,Weak (<64kt),502,1991244N19126,Standby (Replacement)
WP,Weak (<64kt),503,2001338N10130,Standby (Replacement)
WP,Weak (<64kt),504,2013316N06130,Standby (Replacement)
WP,Weak (<64kt),505,2020211N14124,Standby (Replacement)
WP,Weak (<64kt),506,2018213N12245,Standby (Replacement)
WP,Weak (<64kt),507,2001181N08141,Standby (Replacement)
WP,Weak (<64kt),508,1994206N22107,Standby (Replacement)
WP,Weak (<64kt),509,2012086N10116,Standby (Replacement)
WP,Weak (<64kt),510,2005199N21168,Standby (Replacement)
WP,Weak (<64kt),511,1994257N13139,Standby (Replacement)
WP,Weak (<64kt),512,2012273N13112,Standby (Replacement)
WP,Weak (<64kt),513,2017236N15129,Standby (Replacement)
WP,Weak (<64kt),514,2020258N11127,Standby (Replacement)
WP,Weak (<64kt),515,1995302N17174,Standby (Replacement)
WP,Weak (<64kt),516,2021282N16165,Standby (Replacement)
WP,Weak (<64kt),517,1991329N04181,Standby (Replacement)
WP,Weak (<64kt),518,2021264N13119,Standby (Replacement)
WP,Weak (<64kt),519,1983287N09164,Standby (Replacement)
WP,Weak (<64kt),520,2025248N18120,Standby (Replacement)
WP,Weak (<64kt),521,1988260N15157,Standby (Replacement)
WP,Weak (<64kt),522,1981226N17142,Standby (Replacement)
WP,Weak (<64kt),523,1985004N04131,Standby (Replacement)
WP,Weak (<64kt),524,1988177N07137,Standby (Replacement)
WP,Weak (<64kt),525,1988237N30143,Standby (Replacement)
WP,Weak (<64kt),526,2004255N23120,Standby (Replacement)
WP,Weak (<64kt),527,2022263N18137,Standby (Replacement)
WP,Weak (<64kt),528,2021276N07131,Standby (Replacement)
WP,Weak (<64kt),529,2016255N12114,Standby (Replacement)
WP,Weak (<64kt),530,1988218N21128,Standby (Replacement)
WP,Weak (<64kt),531,1989235N22146,Standby (Replacement)
WP,Weak (<64kt),532,2006224N21141,Standby (Replacement)
WP,Weak (<64kt),533,2014362N07130,Standby (Replacement)
WP,Weak (<64kt),534,1991256N14148,Standby (Replacement)
WP,Weak (<64kt),535,2004215N22148,Standby (Replacement)
WP,Weak (<64kt),536,2008135N12116,Standby (Replacement)
WP,Weak (<64kt),537,2003011N02180,Standby (Replacement)
WP,Weak (<64kt),538,1984291N13130,Standby (Replacement)
WP,Weak (<64kt),539,1997108N05168,Standby (Replacement)
WP,Weak (<64kt),540,1981212N18142,Standby (Replacement)
WP,Weak (<64kt),541,2025229N22127,Standby (Replacement)
WP,Weak (<64kt),542,1980094N02179,Standby (Replacement)
WP,Weak (<64kt),543,1988255N21159,Standby (Replacement)
WP,Weak (<64kt),544,1994250N14133,Standby (Replacement)
WP,Weak (<64kt),545,2002214N19120,Standby (Replacement)
WP,Moderate (64-95kt),1,2007306N18133,Selected
WP,Moderate (64-95kt),2,2000184N13133,Selected
WP,Moderate (64-95kt),3,2023239N18144,Selected
WP,Moderate (64-95kt),4,2023207N09141,Selected
WP,Moderate (64-95kt),5,1995287N08163,Selected
WP,Moderate (64-95kt),6,1990171N11148,Selected
WP,Moderate (64-95kt),7,2003290N15132,Selected
WP,Moderate (64-95kt),8,2000299N08139,Selected
WP,Moderate (64-95kt),9,1989221N10149,Selected
WP,Moderate (64-95kt),10,1984290N06153,Selected
WP,Moderate (64-95kt),11,2017200N26162,Selected
WP,Moderate (64-95kt),12,1980208N23153,Selected
WP,Moderate (64-95kt),13,1992212N05154,Selected
WP,Moderate (64-95kt),14,1994222N11267,Selected
WP,Moderate (64-95kt),15,1986112N02152,Selected
WP,Moderate (64-95kt),16,1993263N11168,Selected
WP,Moderate (64-95kt),17,2016256N12146,Selected
WP,Moderate (64-95kt),18,1995294N05163,Standby (Replacement)
WP,Moderate (64-95kt),19,2018204N15137,Standby (Replacement)
WP,Moderate (64-95kt),20,2013282N14149,Standby (Replacement)
WP,Moderate (64-95kt),21,1993229N10159,Standby (Replacement)
WP,Moderate (64-95kt),22,1999151N09132,Standby (Replacement)
WP,Moderate (64-95kt),23,1992298N10188,Standby (Replacement)
WP,Moderate (64-95kt),24,1995258N14115,Standby (Replacement)
WP,Moderate (64-95kt),25,2008169N08135,Standby (Replacement)
WP,Moderate (64-95kt),26,1987219N08155,Standby (Replacement)
WP,Moderate (64-95kt),27,2017354N08134,Standby (Replacement)
WP,Moderate (64-95kt),28,1991187N06139,Standby (Replacement)
WP,Moderate (64-95kt),29,2002178N10139,Standby (Replacement)
WP,Moderate (64-95kt),30,1987266N16148,Standby (Replacement)
WP,Moderate (64-95kt),31,2018214N19153,Standby (Replacement)
WP,Moderate (64-95kt),32,1996227N15176,Standby (Replacement)
WP,Moderate (64-95kt),33,1985294N10122,Standby (Replacement)
WP,Moderate (64-95kt),34,1987282N12137,Standby (Replacement)
WP,Moderate (64-95kt),35,2006216N21152,Standby (Replacement)
WP,Moderate (64-95kt),36,2023218N25145,Standby (Replacement)
WP,Moderate (64-95kt),37,2021198N19117,Standby (Replacement)
WP,Moderate (64-95kt),38,1989201N11145,Standby (Replacement)
WP,Moderate (64-95kt),39,2002178N04155,Standby (Replacement)
WP,Moderate (64-95kt),40,2004263N13153,Standby (Replacement)
WP,Moderate (64-95kt),41,1994128N04155,Standby (Replacement)
WP,Moderate (64-95kt),42,2019260N20129,Standby (Replacement)
WP,Moderate (64-95kt),43,1998235N17131,Standby (Replacement)
WP,Moderate (64-95kt),44,2015038N08158,Standby (Replacement)
WP,Moderate (64-95kt),45,1980197N07154,Standby (Replacement)
WP,Moderate (64-95kt),46,1994237N24167,Standby (Replacement)
WP,Moderate (64-95kt),47,1987264N10190,Standby (Replacement)
WP,Moderate (64-95kt),48,2019314N12172,Standby (Replacement)
WP,Moderate (64-95kt),49,1994215N30149,Standby (Replacement)
WP,Moderate (64-95kt),50,1997202N04152,Standby (Replacement)
WP,Moderate (64-95kt),51,1991243N05172,Standby (Replacement)
WP,Moderate (64-95kt),52,2014197N10137,Standby (Replacement)
WP,Moderate (64-95kt),53,1981317N14153,Standby (Replacement)
WP,Moderate (64-95kt),54,2003098N03159,Standby (Replacement)
WP,Moderate (64-95kt),55,2006209N13130,Standby (Replacement)
WP,Moderate (64-95kt),56,2008343N16168,Standby (Replacement)
WP,Moderate (64-95kt),57,2024201N12133,Standby (Replacement)
WP,Moderate (64-95kt),58,2005262N20155,Standby (Replacement)
WP,Moderate (64-95kt),59,1990271N13153,Standby (Replacement)
WP,Moderate (64-95kt),60,1985136N07129,Standby (Replacement)
WP,Moderate (64-95kt),61,1990221N07162,Standby (Replacement)
WP,Moderate (64-95kt),62,1994263N17170,Standby (Replacement)
WP,Moderate (64-95kt),63,1999208N06139,Standby (Replacement)
WP,Moderate (64-95kt),64,1998342N06141,Standby (Replacement)
WP,Moderate (64-95kt),65,2000222N14143,Standby (Replacement)
WP,Moderate (64-95kt),66,1986225N17134,Standby (Replacement)
WP,Moderate (64-95kt),67,2017239N18147,Standby (Replacement)
WP,Moderate (64-95kt),68,1992286N12115,Standby (Replacement)
WP,Moderate (64-95kt),69,2024312N14145,Standby (Replacement)
WP,Moderate (64-95kt),70,2004206N20151,Standby (Replacement)
WP,Moderate (64-95kt),71,1980187N09146,Standby (Replacement)
WP,Moderate (64-95kt),72,2013255N20148,Standby (Replacement)
WP,Moderate (64-95kt),73,2002335N05166,Standby (Replacement)
WP,Moderate (64-95kt),74,2003259N13133,Standby (Replacement)
WP,Moderate (64-95kt),75,2002268N15163,Standby (Replacement)
WP,Moderate (64-95kt),76,2000214N22155,Standby (Replacement)
WP,Moderate (64-95kt),77,2018179N19134,Standby (Replacement)
WP,Moderate (64-95kt),78,1991220N20160,Standby (Replacement)
WP,Moderate (64-95kt),79,1985199N08143,Standby (Replacement)
WP,Moderate (64-95kt),80,2003138N04148,Standby (Replacement)
WP,Moderate (64-95kt),81,1989324N17174,Standby (Replacement)
WP,Moderate (64-95kt),82,2012152N12130,Standby (Replacement)
WP,Moderate (64-95kt),83,2001212N10158,Standby (Replacement)
WP,Moderate (64-95kt),84,1999260N20130,Standby (Replacement)
WP,Moderate (64-95kt),85,2019314N14136,Standby (Replacement)
WP,Moderate (64-95kt),86,1992174N13126,Standby (Replacement)
WP,Moderate (64-95kt),87,2011266N13139,Standby (Replacement)
WP,Moderate (64-95kt),88,2013272N10135,Standby (Replacement)
WP,Moderate (64-95kt),89,2011208N09145,Standby (Replacement)
WP,Moderate (64-95kt),90,1981070N03173,Standby (Replacement)
WP,Moderate (64-95kt),91,2001264N21126,Standby (Replacement)
WP,Moderate (64-95kt),92,1988295N10138,Standby (Replacement)
WP,Moderate (64-95kt),93,2012230N21126,Standby (Replacement)
WP,Moderate (64-95kt),94,1984180N16130,Standby (Replacement)
WP,Moderate (64-95kt),95,2001284N16132,Standby (Replacement)
WP,Moderate (64-95kt),96,2019354N05151,Standby (Replacement)
WP,Moderate (64-95kt),97,2012296N06135,Standby (Replacement)
WP,Moderate (64-95kt),98,2017232N19130,Standby (Replacement)
WP,Moderate (64-95kt),99,2025274N14133,Standby (Replacement)
WP,Moderate (64-95kt),100,2016305N10147,Standby (Replacement)
WP,Moderate (64-95kt),101,1991077N03165,Standby (Replacement)
WP,Moderate (64-95kt),102,2007324N10140,Standby (Replacement)
WP,Moderate (64-95kt),103,1983188N06136,Standby (Replacement)
WP,Moderate (64-95kt),104,1982325N08176,Standby (Replacement)
WP,Moderate (64-95kt),105,1993298N11154,Standby (Replacement)
WP,Moderate (64-95kt),106,1993331N05172,Standby (Replacement)
WP,Moderate (64-95kt),107,1980246N05151,Standby (Replacement)
WP,Moderate (64-95kt),108,2002057N06156,Standby (Replacement)
WP,Moderate (64-95kt),109,1996192N19152,Standby (Replacement)
WP,Moderate (64-95kt),110,1984239N08146,Standby (Replacement)
WP,Moderate (64-95kt),111,2010256N17137,Standby (Replacement)
WP,Moderate (64-95kt),112,2016230N15138,Standby (Replacement)
WP,Moderate (64-95kt),113,1984317N04164,Standby (Replacement)
WP,Moderate (64-95kt),114,2009196N14129,Standby (Replacement)
WP,Moderate (64-95kt),115,2022180N15117,Standby (Replacement)
WP,Moderate (64-95kt),116,2006128N09138,Standby (Replacement)
WP,Moderate (64-95kt),117,1996307N09154,Standby (Replacement)
WP,Moderate (64-95kt),118,1991200N05157,Standby (Replacement)
WP,Moderate (64-95kt),119,2019308N13114,Standby (Replacement)
WP,Moderate (64-95kt),120,1995252N08142,Standby (Replacement)
WP,Moderate (64-95kt),121,2002237N10202,Standby (Replacement)
WP,Moderate (64-95kt),122,2022264N17132,Standby (Replacement)
WP,Moderate (64-95kt),123,2024141N03142,Standby (Replacement)
WP,Moderate (64-95kt),124,1990261N12141,Standby (Replacement)
WP,Moderate (64-95kt),125,1990235N10152,Standby (Replacement)
WP,Moderate (64-95kt),126,2020234N19123,Standby (Replacement)
WP,Moderate (64-95kt),127,1981166N11135,Standby (Replacement)
WP,Moderate (64-95kt),128,1988005N03174,Standby (Replacement)
WP,Moderate (64-95kt),129,2021171N09152,Standby (Replacement)
WP,Moderate (64-95kt),130,2024233N15148,Standby (Replacement)
WP,Moderate (64-95kt),131,2004319N10134,Standby (Replacement)
WP,Moderate (64-95kt),132,1993240N17142,Standby (Replacement)
WP,Moderate (64-95kt),133,2025280N13147,Standby (Replacement)
WP,Moderate (64-95kt),134,1993221N12216,Standby (Replacement)
WP,Moderate (64-95kt),135,1989259N20126,Standby (Replacement)
WP,Moderate (64-95kt),136,2004216N16166,Standby (Replacement)
WP,Moderate (64-95kt),137,1991274N14149,Standby (Replacement)
WP,Moderate (64-95kt),138,1989134N07138,Standby (Replacement)
WP,Moderate (64-95kt),139,2010293N16147,Standby (Replacement)
WP,Moderate (64-95kt),140,1982238N10161,Standby (Replacement)
WP,Moderate (64-95kt),141,1999116N14114,Standby (Replacement)
WP,Moderate (64-95kt),142,2005230N20144,Standby (Replacement)
WP,Moderate (64-95kt),143,2002187N11160,Standby (Replacement)
WP,Moderate (64-95kt),144,1982087N04157,Standby (Replacement)
WP,Moderate (64-95kt),145,2010191N12138,Standby (Replacement)
WP,Moderate (64-95kt),146,2014271N10160,Standby (Replacement)
WP,Moderate (64-95kt),147,1982248N14133,Standby (Replacement)
WP,Moderate (64-95kt),148,1993250N17119,Standby (Replacement)
WP,Moderate (64-95kt),149,1991220N10133,Standby (Replacement)
WP,Moderate (64-95kt),150,2016287N12131,Standby (Replacement)
WP,Moderate (64-95kt),151,1996254N13138,Standby (Replacement)
WP,Moderate (64-95kt),152,1997236N10172,Standby (Replacement)
WP,Moderate (64-95kt),153,2012215N23146,Standby (Replacement)
WP,Moderate (64-95kt),154,2017223N16172,Standby (Replacement)
WP,Moderate (64-95kt),155,1990205N16141,Standby (Replacement)
WP,Moderate (64-95kt),156,1986343N05176,Standby (Replacement)
WP,Moderate (64-95kt),157,1982169N09149,Standby (Replacement)
WP,Moderate (64-95kt),158,1981355N07149,Standby (Replacement)
WP,Moderate (64-95kt),159,2022285N17140,Standby (Replacement)
WP,Moderate (64-95kt),160,2004333N06154,Standby (Replacement)
WP,Moderate (64-95kt),161,2007216N18138,Standby (Replacement)
WP,Moderate (64-95kt),162,2004174N14146,Standby (Replacement)
WP,Moderate (64-95kt),163,2005237N14148,Standby (Replacement)
WP,Moderate (64-95kt),164,1986169N07152,Standby (Replacement)
WP,Moderate (64-95kt),165,2001276N13146,Standby (Replacement)
WP,Moderate (64-95kt),166,2022270N14136,Standby (Replacement)
WP,Moderate (64-95kt),167,1986316N06146,Standby (Replacement)
WP,Moderate (64-95kt),168,1988308N09140,Standby (Replacement)
WP,Moderate (64-95kt),169,1991163N11128,Standby (Replacement)
WP,Moderate (64-95kt),170,2005248N08142,Standby (Replacement)
WP,Moderate (64-95kt),171,2025218N19149,Standby (Replacement)
WP,Moderate (64-95kt),172,2000248N17117,Standby (Replacement)
WP,Moderate (64-95kt),173,2009121N13124,Standby (Replacement)
WP,Moderate (64-95kt),174,1990245N16149,Standby (Replacement)
WP,Moderate (64-95kt),175,1989314N10152,Standby (Replacement)
WP,Moderate (64-95kt),176,2022096N03150,Standby (Replacement)
WP,Moderate (64-95kt),177,1996186N19156,Standby (Replacement)
WP,Moderate (64-95kt),178,1997099N06153,Standby (Replacement)
WP,Moderate (64-95kt),179,1984225N18142,Standby (Replacement)
WP,Moderate (64-95kt),180,1986270N05178,Standby (Replacement)
WP,Moderate (64-95kt),181,1990319N07197,Standby (Replacement)
WP,Moderate (64-95kt),182,2010198N15123,Standby (Replacement)
WP,Moderate (64-95kt),183,1985227N16149,Standby (Replacement)
WP,Moderate (64-95kt),184,2003226N07156,Standby (Replacement)
WP,Moderate (64-95kt),185,1990228N15141,Standby (Replacement)
WP,Moderate (64-95kt),186,2008104N08128,Standby (Replacement)
WP,Moderate (64-95kt),187,2024314N07151,Standby (Replacement)
WP,Moderate (64-95kt),188,2002234N14164,Standby (Replacement)
WP,Moderate (64-95kt),189,1981237N16148,Standby (Replacement)
WP,Moderate (64-95kt),190,1996268N15140,Standby (Replacement)
WP,Moderate (64-95kt),191,1989305N07105,Standby (Replacement)
WP,Moderate (64-95kt),192,2019329N09160,Standby (Replacement)
WP,Moderate (64-95kt),193,1982220N08154,Standby (Replacement)
WP,Moderate (64-95kt),194,1990250N13157,Standby (Replacement)
WP,Moderate (64-95kt),195,2012225N16133,Standby (Replacement)
WP,Moderate (64-95kt),196,1992172N07144,Standby (Replacement)
WP,Moderate (64-95kt),197,1985226N23126,Standby (Replacement)
WP,Moderate (64-95kt),198,2012209N11131,Standby (Replacement)
WP,Moderate (64-95kt),199,1993271N14134,Standby (Replacement)
WP,Moderate (64-95kt),200,2011192N18158,Standby (Replacement)
WP,Moderate (64-95kt),201,1985347N07155,Standby (Replacement)
WP,Moderate (64-95kt),202,1994287N14156,Standby (Replacement)
WP,Moderate (64-95kt),203,1994287N08176,Standby (Replacement)
WP,Moderate (64-95kt),204,1990287N13156,Standby (Replacement)
WP,Moderate (64-95kt),205,1989153N04144,Standby (Replacement)
WP,Moderate (64-95kt),206,1984255N25173,Standby (Replacement)
WP,Moderate (64-95kt),207,1990232N13141,Standby (Replacement)
WP,Moderate (64-95kt),208,1994291N12170,Standby (Replacement)
WP,Moderate (64-95kt),209,1985168N05156,Standby (Replacement)
WP,Moderate (64-95kt),210,2020129N07134,Standby (Replacement)
WP,Moderate (64-95kt),211,2017252N14147,Standby (Replacement)
WP,Moderate (64-95kt),212,1982136N08140,Standby (Replacement)
WP,Moderate (64-95kt),213,1985240N08148,Standby (Replacement)
WP,Moderate (64-95kt),214,2014058N09149,Standby (Replacement)
WP,Moderate (64-95kt),215,2010240N15142,Standby (Replacement)
WP,Moderate (64-95kt),216,1986353N03178,Standby (Replacement)
WP,Moderate (64-95kt),217,2005241N15155,Standby (Replacement)
WP,Moderate (64-95kt),218,1980270N13165,Standby (Replacement)
WP,Moderate (64-95kt),219,2020296N09137,Standby (Replacement)
WP,Moderate (64-95kt),220,2001246N19156,Standby (Replacement)
WP,Moderate (64-95kt),221,2019288N16136,Standby (Replacement)
WP,Moderate (64-95kt),222,2003158N08156,Standby (Replacement)
WP,Moderate (64-95kt),223,1988226N22173,Standby (Replacement)
WP,Moderate (64-95kt),224,2019268N10155,Standby (Replacement)
WP,Moderate (64-95kt),225,1980236N15144,Standby (Replacement)
WP,Moderate (64-95kt),226,1997232N14136,Standby (Replacement)
WP,Moderate (64-95kt),227,2000295N20146,Standby (Replacement)
WP,Moderate (64-95kt),228,1988249N18163,Standby (Replacement)
WP,Moderate (64-95kt),229,2021197N17135,Standby (Replacement)
WP,Moderate (64-95kt),230,2005268N19146,Standby (Replacement)
WP,Moderate (64-95kt),231,1995240N24151,Standby (Replacement)
WP,Moderate (64-95kt),232,1982286N09170,Standby (Replacement)
WP,Moderate (64-95kt),233,2017253N14130,Standby (Replacement)
WP,Moderate (64-95kt),234,1998285N12149,Standby (Replacement)
WP,Moderate (64-95kt),235,2020213N15131,Standby (Replacement)
WP,Moderate (64-95kt),236,1997165N12139,Standby (Replacement)
WP,Moderate (64-95kt),237,1984238N18137,Standby (Replacement)
WP,Moderate (64-95kt),238,2011257N19154,Standby (Replacement)
WP,Moderate (64-95kt),239,1998258N19126,Standby (Replacement)
WP,Moderate (64-95kt),240,1986283N10179,Standby (Replacement)
WP,Moderate (64-95kt),241,2020291N06141,Standby (Replacement)
WP,Moderate (64-95kt),242,1998213N14128,Standby (Replacement)
WP,Moderate (64-95kt),243,1991194N11147,Standby (Replacement)
WP,Moderate (64-95kt),244,2015273N12130,Standby (Replacement)
WP,Moderate (64-95kt),245,2006340N08142,Standby (Replacement)
WP,Moderate (64-95kt),246,2023271N14144,Standby (Replacement)
WP,Moderate (64-95kt),247,2003240N20139,Standby (Replacement)
WP,Moderate (64-95kt),248,1981245N23161,Standby (Replacement)
WP,Moderate (64-95kt),249,1996261N08184,Standby (Replacement)
WP,Moderate (64-95kt),250,1981261N25174,Standby (Replacement)
WP,Moderate (64-95kt),251,2024269N14150,Standby (Replacement)
WP,Moderate (64-95kt),252,2000260N15178,Standby (Replacement)
WP,Moderate (64-95kt),253,1996291N17168,Standby (Replacement)
WP,Moderate (64-95kt),254,2004288N09164,Standby (Replacement)
WP,Moderate (64-95kt),255,1984186N16154,Standby (Replacement)
WP,Moderate (64-95kt),256,1991257N16130,Standby (Replacement)
WP,Moderate (64-95kt),257,1989279N07151,Standby (Replacement)
WP,Moderate (64-95kt),258,1986221N17163,Standby (Replacement)
WP,Moderate (64-95kt),259,1989216N06159,Standby (Replacement)
WP,Moderate (64-95kt),260,1988282N17153,Standby (Replacement)
WP,Moderate (64-95kt),261,2009268N14128,Standby (Replacement)
WP,Moderate (64-95kt),262,1989354N05155,Standby (Replacement)
WP,Moderate (64-95kt),263,2009123N10111,Standby (Replacement)
WP,Moderate (64-95kt),264,2020313N08135,Standby (Replacement)
WP,Moderate (64-95kt),265,2004156N16117,Standby (Replacement)
WP,Moderate (64-95kt),266,2003291N17147,Standby (Replacement)
WP,Moderate (64-95kt),267,1981286N10150,Standby (Replacement)
WP,Moderate (64-95kt),268,2002240N16155,Standby (Replacement)
WP,Moderate (64-95kt),269,2015344N07145,Standby (Replacement)
WP,Moderate (64-95kt),270,1985162N05154,Standby (Replacement)
WP,Moderate (64-95kt),271,2001225N18146,Standby (Replacement)
WP,Moderate (64-95kt),272,1996246N08148,Standby (Replacement)
WP,Moderate (64-95kt),273,2009254N14130,Standby (Replacement)
WP,Moderate (64-95kt),274,2023156N12135,Standby (Replacement)
WP,Moderate (64-95kt),275,2003316N11141,Standby (Replacement)
WP,Moderate (64-95kt),276,1983321N11111,Standby (Replacement)
WP,Moderate (64-95kt),277,2017206N13129,Standby (Replacement)
WP,Moderate (64-95kt),278,1990129N05138,Standby (Replacement)
WP,Moderate (64-95kt),279,2019243N06136,Standby (Replacement)
WP,Moderate (64-95kt),280,1982247N11147,Standby (Replacement)
WP,Moderate (64-95kt),281,1992268N11193,Standby (Replacement)
WP,Moderate (64-95kt),282,1994345N06165,Standby (Replacement)
WP,Moderate (64-95kt),283,1986228N19120,Standby (Replacement)
WP,Moderate (64-95kt),284,1984207N29135,Standby (Replacement)
WP,Moderate (64-95kt),285,1990208N18132,Standby (Replacement)
WP,Moderate (64-95kt),286,1988242N12215,Standby (Replacement)
WP,Moderate (64-95kt),287,2008262N16142,Standby (Replacement)
WP,Moderate (64-95kt),288,1999275N16135,Standby (Replacement)
WP,Moderate (64-95kt),289,2002200N21150,Standby (Replacement)
WP,Moderate (64-95kt),290,1989271N14168,Standby (Replacement)
WP,Moderate (64-95kt),291,1985236N23125,Standby (Replacement)
WP,Moderate (64-95kt),292,2022233N22151,Standby (Replacement)
WP,Moderate (64-95kt),293,1984281N13146,Standby (Replacement)
WP,Moderate (64-95kt),294,2008193N20126,Standby (Replacement)
WP,Moderate (64-95kt),295,2019242N14180,Standby (Replacement)
WP,Moderate (64-95kt),296,2007090N06158,Standby (Replacement)
WP,Moderate (64-95kt),297,2025205N13145,Standby (Replacement)
WP,Moderate (64-95kt),298,1992242N13166,Standby (Replacement)
WP,Moderate (64-95kt),299,1991274N08164,Standby (Replacement)
WP,Moderate (64-95kt),300,2005301N13117,Standby (Replacement)
WP,Moderate (64-95kt),301,2002323N09155,Standby (Replacement)
WP,Moderate (64-95kt),302,2012201N15129,Standby (Replacement)
WP,Moderate (64-95kt),303,1993211N07161,Standby (Replacement)
WP,Moderate (64-95kt),304,2025233N15126,Standby (Replacement)
WP,Moderate (64-95kt),305,2018324N04156,Standby (Replacement)
WP,Moderate (64-95kt),306,2009228N11163,Standby (Replacement)
WP,Moderate (64-95kt),307,2000364N07130,Standby (Replacement)
WP,Moderate (64-95kt),308,1996128N07138,Standby (Replacement)
WP,Moderate (64-95kt),309,2007323N09128,Standby (Replacement)
WP,Moderate (64-95kt),310,2005262N13127,Standby (Replacement)
WP,Moderate (64-95kt),311,2016244N21123,Standby (Replacement)
WP,Moderate (64-95kt),312,1995193N06156,Standby (Replacement)
WP,Moderate (64-95kt),313,1986276N07177,Standby (Replacement)
WP,Moderate (64-95kt),314,2025184N20122,Standby (Replacement)
WP,Moderate (64-95kt),315,2015180N09160,Standby (Replacement)
WP,Moderate (64-95kt),316,2019216N16147,Standby (Replacement)
WP,Moderate (64-95kt),317,1986190N11162,Standby (Replacement)
WP,Moderate (64-95kt),318,1989271N12142,Standby (Replacement)
WP,Moderate (64-95kt),319,2007208N20155,Standby (Replacement)
WP,Moderate (64-95kt),320,1994231N12157,Standby (Replacement)
WP,Moderate (64-95kt),321,2004134N07132,Standby (Replacement)
WP,Moderate (64-95kt),322,1995236N10134,Standby (Replacement)
WP,Moderate (64-95kt),323,1997265N10175,Standby (Replacement)
WP,Moderate (64-95kt),324,2004093N07154,Standby (Replacement)
WP,Moderate (64-95kt),325,1980219N15165,Standby (Replacement)
WP,Moderate (64-95kt),326,2023213N14257,Standby (Replacement)
WP,Moderate (64-95kt),327,2002297N09206,Standby (Replacement)
WP,Moderate (64-95kt),328,1988193N09149,Standby (Replacement)
WP,Moderate (64-95kt),329,2015321N04164,Standby (Replacement)
WP,Moderate (64-95kt),330,2022254N21158,Standby (Replacement)
WP,Moderate (64-95kt),331,1990166N06141,Standby (Replacement)
WP,Moderate (64-95kt),332,2019213N17155,Standby (Replacement)
WP,Moderate (64-95kt),333,1987343N05154,Standby (Replacement)
WP,Moderate (64-95kt),334,2002222N09163,Standby (Replacement)
WP,Moderate (64-95kt),335,2001170N11138,Standby (Replacement)
WP,Moderate (64-95kt),336,2008229N13147,Standby (Replacement)
WP,Moderate (64-95kt),337,2000185N15117,Standby (Replacement)
WP,Moderate (64-95kt),338,1983186N04153,Standby (Replacement)
WP,Moderate (64-95kt),339,2004227N15144,Standby (Replacement)
WP,Moderate (64-95kt),340,1996203N12152,Standby (Replacement)
WP,Moderate (64-95kt),341,1987176N10150,Standby (Replacement)
WP,Moderate (64-95kt),342,2000125N06136,Standby (Replacement)
WP,Moderate (64-95kt),343,1983271N18118,Standby (Replacement)
WP,Moderate (64-95kt),344,1986252N06153,Standby (Replacement)
WP,Moderate (64-95kt),345,1992188N07156,Standby (Replacement)
WP,Moderate (64-95kt),346,2011253N20145,Standby (Replacement)
WP,Moderate (64-95kt),347,2008206N22133,Standby (Replacement)
WP,Moderate (64-95kt),348,1992248N19166,Standby (Replacement)
WP,Moderate (64-95kt),349,1993224N07153,Standby (Replacement)
WP,Moderate (64-95kt),350,2007240N17153,Standby (Replacement)
WP,Moderate (64-95kt),351,2022247N26147,Standby (Replacement)
WP,Moderate (64-95kt),352,2004284N07157,Standby (Replacement)
WP,Moderate (64-95kt),353,2015257N14152,Standby (Replacement)
WP,Moderate (64-95kt),354,2007291N19148,Standby (Replacement)
WP,Moderate (64-95kt),355,2021295N09145,Standby (Replacement)
WP,Moderate (64-95kt),356,2012279N15145,Standby (Replacement)
WP,Moderate (64-95kt),357,2001259N20138,Standby (Replacement)
WP,Moderate (64-95kt),358,1989272N18120,Standby (Replacement)
WP,Moderate (64-95kt),359,2024253N11148,Standby (Replacement)
WP,Moderate (64-95kt),360,2018229N11160,Standby (Replacement)
WP,Moderate (64-95kt),361,2010263N15149,Standby (Replacement)
WP,Moderate (64-95kt),362,2003212N09150,Standby (Replacement)
WP,Moderate (64-95kt),363,2004239N11171,Standby (Replacement)
WP,Moderate (64-95kt),364,2007188N04148,Standby (Replacement)
WP,Moderate (64-95kt),365,2013269N15118,Standby (Replacement)
WP,Moderate (64-95kt),366,1987007N06162,Standby (Replacement)
WP,Moderate (64-95kt),367,1985240N09198,Standby (Replacement)
WP,Moderate (64-95kt),368,1985231N16142,Standby (Replacement)
WP,Moderate (64-95kt),369,2012209N25149,Standby (Replacement)
WP,Moderate (64-95kt),370,1996210N05156,Standby (Replacement)
WP,Moderate (64-95kt),371,2013274N18152,Standby (Replacement)
WP,Moderate (64-95kt),372,1992318N11160,Standby (Replacement)
WP,Moderate (64-95kt),373,1997146N09161,Standby (Replacement)
WP,Moderate (64-95kt),374,2018227N11145,Standby (Replacement)
WP,Moderate (64-95kt),375,2013301N13142,Standby (Replacement)
WP,Moderate (64-95kt),376,1981227N18129,Standby (Replacement)
WP,Moderate (64-95kt),377,2002133N03150,Standby (Replacement)
WP,Moderate (64-95kt),378,1989246N16159,Standby (Replacement)
WP,Moderate (64-95kt),379,2001260N14167,Standby (Replacement)
WP,Moderate (64-95kt),380,2004219N15137,Standby (Replacement)
WP,Moderate (64-95kt),381,1991251N12138,Standby (Replacement)
WP,Moderate (64-95kt),382,2009215N20133,Standby (Replacement)
WP,Moderate (64-95kt),383,2003267N15140,Standby (Replacement)
WP,Moderate (64-95kt),384,1986029N04152,Standby (Replacement)
WP,Moderate (64-95kt),385,1988150N19119,Standby (Replacement)
WP,Moderate (64-95kt),386,1987320N03171,Standby (Replacement)
WP,Moderate (64-95kt),387,1996252N11162,Standby (Replacement)
WP,Moderate (64-95kt),388,1997167N06162,Standby (Replacement)
WP,Moderate (64-95kt),389,2009287N10154,Standby (Replacement)
WP,Moderate (64-95kt),390,1992216N06182,Standby (Replacement)
WP,Moderate (64-95kt),391,1997252N10171,Standby (Replacement)
WP,Moderate (64-95kt),392,1993261N11131,Standby (Replacement)
WP,Moderate (64-95kt),393,2014254N10142,Standby (Replacement)
WP,Moderate (64-95kt),394,2004231N09147,Standby (Replacement)
WP,Moderate (64-95kt),395,2011270N18139,Standby (Replacement)
WP,Moderate (64-95kt),396,2007135N08147,Standby (Replacement)
WP,Moderate (64-95kt),397,1987245N15133,Standby (Replacement)
WP,Moderate (64-95kt),398,2006268N12129,Standby (Replacement)
WP,Moderate (64-95kt),399,1992289N09171,Standby (Replacement)
WP,Moderate (64-95kt),400,1988170N05141,Standby (Replacement)
WP,Moderate (64-95kt),401,2001238N16139,Standby (Replacement)
WP,Moderate (64-95kt),402,2000237N08138,Standby (Replacement)
WP,Moderate (64-95kt),403,1980323N04180,Standby (Replacement)
WP,Moderate (64-95kt),404,1998267N13134,Standby (Replacement)
WP,Moderate (64-95kt),405,2003196N05150,Standby (Replacement)
WP,Moderate (64-95kt),406,1994186N09139,Standby (Replacement)
WP,Moderate (64-95kt),407,1993336N05164,Standby (Replacement)
WP,Moderate (64-95kt),408,2017304N11127,Standby (Replacement)
WP,Moderate (64-95kt),409,2015188N08194,Standby (Replacement)
WP,Moderate (64-95kt),410,2005211N09141,Standby (Replacement)
WP,Moderate (64-95kt),411,2013282N14132,Standby (Replacement)
WP,Moderate (64-95kt),412,1984277N07151,Standby (Replacement)
WP,Moderate (64-95kt),413,2015286N12163,Standby (Replacement)
WP,Moderate (64-95kt),414,2016265N10150,Standby (Replacement)
WP,Moderate (64-95kt),415,1982227N09140,Standby (Replacement)
WP,Moderate (64-95kt),416,2015229N08212,Standby (Replacement)
WP,Moderate (64-95kt),417,2025266N11137,Standby (Replacement)
WP,Moderate (64-95kt),418,2006198N08152,Standby (Replacement)
WP,Moderate (64-95kt),419,2001202N23152,Standby (Replacement)
WP,Moderate (64-95kt),420,2001248N23125,Standby (Replacement)
WP,Moderate (64-95kt),421,1996201N07137,Standby (Replacement)
WP,Moderate (64-95kt),422,1980126N08150,Standby (Replacement)
WP,Moderate (64-95kt),423,2014190N08154,Standby (Replacement)
WP,Moderate (64-95kt),424,2020277N21141,Standby (Replacement)
WP,Moderate (64-95kt),425,1985268N03161,Standby (Replacement)
WP,Moderate (64-95kt),426,2020239N13134,Standby (Replacement)
WP,Moderate (64-95kt),427,2005148N06156,Standby (Replacement)
WP,Moderate (64-95kt),428,2006282N13160,Standby (Replacement)
WP,Moderate (64-95kt),429,2016230N25160,Standby (Replacement)
WP,Moderate (64-95kt),430,1989291N05158,Standby (Replacement)
WP,Moderate (64-95kt),431,2017284N15134,Standby (Replacement)
WP,Moderate (64-95kt),432,1980256N10154,Standby (Replacement)
WP,Moderate (64-95kt),433,2009299N12153,Standby (Replacement)
WP,Moderate (64-95kt),434,2000245N14157,Standby (Replacement)
WP,Moderate (64-95kt),435,1994244N07151,Standby (Replacement)
WP,Moderate (64-95kt),436,2025305N08140,Standby (Replacement)
WP,Moderate (64-95kt),437,1996227N08156,Standby (Replacement)
WP,Moderate (64-95kt),438,2005107N07151,Standby (Replacement)
WP,Moderate (64-95kt),439,1982257N17140,Standby (Replacement)
WP,Moderate (64-95kt),440,2025308N09144,Standby (Replacement)
WP,Moderate (64-95kt),441,1998259N17118,Standby (Replacement)
WP,Moderate (64-95kt),442,2025328N07132,Standby (Replacement)
WP,Moderate (64-95kt),443,2001309N10130,Standby (Replacement)
WP,Moderate (64-95kt),444,2004177N12154,Standby (Replacement)
WP,Moderate (64-95kt),445,1985281N02144,Standby (Replacement)
WP,Moderate (64-95kt),446,2024225N22135,Standby (Replacement)
WP,Moderate (64-95kt),447,1985212N22148,Standby (Replacement)
WP,Moderate (64-95kt),448,1989211N24153,Standby (Replacement)
WP,Moderate (64-95kt),449,1993322N09137,Standby (Replacement)
WP,Moderate (64-95kt),450,1987202N09144,Standby (Replacement)
WP,Moderate (64-95kt),451,2001206N14134,Standby (Replacement)
WP,Intense (>=96kt),1,2018294N08161,Selected
WP,Intense (>=96kt),2,2009270N10148,Selected
WP,Intense (>=96kt),3,1994224N20152,Selected
WP,Intense (>=96kt),4,1987244N11177,Selected
WP,Intense (>=96kt),5,2011233N12129,Selected
WP,Intense (>=96kt),6,2022239N22150,Selected
WP,Intense (>=96kt),7,2016355N07146,Selected
WP,Intense (>=96kt),8,2012263N15141,Selected
WP,Intense (>=96kt),9,1985284N05159,Selected
WP,Intense (>=96kt),10,2023234N18128,Selected
WP,Intense (>=96kt),11,2025260N13138,Selected
WP,Intense (>=96kt),12,2013306N07162,Selected
WP,Intense (>=96kt),13,2021265N11150,Selected
WP,Intense (>=96kt),14,1986134N08149,Selected
WP,Intense (>=96kt),15,1980277N09157,Selected
WP,Intense (>=96kt),16,2022254N24143,Selected
WP,Intense (>=96kt),17,2014275N06166,Standby (Replacement)
WP,Intense (>=96kt),18,2021333N11146,Standby (Replacement)
WP,Intense (>=96kt),19,2024270N24128,Standby (Replacement)
WP,Intense (>=96kt),20,2015263N14148,Standby (Replacement)
WP,Intense (>=96kt),21,1981343N05150,Standby (Replacement)
WP,Intense (>=96kt),22,1987231N10159,Standby (Replacement)
WP,Intense (>=96kt),23,2012254N09135,Standby (Replacement)
WP,Intense (>=96kt),24,2017288N09138,Standby (Replacement)
WP,Intense (>=96kt),25,2013220N12137,Standby (Replacement)
WP,Intense (>=96kt),26,1990310N07152,Standby (Replacement)
WP,Intense (>=96kt),27,1998281N11151,Standby (Replacement)
WP,Intense (>=96kt),28,2006298N12143,Standby (Replacement)
WP,Intense (>=96kt),29,1986330N05173,Standby (Replacement)
WP,Intense (>=96kt),30,2007257N16134,Standby (Replacement)
WP,Intense (>=96kt),31,2015226N12151,Standby (Replacement)
WP,Intense (>=96kt),32,2008128N07134,Standby (Replacement)
WP,Intense (>=96kt),33,1994192N05139,Standby (Replacement)
WP,Intense (>=96kt),34,2014209N12152,Standby (Replacement)
WP,Intense (>=96kt),35,1997240N12193,Standby (Replacement)
WP,Intense (>=96kt),36,1981266N09151,Standby (Replacement)
WP,Intense (>=96kt),37,1982077N04161,Standby (Replacement)
WP,Intense (>=96kt),38,1988274N12142,Standby (Replacement)
WP,Intense (>=96kt),39,1984336N05156,Standby (Replacement)
WP,Intense (>=96kt),40,2015127N04158,Standby (Replacement)
WP,Intense (>=96kt),41,1983299N07172,Standby (Replacement)
WP,Intense (>=96kt),42,1997152N06171,Standby (Replacement)
WP,Intense (>=96kt),43,1991124N05152,Standby (Replacement)
WP,Intense (>=96kt),44,2020299N11144,Standby (Replacement)
WP,Intense (>=96kt),45,2003319N13172,Standby (Replacement)
WP,Intense (>=96kt),46,2004230N09172,Standby (Replacement)
WP,Intense (>=96kt),47,2014184N08147,Standby (Replacement)
WP,Intense (>=96kt),48,2004275N14139,Standby (Replacement)
WP,Intense (>=96kt),49,2004164N06139,Standby (Replacement)
WP,Intense (>=96kt),50,1982283N17148,Standby (Replacement)
WP,Intense (>=96kt),51,2009272N07164,Standby (Replacement)
WP,Intense (>=96kt),52,1982202N12148,Standby (Replacement)
WP,Intense (>=96kt),53,2001347N04162,Standby (Replacement)
WP,Intense (>=96kt),54,2012232N13141,Standby (Replacement)
WP,Intense (>=96kt),55,2007223N19136,Standby (Replacement)
WP,Intense (>=96kt),56,2025261N23166,Standby (Replacement)
WP,Intense (>=96kt),57,2014303N13141,Standby (Replacement)
WP,Intense (>=96kt),58,1987188N10151,Standby (Replacement)
WP,Intense (>=96kt),59,2006329N06150,Standby (Replacement)
WP,Intense (>=96kt),60,1986179N11175,Standby (Replacement)
WP,Intense (>=96kt),61,1994298N25161,Standby (Replacement)
WP,Intense (>=96kt),62,1981319N07163,Standby (Replacement)
WP,Intense (>=96kt),63,2006228N10218,Standby (Replacement)
WP,Intense (>=96kt),64,2007274N18131,Standby (Replacement)
WP,Intense (>=96kt),65,1992277N16140,Standby (Replacement)
WP,Intense (>=96kt),66,2012162N06150,Standby (Replacement)
WP,Intense (>=96kt),67,1995293N05177,Standby (Replacement)
WP,Intense (>=96kt),68,1982272N11156,Standby (Replacement)
WP,Intense (>=96kt),69,1980201N08155,Standby (Replacement)
WP,Intense (>=96kt),70,2018263N12146,Standby (Replacement)
WP,Intense (>=96kt),71,1997284N04179,Standby (Replacement)
WP,Intense (>=96kt),72,1995250N09161,Standby (Replacement)
WP,Intense (>=96kt),73,1991256N13171,Standby (Replacement)
WP,Intense (>=96kt),74,1991301N08173,Standby (Replacement)
WP,Intense (>=96kt),75,2006216N07151,Standby (Replacement)
WP,Intense (>=96kt),76,2008252N16128,Standby (Replacement)
WP,Intense (>=96kt),77,2023279N08157,Standby (Replacement)
WP,Intense (>=96kt),78,2000230N08139,Standby (Replacement)
WP,Intense (>=96kt),79,2015226N15164,Standby (Replacement)
WP,Intense (>=96kt),80,1983212N06151,Standby (Replacement)
WP,Intense (>=96kt),81,2013292N09162,Standby (Replacement)
WP,Intense (>=96kt),82,1992318N06182,Standby (Replacement)
WP,Intense (>=96kt),83,2020244N25146,Standby (Replacement)
WP,Intense (>=96kt),84,2023201N13134,Standby (Replacement)
WP,Intense (>=96kt),85,2013289N14149,Standby (Replacement)
WP,Intense (>=96kt),86,1981256N10150,Standby (Replacement)
WP,Intense (>=96kt),87,2016185N08145,Standby (Replacement)
WP,Intense (>=96kt),88,2002195N11172,Standby (Replacement)
WP,Intense (>=96kt),89,2006259N19155,Standby (Replacement)
WP,Intense (>=96kt),90,2001291N05158,Standby (Replacement)
WP,Intense (>=96kt),91,2025276N20147,Standby (Replacement)
WP,Intense (>=96kt),92,1983317N12153,Standby (Replacement)
WP,Intense (>=96kt),93,1983239N10183,Standby (Replacement)
WP,Intense (>=96kt),94,2014334N02156,Standby (Replacement)
WP,Intense (>=96kt),95,2013259N17132,Standby (Replacement)
WP,Intense (>=96kt),96,1997196N08142,Standby (Replacement)
WP,Intense (>=96kt),97,2021248N12141,Standby (Replacement)
WP,Intense (>=96kt),98,2015085N06162,Standby (Replacement)
WP,Intense (>=96kt),99,1982202N11165,Standby (Replacement)
WP,Intense (>=96kt),100,1982229N09154,Standby (Replacement)
WP,Intense (>=96kt),101,2010285N13145,Standby (Replacement)
WP,Intense (>=96kt),102,1982213N13145,Standby (Replacement)
WP,Intense (>=96kt),103,1991289N06156,Standby (Replacement)
WP,Intense (>=96kt),104,1993164N04160,Standby (Replacement)
WP,Intense (>=96kt),105,2014204N10239,Standby (Replacement)
WP,Intense (>=96kt),106,2023138N05151,Standby (Replacement)
WP,Intense (>=96kt),107,1997299N07169,Standby (Replacement)
WP,Intense (>=96kt),108,1994251N10180,Standby (Replacement)
WP,Intense (>=96kt),109,2006252N13139,Standby (Replacement)
WP,Intense (>=96kt),110,2018082N04147,Standby (Replacement)
WP,Intense (>=96kt),111,1984294N04163,Standby (Replacement)
WP,Intense (>=96kt),112,2015285N14151,Standby (Replacement)
WP,Intense (>=96kt),113,2019214N15134,Standby (Replacement)
WP,Intense (>=96kt),114,2013187N20156,Standby (Replacement)
WP,Intense (>=96kt),115,2016288N06146,Standby (Replacement)
WP,Intense (>=96kt),116,2006180N06140,Standby (Replacement)
WP,Intense (>=96kt),117,2015211N13162,Standby (Replacement)
WP,Intense (>=96kt),118,2024244N09137,Standby (Replacement)
WP,Intense (>=96kt),119,1980257N17133,Standby (Replacement)
WP,Intense (>=96kt),120,1984313N14154,Standby (Replacement)
WP,Intense (>=96kt),121,1986259N07170,Standby (Replacement)
WP,Intense (>=96kt),122,2018271N06154,Standby (Replacement)
WP,Intense (>=96kt),123,2024313N10169,Standby (Replacement)
WP,Intense (>=96kt),124,1983259N08161,Standby (Replacement)
WP,Intense (>=96kt),125,2009325N06148,Standby (Replacement)
WP,Intense (>=96kt),126,1992236N07159,Standby (Replacement)
WP,Intense (>=96kt),127,2011140N08142,Standby (Replacement)
WP,Intense (>=96kt),128,1994273N08176,Standby (Replacement)
WP,Intense (>=96kt),129,2008147N10141,Standby (Replacement)
WP,Intense (>=96kt),130,2009255N13155,Standby (Replacement)
WP,Intense (>=96kt),131,2019050N05163,Standby (Replacement)
WP,Intense (>=96kt),132,2018184N10147,Standby (Replacement)
WP,Intense (>=96kt),133,2016253N13144,Standby (Replacement)
WP,Intense (>=96kt),134,1991320N06171,Standby (Replacement)
WP,Intense (>=96kt),135,2006311N16143,Standby (Replacement)
WP,Intense (>=96kt),136,1984204N21162,Standby (Replacement)
WP,Intense (>=96kt),137,2018239N11161,Standby (Replacement)
WP,Intense (>=96kt),138,2024298N13150,Standby (Replacement)
WP,Intense (>=96kt),139,1989190N20160,Standby (Replacement)
WP,Intense (>=96kt),140,2015184N08172,Standby (Replacement)
WP,Intense (>=96kt),141,1997217N06168,Standby (Replacement)
WP,Intense (>=96kt),142,2005192N22155,Standby (Replacement)
WP,Intense (>=96kt),143,2007254N18140,Standby (Replacement)
WP,Intense (>=96kt),144,1990309N08167,Standby (Replacement)
WP,Intense (>=96kt),145,1990347N05173,Standby (Replacement)
WP,Intense (>=96kt),146,1983201N08144,Standby (Replacement)
WP,Intense (>=96kt),147,2021102N06144,Standby (Replacement)
WP,Intense (>=96kt),148,2019278N16165,Standby (Replacement)
WP,Intense (>=96kt),149,1993270N07153,Standby (Replacement)
WP,Intense (>=96kt),150,1994259N12128,Standby (Replacement)
WP,Intense (>=96kt),151,1997333N06194,Standby (Replacement)
WP,Intense (>=96kt),152,1980133N07149,Standby (Replacement)
WP,Intense (>=96kt),153,1992302N06150,Standby (Replacement)
WP,Intense (>=96kt),154,1984302N00149,Standby (Replacement)
WP,Intense (>=96kt),155,1990251N06171,Standby (Replacement)
WP,Intense (>=96kt),156,2008268N12140,Standby (Replacement)
WP,Intense (>=96kt),157,2015122N07144,Standby (Replacement)
WP,Intense (>=96kt),158,2018250N12170,Standby (Replacement)
WP,Intense (>=96kt),159,2024307N06143,Standby (Replacement)
WP,Intense (>=96kt),160,2016278N16181,Standby (Replacement)
WP,Intense (>=96kt),161,1989103N07154,Standby (Replacement)
WP,Intense (>=96kt),162,2003247N10153,Standby (Replacement)
WP,Intense (>=96kt),163,1987200N04191,Standby (Replacement)
WP,Intense (>=96kt),164,1989286N14137,Standby (Replacement)
WP,Intense (>=96kt),165,1980296N05165,Standby (Replacement)
WP,Intense (>=96kt),166,2019306N10162,Standby (Replacement)
WP,Intense (>=96kt),167,2016269N15165,Standby (Replacement)
WP,Intense (>=96kt),168,2012331N03157,Standby (Replacement)
WP,Intense (>=96kt),169,2019290N08169,Standby (Replacement)
WP,Intense (>=96kt),170,1987247N09150,Standby (Replacement)
WP,Intense (>=96kt),171,2005282N22138,Standby (Replacement)
WP,Intense (>=96kt),172,2021346N05145,Standby (Replacement)
WP,Intense (>=96kt),173,1997283N07177,Standby (Replacement)
WP,Intense (>=96kt),174,1987219N08134,Standby (Replacement)
WP,Intense (>=96kt),175,1987288N13168,Standby (Replacement)
WP,Intense (>=96kt),176,1994211N12152,Standby (Replacement)
