ControlID,Basin,Month,LMC,Timestamp,Latitude,Longitude,RandomRank,StratumID,Status
CTRL_001,NI,2,5to10,1992-02-22T18:00:00,5.9,88.5,1,NI_2_5to10,Selected
STANDBY_001,NI,2,5to10,2017-02-04T00:00:00,7.7,97.6,2,NI_2_5to10,Standby
STANDBY_002,NI,2,5to10,1985-02-16T18:00:00,5.2,93.7,3,NI_2_5to10,Standby
STANDBY_003,NI,2,5to10,2005-02-02T18:00:00,5.9,98.3,4,NI_2_5to10,Standby
STANDBY_004,NI,2,5to10,1995-02-10T00:00:00,9.7,86.5,5,NI_2_5to10,Standby
STANDBY_005,NI,2,5to10,1984-02-29T18:00:00,7.6,50.8,6,NI_2_5to10,Standby
STANDBY_006,NI,2,5to10,2006-02-24T06:00:00,7.2,89.3,7,NI_2_5to10,Standby
STANDBY_007,NI,2,5to10,2005-02-09T06:00:00,6.9,79.4,8,NI_2_5to10,Standby
STANDBY_008,NI,2,5to10,2010-02-21T06:00:00,8.3,59.4,9,NI_2_5to10,Standby
STANDBY_009,NI,2,5to10,2009-02-07T18:00:00,9.6,96.4,10,NI_2_5to10,Standby
STANDBY_010,NI,2,5to10,2010-02-16T06:00:00,9.6,68.9,11,NI_2_5to10,Standby
STANDBY_011,NI,2,5to10,2009-02-25T12:00:00,7.8,55.6,12,NI_2_5to10,Standby
STANDBY_012,NI,2,5to10,1997-02-24T12:00:00,9.2,63.4,13,NI_2_5to10,Standby
STANDBY_013,NI,2,5to10,2016-02-13T18:00:00,8.5,72.9,14,NI_2_5to10,Standby
STANDBY_014,NI,2,5to10,2002-02-19T12:00:00,5.1,69.0,15,NI_2_5to10,Standby
STANDBY_015,NI,2,5to10,2008-02-24T12:00:00,8.9,50.5,16,NI_2_5to10,Standby
STANDBY_016,NI,2,5to10,2000-02-24T06:00:00,8.9,59.5,17,NI_2_5to10,Standby
STANDBY_017,NI,2,5to10,1998-02-11T18:00:00,9.1,82.3,18,NI_2_5to10,Standby
STANDBY_018,NI,2,5to10,1995-02-16T06:00:00,8.8,54.1,19,NI_2_5to10,Standby
STANDBY_019,NI,2,5to10,1981-02-05T00:00:00,5.3,97.6,20,NI_2_5to10,Standby
STANDBY_020,NI,2,5to10,2005-02-04T00:00:00,5.7,59.0,21,NI_2_5to10,Standby
CTRL_002,NI,4,0to5,2009-04-28T06:00:00,2.1,52.7,1,NI_4_0to5,Selected
STANDBY_021,NI,4,0to5,2020-04-03T06:00:00,3.7,75.8,2,NI_4_0to5,Standby
STANDBY_022,NI,4,0to5,2025-04-12T06:00:00,0.1,80.2,3,NI_4_0to5,Standby
STANDBY_023,NI,4,0to5,1987-04-17T06:00:00,2.3,94.6,4,NI_4_0to5,Standby
STANDBY_024,NI,4,0to5,2016-04-18T00:00:00,4.6,54.0,5,NI_4_0to5,Standby
STANDBY_025,NI,4,0to5,2018-04-24T06:00:00,4.0,55.5,6,NI_4_0to5,Standby
STANDBY_026,NI,4,0to5,2006-04-26T00:00:00,1.5,63.6,7,NI_4_0to5,Standby
STANDBY_027,NI,4,0to5,1997-04-27T00:00:00,2.0,59.7,8,NI_4_0to5,Standby
STANDBY_028,NI,4,0to5,2011-04-02T06:00:00,2.9,57.5,9,NI_4_0to5,Standby
STANDBY_029,NI,4,0to5,2022-04-08T12:00:00,3.9,76.7,10,NI_4_0to5,Standby
STANDBY_030,NI,4,0to5,1992-04-29T12:00:00,4.6,91.9,11,NI_4_0to5,Standby
STANDBY_031,NI,4,0to5,2019-04-10T00:00:00,4.6,84.2,12,NI_4_0to5,Standby
STANDBY_032,NI,4,0to5,1993-04-17T18:00:00,1.2,81.2,13,NI_4_0to5,Standby
STANDBY_033,NI,4,0to5,2018-04-17T18:00:00,1.6,47.1,14,NI_4_0to5,Standby
STANDBY_034,NI,4,0to5,1992-04-11T18:00:00,2.1,97.1,15,NI_4_0to5,Standby
STANDBY_035,NI,4,0to5,1981-04-22T00:00:00,4.8,67.3,16,NI_4_0to5,Standby
STANDBY_036,NI,4,0to5,2004-04-23T00:00:00,1.1,98.3,17,NI_4_0to5,Standby
STANDBY_037,NI,4,0to5,1996-04-10T18:00:00,4.1,94.3,18,NI_4_0to5,Standby
STANDBY_038,NI,4,0to5,2018-04-09T00:00:00,4.2,72.3,19,NI_4_0to5,Standby
STANDBY_039,NI,4,0to5,1998-04-14T00:00:00,1.1,65.0,20,NI_4_0to5,Standby
STANDBY_040,NI,4,0to5,1990-04-18T00:00:00,2.2,57.7,21,NI_4_0to5,Standby
CTRL_003,NI,4,5to10,2021-04-23T06:00:00,9.1,80.0,1,NI_4_5to10,Selected
CTRL_004,NI,4,5to10,2003-04-17T12:00:00,6.2,71.7,2,NI_4_5to10,Selected
STANDBY_041,NI,4,5to10,2012-04-29T18:00:00,7.6,93.7,3,NI_4_5to10,Standby
STANDBY_042,NI,4,5to10,1998-04-11T12:00:00,7.3,75.9,4,NI_4_5to10,Standby
STANDBY_043,NI,4,5to10,2017-04-30T00:00:00,9.0,67.2,5,NI_4_5to10,Standby
STANDBY_044,NI,4,5to10,2011-04-07T06:00:00,9.8,96.5,6,NI_4_5to10,Standby
STANDBY_045,NI,4,5to10,2006-04-03T12:00:00,8.6,83.1,7,NI_4_5to10,Standby
STANDBY_046,NI,4,5to10,2024-04-07T00:00:00,9.2,94.4,8,NI_4_5to10,Standby
STANDBY_047,NI,4,5to10,1999-04-17T06:00:00,5.5,55.1,9,NI_4_5to10,Standby
STANDBY_048,NI,4,5to10,1994-04-01T12:00:00,7.0,76.7,10,NI_4_5to10,Standby
STANDBY_049,NI,4,5to10,2011-04-11T12:00:00,6.0,69.7,11,NI_4_5to10,Standby
STANDBY_050,NI,4,5to10,1982-04-26T12:00:00,8.4,94.3,12,NI_4_5to10,Standby
STANDBY_051,NI,4,5to10,2016-04-08T06:00:00,9.2,54.6,13,NI_4_5to10,Standby
STANDBY_052,NI,4,5to10,2013-04-28T06:00:00,9.1,66.5,14,NI_4_5to10,Standby
STANDBY_053,NI,4,5to10,2003-04-02T18:00:00,8.5,91.2,15,NI_4_5to10,Standby
STANDBY_054,NI,4,5to10,1994-04-03T18:00:00,8.3,97.6,16,NI_4_5to10,Standby
STANDBY_055,NI,4,5to10,1990-04-03T18:00:00,6.8,57.6,17,NI_4_5to10,Standby
STANDBY_056,NI,4,5to10,2020-04-25T00:00:00,5.1,72.8,18,NI_4_5to10,Standby
STANDBY_057,NI,4,5to10,1999-04-13T00:00:00,5.4,83.8,19,NI_4_5to10,Standby
STANDBY_058,NI,4,5to10,2001-04-12T06:00:00,7.2,84.8,20,NI_4_5to10,Standby
STANDBY_059,NI,4,5to10,1997-04-21T06:00:00,7.8,61.6,21,NI_4_5to10,Standby
STANDBY_060,NI,4,5to10,1996-04-04T00:00:00,6.2,93.7,22,NI_4_5to10,Standby
CTRL_005,NI,5,10to15,2023-05-16T12:00:00,13.0,64.9,1,NI_5_10to15,Selected
CTRL_006,NI,5,10to15,2013-05-23T18:00:00,13.5,81.9,2,NI_5_10to15,Selected
CTRL_007,NI,5,10to15,1996-05-29T12:00:00,11.0,87.3,3,NI_5_10to15,Selected
CTRL_008,NI,5,10to15,1996-05-17T18:00:00,11.5,83.5,4,NI_5_10to15,Selected
STANDBY_061,NI,5,10to15,2011-05-10T06:00:00,10.6,65.5,5,NI_5_10to15,Standby
STANDBY_062,NI,5,10to15,2008-05-10T12:00:00,13.4,59.8,6,NI_5_10to15,Standby
STANDBY_063,NI,5,10to15,1993-05-19T06:00:00,10.2,88.8,7,NI_5_10to15,Standby
STANDBY_064,NI,5,10to15,2022-05-31T06:00:00,13.8,93.5,8,NI_5_10to15,Standby
STANDBY_065,NI,5,10to15,2023-05-13T12:00:00,13.0,52.7,9,NI_5_10to15,Standby
STANDBY_066,NI,5,10to15,1985-05-04T18:00:00,14.6,89.7,10,NI_5_10to15,Standby
STANDBY_067,NI,5,10to15,1995-05-07T06:00:00,12.4,50.8,11,NI_5_10to15,Standby
STANDBY_068,NI,5,10to15,1980-05-22T12:00:00,12.0,90.4,12,NI_5_10to15,Standby
STANDBY_069,NI,5,10to15,1995-05-13T18:00:00,14.7,51.5,13,NI_5_10to15,Standby
STANDBY_070,NI,5,10to15,2025-05-13T00:00:00,14.9,92.8,14,NI_5_10to15,Standby
STANDBY_071,NI,5,10to15,2021-05-05T00:00:00,12.2,70.3,15,NI_5_10to15,Standby
STANDBY_072,NI,5,10to15,2010-05-30T12:00:00,11.6,53.3,16,NI_5_10to15,Standby
STANDBY_073,NI,5,10to15,2024-05-16T18:00:00,14.9,55.5,17,NI_5_10to15,Standby
STANDBY_074,NI,5,10to15,2007-05-31T18:00:00,10.0,92.4,18,NI_5_10to15,Standby
STANDBY_075,NI,5,10to15,1989-05-07T12:00:00,10.7,88.0,19,NI_5_10to15,Standby
STANDBY_076,NI,5,10to15,2000-05-14T12:00:00,13.7,62.6,20,NI_5_10to15,Standby
STANDBY_077,NI,5,10to15,2013-05-18T06:00:00,11.9,62.1,21,NI_5_10to15,Standby
STANDBY_078,NI,5,10to15,1987-05-19T06:00:00,14.7,82.6,22,NI_5_10to15,Standby
STANDBY_079,NI,5,10to15,2008-05-04T12:00:00,14.3,60.0,23,NI_5_10to15,Standby
STANDBY_080,NI,5,10to15,2024-05-17T12:00:00,13.9,64.3,24,NI_5_10to15,Standby
CTRL_009,NI,5,15to20,2010-05-04T12:00:00,16.1,64.6,1,NI_5_15to20,Selected
CTRL_010,NI,5,15to20,2000-05-26T00:00:00,16.1,97.3,2,NI_5_15to20,Selected
CTRL_011,NI,5,15to20,2012-05-29T00:00:00,15.5,40.8,3,NI_5_15to20,Selected
STANDBY_081,NI,5,15to20,1993-05-17T18:00:00,19.8,60.2,4,NI_5_15to20,Standby
STANDBY_082,NI,5,15to20,1998-05-18T06:00:00,15.0,50.8,5,NI_5_15to20,Standby
STANDBY_083,NI,5,15to20,1981-05-22T06:00:00,16.0,53.1,6,NI_5_15to20,Standby
STANDBY_084,NI,5,15to20,1988-05-19T00:00:00,18.7,60.0,7,NI_5_15to20,Standby
STANDBY_085,NI,5,15to20,2019-05-24T18:00:00,17.9,62.2,8,NI_5_15to20,Standby
STANDBY_086,NI,5,15to20,1981-05-10T18:00:00,15.7,87.0,9,NI_5_15to20,Standby
STANDBY_087,NI,5,15to20,1985-05-12T12:00:00,17.0,42.5,10,NI_5_15to20,Standby
STANDBY_088,NI,5,15to20,1985-05-14T00:00:00,19.5,89.3,11,NI_5_15to20,Standby
STANDBY_089,NI,5,15to20,1996-05-29T18:00:00,15.8,70.5,12,NI_5_15to20,Standby
STANDBY_090,NI,5,15to20,1990-05-11T12:00:00,16.5,93.6,13,NI_5_15to20,Standby
STANDBY_091,NI,5,15to20,1982-05-25T18:00:00,16.1,68.9,14,NI_5_15to20,Standby
STANDBY_092,NI,5,15to20,1992-05-02T00:00:00,18.1,69.9,15,NI_5_15to20,Standby
STANDBY_093,NI,5,15to20,1981-05-27T12:00:00,19.5,89.3,16,NI_5_15to20,Standby
STANDBY_094,NI,5,15to20,1994-05-06T00:00:00,16.2,41.3,17,NI_5_15to20,Standby
STANDBY_095,NI,5,15to20,2023-05-20T18:00:00,19.6,59.4,18,NI_5_15to20,Standby
STANDBY_096,NI,5,15to20,2023-05-11T18:00:00,18.8,58.7,19,NI_5_15to20,Standby
STANDBY_097,NI,5,15to20,1995-05-23T00:00:00,19.0,71.4,20,NI_5_15to20,Standby
STANDBY_098,NI,5,15to20,1980-05-12T06:00:00,15.5,52.0,21,NI_5_15to20,Standby
STANDBY_099,NI,5,15to20,2005-05-18T12:00:00,15.4,81.4,22,NI_5_15to20,Standby
STANDBY_100,NI,5,15to20,1984-05-16T06:00:00,18.3,60.2,23,NI_5_15to20,Standby
CTRL_012,NI,6,10to15,1992-06-01T12:00:00,14.9,93.7,1,NI_6_10to15,Selected
STANDBY_101,NI,6,10to15,2022-06-13T18:00:00,11.8,82.5,2,NI_6_10to15,Standby
STANDBY_102,NI,6,10to15,2022-06-23T06:00:00,14.2,62.9,3,NI_6_10to15,Standby
STANDBY_103,NI,6,10to15,1997-06-14T12:00:00,11.7,74.9,4,NI_6_10to15,Standby
STANDBY_104,NI,6,10to15,2011-06-20T12:00:00,10.4,69.2,5,NI_6_10to15,Standby
STANDBY_105,NI,6,10to15,2005-06-14T06:00:00,12.8,93.7,6,NI_6_10to15,Standby
STANDBY_106,NI,6,10to15,2012-06-11T12:00:00,12.1,81.0,7,NI_6_10to15,Standby
STANDBY_107,NI,6,10to15,2016-06-13T00:00:00,13.1,68.4,8,NI_6_10to15,Standby
STANDBY_108,NI,6,10to15,2015-06-10T18:00:00,14.2,86.5,9,NI_6_10to15,Standby
STANDBY_109,NI,6,10to15,1986-06-20T00:00:00,13.6,43.0,10,NI_6_10to15,Standby
STANDBY_110,NI,6,10to15,1986-06-08T18:00:00,12.2,75.0,11,NI_6_10to15,Standby
STANDBY_111,NI,6,10to15,2010-06-10T18:00:00,12.1,88.5,12,NI_6_10to15,Standby
STANDBY_112,NI,6,10to15,2012-06-10T00:00:00,13.4,68.5,13,NI_6_10to15,Standby
STANDBY_113,NI,6,10to15,1998-06-23T12:00:00,10.7,54.3,14,NI_6_10to15,Standby
STANDBY_114,NI,6,10to15,1991-06-10T18:00:00,11.7,95.3,15,NI_6_10to15,Standby
STANDBY_115,NI,6,10to15,2017-06-10T00:00:00,13.3,55.0,16,NI_6_10to15,Standby
STANDBY_116,NI,6,10to15,2000-06-03T06:00:00,10.1,53.0,17,NI_6_10to15,Standby
STANDBY_117,NI,6,10to15,1983-06-02T18:00:00,11.9,65.2,18,NI_6_10to15,Standby
STANDBY_118,NI,6,10to15,2005-06-19T12:00:00,13.6,86.3,19,NI_6_10to15,Standby
STANDBY_119,NI,6,10to15,2022-06-18T06:00:00,11.6,44.9,20,NI_6_10to15,Standby
STANDBY_120,NI,6,10to15,2021-06-11T18:00:00,12.9,87.7,21,NI_6_10to15,Standby
CTRL_013,NI,6,15to20,2018-06-14T12:00:00,17.5,42.1,1,NI_6_15to20,Selected
STANDBY_121,NI,6,15to20,2025-06-16T18:00:00,19.3,87.6,2,NI_6_15to20,Standby
STANDBY_122,NI,6,15to20,2021-06-26T00:00:00,17.5,67.1,3,NI_6_15to20,Standby
STANDBY_123,NI,6,15to20,1992-06-18T12:00:00,18.8,66.0,4,NI_6_15to20,Standby
STANDBY_124,NI,6,15to20,2019-06-13T00:00:00,15.4,97.0,5,NI_6_15to20,Standby
STANDBY_125,NI,6,15to20,1991-06-21T06:00:00,17.1,87.8,6,NI_6_15to20,Standby
STANDBY_126,NI,6,15to20,2022-06-03T00:00:00,16.9,83.4,7,NI_6_15to20,Standby
STANDBY_127,NI,6,15to20,1993-06-14T00:00:00,16.6,55.3,8,NI_6_15to20,Standby
STANDBY_128,NI,6,15to20,2001-06-28T00:00:00,19.5,91.0,9,NI_6_15to20,Standby
STANDBY_129,NI,6,15to20,2023-06-24T12:00:00,16.2,86.8,10,NI_6_15to20,Standby
STANDBY_130,NI,6,15to20,2022-06-16T06:00:00,18.6,40.8,11,NI_6_15to20,Standby
STANDBY_131,NI,6,15to20,1993-06-20T12:00:00,16.1,56.5,12,NI_6_15to20,Standby
STANDBY_132,NI,6,15to20,1980-06-08T00:00:00,15.4,58.2,13,NI_6_15to20,Standby
STANDBY_133,NI,6,15to20,1990-06-03T00:00:00,17.5,71.3,14,NI_6_15to20,Standby
STANDBY_134,NI,6,15to20,1992-06-30T12:00:00,15.3,70.0,15,NI_6_15to20,Standby
STANDBY_135,NI,6,15to20,1998-06-30T06:00:00,19.7,58.9,16,NI_6_15to20,Standby
STANDBY_136,NI,6,15to20,1989-06-28T00:00:00,15.3,40.4,17,NI_6_15to20,Standby
STANDBY_137,NI,6,15to20,1990-06-24T00:00:00,15.2,97.6,18,NI_6_15to20,Standby
STANDBY_138,NI,6,15to20,2010-06-27T06:00:00,17.4,41.2,19,NI_6_15to20,Standby
STANDBY_139,NI,6,15to20,2024-06-18T06:00:00,18.1,85.7,20,NI_6_15to20,Standby
STANDBY_140,NI,6,15to20,2000-06-21T18:00:00,16.2,56.1,21,NI_6_15to20,Standby
CTRL_014,NI,6,20to25,2021-06-01T18:00:00,21.8,66.4,1,NI_6_20to25,Selected
STANDBY_141,NI,6,20to25,2022-06-03T00:00:00,23.0,65.9,2,NI_6_20to25,Standby
STANDBY_142,NI,6,20to25,1995-06-22T06:00:00,24.9,61.2,3,NI_6_20to25,Standby
STANDBY_143,NI,6,20to25,2000-06-18T06:00:00,23.7,66.7,4,NI_6_20to25,Standby
STANDBY_144,NI,6,20to25,2013-06-05T18:00:00,20.6,64.1,5,NI_6_20to25,Standby
STANDBY_145,NI,6,20to25,1995-06-14T00:00:00,23.4,61.0,6,NI_6_20to25,Standby
STANDBY_146,NI,6,20to25,1991-06-13T06:00:00,23.5,58.8,7,NI_6_20to25,Standby
STANDBY_147,NI,6,20to25,2020-06-12T18:00:00,20.7,69.1,8,NI_6_20to25,Standby
STANDBY_148,NI,6,20to25,1985-06-27T06:00:00,21.5,60.9,9,NI_6_20to25,Standby
STANDBY_149,NI,6,20to25,2008-06-17T12:00:00,22.3,66.3,10,NI_6_20to25,Standby
STANDBY_150,NI,6,20to25,1987-06-23T06:00:00,24.1,63.3,11,NI_6_20to25,Standby
STANDBY_151,NI,6,20to25,2010-06-28T00:00:00,22.8,62.0,12,NI_6_20to25,Standby
STANDBY_152,NI,6,20to25,2005-06-02T06:00:00,24.8,62.6,13,NI_6_20to25,Standby
STANDBY_153,NI,6,20to25,1980-06-27T12:00:00,23.9,61.1,14,NI_6_20to25,Standby
STANDBY_154,NI,6,20to25,1986-06-18T00:00:00,20.6,92.1,15,NI_6_20to25,Standby
STANDBY_155,NI,6,20to25,1993-06-10T18:00:00,21.3,66.0,16,NI_6_20to25,Standby
STANDBY_156,NI,6,20to25,2012-06-25T12:00:00,23.9,57.7,17,NI_6_20to25,Standby
STANDBY_157,NI,6,20to25,2019-06-30T12:00:00,21.9,61.7,18,NI_6_20to25,Standby
STANDBY_158,NI,6,20to25,2006-06-02T06:00:00,24.0,66.5,19,NI_6_20to25,Standby
STANDBY_159,NI,6,20to25,1985-06-11T12:00:00,21.8,68.5,20,NI_6_20to25,Standby
STANDBY_160,NI,6,20to25,2022-06-25T00:00:00,20.1,67.5,21,NI_6_20to25,Standby
CTRL_015,NI,7,15to20,1983-07-19T12:00:00,18.8,88.8,1,NI_7_15to20,Selected
CTRL_016,NI,7,15to20,1987-07-27T00:00:00,19.2,63.9,2,NI_7_15to20,Selected
CTRL_017,NI,7,15to20,2012-07-17T12:00:00,15.1,40.7,3,NI_7_15to20,Selected
STANDBY_161,NI,7,15to20,1983-07-27T18:00:00,16.3,87.4,4,NI_7_15to20,Standby
STANDBY_162,NI,7,15to20,2024-07-14T00:00:00,18.3,58.8,5,NI_7_15to20,Standby
STANDBY_163,NI,7,15to20,1993-07-04T18:00:00,19.7,93.5,6,NI_7_15to20,Standby
STANDBY_164,NI,7,15to20,2025-07-29T00:00:00,19.0,61.1,7,NI_7_15to20,Standby
STANDBY_165,NI,7,15to20,1985-07-17T18:00:00,15.2,64.0,8,NI_7_15to20,Standby
STANDBY_166,NI,7,15to20,1999-07-22T06:00:00,18.9,62.5,9,NI_7_15to20,Standby
STANDBY_167,NI,7,15to20,1996-07-02T18:00:00,15.2,63.2,10,NI_7_15to20,Standby
STANDBY_168,NI,7,15to20,2013-07-03T06:00:00,16.8,87.0,11,NI_7_15to20,Standby
STANDBY_169,NI,7,15to20,1993-07-12T00:00:00,17.1,60.7,12,NI_7_15to20,Standby
STANDBY_170,NI,7,15to20,1994-07-12T18:00:00,18.4,91.7,13,NI_7_15to20,Standby
STANDBY_171,NI,7,15to20,2007-07-29T12:00:00,16.2,63.3,14,NI_7_15to20,Standby
STANDBY_172,NI,7,15to20,2008-07-29T18:00:00,15.5,59.3,15,NI_7_15to20,Standby
STANDBY_173,NI,7,15to20,1996-07-30T06:00:00,15.4,53.8,16,NI_7_15to20,Standby
STANDBY_174,NI,7,15to20,2009-07-31T06:00:00,15.4,54.6,17,NI_7_15to20,Standby
STANDBY_175,NI,7,15to20,1995-07-25T00:00:00,15.4,73.4,18,NI_7_15to20,Standby
STANDBY_176,NI,7,15to20,1991-07-20T12:00:00,19.9,63.9,19,NI_7_15to20,Standby
STANDBY_177,NI,7,15to20,1995-07-21T00:00:00,16.8,72.9,20,NI_7_15to20,Standby
STANDBY_178,NI,7,15to20,1980-07-21T00:00:00,15.2,91.3,21,NI_7_15to20,Standby
STANDBY_179,NI,7,15to20,1988-07-28T00:00:00,15.3,68.5,22,NI_7_15to20,Standby
STANDBY_180,NI,7,15to20,1984-07-02T06:00:00,16.3,89.4,23,NI_7_15to20,Standby
CTRL_018,NI,8,20to25,2021-08-25T18:00:00,23.4,66.3,1,NI_8_20to25,Selected
CTRL_019,NI,8,20to25,1984-08-29T18:00:00,24.4,59.2,2,NI_8_20to25,Selected
CTRL_020,NI,8,20to25,2001-08-24T12:00:00,23.8,60.8,3,NI_8_20to25,Selected
CTRL_021,NI,8,20to25,2016-08-28T18:00:00,22.7,66.4,4,NI_8_20to25,Selected
STANDBY_181,NI,8,20to25,1996-08-21T12:00:00,22.7,62.2,5,NI_8_20to25,Standby
STANDBY_182,NI,8,20to25,2001-08-06T06:00:00,20.2,86.6,6,NI_8_20to25,Standby
STANDBY_183,NI,8,20to25,1995-08-02T00:00:00,21.0,61.9,7,NI_8_20to25,Standby
STANDBY_184,NI,8,20to25,2024-08-01T00:00:00,20.8,59.8,8,NI_8_20to25,Standby
STANDBY_185,NI,8,20to25,1994-08-14T00:00:00,21.1,67.4,9,NI_8_20to25,Standby
STANDBY_186,NI,8,20to25,2023-08-25T12:00:00,24.0,57.1,10,NI_8_20to25,Standby
STANDBY_187,NI,8,20to25,2010-08-24T12:00:00,21.6,63.0,11,NI_8_20to25,Standby
STANDBY_188,NI,8,20to25,1981-08-12T06:00:00,23.7,60.4,12,NI_8_20to25,Standby
STANDBY_189,NI,8,20to25,1995-08-11T12:00:00,24.9,64.4,13,NI_8_20to25,Standby
STANDBY_190,NI,8,20to25,1998-08-05T18:00:00,20.5,69.6,14,NI_8_20to25,Standby
STANDBY_191,NI,8,20to25,1980-08-02T06:00:00,23.3,59.7,15,NI_8_20to25,Standby
STANDBY_192,NI,8,20to25,2017-08-01T18:00:00,23.8,66.6,16,NI_8_20to25,Standby
STANDBY_193,NI,8,20to25,1980-08-23T18:00:00,22.0,60.8,17,NI_8_20to25,Standby
STANDBY_194,NI,8,20to25,2021-08-04T00:00:00,21.4,66.9,18,NI_8_20to25,Standby
STANDBY_195,NI,8,20to25,2012-08-12T18:00:00,20.1,72.7,19,NI_8_20to25,Standby
STANDBY_196,NI,8,20to25,1993-08-05T00:00:00,22.6,66.0,20,NI_8_20to25,Standby
STANDBY_197,NI,8,20to25,1998-08-18T12:00:00,23.2,60.2,21,NI_8_20to25,Standby
STANDBY_198,NI,8,20to25,1991-08-10T00:00:00,20.6,92.3,22,NI_8_20to25,Standby
STANDBY_199,NI,8,20to25,2009-08-03T18:00:00,21.7,89.9,23,NI_8_20to25,Standby
STANDBY_200,NI,8,20to25,2021-08-19T12:00:00,20.9,59.3,24,NI_8_20to25,Standby
CTRL_022,NI,9,15to20,2012-09-22T06:00:00,16.0,68.0,1,NI_9_15to20,Selected
CTRL_023,NI,9,15to20,2002-09-05T06:00:00,15.4,69.3,2,NI_9_15to20,Selected
CTRL_024,NI,9,15to20,2009-09-08T00:00:00,17.9,72.4,3,NI_9_15to20,Selected
CTRL_025,NI,9,15to20,1983-09-22T06:00:00,17.6,93.9,4,NI_9_15to20,Selected
STANDBY_201,NI,9,15to20,1997-09-19T12:00:00,15.1,42.2,5,NI_9_15to20,Standby
STANDBY_202,NI,9,15to20,2010-09-10T00:00:00,19.2,59.4,6,NI_9_15to20,Standby
STANDBY_203,NI,9,15to20,1995-09-19T12:00:00,19.3,72.8,7,NI_9_15to20,Standby
STANDBY_204,NI,9,15to20,1993-09-28T06:00:00,19.6,85.8,8,NI_9_15to20,Standby
STANDBY_205,NI,9,15to20,1984-09-17T18:00:00,19.7,86.6,9,NI_9_15to20,Standby
STANDBY_206,NI,9,15to20,2001-09-17T18:00:00,16.1,89.6,10,NI_9_15to20,Standby
STANDBY_207,NI,9,15to20,1984-09-21T18:00:00,15.8,64.8,11,NI_9_15to20,Standby
STANDBY_208,NI,9,15to20,2016-09-22T12:00:00,18.1,57.9,12,NI_9_15to20,Standby
STANDBY_209,NI,9,15to20,2023-09-10T12:00:00,19.5,72.2,13,NI_9_15to20,Standby
STANDBY_210,NI,9,15to20,2014-09-11T06:00:00,17.5,89.5,14,NI_9_15to20,Standby
STANDBY_211,NI,9,15to20,2016-09-22T18:00:00,19.0,70.1,15,NI_9_15to20,Standby
STANDBY_212,NI,9,15to20,2004-09-19T00:00:00,15.7,80.8,16,NI_9_15to20,Standby
STANDBY_213,NI,9,15to20,1987-09-01T06:00:00,16.0,56.7,17,NI_9_15to20,Standby
STANDBY_214,NI,9,15to20,2003-09-09T18:00:00,15.6,42.6,18,NI_9_15to20,Standby
STANDBY_215,NI,9,15to20,2002-09-14T12:00:00,17.1,64.3,19,NI_9_15to20,Standby
STANDBY_216,NI,9,15to20,2014-09-07T00:00:00,16.9,70.4,20,NI_9_15to20,Standby
STANDBY_217,NI,9,15to20,1986-09-08T00:00:00,18.2,61.6,21,NI_9_15to20,Standby
STANDBY_218,NI,9,15to20,2014-09-24T06:00:00,17.0,61.4,22,NI_9_15to20,Standby
STANDBY_219,NI,9,15to20,1983-09-26T00:00:00,15.5,67.4,23,NI_9_15to20,Standby
STANDBY_220,NI,9,15to20,1998-09-19T00:00:00,19.0,40.7,24,NI_9_15to20,Standby
CTRL_026,NI,9,25to30,1990-09-20T00:00:00,26.8,51.5,1,NI_9_25to30,Selected
STANDBY_221,NI,9,25to30,2003-09-23T18:00:00,29.7,50.3,2,NI_9_25to30,Standby
STANDBY_222,NI,9,25to30,2012-09-01T06:00:00,25.0,64.2,3,NI_9_25to30,Standby
STANDBY_223,NI,9,25to30,1997-09-09T12:00:00,25.7,51.8,4,NI_9_25to30,Standby
STANDBY_224,NI,9,25to30,2017-09-10T12:00:00,27.0,50.6,5,NI_9_25to30,Standby
STANDBY_225,NI,9,25to30,2008-09-01T12:00:00,26.9,52.6,6,NI_9_25to30,Standby
STANDBY_226,NI,9,25to30,2001-09-24T12:00:00,28.7,49.6,7,NI_9_25to30,Standby
STANDBY_227,NI,9,25to30,2002-09-23T06:00:00,27.9,49.8,8,NI_9_25to30,Standby
STANDBY_228,NI,9,25to30,2000-09-16T18:00:00,27.0,51.0,9,NI_9_25to30,Standby
STANDBY_229,NI,9,25to30,2013-09-20T00:00:00,26.8,52.8,10,NI_9_25to30,Standby
STANDBY_230,NI,9,25to30,1984-09-07T18:00:00,25.2,57.0,11,NI_9_25to30,Standby
STANDBY_231,NI,9,25to30,1984-09-02T12:00:00,25.1,58.7,12,NI_9_25to30,Standby
STANDBY_232,NI,9,25to30,1993-09-30T12:00:00,29.9,48.9,13,NI_9_25to30,Standby
STANDBY_233,NI,9,25to30,2004-09-20T12:00:00,26.5,52.5,14,NI_9_25to30,Standby
STANDBY_234,NI,9,25to30,2003-09-22T12:00:00,29.4,49.0,15,NI_9_25to30,Standby
STANDBY_235,NI,9,25to30,1990-09-02T12:00:00,25.0,58.8,16,NI_9_25to30,Standby
STANDBY_236,NI,9,25to30,1981-09-02T06:00:00,25.0,50.7,17,NI_9_25to30,Standby
STANDBY_237,NI,9,25to30,1996-09-25T06:00:00,25.6,54.5,18,NI_9_25to30,Standby
STANDBY_238,NI,9,25to30,1994-09-27T06:00:00,27.8,50.5,19,NI_9_25to30,Standby
STANDBY_239,NI,9,25to30,1988-09-22T12:00:00,26.1,51.7,20,NI_9_25to30,Standby
STANDBY_240,NI,9,25to30,2011-09-24T06:00:00,25.0,62.5,21,NI_9_25to30,Standby
CTRL_027,NI,10,10to15,2019-10-09T00:00:00,12.1,97.9,1,NI_10_10to15,Selected
CTRL_028,NI,10,10to15,2002-10-20T12:00:00,11.4,62.0,2,NI_10_10to15,Selected
CTRL_029,NI,10,10to15,2006-10-09T12:00:00,11.6,92.3,3,NI_10_10to15,Selected
CTRL_030,NI,10,10to15,1995-10-26T00:00:00,10.0,85.2,4,NI_10_10to15,Selected
CTRL_031,NI,10,10to15,2018-10-21T12:00:00,13.7,62.1,5,NI_10_10to15,Selected
CTRL_032,NI,10,10to15,2015-10-22T18:00:00,13.4,88.6,6,NI_10_10to15,Selected
STANDBY_241,NI,10,10to15,1997-10-07T12:00:00,12.4,69.6,7,NI_10_10to15,Standby
STANDBY_242,NI,10,10to15,1983-10-26T12:00:00,14.9,82.6,8,NI_10_10to15,Standby
STANDBY_243,NI,10,10to15,2007-10-11T00:00:00,12.4,62.1,9,NI_10_10to15,Standby
STANDBY_244,NI,10,10to15,2015-10-07T06:00:00,12.0,81.6,10,NI_10_10to15,Standby
STANDBY_245,NI,10,10to15,2017-10-16T06:00:00,11.0,44.7,11,NI_10_10to15,Standby
STANDBY_246,NI,10,10to15,2015-10-22T00:00:00,11.4,90.4,12,NI_10_10to15,Standby
STANDBY_247,NI,10,10to15,1987-10-15T12:00:00,11.7,59.1,13,NI_10_10to15,Standby
STANDBY_248,NI,10,10to15,1986-10-23T12:00:00,10.2,71.9,14,NI_10_10to15,Standby
STANDBY_249,NI,10,10to15,1995-10-02T00:00:00,14.8,53.5,15,NI_10_10to15,Standby
STANDBY_250,NI,10,10to15,1981-10-13T06:00:00,11.7,65.8,16,NI_10_10to15,Standby
STANDBY_251,NI,10,10to15,2015-10-09T18:00:00,11.0,95.7,17,NI_10_10to15,Standby
STANDBY_252,NI,10,10to15,2005-10-11T18:00:00,10.4,63.3,18,NI_10_10to15,Standby
STANDBY_253,NI,10,10to15,2010-10-28T12:00:00,12.6,61.2,19,NI_10_10to15,Standby
STANDBY_254,NI,10,10to15,1990-10-30T06:00:00,14.1,53.1,20,NI_10_10to15,Standby
STANDBY_255,NI,10,10to15,1993-10-20T06:00:00,14.0,60.1,21,NI_10_10to15,Standby
STANDBY_256,NI,10,10to15,2005-10-22T00:00:00,14.2,41.9,22,NI_10_10to15,Standby
STANDBY_257,NI,10,10to15,2013-10-19T18:00:00,12.7,53.4,23,NI_10_10to15,Standby
STANDBY_258,NI,10,10to15,1991-10-16T06:00:00,12.1,59.9,24,NI_10_10to15,Standby
STANDBY_259,NI,10,10to15,1999-10-30T12:00:00,10.0,73.9,25,NI_10_10to15,Standby
STANDBY_260,NI,10,10to15,2020-10-05T18:00:00,12.5,63.7,26,NI_10_10to15,Standby
CTRL_033,NI,10,15to20,1982-10-26T06:00:00,15.1,66.3,1,NI_10_15to20,Selected
CTRL_034,NI,10,15to20,2002-10-10T12:00:00,16.1,82.7,2,NI_10_15to20,Selected
CTRL_035,NI,10,15to20,1999-10-20T00:00:00,19.2,63.5,3,NI_10_15to20,Selected
CTRL_036,NI,10,15to20,2009-10-31T18:00:00,15.2,95.2,4,NI_10_15to20,Selected
STANDBY_261,NI,10,15to20,2025-10-31T18:00:00,16.2,62.4,5,NI_10_15to20,Standby
STANDBY_262,NI,10,15to20,2012-10-12T06:00:00,18.0,68.0,6,NI_10_15to20,Standby
STANDBY_263,NI,10,15to20,1983-10-30T18:00:00,16.9,57.8,7,NI_10_15to20,Standby
STANDBY_264,NI,10,15to20,2001-10-29T00:00:00,19.0,40.0,8,NI_10_15to20,Standby
STANDBY_265,NI,10,15to20,1997-10-21T12:00:00,15.6,93.2,9,NI_10_15to20,Standby
STANDBY_266,NI,10,15to20,1992-10-24T06:00:00,18.8,68.4,10,NI_10_15to20,Standby
STANDBY_267,NI,10,15to20,1988-10-26T18:00:00,15.3,95.5,11,NI_10_15to20,Standby
STANDBY_268,NI,10,15to20,1982-10-13T00:00:00,19.9,58.4,12,NI_10_15to20,Standby
STANDBY_269,NI,10,15to20,1984-10-16T06:00:00,15.3,71.1,13,NI_10_15to20,Standby
STANDBY_270,NI,10,15to20,1996-10-06T12:00:00,15.5,92.5,14,NI_10_15to20,Standby
STANDBY_271,NI,10,15to20,2005-10-07T00:00:00,15.1,60.4,15,NI_10_15to20,Standby
STANDBY_272,NI,10,15to20,2023-10-11T06:00:00,15.4,85.5,16,NI_10_15to20,Standby
STANDBY_273,NI,10,15to20,2013-10-04T06:00:00,18.0,69.2,17,NI_10_15to20,Standby
STANDBY_274,NI,10,15to20,1989-10-17T00:00:00,17.6,68.7,18,NI_10_15to20,Standby
STANDBY_275,NI,10,15to20,2022-10-11T00:00:00,15.3,72.9,19,NI_10_15to20,Standby
STANDBY_276,NI,10,15to20,1984-10-16T06:00:00,17.1,41.8,20,NI_10_15to20,Standby
STANDBY_277,NI,10,15to20,2011-10-04T12:00:00,19.1,67.1,21,NI_10_15to20,Standby
STANDBY_278,NI,10,15to20,1996-10-01T00:00:00,17.5,63.2,22,NI_10_15to20,Standby
STANDBY_279,NI,10,15to20,1985-10-22T00:00:00,18.8,59.1,23,NI_10_15to20,Standby
STANDBY_280,NI,10,15to20,2019-10-26T12:00:00,17.9,87.8,24,NI_10_15to20,Standby
CTRL_037,NI,10,5to10,1990-10-22T06:00:00,5.1,53.1,1,NI_10_5to10,Selected
STANDBY_281,NI,10,5to10,1997-10-03T00:00:00,7.7,78.2,2,NI_10_5to10,Standby
STANDBY_282,NI,10,5to10,2005-10-30T00:00:00,6.6,56.8,3,NI_10_5to10,Standby
STANDBY_283,NI,10,5to10,2007-10-26T12:00:00,9.0,89.2,4,NI_10_5to10,Standby
STANDBY_284,NI,10,5to10,1985-10-25T18:00:00,6.2,88.6,5,NI_10_5to10,Standby
STANDBY_285,NI,10,5to10,2006-10-12T12:00:00,8.8,62.8,6,NI_10_5to10,Standby
STANDBY_286,NI,10,5to10,2004-10-18T18:00:00,7.3,72.6,7,NI_10_5to10,Standby
STANDBY_287,NI,10,5to10,1988-10-19T00:00:00,8.4,83.7,8,NI_10_5to10,Standby
STANDBY_288,NI,10,5to10,1981-10-12T06:00:00,8.8,90.3,9,NI_10_5to10,Standby
STANDBY_289,NI,10,5to10,2002-10-13T12:00:00,6.0,61.5,10,NI_10_5to10,Standby
STANDBY_290,NI,10,5to10,1996-10-13T12:00:00,6.7,52.3,11,NI_10_5to10,Standby
STANDBY_291,NI,10,5to10,2004-10-17T18:00:00,5.7,50.7,12,NI_10_5to10,Standby
STANDBY_292,NI,10,5to10,2024-10-15T18:00:00,6.7,53.7,13,NI_10_5to10,Standby
STANDBY_293,NI,10,5to10,2017-10-29T00:00:00,5.6,79.1,14,NI_10_5to10,Standby
STANDBY_294,NI,10,5to10,1982-10-16T18:00:00,5.4,68.4,15,NI_10_5to10,Standby
STANDBY_295,NI,10,5to10,2006-10-18T12:00:00,7.6,79.0,16,NI_10_5to10,Standby
STANDBY_296,NI,10,5to10,1988-10-08T12:00:00,6.7,73.8,17,NI_10_5to10,Standby
STANDBY_297,NI,10,5to10,1990-10-06T00:00:00,6.7,95.0,18,NI_10_5to10,Standby
STANDBY_298,NI,10,5to10,2015-10-29T00:00:00,9.5,82.6,19,NI_10_5to10,Standby
STANDBY_299,NI,10,5to10,2005-10-25T12:00:00,7.9,54.7,20,NI_10_5to10,Standby
STANDBY_300,NI,10,5to10,2020-10-22T18:00:00,6.5,51.2,21,NI_10_5to10,Standby
CTRL_038,NI,11,10to15,2001-11-20T12:00:00,12.2,64.8,1,NI_11_10to15,Selected
CTRL_039,NI,11,10to15,2007-11-28T18:00:00,12.0,45.4,2,NI_11_10to15,Selected
CTRL_040,NI,11,10to15,1985-11-17T18:00:00,11.5,48.6,3,NI_11_10to15,Selected
CTRL_041,NI,11,10to15,2012-11-08T06:00:00,14.4,65.7,4,NI_11_10to15,Selected
CTRL_042,NI,11,10to15,2007-11-01T12:00:00,12.9,91.8,5,NI_11_10to15,Selected
STANDBY_301,NI,11,10to15,2000-11-14T18:00:00,10.8,96.6,6,NI_11_10to15,Standby
STANDBY_302,NI,11,10to15,2011-11-26T06:00:00,11.8,48.2,7,NI_11_10to15,Standby
STANDBY_303,NI,11,10to15,2009-11-13T12:00:00,12.1,55.3,8,NI_11_10to15,Standby
STANDBY_304,NI,11,10to15,1989-11-03T06:00:00,12.3,49.1,9,NI_11_10to15,Standby
STANDBY_305,NI,11,10to15,1995-11-16T18:00:00,13.6,66.0,10,NI_11_10to15,Standby
STANDBY_306,NI,11,10to15,2006-11-19T06:00:00,13.5,89.0,11,NI_11_10to15,Standby
STANDBY_307,NI,11,10to15,1984-11-10T18:00:00,12.6,62.8,12,NI_11_10to15,Standby
STANDBY_308,NI,11,10to15,2009-11-04T06:00:00,11.0,89.2,13,NI_11_10to15,Standby
STANDBY_309,NI,11,10to15,1981-11-07T00:00:00,12.3,89.6,14,NI_11_10to15,Standby
STANDBY_310,NI,11,10to15,2001-11-26T12:00:00,13.5,93.9,15,NI_11_10to15,Standby
STANDBY_311,NI,11,10to15,2006-11-18T00:00:00,14.7,57.7,16,NI_11_10to15,Standby
STANDBY_312,NI,11,10to15,2015-11-22T18:00:00,10.1,73.9,17,NI_11_10to15,Standby
STANDBY_313,NI,11,10to15,1986-11-20T06:00:00,10.5,60.0,18,NI_11_10to15,Standby
STANDBY_314,NI,11,10to15,1986-11-20T06:00:00,13.5,55.9,19,NI_11_10to15,Standby
STANDBY_315,NI,11,10to15,1993-11-14T18:00:00,13.8,86.3,20,NI_11_10to15,Standby
STANDBY_316,NI,11,10to15,2006-11-07T18:00:00,14.1,73.0,21,NI_11_10to15,Standby
STANDBY_317,NI,11,10to15,2009-11-22T18:00:00,10.0,61.7,22,NI_11_10to15,Standby
STANDBY_318,NI,11,10to15,2000-11-16T18:00:00,14.4,64.7,23,NI_11_10to15,Standby
STANDBY_319,NI,11,10to15,1990-11-27T18:00:00,14.6,83.9,24,NI_11_10to15,Standby
STANDBY_320,NI,11,10to15,2006-11-16T00:00:00,13.9,52.1,25,NI_11_10to15,Standby
CTRL_043,NI,11,5to10,2001-11-01T00:00:00,6.2,81.8,1,NI_11_5to10,Selected
CTRL_044,NI,11,5to10,1988-11-29T18:00:00,8.3,54.0,2,NI_11_5to10,Selected
CTRL_045,NI,11,5to10,1990-11-13T00:00:00,8.7,95.0,3,NI_11_5to10,Selected
CTRL_046,NI,11,5to10,1983-11-12T12:00:00,5.7,82.1,4,NI_11_5to10,Selected
CTRL_047,NI,11,5to10,2003-11-14T18:00:00,5.8,90.9,5,NI_11_5to10,Selected
CTRL_048,NI,11,5to10,1987-11-01T00:00:00,6.4,59.0,6,NI_11_5to10,Selected
CTRL_049,NI,11,5to10,2011-11-23T00:00:00,7.4,61.2,7,NI_11_5to10,Selected
CTRL_050,NI,11,5to10,1985-11-25T18:00:00,6.3,52.4,8,NI_11_5to10,Selected
STANDBY_321,NI,11,5to10,2008-11-01T12:00:00,8.6,96.4,9,NI_11_5to10,Standby
STANDBY_322,NI,11,5to10,2005-11-04T18:00:00,5.9,56.0,10,NI_11_5to10,Standby
STANDBY_323,NI,11,5to10,2025-11-07T06:00:00,7.1,97.2,11,NI_11_5to10,Standby
STANDBY_324,NI,11,5to10,2001-11-01T06:00:00,6.1,95.3,12,NI_11_5to10,Standby
STANDBY_325,NI,11,5to10,2008-11-22T00:00:00,9.8,59.8,13,NI_11_5to10,Standby
STANDBY_326,NI,11,5to10,2017-11-07T06:00:00,9.6,57.3,14,NI_11_5to10,Standby
STANDBY_327,NI,11,5to10,1980-11-02T06:00:00,6.9,89.5,15,NI_11_5to10,Standby
STANDBY_328,NI,11,5to10,1986-11-27T06:00:00,6.7,98.0,16,NI_11_5to10,Standby
STANDBY_329,NI,11,5to10,2022-11-10T06:00:00,9.5,62.3,17,NI_11_5to10,Standby
STANDBY_330,NI,11,5to10,2022-11-11T12:00:00,7.9,72.1,18,NI_11_5to10,Standby
STANDBY_331,NI,11,5to10,2018-11-26T06:00:00,8.3,75.7,19,NI_11_5to10,Standby
STANDBY_332,NI,11,5to10,2017-11-08T18:00:00,5.8,64.3,20,NI_11_5to10,Standby
STANDBY_333,NI,11,5to10,2025-11-02T06:00:00,9.3,59.6,21,NI_11_5to10,Standby
STANDBY_334,NI,11,5to10,2003-11-07T06:00:00,6.5,79.5,22,NI_11_5to10,Standby
STANDBY_335,NI,11,5to10,1981-11-27T00:00:00,7.4,89.0,23,NI_11_5to10,Standby
STANDBY_336,NI,11,5to10,2022-11-10T00:00:00,7.9,64.1,24,NI_11_5to10,Standby
STANDBY_337,NI,11,5to10,2001-11-03T12:00:00,8.9,62.0,25,NI_11_5to10,Standby
STANDBY_338,NI,11,5to10,1983-11-04T00:00:00,5.2,48.7,26,NI_11_5to10,Standby
STANDBY_339,NI,11,5to10,1981-11-29T00:00:00,8.3,70.5,27,NI_11_5to10,Standby
STANDBY_340,NI,11,5to10,1982-11-03T18:00:00,9.0,90.5,28,NI_11_5to10,Standby
CTRL_051,SI,1,-10to-5,1987-01-26T06:00:00,-7.4,90.6,1,SI_1_-10to-5,Selected
CTRL_052,SI,1,-10to-5,2023-01-19T12:00:00,-7.1,101.5,2,SI_1_-10to-5,Selected
CTRL_053,SI,1,-10to-5,2015-01-07T00:00:00,-5.7,81.5,3,SI_1_-10to-5,Selected
CTRL_054,SI,1,-10to-5,2020-01-15T18:00:00,-7.2,74.0,4,SI_1_-10to-5,Selected
CTRL_055,SI,1,-10to-5,2011-01-04T00:00:00,-6.1,114.3,5,SI_1_-10to-5,Selected
STANDBY_341,SI,1,-10to-5,1992-01-12T00:00:00,-8.3,45.4,6,SI_1_-10to-5,Standby
STANDBY_342,SI,1,-10to-5,1982-01-23T18:00:00,-5.8,118.8,7,SI_1_-10to-5,Standby
STANDBY_343,SI,1,-10to-5,1982-01-30T12:00:00,-8.2,81.6,8,SI_1_-10to-5,Standby
STANDBY_344,SI,1,-10to-5,1983-01-13T12:00:00,-8.4,64.2,9,SI_1_-10to-5,Standby
STANDBY_345,SI,1,-10to-5,1999-01-26T12:00:00,-8.8,44.4,10,SI_1_-10to-5,Standby
STANDBY_346,SI,1,-10to-5,2005-01-28T06:00:00,-5.1,118.7,11,SI_1_-10to-5,Standby
STANDBY_347,SI,1,-10to-5,2001-01-05T12:00:00,-5.7,119.8,12,SI_1_-10to-5,Standby
STANDBY_348,SI,1,-10to-5,2012-01-28T18:00:00,-9.6,49.3,13,SI_1_-10to-5,Standby
STANDBY_349,SI,1,-10to-5,2010-01-10T00:00:00,-7.1,40.5,14,SI_1_-10to-5,Standby
STANDBY_350,SI,1,-10to-5,1987-01-14T06:00:00,-7.7,56.7,15,SI_1_-10to-5,Standby
STANDBY_351,SI,1,-10to-5,2019-01-10T12:00:00,-6.1,84.0,16,SI_1_-10to-5,Standby
STANDBY_352,SI,1,-10to-5,2019-01-30T06:00:00,-7.3,117.7,17,SI_1_-10to-5,Standby
STANDBY_353,SI,1,-10to-5,1986-01-25T12:00:00,-8.7,89.7,18,SI_1_-10to-5,Standby
STANDBY_354,SI,1,-10to-5,1987-01-15T06:00:00,-8.7,47.0,19,SI_1_-10to-5,Standby
STANDBY_355,SI,1,-10to-5,1989-01-22T00:00:00,-5.4,48.9,20,SI_1_-10to-5,Standby
STANDBY_356,SI,1,-10to-5,1995-01-01T18:00:00,-5.8,91.8,21,SI_1_-10to-5,Standby
STANDBY_357,SI,1,-10to-5,2024-01-07T12:00:00,-8.7,111.9,22,SI_1_-10to-5,Standby
STANDBY_358,SI,1,-10to-5,2021-01-04T18:00:00,-8.3,62.1,23,SI_1_-10to-5,Standby
STANDBY_359,SI,1,-10to-5,2022-01-20T18:00:00,-6.4,101.7,24,SI_1_-10to-5,Standby
STANDBY_360,SI,1,-10to-5,2009-01-21T00:00:00,-9.0,72.6,25,SI_1_-10to-5,Standby
CTRL_056,SI,1,-15to-10,2002-01-09T18:00:00,-13.9,97.4,1,SI_1_-15to-10,Selected
CTRL_057,SI,1,-15to-10,2017-01-02T18:00:00,-13.4,41.4,2,SI_1_-15to-10,Selected
CTRL_058,SI,1,-15to-10,2014-01-10T18:00:00,-11.3,64.3,3,SI_1_-15to-10,Selected
STANDBY_361,SI,1,-15to-10,2010-01-10T06:00:00,-11.5,67.2,4,SI_1_-15to-10,Standby
STANDBY_362,SI,1,-15to-10,2024-01-07T18:00:00,-12.9,117.2,5,SI_1_-15to-10,Standby
STANDBY_363,SI,1,-15to-10,2016-01-23T12:00:00,-11.5,90.8,6,SI_1_-15to-10,Standby
STANDBY_364,SI,1,-15to-10,1991-01-26T00:00:00,-10.5,118.2,7,SI_1_-15to-10,Standby
STANDBY_365,SI,1,-15to-10,2015-01-09T18:00:00,-11.7,98.0,8,SI_1_-15to-10,Standby
STANDBY_366,SI,1,-15to-10,1990-01-05T12:00:00,-11.3,34.5,9,SI_1_-15to-10,Standby
STANDBY_367,SI,1,-15to-10,2003-01-05T06:00:00,-14.6,81.6,10,SI_1_-15to-10,Standby
STANDBY_368,SI,1,-15to-10,2022-01-24T06:00:00,-11.7,110.3,11,SI_1_-15to-10,Standby
STANDBY_369,SI,1,-15to-10,1988-01-07T00:00:00,-11.0,83.8,12,SI_1_-15to-10,Standby
STANDBY_370,SI,1,-15to-10,2007-01-26T12:00:00,-13.4,96.8,13,SI_1_-15to-10,Standby
STANDBY_371,SI,1,-15to-10,1981-01-10T06:00:00,-11.7,95.3,14,SI_1_-15to-10,Standby
STANDBY_372,SI,1,-15to-10,2004-01-01T06:00:00,-11.1,42.6,15,SI_1_-15to-10,Standby
STANDBY_373,SI,1,-15to-10,2007-01-11T06:00:00,-10.8,54.1,16,SI_1_-15to-10,Standby
STANDBY_374,SI,1,-15to-10,2020-01-12T00:00:00,-13.4,81.3,17,SI_1_-15to-10,Standby
STANDBY_375,SI,1,-15to-10,2020-01-30T12:00:00,-14.4,85.3,18,SI_1_-15to-10,Standby
STANDBY_376,SI,1,-15to-10,1984-01-09T00:00:00,-12.1,62.4,19,SI_1_-15to-10,Standby
STANDBY_377,SI,1,-15to-10,2024-01-29T06:00:00,-13.7,105.6,20,SI_1_-15to-10,Standby
STANDBY_378,SI,1,-15to-10,2002-01-12T06:00:00,-14.6,57.1,21,SI_1_-15to-10,Standby
STANDBY_379,SI,1,-15to-10,2022-01-05T06:00:00,-14.5,51.9,22,SI_1_-15to-10,Standby
STANDBY_380,SI,1,-15to-10,2007-01-28T12:00:00,-10.1,56.4,23,SI_1_-15to-10,Standby
CTRL_059,SI,1,-20to-15,2000-01-13T00:00:00,-15.1,102.3,1,SI_1_-20to-15,Selected
CTRL_060,SI,1,-20to-15,2024-01-09T12:00:00,-19.9,112.3,2,SI_1_-20to-15,Selected
STANDBY_381,SI,1,-20to-15,2010-01-02T06:00:00,-16.6,106.2,3,SI_1_-20to-15,Standby
STANDBY_382,SI,1,-20to-15,1996-01-23T18:00:00,-18.4,54.8,4,SI_1_-20to-15,Standby
STANDBY_383,SI,1,-20to-15,1987-01-29T18:00:00,-17.6,53.7,5,SI_1_-20to-15,Standby
STANDBY_384,SI,1,-20to-15,1991-01-07T06:00:00,-15.4,54.6,6,SI_1_-20to-15,Standby
STANDBY_385,SI,1,-20to-15,2000-01-19T12:00:00,-18.3,83.7,7,SI_1_-20to-15,Standby
STANDBY_386,SI,1,-20to-15,1989-01-05T00:00:00,-17.3,79.0,8,SI_1_-20to-15,Standby
STANDBY_387,SI,1,-20to-15,2020-01-05T18:00:00,-16.6,97.5,9,SI_1_-20to-15,Standby
STANDBY_388,SI,1,-20to-15,2000-01-18T12:00:00,-15.1,70.2,10,SI_1_-20to-15,Standby
STANDBY_389,SI,1,-20to-15,2023-01-25T18:00:00,-18.9,104.2,11,SI_1_-20to-15,Standby
STANDBY_390,SI,1,-20to-15,2004-01-16T00:00:00,-15.8,69.1,12,SI_1_-20to-15,Standby
STANDBY_391,SI,1,-20to-15,2022-01-10T12:00:00,-19.4,81.5,13,SI_1_-20to-15,Standby
STANDBY_392,SI,1,-20to-15,1998-01-17T12:00:00,-17.5,53.8,14,SI_1_-20to-15,Standby
STANDBY_393,SI,1,-20to-15,2015-01-18T18:00:00,-19.3,96.4,15,SI_1_-20to-15,Standby
STANDBY_394,SI,1,-20to-15,1996-01-18T00:00:00,-17.8,103.4,16,SI_1_-20to-15,Standby
STANDBY_395,SI,1,-20to-15,2017-01-25T12:00:00,-15.6,53.1,17,SI_1_-20to-15,Standby
STANDBY_396,SI,1,-20to-15,2020-01-13T06:00:00,-16.8,78.3,18,SI_1_-20to-15,Standby
STANDBY_397,SI,1,-20to-15,2017-01-25T12:00:00,-15.7,44.4,19,SI_1_-20to-15,Standby
STANDBY_398,SI,1,-20to-15,2016-01-19T18:00:00,-17.8,109.5,20,SI_1_-20to-15,Standby
STANDBY_399,SI,1,-20to-15,2016-01-07T00:00:00,-16.1,40.1,21,SI_1_-20to-15,Standby
STANDBY_400,SI,1,-20to-15,2018-01-25T06:00:00,-17.4,103.4,22,SI_1_-20to-15,Standby
CTRL_061,SI,1,-25to-20,1990-01-28T12:00:00,-23.4,103.1,1,SI_1_-25to-20,Selected
STANDBY_401,SI,1,-25to-20,2024-01-04T00:00:00,-20.5,84.3,2,SI_1_-25to-20,Standby
STANDBY_402,SI,1,-25to-20,1988-01-15T06:00:00,-20.5,114.3,3,SI_1_-25to-20,Standby
STANDBY_403,SI,1,-25to-20,2014-01-16T06:00:00,-21.2,90.8,4,SI_1_-25to-20,Standby
STANDBY_404,SI,1,-25to-20,1992-01-21T00:00:00,-21.4,43.3,5,SI_1_-25to-20,Standby
STANDBY_405,SI,1,-25to-20,2023-01-09T12:00:00,-22.5,67.7,6,SI_1_-25to-20,Standby
STANDBY_406,SI,1,-25to-20,2010-01-30T06:00:00,-20.7,106.0,7,SI_1_-25to-20,Standby
STANDBY_407,SI,1,-25to-20,2012-01-23T00:00:00,-23.2,82.0,8,SI_1_-25to-20,Standby
STANDBY_408,SI,1,-25to-20,2005-01-10T06:00:00,-23.7,75.1,9,SI_1_-25to-20,Standby
STANDBY_409,SI,1,-25to-20,2011-01-14T18:00:00,-25.0,37.3,10,SI_1_-25to-20,Standby
STANDBY_410,SI,1,-25to-20,2010-01-20T12:00:00,-21.6,41.1,11,SI_1_-25to-20,Standby
STANDBY_411,SI,1,-25to-20,2024-01-08T18:00:00,-20.7,104.0,12,SI_1_-25to-20,Standby
STANDBY_412,SI,1,-25to-20,1990-01-21T00:00:00,-24.3,72.2,13,SI_1_-25to-20,Standby
STANDBY_413,SI,1,-25to-20,1981-01-25T06:00:00,-20.4,42.8,14,SI_1_-25to-20,Standby
STANDBY_414,SI,1,-25to-20,2017-01-06T18:00:00,-20.3,80.2,15,SI_1_-25to-20,Standby
STANDBY_415,SI,1,-25to-20,1988-01-25T06:00:00,-24.6,75.6,16,SI_1_-25to-20,Standby
STANDBY_416,SI,1,-25to-20,1998-01-15T06:00:00,-20.2,104.2,17,SI_1_-25to-20,Standby
STANDBY_417,SI,1,-25to-20,2007-01-15T18:00:00,-21.6,101.0,18,SI_1_-25to-20,Standby
STANDBY_418,SI,1,-25to-20,2016-01-29T06:00:00,-20.1,99.6,19,SI_1_-25to-20,Standby
STANDBY_419,SI,1,-25to-20,2011-01-21T18:00:00,-23.0,71.1,20,SI_1_-25to-20,Standby
STANDBY_420,SI,1,-25to-20,1995-01-17T06:00:00,-21.3,102.0,21,SI_1_-25to-20,Standby
CTRL_062,SI,2,-10to-5,1987-02-08T18:00:00,-6.2,39.1,1,SI_2_-10to-5,Selected
STANDBY_421,SI,2,-10to-5,1995-02-14T12:00:00,-6.3,69.9,2,SI_2_-10to-5,Standby
STANDBY_422,SI,2,-10to-5,2008-02-18T06:00:00,-6.1,104.6,3,SI_2_-10to-5,Standby
STANDBY_423,SI,2,-10to-5,1995-02-26T18:00:00,-9.0,81.6,4,SI_2_-10to-5,Standby
STANDBY_424,SI,2,-10to-5,2009-02-14T06:00:00,-8.4,101.1,5,SI_2_-10to-5,Standby
STANDBY_425,SI,2,-10to-5,2001-02-20T06:00:00,-5.5,51.6,6,SI_2_-10to-5,Standby
STANDBY_426,SI,2,-10to-5,2010-02-17T18:00:00,-5.3,69.7,7,SI_2_-10to-5,Standby
STANDBY_427,SI,2,-10to-5,1995-02-03T00:00:00,-7.8,115.5,8,SI_2_-10to-5,Standby
STANDBY_428,SI,2,-10to-5,1982-02-14T00:00:00,-8.7,60.1,9,SI_2_-10to-5,Standby
STANDBY_429,SI,2,-10to-5,1984-02-18T06:00:00,-6.0,50.1,10,SI_2_-10to-5,Standby
STANDBY_430,SI,2,-10to-5,1993-02-09T18:00:00,-5.5,71.1,11,SI_2_-10to-5,Standby
STANDBY_431,SI,2,-10to-5,2023-02-04T00:00:00,-9.8,48.2,12,SI_2_-10to-5,Standby
STANDBY_432,SI,2,-10to-5,1993-02-07T00:00:00,-5.4,54.7,13,SI_2_-10to-5,Standby
STANDBY_433,SI,2,-10to-5,1996-02-26T12:00:00,-9.9,107.5,14,SI_2_-10to-5,Standby
STANDBY_434,SI,2,-10to-5,2023-02-19T12:00:00,-8.7,50.2,15,SI_2_-10to-5,Standby
STANDBY_435,SI,2,-10to-5,2011-02-25T06:00:00,-5.5,106.3,16,SI_2_-10to-5,Standby
STANDBY_436,SI,2,-10to-5,2000-02-12T00:00:00,-9.7,114.2,17,SI_2_-10to-5,Standby
STANDBY_437,SI,2,-10to-5,1988-02-17T00:00:00,-8.8,82.1,18,SI_2_-10to-5,Standby
STANDBY_438,SI,2,-10to-5,2022-02-03T06:00:00,-7.9,43.3,19,SI_2_-10to-5,Standby
STANDBY_439,SI,2,-10to-5,1990-02-21T06:00:00,-6.0,78.9,20,SI_2_-10to-5,Standby
STANDBY_440,SI,2,-10to-5,2014-02-18T00:00:00,-6.4,119.3,21,SI_2_-10to-5,Standby
CTRL_063,SI,2,-15to-10,2013-02-15T00:00:00,-14.2,69.6,1,SI_2_-15to-10,Selected
CTRL_064,SI,2,-15to-10,2001-02-12T12:00:00,-13.2,69.0,2,SI_2_-15to-10,Selected
CTRL_065,SI,2,-15to-10,2005-02-09T00:00:00,-10.7,43.2,3,SI_2_-15to-10,Selected
CTRL_066,SI,2,-15to-10,2017-02-17T12:00:00,-12.1,77.7,4,SI_2_-15to-10,Selected
CTRL_067,SI,2,-15to-10,2017-02-17T00:00:00,-13.1,118.3,5,SI_2_-15to-10,Selected
CTRL_068,SI,2,-15to-10,2010-02-22T00:00:00,-15.0,101.5,6,SI_2_-15to-10,Selected
STANDBY_441,SI,2,-15to-10,2001-02-06T00:00:00,-12.9,96.5,7,SI_2_-15to-10,Standby
STANDBY_442,SI,2,-15to-10,2014-02-07T00:00:00,-12.6,88.9,8,SI_2_-15to-10,Standby
STANDBY_443,SI,2,-15to-10,2005-02-24T06:00:00,-11.3,89.7,9,SI_2_-15to-10,Standby
STANDBY_444,SI,2,-15to-10,2016-02-29T06:00:00,-13.4,100.8,10,SI_2_-15to-10,Standby
STANDBY_445,SI,2,-15to-10,1989-02-24T18:00:00,-12.1,48.3,11,SI_2_-15to-10,Standby
STANDBY_446,SI,2,-15to-10,2024-02-20T06:00:00,-10.3,87.6,12,SI_2_-15to-10,Standby
STANDBY_447,SI,2,-15to-10,1992-02-07T06:00:00,-14.8,52.4,13,SI_2_-15to-10,Standby
STANDBY_448,SI,2,-15to-10,2005-02-06T00:00:00,-10.2,44.3,14,SI_2_-15to-10,Standby
STANDBY_449,SI,2,-15to-10,2024-02-26T06:00:00,-10.1,92.4,15,SI_2_-15to-10,Standby
STANDBY_450,SI,2,-15to-10,2006-02-23T06:00:00,-12.9,100.9,16,SI_2_-15to-10,Standby
STANDBY_451,SI,2,-15to-10,2018-02-26T18:00:00,-10.4,72.9,17,SI_2_-15to-10,Standby
STANDBY_452,SI,2,-15to-10,2014-02-06T00:00:00,-12.0,82.9,18,SI_2_-15to-10,Standby
STANDBY_453,SI,2,-15to-10,2002-02-17T06:00:00,-14.9,99.1,19,SI_2_-15to-10,Standby
STANDBY_454,SI,2,-15to-10,1981-02-16T12:00:00,-12.1,111.5,20,SI_2_-15to-10,Standby
STANDBY_455,SI,2,-15to-10,1982-02-24T00:00:00,-12.4,53.6,21,SI_2_-15to-10,Standby
STANDBY_456,SI,2,-15to-10,1984-02-20T06:00:00,-12.7,43.5,22,SI_2_-15to-10,Standby
STANDBY_457,SI,2,-15to-10,2016-02-29T18:00:00,-11.1,115.1,23,SI_2_-15to-10,Standby
STANDBY_458,SI,2,-15to-10,1981-02-16T12:00:00,-12.0,72.9,24,SI_2_-15to-10,Standby
STANDBY_459,SI,2,-15to-10,1983-02-28T18:00:00,-14.2,62.1,25,SI_2_-15to-10,Standby
STANDBY_460,SI,2,-15to-10,2011-02-28T12:00:00,-10.9,65.3,26,SI_2_-15to-10,Standby
CTRL_069,SI,2,-20to-15,1994-02-28T00:00:00,-15.6,67.8,1,SI_2_-20to-15,Selected
CTRL_070,SI,2,-20to-15,1986-02-20T18:00:00,-16.7,90.2,2,SI_2_-20to-15,Selected
CTRL_071,SI,2,-20to-15,2013-02-02T18:00:00,-15.5,100.0,3,SI_2_-20to-15,Selected
STANDBY_461,SI,2,-20to-15,2012-02-10T00:00:00,-19.8,118.4,4,SI_2_-20to-15,Standby
STANDBY_462,SI,2,-20to-15,2005-02-25T06:00:00,-19.9,42.0,5,SI_2_-20to-15,Standby
STANDBY_463,SI,2,-20to-15,2006-02-21T12:00:00,-16.2,100.8,6,SI_2_-20to-15,Standby
STANDBY_464,SI,2,-20to-15,1981-02-13T06:00:00,-16.8,72.8,7,SI_2_-20to-15,Standby
STANDBY_465,SI,2,-20to-15,1981-02-04T06:00:00,-17.5,107.1,8,SI_2_-20to-15,Standby
STANDBY_466,SI,2,-20to-15,2015-02-20T00:00:00,-18.8,114.7,9,SI_2_-20to-15,Standby
STANDBY_467,SI,2,-20to-15,1987-02-04T18:00:00,-19.6,78.1,10,SI_2_-20to-15,Standby
STANDBY_468,SI,2,-20to-15,2006-02-21T18:00:00,-17.7,39.9,11,SI_2_-20to-15,Standby
STANDBY_469,SI,2,-20to-15,2013-02-14T00:00:00,-17.2,66.7,12,SI_2_-20to-15,Standby
STANDBY_470,SI,2,-20to-15,2019-02-22T06:00:00,-19.9,66.0,13,SI_2_-20to-15,Standby
STANDBY_471,SI,2,-20to-15,1991-02-14T12:00:00,-17.2,57.0,14,SI_2_-20to-15,Standby
STANDBY_472,SI,2,-20to-15,2007-02-07T12:00:00,-20.0,87.1,15,SI_2_-20to-15,Standby
STANDBY_473,SI,2,-20to-15,2005-02-18T18:00:00,-18.9,43.1,16,SI_2_-20to-15,Standby
STANDBY_474,SI,2,-20to-15,1986-02-13T18:00:00,-19.1,98.7,17,SI_2_-20to-15,Standby
STANDBY_475,SI,2,-20to-15,1995-02-17T18:00:00,-15.2,95.4,18,SI_2_-20to-15,Standby
STANDBY_476,SI,2,-20to-15,2001-02-26T00:00:00,-18.4,60.0,19,SI_2_-20to-15,Standby
STANDBY_477,SI,2,-20to-15,1986-02-27T12:00:00,-19.2,79.6,20,SI_2_-20to-15,Standby
STANDBY_478,SI,2,-20to-15,2021-02-16T12:00:00,-17.7,99.9,21,SI_2_-20to-15,Standby
STANDBY_479,SI,2,-20to-15,2016-02-24T06:00:00,-15.4,67.5,22,SI_2_-20to-15,Standby
STANDBY_480,SI,2,-20to-15,2009-02-21T06:00:00,-15.6,56.3,23,SI_2_-20to-15,Standby
CTRL_072,SI,2,-25to-20,2006-02-15T12:00:00,-24.6,104.7,1,SI_2_-25to-20,Selected
STANDBY_481,SI,2,-25to-20,1986-02-26T12:00:00,-23.8,74.3,2,SI_2_-25to-20,Standby
STANDBY_482,SI,2,-25to-20,2013-02-25T06:00:00,-23.1,77.8,3,SI_2_-25to-20,Standby
STANDBY_483,SI,2,-25to-20,1994-02-21T18:00:00,-22.1,104.1,4,SI_2_-25to-20,Standby
STANDBY_484,SI,2,-25to-20,1981-02-07T00:00:00,-23.4,98.0,5,SI_2_-25to-20,Standby
STANDBY_485,SI,2,-25to-20,1991-02-10T18:00:00,-22.0,59.5,6,SI_2_-25to-20,Standby
STANDBY_486,SI,2,-25to-20,1981-02-11T00:00:00,-20.3,86.3,7,SI_2_-25to-20,Standby
STANDBY_487,SI,2,-25to-20,1999-02-25T18:00:00,-21.7,103.6,8,SI_2_-25to-20,Standby
STANDBY_488,SI,2,-25to-20,2019-02-09T12:00:00,-22.5,103.4,9,SI_2_-25to-20,Standby
STANDBY_489,SI,2,-25to-20,2010-02-24T00:00:00,-22.2,89.3,10,SI_2_-25to-20,Standby
STANDBY_490,SI,2,-25to-20,2000-02-24T00:00:00,-22.4,87.5,11,SI_2_-25to-20,Standby
STANDBY_491,SI,2,-25to-20,2014-02-21T12:00:00,-20.4,90.7,12,SI_2_-25to-20,Standby
STANDBY_492,SI,2,-25to-20,2005-02-20T06:00:00,-24.4,54.3,13,SI_2_-25to-20,Standby
STANDBY_493,SI,2,-25to-20,1993-02-02T06:00:00,-23.9,78.6,14,SI_2_-25to-20,Standby
STANDBY_494,SI,2,-25to-20,2006-02-03T12:00:00,-24.1,75.8,15,SI_2_-25to-20,Standby
STANDBY_495,SI,2,-25to-20,2022-02-03T00:00:00,-24.7,98.2,16,SI_2_-25to-20,Standby
STANDBY_496,SI,2,-25to-20,2014-02-27T00:00:00,-22.4,84.1,17,SI_2_-25to-20,Standby
STANDBY_497,SI,2,-25to-20,1998-02-05T12:00:00,-22.7,72.6,18,SI_2_-25to-20,Standby
STANDBY_498,SI,2,-25to-20,1986-02-12T06:00:00,-23.8,102.5,19,SI_2_-25to-20,Standby
STANDBY_499,SI,2,-25to-20,1982-02-16T06:00:00,-23.4,96.2,20,SI_2_-25to-20,Standby
STANDBY_500,SI,2,-25to-20,1999-02-17T12:00:00,-22.5,93.3,21,SI_2_-25to-20,Standby
CTRL_073,SI,3,-10to-5,1997-03-25T00:00:00,-9.3,53.7,1,SI_3_-10to-5,Selected
CTRL_074,SI,3,-10to-5,1983-03-29T06:00:00,-5.9,46.7,2,SI_3_-10to-5,Selected
CTRL_075,SI,3,-10to-5,1997-03-09T18:00:00,-6.7,88.4,3,SI_3_-10to-5,Selected
CTRL_076,SI,3,-10to-5,2021-03-17T12:00:00,-6.2,60.4,4,SI_3_-10to-5,Selected
CTRL_077,SI,3,-10to-5,1982-03-28T06:00:00,-6.6,51.6,5,SI_3_-10to-5,Selected
STANDBY_501,SI,3,-10to-5,1996-03-14T18:00:00,-7.3,49.7,6,SI_3_-10to-5,Standby
STANDBY_502,SI,3,-10to-5,1997-03-29T00:00:00,-5.2,84.8,7,SI_3_-10to-5,Standby
STANDBY_503,SI,3,-10to-5,1993-03-23T06:00:00,-9.3,76.2,8,SI_3_-10to-5,Standby
STANDBY_504,SI,3,-10to-5,1984-03-15T12:00:00,-5.4,45.8,9,SI_3_-10to-5,Standby
STANDBY_505,SI,3,-10to-5,2020-03-02T06:00:00,-5.7,94.1,10,SI_3_-10to-5,Standby
STANDBY_506,SI,3,-10to-5,1998-03-04T06:00:00,-6.7,42.5,11,SI_3_-10to-5,Standby
STANDBY_507,SI,3,-10to-5,1998-03-28T00:00:00,-6.5,72.7,12,SI_3_-10to-5,Standby
STANDBY_508,SI,3,-10to-5,2011-03-27T12:00:00,-6.0,71.4,13,SI_3_-10to-5,Standby
STANDBY_509,SI,3,-10to-5,1992-03-19T18:00:00,-9.0,64.1,14,SI_3_-10to-5,Standby
STANDBY_510,SI,3,-10to-5,1981-03-01T18:00:00,-5.7,41.1,15,SI_3_-10to-5,Standby
STANDBY_511,SI,3,-10to-5,1998-03-29T06:00:00,-5.8,59.5,16,SI_3_-10to-5,Standby
STANDBY_512,SI,3,-10to-5,1989-03-31T12:00:00,-7.2,101.7,17,SI_3_-10to-5,Standby
STANDBY_513,SI,3,-10to-5,2002-03-03T06:00:00,-9.1,84.5,18,SI_3_-10to-5,Standby
STANDBY_514,SI,3,-10to-5,1982-03-26T06:00:00,-5.1,57.7,19,SI_3_-10to-5,Standby
STANDBY_515,SI,3,-10to-5,1989-03-13T18:00:00,-7.2,72.6,20,SI_3_-10to-5,Standby
STANDBY_516,SI,3,-10to-5,2016-03-30T00:00:00,-7.1,93.5,21,SI_3_-10to-5,Standby
STANDBY_517,SI,3,-10to-5,2004-03-26T18:00:00,-7.9,81.3,22,SI_3_-10to-5,Standby
STANDBY_518,SI,3,-10to-5,2002-03-20T06:00:00,-8.5,110.6,23,SI_3_-10to-5,Standby
STANDBY_519,SI,3,-10to-5,2012-03-19T06:00:00,-7.8,98.0,24,SI_3_-10to-5,Standby
STANDBY_520,SI,3,-10to-5,1990-03-13T06:00:00,-7.7,56.9,25,SI_3_-10to-5,Standby
CTRL_078,SI,3,-15to-10,2021-03-07T12:00:00,-13.4,108.8,1,SI_3_-15to-10,Selected
CTRL_079,SI,3,-15to-10,2010-03-15T00:00:00,-11.3,105.3,2,SI_3_-15to-10,Selected
CTRL_080,SI,3,-15to-10,2019-03-02T18:00:00,-12.2,59.5,3,SI_3_-15to-10,Selected
CTRL_081,SI,3,-15to-10,1995-03-14T12:00:00,-13.9,100.9,4,SI_3_-15to-10,Selected
CTRL_082,SI,3,-15to-10,1991-03-11T18:00:00,-10.8,101.3,5,SI_3_-15to-10,Selected
CTRL_083,SI,3,-15to-10,1999-03-13T00:00:00,-13.1,41.6,6,SI_3_-15to-10,Selected
STANDBY_521,SI,3,-15to-10,1991-03-11T18:00:00,-11.1,45.1,7,SI_3_-15to-10,Standby
STANDBY_522,SI,3,-15to-10,2013-03-27T12:00:00,-10.3,42.9,8,SI_3_-15to-10,Standby
STANDBY_523,SI,3,-15to-10,2006-03-19T12:00:00,-13.8,45.6,9,SI_3_-15to-10,Standby
STANDBY_524,SI,3,-15to-10,1996-03-30T06:00:00,-12.2,46.0,10,SI_3_-15to-10,Standby
STANDBY_525,SI,3,-15to-10,1993-03-23T18:00:00,-13.4,98.6,11,SI_3_-15to-10,Standby
STANDBY_526,SI,3,-15to-10,1998-03-01T18:00:00,-14.8,43.4,12,SI_3_-15to-10,Standby
STANDBY_527,SI,3,-15to-10,1995-03-04T12:00:00,-10.7,84.4,13,SI_3_-15to-10,Standby
STANDBY_528,SI,3,-15to-10,2000-03-19T06:00:00,-13.2,75.7,14,SI_3_-15to-10,Standby
STANDBY_529,SI,3,-15to-10,2011-03-31T12:00:00,-10.1,91.7,15,SI_3_-15to-10,Standby
STANDBY_530,SI,3,-15to-10,1985-03-25T06:00:00,-14.2,46.8,16,SI_3_-15to-10,Standby
STANDBY_531,SI,3,-15to-10,2018-03-24T18:00:00,-11.4,63.3,17,SI_3_-15to-10,Standby
STANDBY_532,SI,3,-15to-10,1982-03-05T18:00:00,-13.4,44.8,18,SI_3_-15to-10,Standby
STANDBY_533,SI,3,-15to-10,2017-03-22T12:00:00,-14.4,56.1,19,SI_3_-15to-10,Standby
STANDBY_534,SI,3,-15to-10,1984-03-30T06:00:00,-12.9,110.9,20,SI_3_-15to-10,Standby
STANDBY_535,SI,3,-15to-10,2014-03-19T12:00:00,-10.2,64.2,21,SI_3_-15to-10,Standby
STANDBY_536,SI,3,-15to-10,2001-03-16T00:00:00,-12.7,70.1,22,SI_3_-15to-10,Standby
STANDBY_537,SI,3,-15to-10,2011-03-31T06:00:00,-14.3,63.2,23,SI_3_-15to-10,Standby
STANDBY_538,SI,3,-15to-10,2008-03-25T00:00:00,-10.8,45.6,24,SI_3_-15to-10,Standby
STANDBY_539,SI,3,-15to-10,2010-03-31T00:00:00,-11.9,59.0,25,SI_3_-15to-10,Standby
STANDBY_540,SI,3,-15to-10,1989-03-06T18:00:00,-12.8,118.0,26,SI_3_-15to-10,Standby
CTRL_084,SI,3,-20to-15,1991-03-01T06:00:00,-16.2,66.9,1,SI_3_-20to-15,Selected
STANDBY_541,SI,3,-20to-15,1981-03-20T12:00:00,-17.3,84.1,2,SI_3_-20to-15,Standby
STANDBY_542,SI,3,-20to-15,1982-03-24T06:00:00,-18.2,116.6,3,SI_3_-20to-15,Standby
STANDBY_543,SI,3,-20to-15,2014-03-02T12:00:00,-15.3,118.5,4,SI_3_-20to-15,Standby
STANDBY_544,SI,3,-20to-15,2023-03-21T18:00:00,-18.8,74.8,5,SI_3_-20to-15,Standby
STANDBY_545,SI,3,-20to-15,2023-03-08T12:00:00,-18.1,78.8,6,SI_3_-20to-15,Standby
STANDBY_546,SI,3,-20to-15,2010-03-22T18:00:00,-18.9,97.9,7,SI_3_-20to-15,Standby
STANDBY_547,SI,3,-20to-15,1995-03-05T12:00:00,-16.0,78.9,8,SI_3_-20to-15,Standby
STANDBY_548,SI,3,-20to-15,1989-03-11T12:00:00,-17.7,64.5,9,SI_3_-20to-15,Standby
STANDBY_549,SI,3,-20to-15,1986-03-26T00:00:00,-16.9,117.0,10,SI_3_-20to-15,Standby
STANDBY_550,SI,3,-20to-15,2022-03-14T06:00:00,-19.5,74.4,11,SI_3_-20to-15,Standby
STANDBY_551,SI,3,-20to-15,2010-03-06T06:00:00,-16.8,77.1,12,SI_3_-20to-15,Standby
STANDBY_552,SI,3,-20to-15,2006-03-10T18:00:00,-19.3,108.2,13,SI_3_-20to-15,Standby
STANDBY_553,SI,3,-20to-15,2024-03-24T00:00:00,-16.9,77.6,14,SI_3_-20to-15,Standby
STANDBY_554,SI,3,-20to-15,1982-03-16T00:00:00,-18.5,116.0,15,SI_3_-20to-15,Standby
STANDBY_555,SI,3,-20to-15,1999-03-01T18:00:00,-17.8,51.7,16,SI_3_-20to-15,Standby
STANDBY_556,SI,3,-20to-15,1990-03-25T12:00:00,-17.0,59.3,17,SI_3_-20to-15,Standby
STANDBY_557,SI,3,-20to-15,2023-03-02T18:00:00,-15.4,59.3,18,SI_3_-20to-15,Standby
STANDBY_558,SI,3,-20to-15,1986-03-21T00:00:00,-17.0,109.1,19,SI_3_-20to-15,Standby
STANDBY_559,SI,3,-20to-15,1983-03-02T06:00:00,-19.8,78.8,20,SI_3_-20to-15,Standby
STANDBY_560,SI,3,-20to-15,1991-03-09T12:00:00,-18.1,54.6,21,SI_3_-20to-15,Standby
CTRL_085,SI,4,-10to-5,2016-04-24T00:00:00,-7.5,65.8,1,SI_4_-10to-5,Selected
CTRL_086,SI,4,-10to-5,2002-04-15T00:00:00,-8.7,84.3,2,SI_4_-10to-5,Selected
STANDBY_561,SI,4,-10to-5,1991-04-30T12:00:00,-5.6,106.5,3,SI_4_-10to-5,Standby
STANDBY_562,SI,4,-10to-5,1987-04-16T18:00:00,-7.5,87.8,4,SI_4_-10to-5,Standby
STANDBY_563,SI,4,-10to-5,1990-04-02T18:00:00,-9.8,42.5,5,SI_4_-10to-5,Standby
STANDBY_564,SI,4,-10to-5,2021-04-02T18:00:00,-8.6,76.9,6,SI_4_-10to-5,Standby
STANDBY_565,SI,4,-10to-5,2025-04-17T06:00:00,-8.9,98.9,7,SI_4_-10to-5,Standby
STANDBY_566,SI,4,-10to-5,2019-04-20T06:00:00,-7.4,62.7,8,SI_4_-10to-5,Standby
STANDBY_567,SI,4,-10to-5,1997-04-15T06:00:00,-5.6,109.9,9,SI_4_-10to-5,Standby
STANDBY_568,SI,4,-10to-5,2015-04-18T18:00:00,-8.6,89.3,10,SI_4_-10to-5,Standby
STANDBY_569,SI,4,-10to-5,2013-04-30T18:00:00,-7.8,45.9,11,SI_4_-10to-5,Standby
STANDBY_570,SI,4,-10to-5,1991-04-04T12:00:00,-7.4,90.6,12,SI_4_-10to-5,Standby
STANDBY_571,SI,4,-10to-5,2017-04-05T18:00:00,-5.8,46.3,13,SI_4_-10to-5,Standby
STANDBY_572,SI,4,-10to-5,1997-04-24T12:00:00,-8.7,94.7,14,SI_4_-10to-5,Standby
STANDBY_573,SI,4,-10to-5,2005-04-18T12:00:00,-6.8,89.7,15,SI_4_-10to-5,Standby
STANDBY_574,SI,4,-10to-5,1980-04-13T18:00:00,-8.1,96.8,16,SI_4_-10to-5,Standby
STANDBY_575,SI,4,-10to-5,1987-04-06T06:00:00,-5.7,85.2,17,SI_4_-10to-5,Standby
STANDBY_576,SI,4,-10to-5,1980-04-29T06:00:00,-8.7,80.9,18,SI_4_-10to-5,Standby
STANDBY_577,SI,4,-10to-5,2009-04-20T18:00:00,-5.2,54.7,19,SI_4_-10to-5,Standby
STANDBY_578,SI,4,-10to-5,1983-04-30T00:00:00,-5.6,63.9,20,SI_4_-10to-5,Standby
STANDBY_579,SI,4,-10to-5,1981-04-22T06:00:00,-8.4,68.1,21,SI_4_-10to-5,Standby
STANDBY_580,SI,4,-10to-5,1988-04-03T06:00:00,-6.8,100.0,22,SI_4_-10to-5,Standby
CTRL_087,SI,4,-15to-10,2012-04-05T18:00:00,-11.8,62.7,1,SI_4_-15to-10,Selected
CTRL_088,SI,4,-15to-10,2008-04-10T00:00:00,-14.1,66.7,2,SI_4_-15to-10,Selected
STANDBY_581,SI,4,-15to-10,2024-04-11T06:00:00,-14.7,85.3,3,SI_4_-15to-10,Standby
STANDBY_582,SI,4,-15to-10,1984-04-27T12:00:00,-13.1,56.7,4,SI_4_-15to-10,Standby
STANDBY_583,SI,4,-15to-10,1980-04-24T06:00:00,-13.4,113.7,5,SI_4_-15to-10,Standby
STANDBY_584,SI,4,-15to-10,2023-04-11T00:00:00,-12.1,46.4,6,SI_4_-15to-10,Standby
STANDBY_585,SI,4,-15to-10,1985-04-27T12:00:00,-10.6,102.8,7,SI_4_-15to-10,Standby
STANDBY_586,SI,4,-15to-10,1981-04-30T06:00:00,-11.4,79.0,8,SI_4_-15to-10,Standby
STANDBY_587,SI,4,-15to-10,1990-04-19T00:00:00,-14.2,69.7,9,SI_4_-15to-10,Standby
STANDBY_588,SI,4,-15to-10,2023-04-03T00:00:00,-11.9,72.0,10,SI_4_-15to-10,Standby
STANDBY_589,SI,4,-15to-10,2009-04-28T00:00:00,-13.1,102.8,11,SI_4_-15to-10,Standby
STANDBY_590,SI,4,-15to-10,2018-04-05T06:00:00,-12.8,52.2,12,SI_4_-15to-10,Standby
STANDBY_591,SI,4,-15to-10,2015-04-10T00:00:00,-12.8,115.2,13,SI_4_-15to-10,Standby
STANDBY_592,SI,4,-15to-10,1984-04-27T18:00:00,-11.0,91.3,14,SI_4_-15to-10,Standby
STANDBY_593,SI,4,-15to-10,2010-04-30T12:00:00,-14.5,43.9,15,SI_4_-15to-10,Standby
STANDBY_594,SI,4,-15to-10,1986-04-25T18:00:00,-14.7,86.3,16,SI_4_-15to-10,Standby
STANDBY_595,SI,4,-15to-10,1997-04-08T06:00:00,-13.7,63.8,17,SI_4_-15to-10,Standby
STANDBY_596,SI,4,-15to-10,1995-04-25T06:00:00,-14.4,64.5,18,SI_4_-15to-10,Standby
STANDBY_597,SI,4,-15to-10,2006-04-02T06:00:00,-12.1,45.0,19,SI_4_-15to-10,Standby
STANDBY_598,SI,4,-15to-10,1995-04-23T18:00:00,-13.5,102.8,20,SI_4_-15to-10,Standby
STANDBY_599,SI,4,-15to-10,2012-04-30T00:00:00,-10.4,41.7,21,SI_4_-15to-10,Standby
STANDBY_600,SI,4,-15to-10,1982-04-25T12:00:00,-14.0,110.7,22,SI_4_-15to-10,Standby
CTRL_089,SI,4,-25to-20,2025-04-21T12:00:00,-20.6,80.6,1,SI_4_-25to-20,Selected
STANDBY_601,SI,4,-25to-20,1986-04-20T00:00:00,-24.8,78.5,2,SI_4_-25to-20,Standby
STANDBY_602,SI,4,-25to-20,2017-04-25T00:00:00,-22.3,102.3,3,SI_4_-25to-20,Standby
STANDBY_603,SI,4,-25to-20,1998-04-29T06:00:00,-21.1,71.2,4,SI_4_-25to-20,Standby
STANDBY_604,SI,4,-25to-20,2007-04-25T00:00:00,-20.6,91.5,5,SI_4_-25to-20,Standby
STANDBY_605,SI,4,-25to-20,2006-04-17T12:00:00,-20.6,34.9,6,SI_4_-25to-20,Standby
STANDBY_606,SI,4,-25to-20,1989-04-26T00:00:00,-21.4,71.9,7,SI_4_-25to-20,Standby
STANDBY_607,SI,4,-25to-20,2017-04-05T00:00:00,-21.1,52.5,8,SI_4_-25to-20,Standby
STANDBY_608,SI,4,-25to-20,2017-04-20T06:00:00,-23.9,99.9,9,SI_4_-25to-20,Standby
STANDBY_609,SI,4,-25to-20,2005-04-30T18:00:00,-20.5,42.1,10,SI_4_-25to-20,Standby
STANDBY_610,SI,4,-25to-20,1989-04-20T06:00:00,-21.3,43.4,11,SI_4_-25to-20,Standby
STANDBY_611,SI,4,-25to-20,1993-04-14T12:00:00,-24.5,90.3,12,SI_4_-25to-20,Standby
STANDBY_612,SI,4,-25to-20,1985-04-29T06:00:00,-23.1,51.5,13,SI_4_-25to-20,Standby
STANDBY_613,SI,4,-25to-20,1992-04-20T18:00:00,-23.4,72.0,14,SI_4_-25to-20,Standby
STANDBY_614,SI,4,-25to-20,1993-04-11T00:00:00,-24.7,52.2,15,SI_4_-25to-20,Standby
STANDBY_615,SI,4,-25to-20,2020-04-12T06:00:00,-24.2,109.3,16,SI_4_-25to-20,Standby
STANDBY_616,SI,4,-25to-20,2018-04-07T18:00:00,-22.6,59.2,17,SI_4_-25to-20,Standby
STANDBY_617,SI,4,-25to-20,2010-04-10T00:00:00,-24.7,66.0,18,SI_4_-25to-20,Standby
STANDBY_618,SI,4,-25to-20,2001-04-27T06:00:00,-22.7,63.6,19,SI_4_-25to-20,Standby
STANDBY_619,SI,4,-25to-20,2001-04-19T06:00:00,-22.7,75.0,20,SI_4_-25to-20,Standby
STANDBY_620,SI,4,-25to-20,1993-04-01T00:00:00,-21.5,110.8,21,SI_4_-25to-20,Standby
CTRL_090,SI,5,-10to-5,2002-05-26T06:00:00,-6.0,79.3,1,SI_5_-10to-5,Selected
STANDBY_621,SI,5,-10to-5,2006-05-17T06:00:00,-8.8,87.1,2,SI_5_-10to-5,Standby
STANDBY_622,SI,5,-10to-5,2004-05-23T06:00:00,-8.2,44.4,3,SI_5_-10to-5,Standby
STANDBY_623,SI,5,-10to-5,2016-05-09T06:00:00,-9.1,81.2,4,SI_5_-10to-5,Standby
STANDBY_624,SI,5,-10to-5,1981-05-12T06:00:00,-8.6,46.1,5,SI_5_-10to-5,Standby
STANDBY_625,SI,5,-10to-5,2021-05-29T12:00:00,-10.0,101.0,6,SI_5_-10to-5,Standby
STANDBY_626,SI,5,-10to-5,2017-05-16T00:00:00,-5.4,82.2,7,SI_5_-10to-5,Standby
STANDBY_627,SI,5,-10to-5,2023-05-05T06:00:00,-6.9,115.0,8,SI_5_-10to-5,Standby
STANDBY_628,SI,5,-10to-5,2009-05-18T06:00:00,-7.1,101.4,9,SI_5_-10to-5,Standby
STANDBY_629,SI,5,-10to-5,2006-05-11T06:00:00,-7.5,65.7,10,SI_5_-10to-5,Standby
STANDBY_630,SI,5,-10to-5,2020-05-29T00:00:00,-6.6,67.2,11,SI_5_-10to-5,Standby
STANDBY_631,SI,5,-10to-5,1999-05-19T18:00:00,-6.0,64.8,12,SI_5_-10to-5,Standby
STANDBY_632,SI,5,-10to-5,2008-05-04T18:00:00,-7.5,59.0,13,SI_5_-10to-5,Standby
STANDBY_633,SI,5,-10to-5,2012-05-16T12:00:00,-5.4,74.1,14,SI_5_-10to-5,Standby
STANDBY_634,SI,5,-10to-5,2003-05-22T06:00:00,-7.9,88.7,15,SI_5_-10to-5,Standby
STANDBY_635,SI,5,-10to-5,2012-05-12T00:00:00,-9.4,98.2,16,SI_5_-10to-5,Standby
STANDBY_636,SI,5,-10to-5,1988-05-11T12:00:00,-6.9,82.2,17,SI_5_-10to-5,Standby
STANDBY_637,SI,5,-10to-5,1994-05-25T18:00:00,-8.9,47.9,18,SI_5_-10to-5,Standby
STANDBY_638,SI,5,-10to-5,1998-05-19T00:00:00,-6.0,113.4,19,SI_5_-10to-5,Standby
STANDBY_639,SI,5,-10to-5,1980-05-09T18:00:00,-8.9,42.0,20,SI_5_-10to-5,Standby
STANDBY_640,SI,5,-10to-5,2014-05-25T06:00:00,-8.1,110.2,21,SI_5_-10to-5,Standby
CTRL_091,SI,9,-5to0,1996-09-16T12:00:00,-3.4,53.2,1,SI_9_-5to0,Selected
STANDBY_641,SI,9,-5to0,1986-09-13T06:00:00,-3.5,85.5,2,SI_9_-5to0,Standby
STANDBY_642,SI,9,-5to0,2007-09-30T18:00:00,-3.0,84.1,3,SI_9_-5to0,Standby
STANDBY_643,SI,9,-5to0,1981-09-16T06:00:00,-2.1,46.7,4,SI_9_-5to0,Standby
STANDBY_644,SI,9,-5to0,2011-09-18T18:00:00,-1.5,55.4,5,SI_9_-5to0,Standby
STANDBY_645,SI,9,-5to0,2000-09-27T12:00:00,-3.9,78.1,6,SI_9_-5to0,Standby
STANDBY_646,SI,9,-5to0,1998-09-21T12:00:00,-4.8,97.3,7,SI_9_-5to0,Standby
STANDBY_647,SI,9,-5to0,2013-09-08T06:00:00,-1.4,33.5,8,SI_9_-5to0,Standby
STANDBY_648,SI,9,-5to0,1998-09-19T18:00:00,-4.9,72.2,9,SI_9_-5to0,Standby
STANDBY_649,SI,9,-5to0,1986-09-24T18:00:00,-2.5,53.1,10,SI_9_-5to0,Standby
STANDBY_650,SI,9,-5to0,2021-09-05T12:00:00,-4.6,51.8,11,SI_9_-5to0,Standby
STANDBY_651,SI,9,-5to0,1997-09-15T18:00:00,-0.7,74.0,12,SI_9_-5to0,Standby
STANDBY_652,SI,9,-5to0,2012-09-23T06:00:00,-4.6,88.8,13,SI_9_-5to0,Standby
STANDBY_653,SI,9,-5to0,1999-09-03T12:00:00,-4.4,70.5,14,SI_9_-5to0,Standby
STANDBY_654,SI,9,-5to0,2013-09-26T06:00:00,-0.5,65.2,15,SI_9_-5to0,Standby
STANDBY_655,SI,9,-5to0,2024-09-30T06:00:00,-1.3,51.5,16,SI_9_-5to0,Standby
STANDBY_656,SI,9,-5to0,2002-09-23T12:00:00,-3.0,40.7,17,SI_9_-5to0,Standby
STANDBY_657,SI,9,-5to0,2015-09-18T06:00:00,-2.2,75.5,18,SI_9_-5to0,Standby
STANDBY_658,SI,9,-5to0,2007-09-03T06:00:00,-1.5,32.3,19,SI_9_-5to0,Standby
STANDBY_659,SI,9,-5to0,2016-09-19T06:00:00,-1.1,86.7,20,SI_9_-5to0,Standby
STANDBY_660,SI,9,-5to0,1996-09-12T00:00:00,-4.5,109.6,21,SI_9_-5to0,Standby
CTRL_092,SI,10,-10to-5,2017-10-22T12:00:00,-8.0,118.7,1,SI_10_-10to-5,Selected
STANDBY_661,SI,10,-10to-5,1982-10-05T12:00:00,-9.7,48.3,2,SI_10_-10to-5,Standby
STANDBY_662,SI,10,-10to-5,1990-10-09T12:00:00,-8.2,43.5,3,SI_10_-10to-5,Standby
STANDBY_663,SI,10,-10to-5,2008-10-15T12:00:00,-5.8,40.6,4,SI_10_-10to-5,Standby
STANDBY_664,SI,10,-10to-5,1982-10-17T00:00:00,-8.9,81.1,5,SI_10_-10to-5,Standby
STANDBY_665,SI,10,-10to-5,1981-10-21T00:00:00,-6.8,101.9,6,SI_10_-10to-5,Standby
STANDBY_666,SI,10,-10to-5,1991-10-28T00:00:00,-7.7,84.4,7,SI_10_-10to-5,Standby
STANDBY_667,SI,10,-10to-5,1983-10-26T00:00:00,-7.4,69.8,8,SI_10_-10to-5,Standby
STANDBY_668,SI,10,-10to-5,1993-10-25T12:00:00,-8.7,72.6,9,SI_10_-10to-5,Standby
STANDBY_669,SI,10,-10to-5,2023-10-05T12:00:00,-9.3,103.6,10,SI_10_-10to-5,Standby
STANDBY_670,SI,10,-10to-5,2019-10-04T06:00:00,-5.5,101.1,11,SI_10_-10to-5,Standby
STANDBY_671,SI,10,-10to-5,1985-10-24T18:00:00,-6.2,99.2,12,SI_10_-10to-5,Standby
STANDBY_672,SI,10,-10to-5,2020-10-13T12:00:00,-5.1,84.7,13,SI_10_-10to-5,Standby
STANDBY_673,SI,10,-10to-5,1992-10-09T18:00:00,-6.7,48.2,14,SI_10_-10to-5,Standby
STANDBY_674,SI,10,-10to-5,1980-10-21T06:00:00,-7.5,95.3,15,SI_10_-10to-5,Standby
STANDBY_675,SI,10,-10to-5,2024-10-22T18:00:00,-6.0,75.0,16,SI_10_-10to-5,Standby
STANDBY_676,SI,10,-10to-5,1999-10-16T06:00:00,-9.5,71.2,17,SI_10_-10to-5,Standby
STANDBY_677,SI,10,-10to-5,2005-10-01T12:00:00,-5.4,118.0,18,SI_10_-10to-5,Standby
STANDBY_678,SI,10,-10to-5,2016-10-11T06:00:00,-6.8,103.4,19,SI_10_-10to-5,Standby
STANDBY_679,SI,10,-10to-5,2020-10-02T18:00:00,-9.7,45.6,20,SI_10_-10to-5,Standby
STANDBY_680,SI,10,-10to-5,2024-10-24T18:00:00,-7.6,105.2,21,SI_10_-10to-5,Standby
CTRL_093,SI,11,-10to-5,1984-11-01T18:00:00,-7.8,54.4,1,SI_11_-10to-5,Selected
CTRL_094,SI,11,-10to-5,2025-11-02T00:00:00,-8.0,49.8,2,SI_11_-10to-5,Selected
CTRL_095,SI,11,-10to-5,2012-11-27T00:00:00,-6.0,105.5,3,SI_11_-10to-5,Selected
STANDBY_681,SI,11,-10to-5,2016-11-12T12:00:00,-6.7,72.8,4,SI_11_-10to-5,Standby
STANDBY_682,SI,11,-10to-5,2019-11-07T00:00:00,-9.1,42.6,5,SI_11_-10to-5,Standby
STANDBY_683,SI,11,-10to-5,1986-11-02T18:00:00,-5.1,69.6,6,SI_11_-10to-5,Standby
STANDBY_684,SI,11,-10to-5,1996-11-17T12:00:00,-8.8,49.7,7,SI_11_-10to-5,Standby
STANDBY_685,SI,11,-10to-5,2003-11-27T18:00:00,-8.8,110.9,8,SI_11_-10to-5,Standby
STANDBY_686,SI,11,-10to-5,1999-11-18T18:00:00,-7.6,59.9,9,SI_11_-10to-5,Standby
STANDBY_687,SI,11,-10to-5,2005-11-15T12:00:00,-5.3,52.1,10,SI_11_-10to-5,Standby
STANDBY_688,SI,11,-10to-5,2009-11-27T06:00:00,-8.8,110.3,11,SI_11_-10to-5,Standby
STANDBY_689,SI,11,-10to-5,2005-11-07T06:00:00,-6.7,64.3,12,SI_11_-10to-5,Standby
STANDBY_690,SI,11,-10to-5,2004-11-14T12:00:00,-9.6,92.4,13,SI_11_-10to-5,Standby
STANDBY_691,SI,11,-10to-5,2007-11-04T00:00:00,-7.5,40.5,14,SI_11_-10to-5,Standby
STANDBY_692,SI,11,-10to-5,1992-11-10T06:00:00,-8.7,102.5,15,SI_11_-10to-5,Standby
STANDBY_693,SI,11,-10to-5,2015-11-24T00:00:00,-8.9,98.8,16,SI_11_-10to-5,Standby
STANDBY_694,SI,11,-10to-5,1999-11-14T12:00:00,-5.8,111.4,17,SI_11_-10to-5,Standby
STANDBY_695,SI,11,-10to-5,1987-11-13T00:00:00,-6.9,51.2,18,SI_11_-10to-5,Standby
STANDBY_696,SI,11,-10to-5,2012-11-20T00:00:00,-5.2,42.7,19,SI_11_-10to-5,Standby
STANDBY_697,SI,11,-10to-5,1992-11-03T06:00:00,-8.2,118.6,20,SI_11_-10to-5,Standby
STANDBY_698,SI,11,-10to-5,2006-11-12T06:00:00,-6.2,64.5,21,SI_11_-10to-5,Standby
STANDBY_699,SI,11,-10to-5,1989-11-23T18:00:00,-5.9,111.1,22,SI_11_-10to-5,Standby
STANDBY_700,SI,11,-10to-5,1989-11-19T18:00:00,-6.2,58.3,23,SI_11_-10to-5,Standby
CTRL_096,SI,12,-10to-5,2004-12-15T06:00:00,-5.3,67.8,1,SI_12_-10to-5,Selected
CTRL_097,SI,12,-10to-5,2015-12-28T12:00:00,-8.8,102.3,2,SI_12_-10to-5,Selected
STANDBY_701,SI,12,-10to-5,1981-12-09T18:00:00,-7.9,30.6,3,SI_12_-10to-5,Standby
STANDBY_702,SI,12,-10to-5,1981-12-09T06:00:00,-8.1,103.1,4,SI_12_-10to-5,Standby
STANDBY_703,SI,12,-10to-5,2009-12-11T00:00:00,-6.9,101.6,5,SI_12_-10to-5,Standby
STANDBY_704,SI,12,-10to-5,1992-12-13T06:00:00,-8.4,114.7,6,SI_12_-10to-5,Standby
STANDBY_705,SI,12,-10to-5,2021-12-25T18:00:00,-7.6,75.8,7,SI_12_-10to-5,Standby
STANDBY_706,SI,12,-10to-5,1985-12-16T00:00:00,-9.2,115.1,8,SI_12_-10to-5,Standby
STANDBY_707,SI,12,-10to-5,1986-12-08T00:00:00,-5.9,90.8,9,SI_12_-10to-5,Standby
STANDBY_708,SI,12,-10to-5,2004-12-03T18:00:00,-6.3,49.0,10,SI_12_-10to-5,Standby
STANDBY_709,SI,12,-10to-5,2000-12-30T18:00:00,-9.1,107.5,11,SI_12_-10to-5,Standby
STANDBY_710,SI,12,-10to-5,1999-12-11T18:00:00,-6.4,52.7,12,SI_12_-10to-5,Standby
STANDBY_711,SI,12,-10to-5,1985-12-18T00:00:00,-7.0,49.7,13,SI_12_-10to-5,Standby
STANDBY_712,SI,12,-10to-5,1998-12-11T06:00:00,-8.1,80.1,14,SI_12_-10to-5,Standby
STANDBY_713,SI,12,-10to-5,1993-12-29T12:00:00,-7.1,70.7,15,SI_12_-10to-5,Standby
STANDBY_714,SI,12,-10to-5,1993-12-02T18:00:00,-6.1,67.5,16,SI_12_-10to-5,Standby
STANDBY_715,SI,12,-10to-5,1984-12-28T00:00:00,-9.9,100.8,17,SI_12_-10to-5,Standby
STANDBY_716,SI,12,-10to-5,2010-12-28T00:00:00,-10.0,99.3,18,SI_12_-10to-5,Standby
STANDBY_717,SI,12,-10to-5,1997-12-23T06:00:00,-5.7,44.0,19,SI_12_-10to-5,Standby
STANDBY_718,SI,12,-10to-5,2008-12-25T18:00:00,-5.3,92.6,20,SI_12_-10to-5,Standby
STANDBY_719,SI,12,-10to-5,2006-12-15T18:00:00,-9.9,117.0,21,SI_12_-10to-5,Standby
STANDBY_720,SI,12,-10to-5,2007-12-29T00:00:00,-5.5,56.4,22,SI_12_-10to-5,Standby
CTRL_098,SI,12,-15to-10,2023-12-06T12:00:00,-10.1,106.6,1,SI_12_-15to-10,Selected
CTRL_099,SI,12,-15to-10,1996-12-24T12:00:00,-13.4,75.5,2,SI_12_-15to-10,Selected
CTRL_100,SI,12,-15to-10,2015-12-21T18:00:00,-11.6,66.8,3,SI_12_-15to-10,Selected
STANDBY_721,SI,12,-15to-10,1993-12-03T00:00:00,-11.4,62.1,4,SI_12_-15to-10,Standby
STANDBY_722,SI,12,-15to-10,2018-12-05T18:00:00,-10.8,91.7,5,SI_12_-15to-10,Standby
STANDBY_723,SI,12,-15to-10,1990-12-21T00:00:00,-12.2,52.0,6,SI_12_-15to-10,Standby
STANDBY_724,SI,12,-15to-10,2012-12-27T06:00:00,-11.9,86.8,7,SI_12_-15to-10,Standby
STANDBY_725,SI,12,-15to-10,1997-12-29T00:00:00,-12.6,82.3,8,SI_12_-15to-10,Standby
STANDBY_726,SI,12,-15to-10,2015-12-17T12:00:00,-11.5,100.3,9,SI_12_-15to-10,Standby
STANDBY_727,SI,12,-15to-10,1993-12-29T00:00:00,-11.9,63.8,10,SI_12_-15to-10,Standby
STANDBY_728,SI,12,-15to-10,1986-12-13T12:00:00,-12.3,92.1,11,SI_12_-15to-10,Standby
STANDBY_729,SI,12,-15to-10,2014-12-02T12:00:00,-13.7,101.2,12,SI_12_-15to-10,Standby
STANDBY_730,SI,12,-15to-10,1998-12-04T00:00:00,-11.5,73.6,13,SI_12_-15to-10,Standby
STANDBY_731,SI,12,-15to-10,2024-12-28T00:00:00,-13.0,55.4,14,SI_12_-15to-10,Standby
STANDBY_732,SI,12,-15to-10,2018-12-18T12:00:00,-10.7,120.0,15,SI_12_-15to-10,Standby
STANDBY_733,SI,12,-15to-10,2000-12-07T12:00:00,-15.0,83.5,16,SI_12_-15to-10,Standby
STANDBY_734,SI,12,-15to-10,2014-12-29T12:00:00,-13.1,76.1,17,SI_12_-15to-10,Standby
STANDBY_735,SI,12,-15to-10,1992-12-10T06:00:00,-12.5,76.5,18,SI_12_-15to-10,Standby
STANDBY_736,SI,12,-15to-10,2023-12-29T06:00:00,-10.8,101.7,19,SI_12_-15to-10,Standby
STANDBY_737,SI,12,-15to-10,2020-12-12T00:00:00,-13.5,60.5,20,SI_12_-15to-10,Standby
STANDBY_738,SI,12,-15to-10,1993-12-04T06:00:00,-12.6,91.1,21,SI_12_-15to-10,Standby
STANDBY_739,SI,12,-15to-10,2006-12-31T00:00:00,-13.3,98.8,22,SI_12_-15to-10,Standby
STANDBY_740,SI,12,-15to-10,1982-12-16T06:00:00,-12.5,107.8,23,SI_12_-15to-10,Standby
CTRL_101,WP,1,15to20,1995-01-07T12:00:00,17.5,141.4,1,WP_1_15to20,Selected
STANDBY_741,WP,1,15to20,1994-01-02T12:00:00,18.6,102.6,2,WP_1_15to20,Standby
STANDBY_742,WP,1,15to20,2025-01-25T00:00:00,17.5,148.5,3,WP_1_15to20,Standby
STANDBY_743,WP,1,15to20,2020-01-16T00:00:00,16.9,155.1,4,WP_1_15to20,Standby
STANDBY_744,WP,1,15to20,1991-01-07T12:00:00,17.8,113.3,5,WP_1_15to20,Standby
STANDBY_745,WP,1,15to20,2025-01-24T12:00:00,16.9,162.7,6,WP_1_15to20,Standby
STANDBY_746,WP,1,15to20,1991-01-26T06:00:00,16.8,134.5,7,WP_1_15to20,Standby
STANDBY_747,WP,1,15to20,1980-01-22T12:00:00,17.0,117.0,8,WP_1_15to20,Standby
STANDBY_748,WP,1,15to20,1993-01-20T00:00:00,16.0,164.6,9,WP_1_15to20,Standby
STANDBY_749,WP,1,15to20,1991-01-18T18:00:00,18.8,161.1,10,WP_1_15to20,Standby
STANDBY_750,WP,1,15to20,1998-01-15T18:00:00,18.1,171.2,11,WP_1_15to20,Standby
STANDBY_751,WP,1,15to20,2022-01-15T06:00:00,18.9,132.2,12,WP_1_15to20,Standby
STANDBY_752,WP,1,15to20,2002-01-30T00:00:00,19.2,156.6,13,WP_1_15to20,Standby
STANDBY_753,WP,1,15to20,2001-01-02T06:00:00,16.6,166.5,14,WP_1_15to20,Standby
STANDBY_754,WP,1,15to20,2005-01-20T18:00:00,18.6,175.6,15,WP_1_15to20,Standby
STANDBY_755,WP,1,15to20,2010-01-09T12:00:00,16.4,165.0,16,WP_1_15to20,Standby
STANDBY_756,WP,1,15to20,1997-01-14T00:00:00,19.7,113.9,17,WP_1_15to20,Standby
STANDBY_757,WP,1,15to20,1984-01-02T12:00:00,18.7,146.8,18,WP_1_15to20,Standby
STANDBY_758,WP,1,15to20,1983-01-18T06:00:00,15.9,164.4,19,WP_1_15to20,Standby
STANDBY_759,WP,1,15to20,2022-01-25T00:00:00,16.3,110.8,20,WP_1_15to20,Standby
STANDBY_760,WP,1,15to20,1980-01-10T18:00:00,16.6,146.4,21,WP_1_15to20,Standby
CTRL_102,WP,4,0to5,1992-04-14T12:00:00,3.8,158.2,1,WP_4_0to5,Selected
CTRL_103,WP,4,0to5,1983-04-12T00:00:00,4.4,118.8,2,WP_4_0to5,Selected
STANDBY_761,WP,4,0to5,2017-04-28T06:00:00,2.4,151.1,3,WP_4_0to5,Standby
STANDBY_762,WP,4,0to5,2010-04-24T06:00:00,1.9,135.4,4,WP_4_0to5,Standby
STANDBY_763,WP,4,0to5,2020-04-17T12:00:00,3.9,121.5,5,WP_4_0to5,Standby
STANDBY_764,WP,4,0to5,2015-04-30T12:00:00,4.3,117.7,6,WP_4_0to5,Standby
STANDBY_765,WP,4,0to5,2011-04-20T18:00:00,4.3,123.6,7,WP_4_0to5,Standby
STANDBY_766,WP,4,0to5,2000-04-20T12:00:00,1.6,174.4,8,WP_4_0to5,Standby
STANDBY_767,WP,4,0to5,1984-04-30T18:00:00,3.6,126.3,9,WP_4_0to5,Standby
STANDBY_768,WP,4,0to5,2020-04-01T06:00:00,1.5,154.6,10,WP_4_0to5,Standby
STANDBY_769,WP,4,0to5,1984-04-16T18:00:00,3.5,169.3,11,WP_4_0to5,Standby
STANDBY_770,WP,4,0to5,1983-04-26T00:00:00,2.7,106.6,12,WP_4_0to5,Standby
STANDBY_771,WP,4,0to5,1981-04-02T18:00:00,1.7,152.4,13,WP_4_0to5,Standby
STANDBY_772,WP,4,0to5,2013-04-27T00:00:00,3.4,136.4,14,WP_4_0to5,Standby
STANDBY_773,WP,4,0to5,2022-04-10T06:00:00,0.6,124.6,15,WP_4_0to5,Standby
STANDBY_774,WP,4,0to5,1992-04-14T12:00:00,1.9,147.5,16,WP_4_0to5,Standby
STANDBY_775,WP,4,0to5,2008-04-08T12:00:00,4.1,178.9,17,WP_4_0to5,Standby
STANDBY_776,WP,4,0to5,1990-04-17T00:00:00,1.3,118.9,18,WP_4_0to5,Standby
STANDBY_777,WP,4,0to5,1988-04-09T00:00:00,0.1,125.0,19,WP_4_0to5,Standby
STANDBY_778,WP,4,0to5,2011-04-10T12:00:00,2.8,146.3,20,WP_4_0to5,Standby
STANDBY_779,WP,4,0to5,2001-04-24T12:00:00,2.3,160.7,21,WP_4_0to5,Standby
STANDBY_780,WP,4,0to5,1984-04-19T18:00:00,0.8,126.7,22,WP_4_0to5,Standby
CTRL_104,WP,5,5to10,1991-05-28T18:00:00,6.1,146.3,1,WP_5_5to10,Selected
STANDBY_781,WP,5,5to10,1987-05-10T06:00:00,8.5,127.9,2,WP_5_5to10,Standby
STANDBY_782,WP,5,5to10,2022-05-11T06:00:00,5.0,152.7,3,WP_5_5to10,Standby
STANDBY_783,WP,5,5to10,1984-05-17T12:00:00,9.3,104.2,4,WP_5_5to10,Standby
STANDBY_784,WP,5,5to10,2012-05-06T00:00:00,9.8,160.3,5,WP_5_5to10,Standby
STANDBY_785,WP,5,5to10,1999-05-15T18:00:00,9.9,151.1,6,WP_5_5to10,Standby
STANDBY_786,WP,5,5to10,2004-05-01T12:00:00,6.4,147.3,7,WP_5_5to10,Standby
STANDBY_787,WP,5,5to10,1998-05-02T00:00:00,8.0,139.1,8,WP_5_5to10,Standby
STANDBY_788,WP,5,5to10,2000-05-26T18:00:00,6.7,161.9,9,WP_5_5to10,Standby
STANDBY_789,WP,5,5to10,2002-05-03T00:00:00,8.8,169.2,10,WP_5_5to10,Standby
STANDBY_790,WP,5,5to10,2004-05-27T18:00:00,7.6,154.9,11,WP_5_5to10,Standby
STANDBY_791,WP,5,5to10,2022-05-05T06:00:00,5.6,179.2,12,WP_5_5to10,Standby
STANDBY_792,WP,5,5to10,1999-05-26T18:00:00,6.4,110.9,13,WP_5_5to10,Standby
STANDBY_793,WP,5,5to10,2006-05-12T00:00:00,8.7,166.5,14,WP_5_5to10,Standby
STANDBY_794,WP,5,5to10,1998-05-29T12:00:00,7.8,136.1,15,WP_5_5to10,Standby
STANDBY_795,WP,5,5to10,2019-05-22T00:00:00,8.8,134.6,16,WP_5_5to10,Standby
STANDBY_796,WP,5,5to10,1994-05-05T00:00:00,6.0,119.5,17,WP_5_5to10,Standby
STANDBY_797,WP,5,5to10,2018-05-06T12:00:00,5.2,162.6,18,WP_5_5to10,Standby
STANDBY_798,WP,5,5to10,2013-05-03T06:00:00,8.5,168.0,19,WP_5_5to10,Standby
STANDBY_799,WP,5,5to10,1998-05-29T00:00:00,7.5,140.4,20,WP_5_5to10,Standby
STANDBY_800,WP,5,5to10,2003-05-05T18:00:00,7.4,152.7,21,WP_5_5to10,Standby
CTRL_105,WP,6,10to15,2008-06-06T00:00:00,10.2,100.1,1,WP_6_10to15,Selected
CTRL_106,WP,6,10to15,2009-06-15T00:00:00,10.3,176.9,2,WP_6_10to15,Selected
STANDBY_801,WP,6,10to15,1987-06-30T06:00:00,12.5,109.8,3,WP_6_10to15,Standby
STANDBY_802,WP,6,10to15,2009-06-20T06:00:00,14.2,174.5,4,WP_6_10to15,Standby
STANDBY_803,WP,6,10to15,2020-06-25T12:00:00,11.0,179.5,5,WP_6_10to15,Standby
STANDBY_804,WP,6,10to15,1981-06-25T00:00:00,12.0,174.4,6,WP_6_10to15,Standby
STANDBY_805,WP,6,10to15,1994-06-18T06:00:00,11.5,167.0,7,WP_6_10to15,Standby
STANDBY_806,WP,6,10to15,2016-06-21T18:00:00,11.0,125.2,8,WP_6_10to15,Standby
STANDBY_807,WP,6,10to15,2001-06-16T18:00:00,13.2,168.8,9,WP_6_10to15,Standby
STANDBY_808,WP,6,10to15,2005-06-26T18:00:00,10.1,134.3,10,WP_6_10to15,Standby
STANDBY_809,WP,6,10to15,2007-06-22T12:00:00,12.1,139.7,11,WP_6_10to15,Standby
STANDBY_810,WP,6,10to15,2003-06-10T18:00:00,13.1,112.0,12,WP_6_10to15,Standby
STANDBY_811,WP,6,10to15,2016-06-10T06:00:00,10.9,174.4,13,WP_6_10to15,Standby
STANDBY_812,WP,6,10to15,2024-06-27T00:00:00,14.1,163.4,14,WP_6_10to15,Standby
STANDBY_813,WP,6,10to15,1984-06-12T00:00:00,13.2,179.8,15,WP_6_10to15,Standby
STANDBY_814,WP,6,10to15,1983-06-04T00:00:00,13.1,178.9,16,WP_6_10to15,Standby
STANDBY_815,WP,6,10to15,2015-06-15T00:00:00,11.0,158.7,17,WP_6_10to15,Standby
STANDBY_816,WP,6,10to15,1991-06-26T00:00:00,13.8,111.5,18,WP_6_10to15,Standby
STANDBY_817,WP,6,10to15,1991-06-09T00:00:00,10.6,169.4,19,WP_6_10to15,Standby
STANDBY_818,WP,6,10to15,2000-06-30T18:00:00,11.0,148.9,20,WP_6_10to15,Standby
STANDBY_819,WP,6,10to15,1982-06-22T00:00:00,14.8,157.0,21,WP_6_10to15,Standby
STANDBY_820,WP,6,10to15,1981-06-02T00:00:00,12.6,139.8,22,WP_6_10to15,Standby
CTRL_107,WP,6,20to25,1988-06-26T18:00:00,21.7,140.7,1,WP_6_20to25,Selected
STANDBY_821,WP,6,20to25,2002-06-11T00:00:00,24.2,173.1,2,WP_6_20to25,Standby
STANDBY_822,WP,6,20to25,2004-06-09T12:00:00,24.5,153.0,3,WP_6_20to25,Standby
STANDBY_823,WP,6,20to25,1992-06-05T00:00:00,21.5,149.4,4,WP_6_20to25,Standby
STANDBY_824,WP,6,20to25,1991-06-26T00:00:00,23.8,157.7,5,WP_6_20to25,Standby
STANDBY_825,WP,6,20to25,1991-06-22T18:00:00,21.4,172.3,6,WP_6_20to25,Standby
STANDBY_826,WP,6,20to25,1989-06-06T12:00:00,23.7,165.5,7,WP_6_20to25,Standby
STANDBY_827,WP,6,20to25,2009-06-03T18:00:00,23.7,174.2,8,WP_6_20to25,Standby
STANDBY_828,WP,6,20to25,1996-06-16T18:00:00,23.3,149.5,9,WP_6_20to25,Standby
STANDBY_829,WP,6,20to25,1996-06-25T18:00:00,22.3,141.9,10,WP_6_20to25,Standby
STANDBY_830,WP,6,20to25,1991-06-19T12:00:00,24.9,163.0,11,WP_6_20to25,Standby
STANDBY_831,WP,6,20to25,2021-06-05T00:00:00,24.5,165.5,12,WP_6_20to25,Standby
STANDBY_832,WP,6,20to25,2018-06-25T12:00:00,20.3,179.1,13,WP_6_20to25,Standby
STANDBY_833,WP,6,20to25,2009-06-02T00:00:00,22.2,174.3,14,WP_6_20to25,Standby
STANDBY_834,WP,6,20to25,1995-06-07T18:00:00,24.8,166.4,15,WP_6_20to25,Standby
STANDBY_835,WP,6,20to25,2017-06-01T06:00:00,20.1,177.1,16,WP_6_20to25,Standby
STANDBY_836,WP,6,20to25,1986-06-14T12:00:00,24.9,146.4,17,WP_6_20to25,Standby
STANDBY_837,WP,6,20to25,1993-06-02T12:00:00,24.3,132.3,18,WP_6_20to25,Standby
STANDBY_838,WP,6,20to25,1980-06-04T00:00:00,20.7,156.0,19,WP_6_20to25,Standby
STANDBY_839,WP,6,20to25,1983-06-08T00:00:00,20.1,115.0,20,WP_6_20to25,Standby
STANDBY_840,WP,6,20to25,2011-06-07T12:00:00,21.3,175.4,21,WP_6_20to25,Standby
CTRL_108,WP,7,10to15,1993-07-31T18:00:00,13.4,116.2,1,WP_7_10to15,Selected
CTRL_109,WP,7,10to15,1998-07-22T18:00:00,13.5,126.1,2,WP_7_10to15,Selected
CTRL_110,WP,7,10to15,2004-07-14T00:00:00,14.2,158.2,3,WP_7_10to15,Selected
STANDBY_841,WP,7,10to15,1982-07-10T12:00:00,12.2,175.4,4,WP_7_10to15,Standby
STANDBY_842,WP,7,10to15,2025-07-30T18:00:00,10.6,170.3,5,WP_7_10to15,Standby
STANDBY_843,WP,7,10to15,2011-07-06T18:00:00,12.6,173.4,6,WP_7_10to15,Standby
STANDBY_844,WP,7,10to15,2009-07-19T00:00:00,11.7,169.9,7,WP_7_10to15,Standby
STANDBY_845,WP,7,10to15,2005-07-25T00:00:00,10.2,169.7,8,WP_7_10to15,Standby
STANDBY_846,WP,7,10to15,2008-07-02T18:00:00,11.4,120.4,9,WP_7_10to15,Standby
STANDBY_847,WP,7,10to15,2011-07-04T06:00:00,12.1,114.4,10,WP_7_10to15,Standby
STANDBY_848,WP,7,10to15,1986-07-23T12:00:00,10.7,103.3,11,WP_7_10to15,Standby
STANDBY_849,WP,7,10to15,2009-07-23T12:00:00,14.2,143.3,12,WP_7_10to15,Standby
STANDBY_850,WP,7,10to15,2008-07-30T06:00:00,14.0,146.3,13,WP_7_10to15,Standby
STANDBY_851,WP,7,10to15,2000-07-30T12:00:00,10.3,117.7,14,WP_7_10to15,Standby
STANDBY_852,WP,7,10to15,2003-07-16T06:00:00,12.6,167.5,15,WP_7_10to15,Standby
STANDBY_853,WP,7,10to15,1996-07-07T00:00:00,13.2,174.5,16,WP_7_10to15,Standby
STANDBY_854,WP,7,10to15,2023-07-11T18:00:00,11.1,156.7,17,WP_7_10to15,Standby
STANDBY_855,WP,7,10to15,2019-07-01T00:00:00,12.7,174.3,18,WP_7_10to15,Standby
STANDBY_856,WP,7,10to15,1999-07-05T12:00:00,11.8,118.6,19,WP_7_10to15,Standby
STANDBY_857,WP,7,10to15,2016-07-11T00:00:00,10.2,113.5,20,WP_7_10to15,Standby
STANDBY_858,WP,7,10to15,2020-07-21T18:00:00,14.5,111.9,21,WP_7_10to15,Standby
STANDBY_859,WP,7,10to15,1980-07-19T00:00:00,10.1,170.9,22,WP_7_10to15,Standby
STANDBY_860,WP,7,10to15,2007-07-18T18:00:00,10.3,167.7,23,WP_7_10to15,Standby
CTRL_111,WP,7,15to20,2012-07-22T06:00:00,15.0,177.6,1,WP_7_15to20,Selected
CTRL_112,WP,7,15to20,1981-07-04T00:00:00,18.4,153.5,2,WP_7_15to20,Selected
CTRL_113,WP,7,15to20,2000-07-31T00:00:00,16.3,113.5,3,WP_7_15to20,Selected
CTRL_114,WP,7,15to20,2007-07-21T12:00:00,18.9,115.8,4,WP_7_15to20,Selected
STANDBY_861,WP,7,15to20,2009-07-04T12:00:00,15.1,163.9,5,WP_7_15to20,Standby
STANDBY_862,WP,7,15to20,1999-07-24T00:00:00,17.5,177.6,6,WP_7_15to20,Standby
STANDBY_863,WP,7,15to20,2005-07-02T06:00:00,18.0,107.3,7,WP_7_15to20,Standby
STANDBY_864,WP,7,15to20,1993-07-30T18:00:00,18.4,167.4,8,WP_7_15to20,Standby
STANDBY_865,WP,7,15to20,2021-07-06T18:00:00,17.6,175.5,9,WP_7_15to20,Standby
STANDBY_866,WP,7,15to20,1985-07-17T06:00:00,15.2,155.5,10,WP_7_15to20,Standby
STANDBY_867,WP,7,15to20,1997-07-12T18:00:00,16.5,108.9,11,WP_7_15to20,Standby
STANDBY_868,WP,7,15to20,1996-07-05T18:00:00,15.3,127.2,12,WP_7_15to20,Standby
STANDBY_869,WP,7,15to20,2018-07-02T18:00:00,17.0,171.0,13,WP_7_15to20,Standby
STANDBY_870,WP,7,15to20,2003-07-10T06:00:00,18.6,166.0,14,WP_7_15to20,Standby
STANDBY_871,WP,7,15to20,2007-07-14T00:00:00,19.3,174.3,15,WP_7_15to20,Standby
STANDBY_872,WP,7,15to20,1993-07-02T00:00:00,16.2,144.8,16,WP_7_15to20,Standby
STANDBY_873,WP,7,15to20,2012-07-25T18:00:00,18.9,167.9,17,WP_7_15to20,Standby
STANDBY_874,WP,7,15to20,2021-07-15T18:00:00,18.7,159.2,18,WP_7_15to20,Standby
STANDBY_875,WP,7,15to20,2013-07-15T12:00:00,18.9,169.3,19,WP_7_15to20,Standby
STANDBY_876,WP,7,15to20,1985-07-01T12:00:00,17.7,154.5,20,WP_7_15to20,Standby
STANDBY_877,WP,7,15to20,1998-07-25T00:00:00,19.4,160.6,21,WP_7_15to20,Standby
STANDBY_878,WP,7,15to20,2017-07-06T12:00:00,16.4,152.9,22,WP_7_15to20,Standby
STANDBY_879,WP,7,15to20,2018-07-07T06:00:00,18.9,172.6,23,WP_7_15to20,Standby
STANDBY_880,WP,7,15to20,2023-07-12T12:00:00,19.7,163.5,24,WP_7_15to20,Standby
CTRL_115,WP,7,20to25,1982-07-21T12:00:00,23.7,165.5,1,WP_7_20to25,Selected
STANDBY_881,WP,7,20to25,1993-07-18T18:00:00,23.4,166.3,2,WP_7_20to25,Standby
STANDBY_882,WP,7,20to25,1982-07-19T12:00:00,20.8,175.4,3,WP_7_20to25,Standby
STANDBY_883,WP,7,20to25,2000-07-01T00:00:00,21.6,170.2,4,WP_7_20to25,Standby
STANDBY_884,WP,7,20to25,2014-07-30T12:00:00,23.9,149.1,5,WP_7_20to25,Standby
STANDBY_885,WP,7,20to25,2017-07-10T06:00:00,22.9,148.4,6,WP_7_20to25,Standby
STANDBY_886,WP,7,20to25,1983-07-03T06:00:00,21.1,169.2,7,WP_7_20to25,Standby
STANDBY_887,WP,7,20to25,2012-07-12T00:00:00,23.2,167.4,8,WP_7_20to25,Standby
STANDBY_888,WP,7,20to25,1986-07-21T18:00:00,22.0,172.2,9,WP_7_20to25,Standby
STANDBY_889,WP,7,20to25,2001-07-23T06:00:00,24.4,164.1,10,WP_7_20to25,Standby
STANDBY_890,WP,7,20to25,1995-07-02T18:00:00,20.5,124.5,11,WP_7_20to25,Standby
STANDBY_891,WP,7,20to25,2016-07-06T06:00:00,23.4,143.7,12,WP_7_20to25,Standby
STANDBY_892,WP,7,20to25,2008-07-01T00:00:00,21.5,125.6,13,WP_7_20to25,Standby
STANDBY_893,WP,7,20to25,1997-07-05T00:00:00,20.1,113.6,14,WP_7_20to25,Standby
STANDBY_894,WP,7,20to25,1997-07-17T18:00:00,21.9,113.9,15,WP_7_20to25,Standby
STANDBY_895,WP,7,20to25,2010-07-15T00:00:00,21.2,159.9,16,WP_7_20to25,Standby
STANDBY_896,WP,7,20to25,2024-07-10T06:00:00,23.0,141.3,17,WP_7_20to25,Standby
STANDBY_897,WP,7,20to25,2000-07-13T06:00:00,20.2,172.9,18,WP_7_20to25,Standby
STANDBY_898,WP,7,20to25,2010-07-28T00:00:00,24.2,134.0,19,WP_7_20to25,Standby
STANDBY_899,WP,7,20to25,2013-07-01T18:00:00,24.0,128.3,20,WP_7_20to25,Standby
STANDBY_900,WP,7,20to25,1980-07-13T06:00:00,22.1,165.0,21,WP_7_20to25,Standby
CTRL_116,WP,7,25to30,1980-07-18T18:00:00,26.8,178.1,1,WP_7_25to30,Selected
STANDBY_901,WP,7,25to30,2006-07-07T00:00:00,28.2,143.4,2,WP_7_25to30,Standby
STANDBY_902,WP,7,25to30,1995-07-30T00:00:00,26.1,179.6,3,WP_7_25to30,Standby
STANDBY_903,WP,7,25to30,1983-07-04T12:00:00,27.9,154.6,4,WP_7_25to30,Standby
STANDBY_904,WP,7,25to30,1981-07-04T18:00:00,29.3,157.5,5,WP_7_25to30,Standby
STANDBY_905,WP,7,25to30,1982-07-22T12:00:00,25.1,178.5,6,WP_7_25to30,Standby
STANDBY_906,WP,7,25to30,2011-07-01T06:00:00,27.0,134.3,7,WP_7_25to30,Standby
STANDBY_907,WP,7,25to30,1998-07-11T06:00:00,29.3,154.5,8,WP_7_25to30,Standby
STANDBY_908,WP,7,25to30,2009-07-17T12:00:00,26.9,175.1,9,WP_7_25to30,Standby
STANDBY_909,WP,7,25to30,1985-07-28T18:00:00,29.1,172.2,10,WP_7_25to30,Standby
STANDBY_910,WP,7,25to30,1987-07-09T06:00:00,25.4,170.8,11,WP_7_25to30,Standby
STANDBY_911,WP,7,25to30,1988-07-08T12:00:00,29.0,175.5,12,WP_7_25to30,Standby
STANDBY_912,WP,7,25to30,1990-07-28T00:00:00,28.5,170.4,13,WP_7_25to30,Standby
STANDBY_913,WP,7,25to30,2015-07-26T06:00:00,25.0,169.9,14,WP_7_25to30,Standby
STANDBY_914,WP,7,25to30,2011-07-01T06:00:00,29.0,162.7,15,WP_7_25to30,Standby
STANDBY_915,WP,7,25to30,1980-07-19T00:00:00,28.4,137.1,16,WP_7_25to30,Standby
STANDBY_916,WP,7,25to30,2005-07-28T06:00:00,25.3,174.0,17,WP_7_25to30,Standby
STANDBY_917,WP,7,25to30,2006-07-20T00:00:00,26.1,151.4,18,WP_7_25to30,Standby
STANDBY_918,WP,7,25to30,1982-07-23T18:00:00,26.8,155.7,19,WP_7_25to30,Standby
STANDBY_919,WP,7,25to30,1990-07-06T18:00:00,27.3,135.1,20,WP_7_25to30,Standby
STANDBY_920,WP,7,25to30,1983-07-28T18:00:00,25.3,147.1,21,WP_7_25to30,Standby
CTRL_117,WP,7,5to10,2011-07-12T12:00:00,6.3,117.9,1,WP_7_5to10,Selected
CTRL_118,WP,7,5to10,2010-07-02T00:00:00,9.5,141.6,2,WP_7_5to10,Selected
STANDBY_921,WP,7,5to10,2012-07-29T12:00:00,8.8,168.3,3,WP_7_5to10,Standby
STANDBY_922,WP,7,5to10,1996-07-09T06:00:00,9.9,150.0,4,WP_7_5to10,Standby
STANDBY_923,WP,7,5to10,1993-07-08T12:00:00,5.8,110.7,5,WP_7_5to10,Standby
STANDBY_924,WP,7,5to10,1987-07-06T18:00:00,7.3,178.1,6,WP_7_5to10,Standby
STANDBY_925,WP,7,5to10,2014-07-27T06:00:00,9.3,103.2,7,WP_7_5to10,Standby
STANDBY_926,WP,7,5to10,2025-07-11T12:00:00,9.3,106.6,8,WP_7_5to10,Standby
STANDBY_927,WP,7,5to10,2020-07-12T18:00:00,8.2,142.4,9,WP_7_5to10,Standby
STANDBY_928,WP,7,5to10,1993-07-21T06:00:00,8.1,175.0,10,WP_7_5to10,Standby
STANDBY_929,WP,7,5to10,2000-07-04T00:00:00,8.9,172.0,11,WP_7_5to10,Standby
STANDBY_930,WP,7,5to10,1984-07-10T00:00:00,7.2,159.5,12,WP_7_5to10,Standby
STANDBY_931,WP,7,5to10,1985-07-15T06:00:00,8.5,122.3,13,WP_7_5to10,Standby
STANDBY_932,WP,7,5to10,1998-07-27T00:00:00,9.6,166.3,14,WP_7_5to10,Standby
STANDBY_933,WP,7,5to10,2008-07-17T12:00:00,8.7,121.3,15,WP_7_5to10,Standby
STANDBY_934,WP,7,5to10,2020-07-02T12:00:00,7.9,157.5,16,WP_7_5to10,Standby
STANDBY_935,WP,7,5to10,2014-07-12T18:00:00,5.7,100.0,17,WP_7_5to10,Standby
STANDBY_936,WP,7,5to10,2024-07-28T18:00:00,8.9,156.7,18,WP_7_5to10,Standby
STANDBY_937,WP,7,5to10,1998-07-09T12:00:00,8.9,157.1,19,WP_7_5to10,Standby
STANDBY_938,WP,7,5to10,1983-07-30T18:00:00,6.3,106.7,20,WP_7_5to10,Standby
STANDBY_939,WP,7,5to10,2021-07-08T12:00:00,5.8,109.9,21,WP_7_5to10,Standby
STANDBY_940,WP,7,5to10,2022-07-18T06:00:00,9.9,161.4,22,WP_7_5to10,Standby
CTRL_119,WP,8,10to15,1985-08-10T06:00:00,12.6,166.2,1,WP_8_10to15,Selected
CTRL_120,WP,8,10to15,2003-08-04T00:00:00,10.3,116.0,2,WP_8_10to15,Selected
CTRL_121,WP,8,10to15,1980-08-22T12:00:00,13.6,155.9,3,WP_8_10to15,Selected
STANDBY_941,WP,8,10to15,2017-08-12T12:00:00,12.3,117.8,4,WP_8_10to15,Standby
STANDBY_942,WP,8,10to15,2005-08-10T06:00:00,11.5,170.6,5,WP_8_10to15,Standby
STANDBY_943,WP,8,10to15,1986-08-01T06:00:00,14.6,114.2,6,WP_8_10to15,Standby
STANDBY_944,WP,8,10to15,2024-08-14T06:00:00,10.6,135.4,7,WP_8_10to15,Standby
STANDBY_945,WP,8,10to15,1994-08-30T12:00:00,11.7,166.6,8,WP_8_10to15,Standby
STANDBY_946,WP,8,10to15,1986-08-26T12:00:00,12.3,136.5,9,WP_8_10to15,Standby
STANDBY_947,WP,8,10to15,1981-08-08T06:00:00,11.4,154.0,10,WP_8_10to15,Standby
STANDBY_948,WP,8,10to15,2006-08-15T18:00:00,13.1,152.6,11,WP_8_10to15,Standby
STANDBY_949,WP,8,10to15,2014-08-24T18:00:00,11.2,132.7,12,WP_8_10to15,Standby
STANDBY_950,WP,8,10to15,1998-08-13T06:00:00,10.1,171.5,13,WP_8_10to15,Standby
STANDBY_951,WP,8,10to15,1993-08-06T12:00:00,13.5,120.8,14,WP_8_10to15,Standby
STANDBY_952,WP,8,10to15,2023-08-21T18:00:00,13.1,114.1,15,WP_8_10to15,Standby
STANDBY_953,WP,8,10to15,1996-08-24T00:00:00,10.6,173.6,16,WP_8_10to15,Standby
STANDBY_954,WP,8,10to15,2009-08-03T00:00:00,12.0,148.7,17,WP_8_10to15,Standby
STANDBY_955,WP,8,10to15,2010-08-01T12:00:00,10.0,107.2,18,WP_8_10to15,Standby
STANDBY_956,WP,8,10to15,1998-08-09T12:00:00,13.8,154.8,19,WP_8_10to15,Standby
STANDBY_957,WP,8,10to15,2018-08-27T18:00:00,13.1,111.1,20,WP_8_10to15,Standby
STANDBY_958,WP,8,10to15,2005-08-19T18:00:00,13.6,132.4,21,WP_8_10to15,Standby
STANDBY_959,WP,8,10to15,2011-08-05T00:00:00,12.2,176.4,22,WP_8_10to15,Standby
STANDBY_960,WP,8,10to15,2014-08-14T18:00:00,10.3,146.8,23,WP_8_10to15,Standby
CTRL_122,WP,8,15to20,2017-08-25T12:00:00,18.9,163.2,1,WP_8_15to20,Selected
CTRL_123,WP,8,15to20,2019-08-01T00:00:00,17.1,173.0,2,WP_8_15to20,Selected
STANDBY_961,WP,8,15to20,1984-08-28T06:00:00,19.3,156.8,3,WP_8_15to20,Standby
STANDBY_962,WP,8,15to20,1985-08-29T12:00:00,19.3,158.8,4,WP_8_15to20,Standby
STANDBY_963,WP,8,15to20,2025-08-12T18:00:00,17.8,158.9,5,WP_8_15to20,Standby
STANDBY_964,WP,8,15to20,1989-08-21T00:00:00,16.9,177.8,6,WP_8_15to20,Standby
STANDBY_965,WP,8,15to20,2019-08-14T06:00:00,17.9,177.1,7,WP_8_15to20,Standby
STANDBY_966,WP,8,15to20,2007-08-11T18:00:00,19.1,169.9,8,WP_8_15to20,Standby
STANDBY_967,WP,8,15to20,2008-08-29T18:00:00,16.0,159.3,9,WP_8_15to20,Standby
STANDBY_968,WP,8,15to20,2004-08-04T12:00:00,19.9,108.0,10,WP_8_15to20,Standby
STANDBY_969,WP,8,15to20,1998-08-26T06:00:00,17.5,152.2,11,WP_8_15to20,Standby
STANDBY_970,WP,8,15to20,2014-08-29T06:00:00,15.7,147.5,12,WP_8_15to20,Standby
STANDBY_971,WP,8,15to20,1992-08-29T18:00:00,19.4,177.8,13,WP_8_15to20,Standby
STANDBY_972,WP,8,15to20,1987-08-10T00:00:00,17.8,151.2,14,WP_8_15to20,Standby
STANDBY_973,WP,8,15to20,2010-08-15T12:00:00,19.7,159.9,15,WP_8_15to20,Standby
STANDBY_974,WP,8,15to20,2016-08-14T00:00:00,15.4,125.4,16,WP_8_15to20,Standby
STANDBY_975,WP,8,15to20,2013-08-26T06:00:00,17.5,154.7,17,WP_8_15to20,Standby
STANDBY_976,WP,8,15to20,2023-08-11T18:00:00,16.0,126.1,18,WP_8_15to20,Standby
STANDBY_977,WP,8,15to20,2013-08-26T12:00:00,17.4,157.2,19,WP_8_15to20,Standby
STANDBY_978,WP,8,15to20,2009-08-23T12:00:00,18.3,133.8,20,WP_8_15to20,Standby
STANDBY_979,WP,8,15to20,2020-08-21T06:00:00,17.1,148.6,21,WP_8_15to20,Standby
STANDBY_980,WP,8,15to20,1980-08-29T06:00:00,15.4,162.2,22,WP_8_15to20,Standby
CTRL_124,WP,8,20to25,2013-08-28T06:00:00,23.3,146.6,1,WP_8_20to25,Selected
CTRL_125,WP,8,20to25,2014-08-26T12:00:00,22.9,135.6,2,WP_8_20to25,Selected
CTRL_126,WP,8,20to25,1984-08-21T06:00:00,22.3,170.5,3,WP_8_20to25,Selected
STANDBY_981,WP,8,20to25,1995-08-16T00:00:00,22.2,167.1,4,WP_8_20to25,Standby
STANDBY_982,WP,8,20to25,1989-08-25T12:00:00,21.4,179.9,5,WP_8_20to25,Standby
STANDBY_983,WP,8,20to25,1980-08-28T06:00:00,24.1,147.9,6,WP_8_20to25,Standby
STANDBY_984,WP,8,20to25,2008-08-06T18:00:00,20.8,164.8,7,WP_8_20to25,Standby
STANDBY_985,WP,8,20to25,2010-08-25T06:00:00,23.8,149.0,8,WP_8_20to25,Standby
STANDBY_986,WP,8,20to25,1981-08-25T00:00:00,21.1,164.0,9,WP_8_20to25,Standby
STANDBY_987,WP,8,20to25,2008-08-31T18:00:00,21.0,152.0,10,WP_8_20to25,Standby
STANDBY_988,WP,8,20to25,1982-08-03T12:00:00,23.8,163.0,11,WP_8_20to25,Standby
STANDBY_989,WP,8,20to25,1985-08-11T06:00:00,20.9,175.3,12,WP_8_20to25,Standby
STANDBY_990,WP,8,20to25,2008-08-05T18:00:00,20.7,159.6,13,WP_8_20to25,Standby
STANDBY_991,WP,8,20to25,1987-08-03T00:00:00,23.9,175.7,14,WP_8_20to25,Standby
STANDBY_992,WP,8,20to25,2014-08-22T00:00:00,20.7,158.2,15,WP_8_20to25,Standby
STANDBY_993,WP,8,20to25,1984-08-23T18:00:00,23.5,163.1,16,WP_8_20to25,Standby
STANDBY_994,WP,8,20to25,1997-08-29T00:00:00,22.4,151.0,17,WP_8_20to25,Standby
STANDBY_995,WP,8,20to25,2021-08-19T18:00:00,21.2,174.8,18,WP_8_20to25,Standby
STANDBY_996,WP,8,20to25,2022-08-19T06:00:00,21.3,175.2,19,WP_8_20to25,Standby
STANDBY_997,WP,8,20to25,2019-08-13T00:00:00,23.6,155.2,20,WP_8_20to25,Standby
STANDBY_998,WP,8,20to25,2024-08-25T18:00:00,21.7,163.9,21,WP_8_20to25,Standby
STANDBY_999,WP,8,20to25,2003-08-06T06:00:00,23.0,159.3,22,WP_8_20to25,Standby
STANDBY_1000,WP,8,20to25,2020-08-14T18:00:00,24.9,170.1,23,WP_8_20to25,Standby
CTRL_127,WP,8,25to30,1997-08-10T06:00:00,27.5,168.4,1,WP_8_25to30,Selected
STANDBY_1001,WP,8,25to30,2010-08-14T12:00:00,26.3,171.2,2,WP_8_25to30,Standby
STANDBY_1002,WP,8,25to30,1993-08-08T18:00:00,26.5,176.2,3,WP_8_25to30,Standby
STANDBY_1003,WP,8,25to30,1995-08-02T18:00:00,29.1,170.1,4,WP_8_25to30,Standby
STANDBY_1004,WP,8,25to30,2025-08-04T12:00:00,28.3,175.0,5,WP_8_25to30,Standby
STANDBY_1005,WP,8,25to30,1993-08-01T18:00:00,27.3,165.5,6,WP_8_25to30,Standby
STANDBY_1006,WP,8,25to30,2016-08-27T18:00:00,27.3,174.4,7,WP_8_25to30,Standby
STANDBY_1007,WP,8,25to30,2010-08-12T12:00:00,29.7,145.5,8,WP_8_25to30,Standby
STANDBY_1008,WP,8,25to30,2019-08-14T12:00:00,28.4,167.8,9,WP_8_25to30,Standby
STANDBY_1009,WP,8,25to30,2011-08-21T12:00:00,25.5,175.7,10,WP_8_25to30,Standby
STANDBY_1010,WP,8,25to30,1982-08-07T18:00:00,27.9,164.1,11,WP_8_25to30,Standby
STANDBY_1011,WP,8,25to30,1987-08-27T06:00:00,29.5,171.9,12,WP_8_25to30,Standby
STANDBY_1012,WP,8,25to30,1989-08-17T00:00:00,29.6,175.8,13,WP_8_25to30,Standby
STANDBY_1013,WP,8,25to30,2019-08-15T18:00:00,25.9,168.3,14,WP_8_25to30,Standby
STANDBY_1014,WP,8,25to30,2006-08-10T12:00:00,29.3,158.4,15,WP_8_25to30,Standby
STANDBY_1015,WP,8,25to30,2019-08-26T12:00:00,29.5,157.0,16,WP_8_25to30,Standby
STANDBY_1016,WP,8,25to30,1984-08-20T18:00:00,25.0,177.9,17,WP_8_25to30,Standby
STANDBY_1017,WP,8,25to30,1980-08-25T12:00:00,25.6,142.3,18,WP_8_25to30,Standby
STANDBY_1018,WP,8,25to30,2006-08-31T00:00:00,27.5,171.8,19,WP_8_25to30,Standby
STANDBY_1019,WP,8,25to30,2005-08-20T12:00:00,27.2,173.7,20,WP_8_25to30,Standby
STANDBY_1020,WP,8,25to30,1997-08-24T00:00:00,25.3,147.7,21,WP_8_25to30,Standby
CTRL_128,WP,8,5to10,2011-08-25T06:00:00,5.9,144.3,1,WP_8_5to10,Selected
STANDBY_1021,WP,8,5to10,2003-08-22T06:00:00,8.4,160.2,2,WP_8_5to10,Standby
STANDBY_1022,WP,8,5to10,1980-08-19T18:00:00,7.5,164.1,3,WP_8_5to10,Standby
STANDBY_1023,WP,8,5to10,2025-08-22T00:00:00,6.8,141.8,4,WP_8_5to10,Standby
STANDBY_1024,WP,8,5to10,2005-08-12T18:00:00,8.0,164.9,5,WP_8_5to10,Standby
STANDBY_1025,WP,8,5to10,1994-08-24T12:00:00,6.2,103.7,6,WP_8_5to10,Standby
STANDBY_1026,WP,8,5to10,1997-08-16T06:00:00,5.0,128.1,7,WP_8_5to10,Standby
STANDBY_1027,WP,8,5to10,2009-08-10T12:00:00,8.2,121.9,8,WP_8_5to10,Standby
STANDBY_1028,WP,8,5to10,2006-08-24T06:00:00,5.8,144.5,9,WP_8_5to10,Standby
STANDBY_1029,WP,8,5to10,1993-08-30T00:00:00,6.5,174.8,10,WP_8_5to10,Standby
STANDBY_1030,WP,8,5to10,1992-08-27T18:00:00,5.2,109.4,11,WP_8_5to10,Standby
STANDBY_1031,WP,8,5to10,2016-08-16T18:00:00,8.7,167.6,12,WP_8_5to10,Standby
STANDBY_1032,WP,8,5to10,2018-08-27T12:00:00,5.9,149.7,13,WP_8_5to10,Standby
STANDBY_1033,WP,8,5to10,1998-08-30T00:00:00,8.6,102.3,14,WP_8_5to10,Standby
STANDBY_1034,WP,8,5to10,2015-08-27T00:00:00,5.1,165.1,15,WP_8_5to10,Standby
STANDBY_1035,WP,8,5to10,2001-08-20T18:00:00,6.9,152.9,16,WP_8_5to10,Standby
STANDBY_1036,WP,8,5to10,2010-08-10T12:00:00,7.5,169.1,17,WP_8_5to10,Standby
STANDBY_1037,WP,8,5to10,2024-08-24T00:00:00,8.0,106.9,18,WP_8_5to10,Standby
STANDBY_1038,WP,8,5to10,1988-08-25T18:00:00,8.1,167.5,19,WP_8_5to10,Standby
STANDBY_1039,WP,8,5to10,1981-08-25T12:00:00,7.2,105.3,20,WP_8_5to10,Standby
STANDBY_1040,WP,8,5to10,2020-08-10T06:00:00,7.6,167.7,21,WP_8_5to10,Standby
CTRL_129,WP,9,10to15,2007-09-11T00:00:00,11.4,102.6,1,WP_9_10to15,Selected
CTRL_130,WP,9,10to15,1990-09-25T00:00:00,14.1,163.5,2,WP_9_10to15,Selected
CTRL_131,WP,9,10to15,1987-09-19T18:00:00,12.7,175.6,3,WP_9_10to15,Selected
CTRL_132,WP,9,10to15,2022-09-23T18:00:00,14.4,167.5,4,WP_9_10to15,Selected
CTRL_133,WP,9,10to15,1998-09-07T06:00:00,11.3,171.5,5,WP_9_10to15,Selected
CTRL_134,WP,9,10to15,1999-09-25T00:00:00,11.8,102.5,6,WP_9_10to15,Selected
STANDBY_1041,WP,9,10to15,2025-09-28T18:00:00,11.4,162.0,7,WP_9_10to15,Standby
STANDBY_1042,WP,9,10to15,2010-09-18T12:00:00,13.0,160.3,8,WP_9_10to15,Standby
STANDBY_1043,WP,9,10to15,1990-09-13T06:00:00,14.4,172.7,9,WP_9_10to15,Standby
STANDBY_1044,WP,9,10to15,2001-09-02T18:00:00,13.0,127.7,10,WP_9_10to15,Standby
STANDBY_1045,WP,9,10to15,2011-09-08T18:00:00,10.7,112.1,11,WP_9_10to15,Standby
STANDBY_1046,WP,9,10to15,2015-09-02T18:00:00,14.1,164.2,12,WP_9_10to15,Standby
STANDBY_1047,WP,9,10to15,2025-09-05T00:00:00,10.5,158.4,13,WP_9_10to15,Standby
STANDBY_1048,WP,9,10to15,2011-09-15T06:00:00,13.1,117.0,14,WP_9_10to15,Standby
STANDBY_1049,WP,9,10to15,1994-09-24T06:00:00,12.5,115.0,15,WP_9_10to15,Standby
STANDBY_1050,WP,9,10to15,2013-09-29T12:00:00,13.2,177.0,16,WP_9_10to15,Standby
STANDBY_1051,WP,9,10to15,2025-09-21T12:00:00,13.2,171.3,17,WP_9_10to15,Standby
STANDBY_1052,WP,9,10to15,2016-09-01T18:00:00,11.8,110.7,18,WP_9_10to15,Standby
STANDBY_1053,WP,9,10to15,2013-09-13T18:00:00,13.3,179.3,19,WP_9_10to15,Standby
STANDBY_1054,WP,9,10to15,2015-09-23T06:00:00,10.8,113.1,20,WP_9_10to15,Standby
STANDBY_1055,WP,9,10to15,1989-09-12T12:00:00,10.2,130.9,21,WP_9_10to15,Standby
STANDBY_1056,WP,9,10to15,1982-09-27T12:00:00,10.5,128.9,22,WP_9_10to15,Standby
STANDBY_1057,WP,9,10to15,2003-09-20T18:00:00,14.3,153.1,23,WP_9_10to15,Standby
STANDBY_1058,WP,9,10to15,2007-09-07T12:00:00,12.4,176.8,24,WP_9_10to15,Standby
STANDBY_1059,WP,9,10to15,1985-09-30T12:00:00,14.1,161.6,25,WP_9_10to15,Standby
STANDBY_1060,WP,9,10to15,2025-09-23T06:00:00,13.0,159.2,26,WP_9_10to15,Standby
CTRL_135,WP,9,20to25,2017-09-25T00:00:00,24.9,153.9,1,WP_9_20to25,Selected
CTRL_136,WP,9,20to25,2011-09-17T18:00:00,21.7,174.4,2,WP_9_20to25,Selected
STANDBY_1061,WP,9,20to25,2023-09-26T12:00:00,23.4,151.1,3,WP_9_20to25,Standby
STANDBY_1062,WP,9,20to25,1982-09-29T12:00:00,23.6,156.5,4,WP_9_20to25,Standby
STANDBY_1063,WP,9,20to25,2023-09-10T06:00:00,24.3,150.1,5,WP_9_20to25,Standby
STANDBY_1064,WP,9,20to25,1980-09-05T06:00:00,24.5,165.6,6,WP_9_20to25,Standby
STANDBY_1065,WP,9,20to25,1992-09-20T00:00:00,24.1,177.8,7,WP_9_20to25,Standby
STANDBY_1066,WP,9,20to25,2004-09-10T06:00:00,24.4,178.4,8,WP_9_20to25,Standby
STANDBY_1067,WP,9,20to25,2023-09-11T00:00:00,20.4,145.5,9,WP_9_20to25,Standby
STANDBY_1068,WP,9,20to25,2021-09-11T00:00:00,21.6,170.9,10,WP_9_20to25,Standby
STANDBY_1069,WP,9,20to25,1993-09-15T12:00:00,20.9,172.8,11,WP_9_20to25,Standby
STANDBY_1070,WP,9,20to25,2010-09-12T00:00:00,22.9,160.8,12,WP_9_20to25,Standby
STANDBY_1071,WP,9,20to25,1987-09-19T06:00:00,20.5,120.1,13,WP_9_20to25,Standby
STANDBY_1072,WP,9,20to25,1987-09-04T12:00:00,20.2,175.4,14,WP_9_20to25,Standby
STANDBY_1073,WP,9,20to25,2003-09-14T18:00:00,20.7,161.4,15,WP_9_20to25,Standby
STANDBY_1074,WP,9,20to25,2014-09-18T12:00:00,23.8,173.3,16,WP_9_20to25,Standby
STANDBY_1075,WP,9,20to25,1981-09-25T12:00:00,20.2,179.6,17,WP_9_20to25,Standby
STANDBY_1076,WP,9,20to25,1995-09-09T00:00:00,24.3,156.1,18,WP_9_20to25,Standby
STANDBY_1077,WP,9,20to25,2023-09-19T12:00:00,23.6,159.5,19,WP_9_20to25,Standby
STANDBY_1078,WP,9,20to25,1984-09-08T18:00:00,20.0,137.5,20,WP_9_20to25,Standby
STANDBY_1079,WP,9,20to25,1994-09-16T06:00:00,24.7,178.2,21,WP_9_20to25,Standby
STANDBY_1080,WP,9,20to25,1998-09-15T12:00:00,22.5,179.8,22,WP_9_20to25,Standby
CTRL_137,WP,9,5to10,2016-09-19T18:00:00,6.2,105.5,1,WP_9_5to10,Selected
STANDBY_1081,WP,9,5to10,2001-09-18T12:00:00,9.0,136.4,2,WP_9_5to10,Standby
STANDBY_1082,WP,9,5to10,2017-09-07T06:00:00,6.3,163.5,3,WP_9_5to10,Standby
STANDBY_1083,WP,9,5to10,1984-09-06T18:00:00,6.7,159.6,4,WP_9_5to10,Standby
STANDBY_1084,WP,9,5to10,2022-09-08T18:00:00,8.4,145.2,5,WP_9_5to10,Standby
STANDBY_1085,WP,9,5to10,2022-09-25T00:00:00,7.4,157.4,6,WP_9_5to10,Standby
STANDBY_1086,WP,9,5to10,2009-09-13T12:00:00,6.5,103.5,7,WP_9_5to10,Standby
STANDBY_1087,WP,9,5to10,1991-09-29T12:00:00,6.9,135.0,8,WP_9_5to10,Standby
STANDBY_1088,WP,9,5to10,1984-09-15T12:00:00,7.9,162.6,9,WP_9_5to10,Standby
STANDBY_1089,WP,9,5to10,1981-09-05T00:00:00,5.5,171.2,10,WP_9_5to10,Standby
STANDBY_1090,WP,9,5to10,1998-09-19T06:00:00,5.3,109.1,11,WP_9_5to10,Standby
STANDBY_1091,WP,9,5to10,1996-09-23T18:00:00,6.0,110.1,12,WP_9_5to10,Standby
STANDBY_1092,WP,9,5to10,2007-09-23T12:00:00,6.1,160.7,13,WP_9_5to10,Standby
STANDBY_1093,WP,9,5to10,1988-09-12T00:00:00,6.4,145.0,14,WP_9_5to10,Standby
STANDBY_1094,WP,9,5to10,1988-09-07T06:00:00,6.3,115.5,15,WP_9_5to10,Standby
STANDBY_1095,WP,9,5to10,2025-09-03T06:00:00,6.0,166.0,16,WP_9_5to10,Standby
STANDBY_1096,WP,9,5to10,2013-09-30T00:00:00,6.7,103.4,17,WP_9_5to10,Standby
STANDBY_1097,WP,9,5to10,2013-09-12T12:00:00,8.3,158.9,18,WP_9_5to10,Standby
STANDBY_1098,WP,9,5to10,1985-09-28T12:00:00,5.1,105.4,19,WP_9_5to10,Standby
STANDBY_1099,WP,9,5to10,1992-09-09T12:00:00,7.6,106.5,20,WP_9_5to10,Standby
STANDBY_1100,WP,9,5to10,1993-09-11T06:00:00,8.1,118.9,21,WP_9_5to10,Standby
CTRL_138,WP,10,15to20,1994-10-02T06:00:00,15.1,109.6,1,WP_10_15to20,Selected
CTRL_139,WP,10,15to20,1996-10-28T12:00:00,17.3,160.4,2,WP_10_15to20,Selected
STANDBY_1101,WP,10,15to20,1991-10-17T12:00:00,19.7,120.6,3,WP_10_15to20,Standby
STANDBY_1102,WP,10,15to20,1996-10-26T06:00:00,18.0,170.4,4,WP_10_15to20,Standby
STANDBY_1103,WP,10,15to20,1996-10-03T06:00:00,15.7,176.0,5,WP_10_15to20,Standby
STANDBY_1104,WP,10,15to20,1990-10-14T12:00:00,16.5,174.1,6,WP_10_15to20,Standby
STANDBY_1105,WP,10,15to20,1988-10-28T18:00:00,17.7,168.3,7,WP_10_15to20,Standby
STANDBY_1106,WP,10,15to20,2018-10-06T00:00:00,16.0,172.5,8,WP_10_15to20,Standby
STANDBY_1107,WP,10,15to20,1990-10-03T18:00:00,19.8,172.9,9,WP_10_15to20,Standby
STANDBY_1108,WP,10,15to20,1985-10-26T12:00:00,15.4,175.6,10,WP_10_15to20,Standby
STANDBY_1109,WP,10,15to20,2006-10-16T18:00:00,18.8,177.8,11,WP_10_15to20,Standby
STANDBY_1110,WP,10,15to20,2017-10-31T18:00:00,17.4,160.4,12,WP_10_15to20,Standby
STANDBY_1111,WP,10,15to20,1990-10-27T18:00:00,18.1,109.9,13,WP_10_15to20,Standby
STANDBY_1112,WP,10,15to20,2011-10-13T18:00:00,19.6,165.7,14,WP_10_15to20,Standby
STANDBY_1113,WP,10,15to20,2022-10-08T18:00:00,16.3,165.4,15,WP_10_15to20,Standby
STANDBY_1114,WP,10,15to20,2002-10-21T00:00:00,15.0,126.8,16,WP_10_15to20,Standby
STANDBY_1115,WP,10,15to20,2008-10-21T00:00:00,18.3,140.1,17,WP_10_15to20,Standby
STANDBY_1116,WP,10,15to20,2006-10-29T00:00:00,15.3,164.9,18,WP_10_15to20,Standby
STANDBY_1117,WP,10,15to20,2018-10-02T00:00:00,15.4,173.4,19,WP_10_15to20,Standby
STANDBY_1118,WP,10,15to20,2000-10-03T18:00:00,19.6,127.3,20,WP_10_15to20,Standby
STANDBY_1119,WP,10,15to20,1997-10-27T00:00:00,19.9,172.7,21,WP_10_15to20,Standby
STANDBY_1120,WP,10,15to20,2012-10-28T12:00:00,16.9,136.0,22,WP_10_15to20,Standby
CTRL_140,WP,10,5to10,2008-10-27T12:00:00,5.6,128.0,1,WP_10_5to10,Selected
CTRL_141,WP,10,5to10,2018-10-08T12:00:00,6.4,165.8,2,WP_10_5to10,Selected
CTRL_142,WP,10,5to10,2008-10-21T18:00:00,7.9,108.5,3,WP_10_5to10,Selected
CTRL_143,WP,10,5to10,2003-10-21T18:00:00,7.0,142.5,4,WP_10_5to10,Selected
CTRL_144,WP,10,5to10,2000-10-31T00:00:00,6.0,115.9,5,WP_10_5to10,Selected
CTRL_145,WP,10,5to10,2015-10-25T06:00:00,5.4,111.5,6,WP_10_5to10,Selected
CTRL_146,WP,10,5to10,1998-10-24T06:00:00,8.0,158.6,7,WP_10_5to10,Selected
STANDBY_1121,WP,10,5to10,2010-10-08T12:00:00,7.7,109.7,8,WP_10_5to10,Standby
STANDBY_1122,WP,10,5to10,2011-10-25T12:00:00,6.0,103.2,9,WP_10_5to10,Standby
STANDBY_1123,WP,10,5to10,2014-10-21T06:00:00,6.0,146.7,10,WP_10_5to10,Standby
STANDBY_1124,WP,10,5to10,2003-10-07T00:00:00,5.7,144.1,11,WP_10_5to10,Standby
STANDBY_1125,WP,10,5to10,2014-10-26T12:00:00,6.3,156.8,12,WP_10_5to10,Standby
STANDBY_1126,WP,10,5to10,1998-10-23T06:00:00,6.0,108.3,13,WP_10_5to10,Standby
STANDBY_1127,WP,10,5to10,2002-10-31T18:00:00,8.9,132.3,14,WP_10_5to10,Standby
STANDBY_1128,WP,10,5to10,1988-10-19T06:00:00,9.3,159.1,15,WP_10_5to10,Standby
STANDBY_1129,WP,10,5to10,2015-10-04T06:00:00,5.7,151.6,16,WP_10_5to10,Standby
STANDBY_1130,WP,10,5to10,2008-10-28T18:00:00,9.1,121.2,17,WP_10_5to10,Standby
STANDBY_1131,WP,10,5to10,2000-10-14T06:00:00,7.5,164.6,18,WP_10_5to10,Standby
STANDBY_1132,WP,10,5to10,2003-10-05T06:00:00,5.7,114.4,19,WP_10_5to10,Standby
STANDBY_1133,WP,10,5to10,1993-10-09T00:00:00,7.9,128.9,20,WP_10_5to10,Standby
STANDBY_1134,WP,10,5to10,2004-10-03T12:00:00,7.1,173.1,21,WP_10_5to10,Standby
STANDBY_1135,WP,10,5to10,1987-10-26T00:00:00,6.3,139.9,22,WP_10_5to10,Standby
STANDBY_1136,WP,10,5to10,1993-10-16T06:00:00,6.7,121.7,23,WP_10_5to10,Standby
STANDBY_1137,WP,10,5to10,2007-10-01T12:00:00,7.8,126.6,24,WP_10_5to10,Standby
STANDBY_1138,WP,10,5to10,1991-10-02T06:00:00,9.9,103.7,25,WP_10_5to10,Standby
STANDBY_1139,WP,10,5to10,2023-10-20T18:00:00,5.6,110.7,26,WP_10_5to10,Standby
STANDBY_1140,WP,10,5to10,2005-10-05T06:00:00,9.7,167.6,27,WP_10_5to10,Standby
CTRL_147,WP,11,15to20,2011-11-15T00:00:00,15.5,140.1,1,WP_11_15to20,Selected
STANDBY_1141,WP,11,15to20,1997-11-26T18:00:00,18.1,133.0,2,WP_11_15to20,Standby
STANDBY_1142,WP,11,15to20,2014-11-17T12:00:00,19.7,124.2,3,WP_11_15to20,Standby
STANDBY_1143,WP,11,15to20,2002-11-12T18:00:00,17.1,138.0,4,WP_11_15to20,Standby
STANDBY_1144,WP,11,15to20,2022-11-05T06:00:00,19.6,131.8,5,WP_11_15to20,Standby
STANDBY_1145,WP,11,15to20,2012-11-21T18:00:00,16.1,170.2,6,WP_11_15to20,Standby
STANDBY_1146,WP,11,15to20,2015-11-21T06:00:00,15.5,117.1,7,WP_11_15to20,Standby
STANDBY_1147,WP,11,15to20,2008-11-14T00:00:00,15.3,128.6,8,WP_11_15to20,Standby
STANDBY_1148,WP,11,15to20,2020-11-25T12:00:00,18.5,116.2,9,WP_11_15to20,Standby
STANDBY_1149,WP,11,15to20,1985-11-30T06:00:00,15.4,128.9,10,WP_11_15to20,Standby
STANDBY_1150,WP,11,15to20,2012-11-10T06:00:00,16.9,171.2,11,WP_11_15to20,Standby
STANDBY_1151,WP,11,15to20,2023-11-18T18:00:00,19.7,136.6,12,WP_11_15to20,Standby
STANDBY_1152,WP,11,15to20,2021-11-10T06:00:00,19.0,116.5,13,WP_11_15to20,Standby
STANDBY_1153,WP,11,15to20,2010-11-14T18:00:00,16.2,144.4,14,WP_11_15to20,Standby
STANDBY_1154,WP,11,15to20,2013-11-26T12:00:00,15.8,122.7,15,WP_11_15to20,Standby
STANDBY_1155,WP,11,15to20,2021-11-05T18:00:00,19.5,136.8,16,WP_11_15to20,Standby
STANDBY_1156,WP,11,15to20,2011-11-02T18:00:00,18.2,134.0,17,WP_11_15to20,Standby
STANDBY_1157,WP,11,15to20,1988-11-24T06:00:00,15.0,169.8,18,WP_11_15to20,Standby
STANDBY_1158,WP,11,15to20,1995-11-14T18:00:00,16.9,136.2,19,WP_11_15to20,Standby
STANDBY_1159,WP,11,15to20,1999-11-01T00:00:00,15.5,117.1,20,WP_11_15to20,Standby
STANDBY_1160,WP,11,15to20,2012-11-09T06:00:00,16.7,168.5,21,WP_11_15to20,Standby
CTRL_148,WP,11,5to10,1981-11-20T00:00:00,7.7,172.4,1,WP_11_5to10,Selected
STANDBY_1161,WP,11,5to10,1985-11-05T00:00:00,8.0,114.4,2,WP_11_5to10,Standby
STANDBY_1162,WP,11,5to10,1995-11-13T06:00:00,6.8,142.6,3,WP_11_5to10,Standby
STANDBY_1163,WP,11,5to10,1989-11-24T18:00:00,9.3,103.7,4,WP_11_5to10,Standby
STANDBY_1164,WP,11,5to10,2022-11-22T18:00:00,5.8,144.6,5,WP_11_5to10,Standby
STANDBY_1165,WP,11,5to10,1999-11-24T06:00:00,9.0,179.1,6,WP_11_5to10,Standby
STANDBY_1166,WP,11,5to10,2021-11-10T00:00:00,9.2,132.8,7,WP_11_5to10,Standby
STANDBY_1167,WP,11,5to10,1982-11-17T06:00:00,7.5,138.1,8,WP_11_5to10,Standby
STANDBY_1168,WP,11,5to10,2006-11-10T18:00:00,5.0,134.5,9,WP_11_5to10,Standby
STANDBY_1169,WP,11,5to10,2008-11-13T18:00:00,8.5,169.9,10,WP_11_5to10,Standby
STANDBY_1170,WP,11,5to10,1989-11-01T18:00:00,7.2,158.9,11,WP_11_5to10,Standby
STANDBY_1171,WP,11,5to10,2015-11-11T18:00:00,8.6,103.4,12,WP_11_5to10,Standby
STANDBY_1172,WP,11,5to10,1995-11-12T12:00:00,5.7,167.8,13,WP_11_5to10,Standby
STANDBY_1173,WP,11,5to10,1989-11-13T00:00:00,6.9,171.2,14,WP_11_5to10,Standby
STANDBY_1174,WP,11,5to10,1982-11-02T18:00:00,6.0,133.0,15,WP_11_5to10,Standby
STANDBY_1175,WP,11,5to10,2004-11-06T12:00:00,8.3,138.2,16,WP_11_5to10,Standby
STANDBY_1176,WP,11,5to10,1996-11-29T00:00:00,9.7,104.4,17,WP_11_5to10,Standby
STANDBY_1177,WP,11,5to10,1982-11-01T12:00:00,8.5,124.1,18,WP_11_5to10,Standby
STANDBY_1178,WP,11,5to10,2014-11-09T18:00:00,6.6,166.0,19,WP_11_5to10,Standby
STANDBY_1179,WP,11,5to10,2021-11-08T00:00:00,8.7,170.1,20,WP_11_5to10,Standby
STANDBY_1180,WP,11,5to10,1985-11-28T06:00:00,5.9,171.9,21,WP_11_5to10,Standby
CTRL_149,WP,12,5to10,1988-12-21T12:00:00,6.7,159.7,1,WP_12_5to10,Selected
CTRL_150,WP,12,5to10,2014-12-19T12:00:00,7.2,151.7,2,WP_12_5to10,Selected
STANDBY_1181,WP,12,5to10,2003-12-24T12:00:00,6.3,110.1,3,WP_12_5to10,Standby
STANDBY_1182,WP,12,5to10,1989-12-17T12:00:00,6.6,119.3,4,WP_12_5to10,Standby
STANDBY_1183,WP,12,5to10,2013-12-09T00:00:00,9.1,110.9,5,WP_12_5to10,Standby
STANDBY_1184,WP,12,5to10,1994-12-03T00:00:00,6.3,175.2,6,WP_12_5to10,Standby
STANDBY_1185,WP,12,5to10,1998-12-16T06:00:00,5.9,165.9,7,WP_12_5to10,Standby
STANDBY_1186,WP,12,5to10,2005-12-04T12:00:00,8.0,107.3,8,WP_12_5to10,Standby
STANDBY_1187,WP,12,5to10,2006-12-26T12:00:00,6.3,112.7,9,WP_12_5to10,Standby
STANDBY_1188,WP,12,5to10,1996-12-07T12:00:00,8.7,148.2,10,WP_12_5to10,Standby
STANDBY_1189,WP,12,5to10,1988-12-12T12:00:00,6.9,177.7,11,WP_12_5to10,Standby
STANDBY_1190,WP,12,5to10,2007-12-05T06:00:00,9.1,135.7,12,WP_12_5to10,Standby
STANDBY_1191,WP,12,5to10,2018-12-17T12:00:00,7.1,152.6,13,WP_12_5to10,Standby
STANDBY_1192,WP,12,5to10,2008-12-26T00:00:00,5.6,129.0,14,WP_12_5to10,Standby
STANDBY_1193,WP,12,5to10,1992-12-08T18:00:00,6.9,108.6,15,WP_12_5to10,Standby
STANDBY_1194,WP,12,5to10,2014-12-28T12:00:00,7.6,141.2,16,WP_12_5to10,Standby
STANDBY_1195,WP,12,5to10,2008-12-22T06:00:00,8.1,178.4,17,WP_12_5to10,Standby
STANDBY_1196,WP,12,5to10,1985-12-24T18:00:00,6.9,155.9,18,WP_12_5to10,Standby
STANDBY_1197,WP,12,5to10,2001-12-27T18:00:00,9.0,171.0,19,WP_12_5to10,Standby
STANDBY_1198,WP,12,5to10,1993-12-14T12:00:00,9.0,176.5,20,WP_12_5to10,Standby
STANDBY_1199,WP,12,5to10,1988-12-26T06:00:00,6.0,164.2,21,WP_12_5to10,Standby
STANDBY_1200,WP,12,5to10,2003-12-28T12:00:00,7.4,101.5,22,WP_12_5to10,Standby
