ControlID,Basin,Month,LMC,Timestamp,Latitude,Longitude,RandomRank,StratumID,Status
CTRL_001,NI,2,5to10,1992-02-22T18:00:00,5.9,88.5,1,NI_2_5to10,Selected
STANDBY_001,NI,2,5to10,2017-02-04T00:00:00,7.7,97.6,2,NI_2_5to10,Standby
STANDBY_002,NI,2,5to10,1985-02-16T18:00:00,5.2,93.7,3,NI_2_5to10,Standby
STANDBY_003,NI,2,5to10,2005-02-02T18:00:00,5.9,98.3,4,NI_2_5to10,Standby
STANDBY_004,NI,2,5to10,1995-02-10T00:00:00,9.7,86.5,5,NI_2_5to10,Standby
STANDBY_005,NI,2,5to10,1984-02-29T18:00:00,7.6,50.8,6,NI_2_5to10,Standby
STANDBY_006,NI,2,5to10,2006-02-24T06:00:00,7.2,89.3,7,NI_2_5to10,Standby
STANDBY_007,NI,2,5to10,2005-02-09T06:00:00,6.9,79.4,8,NI_2_5to10,Standby
STANDBY_008,NI,2,5to10,2010-02-21T06:00:00,8.3,59.4,9,NI_2_5to10,Standby
STANDBY_009,NI,2,5to10,2009-02-07T18:00:00,9.6,96.4,10,NI_2_5to10,Standby
STANDBY_010,NI,2,5to10,2010-02-16T06:00:00,9.6,68.9,11,NI_2_5to10,Standby
STANDBY_011,NI,2,5to10,2009-02-25T12:00:00,7.8,55.6,12,NI_2_5to10,Standby
STANDBY_012,NI,2,5to10,1997-02-24T12:00:00,9.2,63.4,13,NI_2_5to10,Standby
STANDBY_013,NI,2,5to10,2016-02-13T18:00:00,8.5,72.9,14,NI_2_5to10,Standby
STANDBY_014,NI,2,5to10,2002-02-19T12:00:00,5.1,69.0,15,NI_2_5to10,Standby
STANDBY_015,NI,2,5to10,2008-02-24T12:00:00,8.9,50.5,16,NI_2_5to10,Standby
STANDBY_016,NI,2,5to10,2000-02-24T06:00:00,8.9,59.5,17,NI_2_5to10,Standby
STANDBY_017,NI,2,5to10,1998-02-11T18:00:00,9.1,82.3,18,NI_2_5to10,Standby
STANDBY_018,NI,2,5to10,1995-02-16T06:00:00,8.8,54.1,19,NI_2_5to10,Standby
STANDBY_019,NI,2,5to10,1981-02-05T00:00:00,5.3,97.6,20,NI_2_5to10,Standby
STANDBY_020,NI,2,5to10,2005-02-04T00:00:00,5.7,59.0,21,NI_2_5to10,Standby
CTRL_001,NI,4,0to5,2009-04-28T06:00:00,2.1,52.7,1,NI_4_0to5,Selected
STANDBY_001,NI,4,0to5,2020-04-03T06:00:00,3.7,75.8,2,NI_4_0to5,Standby
STANDBY_002,NI,4,0to5,2025-04-12T06:00:00,0.1,80.2,3,NI_4_0to5,Standby
STANDBY_003,NI,4,0to5,1987-04-17T06:00:00,2.3,94.6,4,NI_4_0to5,Standby
STANDBY_004,NI,4,0to5,2016-04-18T00:00:00,4.6,54.0,5,NI_4_0to5,Standby
STANDBY_005,NI,4,0to5,2018-04-24T06:00:00,4.0,55.5,6,NI_4_0to5,Standby
STANDBY_006,NI,4,0to5,2006-04-26T00:00:00,1.5,63.6,7,NI_4_0to5,Standby
STANDBY_007,NI,4,0to5,1997-04-27T00:00:00,2.0,59.7,8,NI_4_0to5,Standby
STANDBY_008,NI,4,0to5,2011-04-02T06:00:00,2.9,57.5,9,NI_4_0to5,Standby
STANDBY_009,NI,4,0to5,2022-04-08T12:00:00,3.9,76.7,10,NI_4_0to5,Standby
STANDBY_010,NI,4,0to5,1992-04-29T12:00:00,4.6,91.9,11,NI_4_0to5,Standby
STANDBY_011,NI,4,0to5,2019-04-10T00:00:00,4.6,84.2,12,NI_4_0to5,Standby
STANDBY_012,NI,4,0to5,1993-04-17T18:00:00,1.2,81.2,13,NI_4_0to5,Standby
STANDBY_013,NI,4,0to5,2018-04-17T18:00:00,1.6,47.1,14,NI_4_0to5,Standby
STANDBY_014,NI,4,0to5,1992-04-11T18:00:00,2.1,97.1,15,NI_4_0to5,Standby
STANDBY_015,NI,4,0to5,1981-04-22T00:00:00,4.8,67.3,16,NI_4_0to5,Standby
STANDBY_016,NI,4,0to5,2004-04-23T00:00:00,1.1,98.3,17,NI_4_0to5,Standby
STANDBY_017,NI,4,0to5,1996-04-10T18:00:00,4.1,94.3,18,NI_4_0to5,Standby
STANDBY_018,NI,4,0to5,2018-04-09T00:00:00,4.2,72.3,19,NI_4_0to5,Standby
STANDBY_019,NI,4,0to5,1998-04-14T00:00:00,1.1,65.0,20,NI_4_0to5,Standby
STANDBY_020,NI,4,0to5,1990-04-18T00:00:00,2.2,57.7,21,NI_4_0to5,Standby
CTRL_001,NI,4,5to10,2021-04-23T06:00:00,9.1,80.0,1,NI_4_5to10,Selected
CTRL_002,NI,4,5to10,2003-04-17T12:00:00,6.2,71.7,2,NI_4_5to10,Selected
STANDBY_001,NI,4,5to10,2012-04-29T18:00:00,7.6,93.7,3,NI_4_5to10,Standby
STANDBY_002,NI,4,5to10,1998-04-11T12:00:00,7.3,75.9,4,NI_4_5to10,Standby
STANDBY_003,NI,4,5to10,2017-04-30T00:00:00,9.0,67.2,5,NI_4_5to10,Standby
STANDBY_004,NI,4,5to10,2011-04-07T06:00:00,9.8,96.5,6,NI_4_5to10,Standby
STANDBY_005,NI,4,5to10,2006-04-03T12:00:00,8.6,83.1,7,NI_4_5to10,Standby
STANDBY_006,NI,4,5to10,2024-04-07T00:00:00,9.2,94.4,8,NI_4_5to10,Standby
STANDBY_007,NI,4,5to10,1999-04-17T06:00:00,5.5,55.1,9,NI_4_5to10,Standby
STANDBY_008,NI,4,5to10,1994-04-01T12:00:00,7.0,76.7,10,NI_4_5to10,Standby
STANDBY_009,NI,4,5to10,2011-04-11T12:00:00,6.0,69.7,11,NI_4_5to10,Standby
STANDBY_010,NI,4,5to10,1982-04-26T12:00:00,8.4,94.3,12,NI_4_5to10,Standby
STANDBY_011,NI,4,5to10,2016-04-08T06:00:00,9.2,54.6,13,NI_4_5to10,Standby
STANDBY_012,NI,4,5to10,2013-04-28T06:00:00,9.1,66.5,14,NI_4_5to10,Standby
STANDBY_013,NI,4,5to10,2003-04-02T18:00:00,8.5,91.2,15,NI_4_5to10,Standby
STANDBY_014,NI,4,5to10,1994-04-03T18:00:00,8.3,97.6,16,NI_4_5to10,Standby
STANDBY_015,NI,4,5to10,1990-04-03T18:00:00,6.8,57.6,17,NI_4_5to10,Standby
STANDBY_016,NI,4,5to10,2020-04-25T00:00:00,5.1,72.8,18,NI_4_5to10,Standby
STANDBY_017,NI,4,5to10,1999-04-13T00:00:00,5.4,83.8,19,NI_4_5to10,Standby
STANDBY_018,NI,4,5to10,2001-04-12T06:00:00,7.2,84.8,20,NI_4_5to10,Standby
STANDBY_019,NI,4,5to10,1997-04-21T06:00:00,7.8,61.6,21,NI_4_5to10,Standby
STANDBY_020,NI,4,5to10,1996-04-04T00:00:00,6.2,93.7,22,NI_4_5to10,Standby
CTRL_001,NI,5,10to15,2023-05-16T12:00:00,13.0,64.9,1,NI_5_10to15,Selected
CTRL_002,NI,5,10to15,2013-05-23T18:00:00,13.5,81.9,2,NI_5_10to15,Selected
CTRL_003,NI,5,10to15,1996-05-29T12:00:00,11.0,87.3,3,NI_5_10to15,Selected
CTRL_004,NI,5,10to15,1996-05-17T18:00:00,11.5,83.5,4,NI_5_10to15,Selected
STANDBY_001,NI,5,10to15,2011-05-10T06:00:00,10.6,65.5,5,NI_5_10to15,Standby
STANDBY_002,NI,5,10to15,2008-05-10T12:00:00,13.4,59.8,6,NI_5_10to15,Standby
STANDBY_003,NI,5,10to15,1993-05-19T06:00:00,10.2,88.8,7,NI_5_10to15,Standby
STANDBY_004,NI,5,10to15,2022-05-31T06:00:00,13.8,93.5,8,NI_5_10to15,Standby
STANDBY_005,NI,5,10to15,2023-05-13T12:00:00,13.0,52.7,9,NI_5_10to15,Standby
STANDBY_006,NI,5,10to15,1985-05-04T18:00:00,14.6,89.7,10,NI_5_10to15,Standby
STANDBY_007,NI,5,10to15,1995-05-07T06:00:00,12.4,50.8,11,NI_5_10to15,Standby
STANDBY_008,NI,5,10to15,1980-05-22T12:00:00,12.0,90.4,12,NI_5_10to15,Standby
STANDBY_009,NI,5,10to15,1995-05-13T18:00:00,14.7,51.5,13,NI_5_10to15,Standby
STANDBY_010,NI,5,10to15,2025-05-13T00:00:00,14.9,92.8,14,NI_5_10to15,Standby
STANDBY_011,NI,5,10to15,2021-05-05T00:00:00,12.2,70.3,15,NI_5_10to15,Standby
STANDBY_012,NI,5,10to15,2010-05-30T12:00:00,11.6,53.3,16,NI_5_10to15,Standby
STANDBY_013,NI,5,10to15,2024-05-16T18:00:00,14.9,55.5,17,NI_5_10to15,Standby
STANDBY_014,NI,5,10to15,2007-05-31T18:00:00,10.0,92.4,18,NI_5_10to15,Standby
STANDBY_015,NI,5,10to15,1989-05-07T12:00:00,10.7,88.0,19,NI_5_10to15,Standby
STANDBY_016,NI,5,10to15,2000-05-14T12:00:00,13.7,62.6,20,NI_5_10to15,Standby
STANDBY_017,NI,5,10to15,2013-05-18T06:00:00,11.9,62.1,21,NI_5_10to15,Standby
STANDBY_018,NI,5,10to15,1987-05-19T06:00:00,14.7,82.6,22,NI_5_10to15,Standby
STANDBY_019,NI,5,10to15,2008-05-04T12:00:00,14.3,60.0,23,NI_5_10to15,Standby
STANDBY_020,NI,5,10to15,2024-05-17T12:00:00,13.9,64.3,24,NI_5_10to15,Standby
CTRL_001,NI,5,15to20,2010-05-04T12:00:00,16.1,64.6,1,NI_5_15to20,Selected
CTRL_002,NI,5,15to20,2000-05-26T00:00:00,16.1,97.3,2,NI_5_15to20,Selected
CTRL_003,NI,5,15to20,2012-05-29T00:00:00,15.5,40.8,3,NI_5_15to20,Selected
STANDBY_001,NI,5,15to20,1993-05-17T18:00:00,19.8,60.2,4,NI_5_15to20,Standby
STANDBY_002,NI,5,15to20,1998-05-18T06:00:00,15.0,50.8,5,NI_5_15to20,Standby
STANDBY_003,NI,5,15to20,1981-05-22T06:00:00,16.0,53.1,6,NI_5_15to20,Standby
STANDBY_004,NI,5,15to20,1988-05-19T00:00:00,18.7,60.0,7,NI_5_15to20,Standby
STANDBY_005,NI,5,15to20,2019-05-24T18:00:00,17.9,62.2,8,NI_5_15to20,Standby
STANDBY_006,NI,5,15to20,1981-05-10T18:00:00,15.7,87.0,9,NI_5_15to20,Standby
STANDBY_007,NI,5,15to20,1985-05-12T12:00:00,17.0,42.5,10,NI_5_15to20,Standby
STANDBY_008,NI,5,15to20,1985-05-14T00:00:00,19.5,89.3,11,NI_5_15to20,Standby
STANDBY_009,NI,5,15to20,1996-05-29T18:00:00,15.8,70.5,12,NI_5_15to20,Standby
STANDBY_010,NI,5,15to20,1990-05-11T12:00:00,16.5,93.6,13,NI_5_15to20,Standby
STANDBY_011,NI,5,15to20,1982-05-25T18:00:00,16.1,68.9,14,NI_5_15to20,Standby
STANDBY_012,NI,5,15to20,1992-05-02T00:00:00,18.1,69.9,15,NI_5_15to20,Standby
STANDBY_013,NI,5,15to20,1981-05-27T12:00:00,19.5,89.3,16,NI_5_15to20,Standby
STANDBY_014,NI,5,15to20,1994-05-06T00:00:00,16.2,41.3,17,NI_5_15to20,Standby
STANDBY_015,NI,5,15to20,2023-05-20T18:00:00,19.6,59.4,18,NI_5_15to20,Standby
STANDBY_016,NI,5,15to20,2023-05-11T18:00:00,18.8,58.7,19,NI_5_15to20,Standby
STANDBY_017,NI,5,15to20,1995-05-23T00:00:00,19.0,71.4,20,NI_5_15to20,Standby
STANDBY_018,NI,5,15to20,1980-05-12T06:00:00,15.5,52.0,21,NI_5_15to20,Standby
STANDBY_019,NI,5,15to20,2005-05-18T12:00:00,15.4,81.4,22,NI_5_15to20,Standby
STANDBY_020,NI,5,15to20,1984-05-16T06:00:00,18.3,60.2,23,NI_5_15to20,Standby
CTRL_001,NI,6,10to15,1992-06-01T12:00:00,14.9,93.7,1,NI_6_10to15,Selected
STANDBY_001,NI,6,10to15,2022-06-13T18:00:00,11.8,82.5,2,NI_6_10to15,Standby
STANDBY_002,NI,6,10to15,2022-06-23T06:00:00,14.2,62.9,3,NI_6_10to15,Standby
STANDBY_003,NI,6,10to15,1997-06-14T12:00:00,11.7,74.9,4,NI_6_10to15,Standby
STANDBY_004,NI,6,10to15,2011-06-20T12:00:00,10.4,69.2,5,NI_6_10to15,Standby
STANDBY_005,NI,6,10to15,2005-06-14T06:00:00,12.8,93.7,6,NI_6_10to15,Standby
STANDBY_006,NI,6,10to15,2012-06-11T12:00:00,12.1,81.0,7,NI_6_10to15,Standby
STANDBY_007,NI,6,10to15,2016-06-13T00:00:00,13.1,68.4,8,NI_6_10to15,Standby
STANDBY_008,NI,6,10to15,2015-06-10T18:00:00,14.2,86.5,9,NI_6_10to15,Standby
STANDBY_009,NI,6,10to15,1986-06-20T00:00:00,13.6,43.0,10,NI_6_10to15,Standby
STANDBY_010,NI,6,10to15,1986-06-08T18:00:00,12.2,75.0,11,NI_6_10to15,Standby
STANDBY_011,NI,6,10to15,2010-06-10T18:00:00,12.1,88.5,12,NI_6_10to15,Standby
STANDBY_012,NI,6,10to15,2012-06-10T00:00:00,13.4,68.5,13,NI_6_10to15,Standby
STANDBY_013,NI,6,10to15,1998-06-23T12:00:00,10.7,54.3,14,NI_6_10to15,Standby
STANDBY_014,NI,6,10to15,1991-06-10T18:00:00,11.7,95.3,15,NI_6_10to15,Standby
STANDBY_015,NI,6,10to15,2017-06-10T00:00:00,13.3,55.0,16,NI_6_10to15,Standby
STANDBY_016,NI,6,10to15,2000-06-03T06:00:00,10.1,53.0,17,NI_6_10to15,Standby
STANDBY_017,NI,6,10to15,1983-06-02T18:00:00,11.9,65.2,18,NI_6_10to15,Standby
STANDBY_018,NI,6,10to15,2005-06-19T12:00:00,13.6,86.3,19,NI_6_10to15,Standby
STANDBY_019,NI,6,10to15,2022-06-18T06:00:00,11.6,44.9,20,NI_6_10to15,Standby
STANDBY_020,NI,6,10to15,2021-06-11T18:00:00,12.9,87.7,21,NI_6_10to15,Standby
CTRL_001,NI,6,15to20,2018-06-14T12:00:00,17.5,42.1,1,NI_6_15to20,Selected
STANDBY_001,NI,6,15to20,2025-06-16T18:00:00,19.3,87.6,2,NI_6_15to20,Standby
STANDBY_002,NI,6,15to20,2021-06-26T00:00:00,17.5,67.1,3,NI_6_15to20,Standby
STANDBY_003,NI,6,15to20,1992-06-18T12:00:00,18.8,66.0,4,NI_6_15to20,Standby
STANDBY_004,NI,6,15to20,2019-06-13T00:00:00,15.4,97.0,5,NI_6_15to20,Standby
STANDBY_005,NI,6,15to20,1991-06-21T06:00:00,17.1,87.8,6,NI_6_15to20,Standby
STANDBY_006,NI,6,15to20,2022-06-03T00:00:00,16.9,83.4,7,NI_6_15to20,Standby
STANDBY_007,NI,6,15to20,1993-06-14T00:00:00,16.6,55.3,8,NI_6_15to20,Standby
STANDBY_008,NI,6,15to20,2001-06-28T00:00:00,19.5,91.0,9,NI_6_15to20,Standby
STANDBY_009,NI,6,15to20,2023-06-24T12:00:00,16.2,86.8,10,NI_6_15to20,Standby
STANDBY_010,NI,6,15to20,2022-06-16T06:00:00,18.6,40.8,11,NI_6_15to20,Standby
STANDBY_011,NI,6,15to20,1993-06-20T12:00:00,16.1,56.5,12,NI_6_15to20,Standby
STANDBY_012,NI,6,15to20,1980-06-08T00:00:00,15.4,58.2,13,NI_6_15to20,Standby
STANDBY_013,NI,6,15to20,1990-06-03T00:00:00,17.5,71.3,14,NI_6_15to20,Standby
STANDBY_014,NI,6,15to20,1992-06-30T12:00:00,15.3,70.0,15,NI_6_15to20,Standby
STANDBY_015,NI,6,15to20,1998-06-30T06:00:00,19.7,58.9,16,NI_6_15to20,Standby
STANDBY_016,NI,6,15to20,1989-06-28T00:00:00,15.3,40.4,17,NI_6_15to20,Standby
STANDBY_017,NI,6,15to20,1990-06-24T00:00:00,15.2,97.6,18,NI_6_15to20,Standby
STANDBY_018,NI,6,15to20,2010-06-27T06:00:00,17.4,41.2,19,NI_6_15to20,Standby
STANDBY_019,NI,6,15to20,2024-06-18T06:00:00,18.1,85.7,20,NI_6_15to20,Standby
STANDBY_020,NI,6,15to20,2000-06-21T18:00:00,16.2,56.1,21,NI_6_15to20,Standby
CTRL_001,NI,6,20to25,2021-06-01T18:00:00,21.8,66.4,1,NI_6_20to25,Selected
STANDBY_001,NI,6,20to25,2022-06-03T00:00:00,23.0,65.9,2,NI_6_20to25,Standby
STANDBY_002,NI,6,20to25,1995-06-22T06:00:00,24.9,61.2,3,NI_6_20to25,Standby
STANDBY_003,NI,6,20to25,2000-06-18T06:00:00,23.7,66.7,4,NI_6_20to25,Standby
STANDBY_004,NI,6,20to25,2013-06-05T18:00:00,20.6,64.1,5,NI_6_20to25,Standby
STANDBY_005,NI,6,20to25,1995-06-14T00:00:00,23.4,61.0,6,NI_6_20to25,Standby
STANDBY_006,NI,6,20to25,1991-06-13T06:00:00,23.5,58.8,7,NI_6_20to25,Standby
STANDBY_007,NI,6,20to25,2020-06-12T18:00:00,20.7,69.1,8,NI_6_20to25,Standby
STANDBY_008,NI,6,20to25,1985-06-27T06:00:00,21.5,60.9,9,NI_6_20to25,Standby
STANDBY_009,NI,6,20to25,2008-06-17T12:00:00,22.3,66.3,10,NI_6_20to25,Standby
STANDBY_010,NI,6,20to25,1987-06-23T06:00:00,24.1,63.3,11,NI_6_20to25,Standby
STANDBY_011,NI,6,20to25,2010-06-28T00:00:00,22.8,62.0,12,NI_6_20to25,Standby
STANDBY_012,NI,6,20to25,2005-06-02T06:00:00,24.8,62.6,13,NI_6_20to25,Standby
STANDBY_013,NI,6,20to25,1980-06-27T12:00:00,23.9,61.1,14,NI_6_20to25,Standby
STANDBY_014,NI,6,20to25,1986-06-18T00:00:00,20.6,92.1,15,NI_6_20to25,Standby
STANDBY_015,NI,6,20to25,1993-06-10T18:00:00,21.3,66.0,16,NI_6_20to25,Standby
STANDBY_016,NI,6,20to25,2012-06-25T12:00:00,23.9,57.7,17,NI_6_20to25,Standby
STANDBY_017,NI,6,20to25,2019-06-30T12:00:00,21.9,61.7,18,NI_6_20to25,Standby
STANDBY_018,NI,6,20to25,2006-06-02T06:00:00,24.0,66.5,19,NI_6_20to25,Standby
STANDBY_019,NI,6,20to25,1985-06-11T12:00:00,21.8,68.5,20,NI_6_20to25,Standby
STANDBY_020,NI,6,20to25,2022-06-25T00:00:00,20.1,67.5,21,NI_6_20to25,Standby
CTRL_001,NI,7,15to20,1983-07-19T12:00:00,18.8,88.8,1,NI_7_15to20,Selected
CTRL_002,NI,7,15to20,1987-07-27T00:00:00,19.2,63.9,2,NI_7_15to20,Selected
CTRL_003,NI,7,15to20,2012-07-17T12:00:00,15.1,40.7,3,NI_7_15to20,Selected
STANDBY_001,NI,7,15to20,1983-07-27T18:00:00,16.3,87.4,4,NI_7_15to20,Standby
STANDBY_002,NI,7,15to20,2024-07-14T00:00:00,18.3,58.8,5,NI_7_15to20,Standby
STANDBY_003,NI,7,15to20,1993-07-04T18:00:00,19.7,93.5,6,NI_7_15to20,Standby
STANDBY_004,NI,7,15to20,2025-07-29T00:00:00,19.0,61.1,7,NI_7_15to20,Standby
STANDBY_005,NI,7,15to20,1985-07-17T18:00:00,15.2,64.0,8,NI_7_15to20,Standby
STANDBY_006,NI,7,15to20,1999-07-22T06:00:00,18.9,62.5,9,NI_7_15to20,Standby
STANDBY_007,NI,7,15to20,1996-07-02T18:00:00,15.2,63.2,10,NI_7_15to20,Standby
STANDBY_008,NI,7,15to20,2013-07-03T06:00:00,16.8,87.0,11,NI_7_15to20,Standby
STANDBY_009,NI,7,15to20,1993-07-12T00:00:00,17.1,60.7,12,NI_7_15to20,Standby
STANDBY_010,NI,7,15to20,1994-07-12T18:00:00,18.4,91.7,13,NI_7_15to20,Standby
STANDBY_011,NI,7,15to20,2007-07-29T12:00:00,16.2,63.3,14,NI_7_15to20,Standby
STANDBY_012,NI,7,15to20,2008-07-29T18:00:00,15.5,59.3,15,NI_7_15to20,Standby
STANDBY_013,NI,7,15to20,1996-07-30T06:00:00,15.4,53.8,16,NI_7_15to20,Standby
STANDBY_014,NI,7,15to20,2009-07-31T06:00:00,15.4,54.6,17,NI_7_15to20,Standby
STANDBY_015,NI,7,15to20,1995-07-25T00:00:00,15.4,73.4,18,NI_7_15to20,Standby
STANDBY_016,NI,7,15to20,1991-07-20T12:00:00,19.9,63.9,19,NI_7_15to20,Standby
STANDBY_017,NI,7,15to20,1995-07-21T00:00:00,16.8,72.9,20,NI_7_15to20,Standby
STANDBY_018,NI,7,15to20,1980-07-21T00:00:00,15.2,91.3,21,NI_7_15to20,Standby
STANDBY_019,NI,7,15to20,1988-07-28T00:00:00,15.3,68.5,22,NI_7_15to20,Standby
STANDBY_020,NI,7,15to20,1984-07-02T06:00:00,16.3,89.4,23,NI_7_15to20,Standby
CTRL_001,NI,8,20to25,2021-08-25T18:00:00,23.4,66.3,1,NI_8_20to25,Selected
CTRL_002,NI,8,20to25,1984-08-29T18:00:00,24.4,59.2,2,NI_8_20to25,Selected
CTRL_003,NI,8,20to25,2001-08-24T12:00:00,23.8,60.8,3,NI_8_20to25,Selected
CTRL_004,NI,8,20to25,2016-08-28T18:00:00,22.7,66.4,4,NI_8_20to25,Selected
STANDBY_001,NI,8,20to25,1996-08-21T12:00:00,22.7,62.2,5,NI_8_20to25,Standby
STANDBY_002,NI,8,20to25,2001-08-06T06:00:00,20.2,86.6,6,NI_8_20to25,Standby
STANDBY_003,NI,8,20to25,1995-08-02T00:00:00,21.0,61.9,7,NI_8_20to25,Standby
STANDBY_004,NI,8,20to25,2024-08-01T00:00:00,20.8,59.8,8,NI_8_20to25,Standby
STANDBY_005,NI,8,20to25,1994-08-14T00:00:00,21.1,67.4,9,NI_8_20to25,Standby
STANDBY_006,NI,8,20to25,2023-08-25T12:00:00,24.0,57.1,10,NI_8_20to25,Standby
STANDBY_007,NI,8,20to25,2010-08-24T12:00:00,21.6,63.0,11,NI_8_20to25,Standby
STANDBY_008,NI,8,20to25,1981-08-12T06:00:00,23.7,60.4,12,NI_8_20to25,Standby
STANDBY_009,NI,8,20to25,1995-08-11T12:00:00,24.9,64.4,13,NI_8_20to25,Standby
STANDBY_010,NI,8,20to25,1998-08-05T18:00:00,20.5,69.6,14,NI_8_20to25,Standby
STANDBY_011,NI,8,20to25,1980-08-02T06:00:00,23.3,59.7,15,NI_8_20to25,Standby
STANDBY_012,NI,8,20to25,2017-08-01T18:00:00,23.8,66.6,16,NI_8_20to25,Standby
STANDBY_013,NI,8,20to25,1980-08-23T18:00:00,22.0,60.8,17,NI_8_20to25,Standby
STANDBY_014,NI,8,20to25,2021-08-04T00:00:00,21.4,66.9,18,NI_8_20to25,Standby
STANDBY_015,NI,8,20to25,2012-08-12T18:00:00,20.1,72.7,19,NI_8_20to25,Standby
STANDBY_016,NI,8,20to25,1993-08-05T00:00:00,22.6,66.0,20,NI_8_20to25,Standby
STANDBY_017,NI,8,20to25,1998-08-18T12:00:00,23.2,60.2,21,NI_8_20to25,Standby
STANDBY_018,NI,8,20to25,1991-08-10T00:00:00,20.6,92.3,22,NI_8_20to25,Standby
STANDBY_019,NI,8,20to25,2009-08-03T18:00:00,21.7,89.9,23,NI_8_20to25,Standby
STANDBY_020,NI,8,20to25,2021-08-19T12:00:00,20.9,59.3,24,NI_8_20to25,Standby
CTRL_001,NI,9,15to20,2012-09-22T06:00:00,16.0,68.0,1,NI_9_15to20,Selected
CTRL_002,NI,9,15to20,2002-09-05T06:00:00,15.4,69.3,2,NI_9_15to20,Selected
CTRL_003,NI,9,15to20,2009-09-08T00:00:00,17.9,72.4,3,NI_9_15to20,Selected
CTRL_004,NI,9,15to20,1983-09-22T06:00:00,17.6,93.9,4,NI_9_15to20,Selected
STANDBY_001,NI,9,15to20,1997-09-19T12:00:00,15.1,42.2,5,NI_9_15to20,Standby
STANDBY_002,NI,9,15to20,2010-09-10T00:00:00,19.2,59.4,6,NI_9_15to20,Standby
STANDBY_003,NI,9,15to20,1995-09-19T12:00:00,19.3,72.8,7,NI_9_15to20,Standby
STANDBY_004,NI,9,15to20,1993-09-28T06:00:00,19.6,85.8,8,NI_9_15to20,Standby
STANDBY_005,NI,9,15to20,1984-09-17T18:00:00,19.7,86.6,9,NI_9_15to20,Standby
STANDBY_006,NI,9,15to20,2001-09-17T18:00:00,16.1,89.6,10,NI_9_15to20,Standby
STANDBY_007,NI,9,15to20,1984-09-21T18:00:00,15.8,64.8,11,NI_9_15to20,Standby
STANDBY_008,NI,9,15to20,2016-09-22T12:00:00,18.1,57.9,12,NI_9_15to20,Standby
STANDBY_009,NI,9,15to20,2023-09-10T12:00:00,19.5,72.2,13,NI_9_15to20,Standby
STANDBY_010,NI,9,15to20,2014-09-11T06:00:00,17.5,89.5,14,NI_9_15to20,Standby
STANDBY_011,NI,9,15to20,2016-09-22T18:00:00,19.0,70.1,15,NI_9_15to20,Standby
STANDBY_012,NI,9,15to20,2004-09-19T00:00:00,15.7,80.8,16,NI_9_15to20,Standby
STANDBY_013,NI,9,15to20,1987-09-01T06:00:00,16.0,56.7,17,NI_9_15to20,Standby
STANDBY_014,NI,9,15to20,2003-09-09T18:00:00,15.6,42.6,18,NI_9_15to20,Standby
STANDBY_015,NI,9,15to20,2002-09-14T12:00:00,17.1,64.3,19,NI_9_15to20,Standby
STANDBY_016,NI,9,15to20,2014-09-07T00:00:00,16.9,70.4,20,NI_9_15to20,Standby
STANDBY_017,NI,9,15to20,1986-09-08T00:00:00,18.2,61.6,21,NI_9_15to20,Standby
STANDBY_018,NI,9,15to20,2014-09-24T06:00:00,17.0,61.4,22,NI_9_15to20,Standby
STANDBY_019,NI,9,15to20,1983-09-26T00:00:00,15.5,67.4,23,NI_9_15to20,Standby
STANDBY_020,NI,9,15to20,1998-09-19T00:00:00,19.0,40.7,24,NI_9_15to20,Standby
CTRL_001,NI,9,25to30,1990-09-20T00:00:00,26.8,51.5,1,NI_9_25to30,Selected
STANDBY_001,NI,9,25to30,2003-09-23T18:00:00,29.7,50.3,2,NI_9_25to30,Standby
STANDBY_002,NI,9,25to30,2012-09-01T06:00:00,25.0,64.2,3,NI_9_25to30,Standby
STANDBY_003,NI,9,25to30,1997-09-09T12:00:00,25.7,51.8,4,NI_9_25to30,Standby
STANDBY_004,NI,9,25to30,2017-09-10T12:00:00,27.0,50.6,5,NI_9_25to30,Standby
STANDBY_005,NI,9,25to30,2008-09-01T12:00:00,26.9,52.6,6,NI_9_25to30,Standby
STANDBY_006,NI,9,25to30,2001-09-24T12:00:00,28.7,49.6,7,NI_9_25to30,Standby
STANDBY_007,NI,9,25to30,2002-09-23T06:00:00,27.9,49.8,8,NI_9_25to30,Standby
STANDBY_008,NI,9,25to30,2000-09-16T18:00:00,27.0,51.0,9,NI_9_25to30,Standby
STANDBY_009,NI,9,25to30,2013-09-20T00:00:00,26.8,52.8,10,NI_9_25to30,Standby
STANDBY_010,NI,9,25to30,1984-09-07T18:00:00,25.2,57.0,11,NI_9_25to30,Standby
STANDBY_011,NI,9,25to30,1984-09-02T12:00:00,25.1,58.7,12,NI_9_25to30,Standby
STANDBY_012,NI,9,25to30,1993-09-30T12:00:00,29.9,48.9,13,NI_9_25to30,Standby
STANDBY_013,NI,9,25to30,2004-09-20T12:00:00,26.5,52.5,14,NI_9_25to30,Standby
STANDBY_014,NI,9,25to30,2003-09-22T12:00:00,29.4,49.0,15,NI_9_25to30,Standby
STANDBY_015,NI,9,25to30,1990-09-02T12:00:00,25.0,58.8,16,NI_9_25to30,Standby
STANDBY_016,NI,9,25to30,1981-09-02T06:00:00,25.0,50.7,17,NI_9_25to30,Standby
STANDBY_017,NI,9,25to30,1996-09-25T06:00:00,25.6,54.5,18,NI_9_25to30,Standby
STANDBY_018,NI,9,25to30,1994-09-27T06:00:00,27.8,50.5,19,NI_9_25to30,Standby
STANDBY_019,NI,9,25to30,1988-09-22T12:00:00,26.1,51.7,20,NI_9_25to30,Standby
STANDBY_020,NI,9,25to30,2011-09-24T06:00:00,25.0,62.5,21,NI_9_25to30,Standby
CTRL_001,NI,10,10to15,2019-10-09T00:00:00,12.1,97.9,1,NI_10_10to15,Selected
CTRL_002,NI,10,10to15,2002-10-20T12:00:00,11.4,62.0,2,NI_10_10to15,Selected
CTRL_003,NI,10,10to15,2006-10-09T12:00:00,11.6,92.3,3,NI_10_10to15,Selected
CTRL_004,NI,10,10to15,1995-10-26T00:00:00,10.0,85.2,4,NI_10_10to15,Selected
CTRL_005,NI,10,10to15,2018-10-21T12:00:00,13.7,62.1,5,NI_10_10to15,Selected
CTRL_006,NI,10,10to15,2015-10-22T18:00:00,13.4,88.6,6,NI_10_10to15,Selected
STANDBY_001,NI,10,10to15,1997-10-07T12:00:00,12.4,69.6,7,NI_10_10to15,Standby
STANDBY_002,NI,10,10to15,1983-10-26T12:00:00,14.9,82.6,8,NI_10_10to15,Standby
STANDBY_003,NI,10,10to15,2007-10-11T00:00:00,12.4,62.1,9,NI_10_10to15,Standby
STANDBY_004,NI,10,10to15,2015-10-07T06:00:00,12.0,81.6,10,NI_10_10to15,Standby
STANDBY_005,NI,10,10to15,2017-10-16T06:00:00,11.0,44.7,11,NI_10_10to15,Standby
STANDBY_006,NI,10,10to15,2015-10-22T00:00:00,11.4,90.4,12,NI_10_10to15,Standby
STANDBY_007,NI,10,10to15,1987-10-15T12:00:00,11.7,59.1,13,NI_10_10to15,Standby
STANDBY_008,NI,10,10to15,1986-10-23T12:00:00,10.2,71.9,14,NI_10_10to15,Standby
STANDBY_009,NI,10,10to15,1995-10-02T00:00:00,14.8,53.5,15,NI_10_10to15,Standby
STANDBY_010,NI,10,10to15,1981-10-13T06:00:00,11.7,65.8,16,NI_10_10to15,Standby
STANDBY_011,NI,10,10to15,2015-10-09T18:00:00,11.0,95.7,17,NI_10_10to15,Standby
STANDBY_012,NI,10,10to15,2005-10-11T18:00:00,10.4,63.3,18,NI_10_10to15,Standby
STANDBY_013,NI,10,10to15,2010-10-28T12:00:00,12.6,61.2,19,NI_10_10to15,Standby
STANDBY_014,NI,10,10to15,1990-10-30T06:00:00,14.1,53.1,20,NI_10_10to15,Standby
STANDBY_015,NI,10,10to15,1993-10-20T06:00:00,14.0,60.1,21,NI_10_10to15,Standby
STANDBY_016,NI,10,10to15,2005-10-22T00:00:00,14.2,41.9,22,NI_10_10to15,Standby
STANDBY_017,NI,10,10to15,2013-10-19T18:00:00,12.7,53.4,23,NI_10_10to15,Standby
STANDBY_018,NI,10,10to15,1991-10-16T06:00:00,12.1,59.9,24,NI_10_10to15,Standby
STANDBY_019,NI,10,10to15,1999-10-30T12:00:00,10.0,73.9,25,NI_10_10to15,Standby
STANDBY_020,NI,10,10to15,2020-10-05T18:00:00,12.5,63.7,26,NI_10_10to15,Standby
CTRL_001,NI,10,15to20,1982-10-26T06:00:00,15.1,66.3,1,NI_10_15to20,Selected
CTRL_002,NI,10,15to20,2002-10-10T12:00:00,16.1,82.7,2,NI_10_15to20,Selected
CTRL_003,NI,10,15to20,1999-10-20T00:00:00,19.2,63.5,3,NI_10_15to20,Selected
CTRL_004,NI,10,15to20,2009-10-31T18:00:00,15.2,95.2,4,NI_10_15to20,Selected
STANDBY_001,NI,10,15to20,2025-10-31T18:00:00,16.2,62.4,5,NI_10_15to20,Standby
STANDBY_002,NI,10,15to20,2012-10-12T06:00:00,18.0,68.0,6,NI_10_15to20,Standby
STANDBY_003,NI,10,15to20,1983-10-30T18:00:00,16.9,57.8,7,NI_10_15to20,Standby
STANDBY_004,NI,10,15to20,2001-10-29T00:00:00,19.0,40.0,8,NI_10_15to20,Standby
STANDBY_005,NI,10,15to20,1997-10-21T12:00:00,15.6,93.2,9,NI_10_15to20,Standby
STANDBY_006,NI,10,15to20,1992-10-24T06:00:00,18.8,68.4,10,NI_10_15to20,Standby
STANDBY_007,NI,10,15to20,1988-10-26T18:00:00,15.3,95.5,11,NI_10_15to20,Standby
STANDBY_008,NI,10,15to20,1982-10-13T00:00:00,19.9,58.4,12,NI_10_15to20,Standby
STANDBY_009,NI,10,15to20,1984-10-16T06:00:00,15.3,71.1,13,NI_10_15to20,Standby
STANDBY_010,NI,10,15to20,1996-10-06T12:00:00,15.5,92.5,14,NI_10_15to20,Standby
STANDBY_011,NI,10,15to20,2005-10-07T00:00:00,15.1,60.4,15,NI_10_15to20,Standby
STANDBY_012,NI,10,15to20,2023-10-11T06:00:00,15.4,85.5,16,NI_10_15to20,Standby
STANDBY_013,NI,10,15to20,2013-10-04T06:00:00,18.0,69.2,17,NI_10_15to20,Standby
STANDBY_014,NI,10,15to20,1989-10-17T00:00:00,17.6,68.7,18,NI_10_15to20,Standby
STANDBY_015,NI,10,15to20,2022-10-11T00:00:00,15.3,72.9,19,NI_10_15to20,Standby
STANDBY_016,NI,10,15to20,1984-10-16T06:00:00,17.1,41.8,20,NI_10_15to20,Standby
STANDBY_017,NI,10,15to20,2011-10-04T12:00:00,19.1,67.1,21,NI_10_15to20,Standby
STANDBY_018,NI,10,15to20,1996-10-01T00:00:00,17.5,63.2,22,NI_10_15to20,Standby
STANDBY_019,NI,10,15to20,1985-10-22T00:00:00,18.8,59.1,23,NI_10_15to20,Standby
STANDBY_020,NI,10,15to20,2019-10-26T12:00:00,17.9,87.8,24,NI_10_15to20,Standby
CTRL_001,NI,10,5to10,1990-10-22T06:00:00,5.1,53.1,1,NI_10_5to10,Selected
STANDBY_001,NI,10,5to10,1997-10-03T00:00:00,7.7,78.2,2,NI_10_5to10,Standby
STANDBY_002,NI,10,5to10,2005-10-30T00:00:00,6.6,56.8,3,NI_10_5to10,Standby
STANDBY_003,NI,10,5to10,2007-10-26T12:00:00,9.0,89.2,4,NI_10_5to10,Standby
STANDBY_004,NI,10,5to10,1985-10-25T18:00:00,6.2,88.6,5,NI_10_5to10,Standby
STANDBY_005,NI,10,5to10,2006-10-12T12:00:00,8.8,62.8,6,NI_10_5to10,Standby
STANDBY_006,NI,10,5to10,2004-10-18T18:00:00,7.3,72.6,7,NI_10_5to10,Standby
STANDBY_007,NI,10,5to10,1988-10-19T00:00:00,8.4,83.7,8,NI_10_5to10,Standby
STANDBY_008,NI,10,5to10,1981-10-12T06:00:00,8.8,90.3,9,NI_10_5to10,Standby
STANDBY_009,NI,10,5to10,2002-10-13T12:00:00,6.0,61.5,10,NI_10_5to10,Standby
STANDBY_010,NI,10,5to10,1996-10-13T12:00:00,6.7,52.3,11,NI_10_5to10,Standby
STANDBY_011,NI,10,5to10,2004-10-17T18:00:00,5.7,50.7,12,NI_10_5to10,Standby
STANDBY_012,NI,10,5to10,2024-10-15T18:00:00,6.7,53.7,13,NI_10_5to10,Standby
STANDBY_013,NI,10,5to10,2017-10-29T00:00:00,5.6,79.1,14,NI_10_5to10,Standby
STANDBY_014,NI,10,5to10,1982-10-16T18:00:00,5.4,68.4,15,NI_10_5to10,Standby
STANDBY_015,NI,10,5to10,2006-10-18T12:00:00,7.6,79.0,16,NI_10_5to10,Standby
STANDBY_016,NI,10,5to10,1988-10-08T12:00:00,6.7,73.8,17,NI_10_5to10,Standby
STANDBY_017,NI,10,5to10,1990-10-06T00:00:00,6.7,95.0,18,NI_10_5to10,Standby
STANDBY_018,NI,10,5to10,2015-10-29T00:00:00,9.5,82.6,19,NI_10_5to10,Standby
STANDBY_019,NI,10,5to10,2005-10-25T12:00:00,7.9,54.7,20,NI_10_5to10,Standby
STANDBY_020,NI,10,5to10,2020-10-22T18:00:00,6.5,51.2,21,NI_10_5to10,Standby
CTRL_001,NI,11,10to15,2001-11-20T12:00:00,12.2,64.8,1,NI_11_10to15,Selected
CTRL_002,NI,11,10to15,2007-11-28T18:00:00,12.0,45.4,2,NI_11_10to15,Selected
CTRL_003,NI,11,10to15,1985-11-17T18:00:00,11.5,48.6,3,NI_11_10to15,Selected
CTRL_004,NI,11,10to15,2012-11-08T06:00:00,14.4,65.7,4,NI_11_10to15,Selected
CTRL_005,NI,11,10to15,2007-11-01T12:00:00,12.9,91.8,5,NI_11_10to15,Selected
STANDBY_001,NI,11,10to15,2000-11-14T18:00:00,10.8,96.6,6,NI_11_10to15,Standby
STANDBY_002,NI,11,10to15,2011-11-26T06:00:00,11.8,48.2,7,NI_11_10to15,Standby
STANDBY_003,NI,11,10to15,2009-11-13T12:00:00,12.1,55.3,8,NI_11_10to15,Standby
STANDBY_004,NI,11,10to15,1989-11-03T06:00:00,12.3,49.1,9,NI_11_10to15,Standby
STANDBY_005,NI,11,10to15,1995-11-16T18:00:00,13.6,66.0,10,NI_11_10to15,Standby
STANDBY_006,NI,11,10to15,2006-11-19T06:00:00,13.5,89.0,11,NI_11_10to15,Standby
STANDBY_007,NI,11,10to15,1984-11-10T18:00:00,12.6,62.8,12,NI_11_10to15,Standby
STANDBY_008,NI,11,10to15,2009-11-04T06:00:00,11.0,89.2,13,NI_11_10to15,Standby
STANDBY_009,NI,11,10to15,1981-11-07T00:00:00,12.3,89.6,14,NI_11_10to15,Standby
STANDBY_010,NI,11,10to15,2001-11-26T12:00:00,13.5,93.9,15,NI_11_10to15,Standby
STANDBY_011,NI,11,10to15,2006-11-18T00:00:00,14.7,57.7,16,NI_11_10to15,Standby
STANDBY_012,NI,11,10to15,2015-11-22T18:00:00,10.1,73.9,17,NI_11_10to15,Standby
STANDBY_013,NI,11,10to15,1986-11-20T06:00:00,10.5,60.0,18,NI_11_10to15,Standby
STANDBY_014,NI,11,10to15,1986-11-20T06:00:00,13.5,55.9,19,NI_11_10to15,Standby
STANDBY_015,NI,11,10to15,1993-11-14T18:00:00,13.8,86.3,20,NI_11_10to15,Standby
STANDBY_016,NI,11,10to15,2006-11-07T18:00:00,14.1,73.0,21,NI_11_10to15,Standby
STANDBY_017,NI,11,10to15,2009-11-22T18:00:00,10.0,61.7,22,NI_11_10to15,Standby
STANDBY_018,NI,11,10to15,2000-11-16T18:00:00,14.4,64.7,23,NI_11_10to15,Standby
STANDBY_019,NI,11,10to15,1990-11-27T18:00:00,14.6,83.9,24,NI_11_10to15,Standby
STANDBY_020,NI,11,10to15,2006-11-16T00:00:00,13.9,52.1,25,NI_11_10to15,Standby
CTRL_001,NI,11,5to10,2001-11-01T00:00:00,6.2,81.8,1,NI_11_5to10,Selected
CTRL_002,NI,11,5to10,1988-11-29T18:00:00,8.3,54.0,2,NI_11_5to10,Selected
CTRL_003,NI,11,5to10,1990-11-13T00:00:00,8.7,95.0,3,NI_11_5to10,Selected
CTRL_004,NI,11,5to10,1983-11-12T12:00:00,5.7,82.1,4,NI_11_5to10,Selected
CTRL_005,NI,11,5to10,2003-11-14T18:00:00,5.8,90.9,5,NI_11_5to10,Selected
CTRL_006,NI,11,5to10,1987-11-01T00:00:00,6.4,59.0,6,NI_11_5to10,Selected
CTRL_007,NI,11,5to10,2011-11-23T00:00:00,7.4,61.2,7,NI_11_5to10,Selected
CTRL_008,NI,11,5to10,1985-11-25T18:00:00,6.3,52.4,8,NI_11_5to10,Selected
STANDBY_001,NI,11,5to10,2008-11-01T12:00:00,8.6,96.4,9,NI_11_5to10,Standby
STANDBY_002,NI,11,5to10,2005-11-04T18:00:00,5.9,56.0,10,NI_11_5to10,Standby
STANDBY_003,NI,11,5to10,2025-11-07T06:00:00,7.1,97.2,11,NI_11_5to10,Standby
STANDBY_004,NI,11,5to10,2001-11-01T06:00:00,6.1,95.3,12,NI_11_5to10,Standby
STANDBY_005,NI,11,5to10,2008-11-22T00:00:00,9.8,59.8,13,NI_11_5to10,Standby
STANDBY_006,NI,11,5to10,2017-11-07T06:00:00,9.6,57.3,14,NI_11_5to10,Standby
STANDBY_007,NI,11,5to10,1980-11-02T06:00:00,6.9,89.5,15,NI_11_5to10,Standby
STANDBY_008,NI,11,5to10,1986-11-27T06:00:00,6.7,98.0,16,NI_11_5to10,Standby
STANDBY_009,NI,11,5to10,2022-11-10T06:00:00,9.5,62.3,17,NI_11_5to10,Standby
STANDBY_010,NI,11,5to10,2022-11-11T12:00:00,7.9,72.1,18,NI_11_5to10,Standby
STANDBY_011,NI,11,5to10,2018-11-26T06:00:00,8.3,75.7,19,NI_11_5to10,Standby
STANDBY_012,NI,11,5to10,2017-11-08T18:00:00,5.8,64.3,20,NI_11_5to10,Standby
STANDBY_013,NI,11,5to10,2025-11-02T06:00:00,9.3,59.6,21,NI_11_5to10,Standby
STANDBY_014,NI,11,5to10,2003-11-07T06:00:00,6.5,79.5,22,NI_11_5to10,Standby
STANDBY_015,NI,11,5to10,1981-11-27T00:00:00,7.4,89.0,23,NI_11_5to10,Standby
STANDBY_016,NI,11,5to10,2022-11-10T00:00:00,7.9,64.1,24,NI_11_5to10,Standby
STANDBY_017,NI,11,5to10,2001-11-03T12:00:00,8.9,62.0,25,NI_11_5to10,Standby
STANDBY_018,NI,11,5to10,1983-11-04T00:00:00,5.2,48.7,26,NI_11_5to10,Standby
STANDBY_019,NI,11,5to10,1981-11-29T00:00:00,8.3,70.5,27,NI_11_5to10,Standby
STANDBY_020,NI,11,5to10,1982-11-03T18:00:00,9.0,90.5,28,NI_11_5to10,Standby
CTRL_001,SI,1,-10to-5,1987-01-26T06:00:00,-7.4,90.6,1,SI_1_-10to-5,Selected
CTRL_002,SI,1,-10to-5,2023-01-19T12:00:00,-7.1,101.5,2,SI_1_-10to-5,Selected
CTRL_003,SI,1,-10to-5,2015-01-07T00:00:00,-5.7,81.5,3,SI_1_-10to-5,Selected
CTRL_004,SI,1,-10to-5,2020-01-15T18:00:00,-7.2,74.0,4,SI_1_-10to-5,Selected
CTRL_005,SI,1,-10to-5,2011-01-04T00:00:00,-6.1,114.3,5,SI_1_-10to-5,Selected
STANDBY_001,SI,1,-10to-5,1992-01-12T00:00:00,-8.3,45.4,6,SI_1_-10to-5,Standby
STANDBY_002,SI,1,-10to-5,1982-01-23T18:00:00,-5.8,118.8,7,SI_1_-10to-5,Standby
STANDBY_003,SI,1,-10to-5,1982-01-30T12:00:00,-8.2,81.6,8,SI_1_-10to-5,Standby
STANDBY_004,SI,1,-10to-5,1983-01-13T12:00:00,-8.4,64.2,9,SI_1_-10to-5,Standby
STANDBY_005,SI,1,-10to-5,1999-01-26T12:00:00,-8.8,44.4,10,SI_1_-10to-5,Standby
STANDBY_006,SI,1,-10to-5,2005-01-28T06:00:00,-5.1,118.7,11,SI_1_-10to-5,Standby
STANDBY_007,SI,1,-10to-5,2001-01-05T12:00:00,-5.7,119.8,12,SI_1_-10to-5,Standby
STANDBY_008,SI,1,-10to-5,2012-01-28T18:00:00,-9.6,49.3,13,SI_1_-10to-5,Standby
STANDBY_009,SI,1,-10to-5,2010-01-10T00:00:00,-7.1,40.5,14,SI_1_-10to-5,Standby
STANDBY_010,SI,1,-10to-5,1987-01-14T06:00:00,-7.7,56.7,15,SI_1_-10to-5,Standby
STANDBY_011,SI,1,-10to-5,2019-01-10T12:00:00,-6.1,84.0,16,SI_1_-10to-5,Standby
STANDBY_012,SI,1,-10to-5,2019-01-30T06:00:00,-7.3,117.7,17,SI_1_-10to-5,Standby
STANDBY_013,SI,1,-10to-5,1986-01-25T12:00:00,-8.7,89.7,18,SI_1_-10to-5,Standby
STANDBY_014,SI,1,-10to-5,1987-01-15T06:00:00,-8.7,47.0,19,SI_1_-10to-5,Standby
STANDBY_015,SI,1,-10to-5,1989-01-22T00:00:00,-5.4,48.9,20,SI_1_-10to-5,Standby
STANDBY_016,SI,1,-10to-5,1995-01-01T18:00:00,-5.8,91.8,21,SI_1_-10to-5,Standby
STANDBY_017,SI,1,-10to-5,2024-01-07T12:00:00,-8.7,111.9,22,SI_1_-10to-5,Standby
STANDBY_018,SI,1,-10to-5,2021-01-04T18:00:00,-8.3,62.1,23,SI_1_-10to-5,Standby
STANDBY_019,SI,1,-10to-5,2022-01-20T18:00:00,-6.4,101.7,24,SI_1_-10to-5,Standby
STANDBY_020,SI,1,-10to-5,2009-01-21T00:00:00,-9.0,72.6,25,SI_1_-10to-5,Standby
CTRL_001,SI,1,-15to-10,2002-01-09T18:00:00,-13.9,97.4,1,SI_1_-15to-10,Selected
CTRL_002,SI,1,-15to-10,2017-01-02T18:00:00,-13.4,41.4,2,SI_1_-15to-10,Selected
CTRL_003,SI,1,-15to-10,2014-01-10T18:00:00,-11.3,64.3,3,SI_1_-15to-10,Selected
STANDBY_001,SI,1,-15to-10,2010-01-10T06:00:00,-11.5,67.2,4,SI_1_-15to-10,Standby
STANDBY_002,SI,1,-15to-10,2024-01-07T18:00:00,-12.9,117.2,5,SI_1_-15to-10,Standby
STANDBY_003,SI,1,-15to-10,2016-01-23T12:00:00,-11.5,90.8,6,SI_1_-15to-10,Standby
STANDBY_004,SI,1,-15to-10,1991-01-26T00:00:00,-10.5,118.2,7,SI_1_-15to-10,Standby
STANDBY_005,SI,1,-15to-10,2015-01-09T18:00:00,-11.7,98.0,8,SI_1_-15to-10,Standby
STANDBY_006,SI,1,-15to-10,1990-01-05T12:00:00,-11.3,34.5,9,SI_1_-15to-10,Standby
STANDBY_007,SI,1,-15to-10,2003-01-05T06:00:00,-14.6,81.6,10,SI_1_-15to-10,Standby
STANDBY_008,SI,1,-15to-10,2022-01-24T06:00:00,-11.7,110.3,11,SI_1_-15to-10,Standby
STANDBY_009,SI,1,-15to-10,1988-01-07T00:00:00,-11.0,83.8,12,SI_1_-15to-10,Standby
STANDBY_010,SI,1,-15to-10,2007-01-26T12:00:00,-13.4,96.8,13,SI_1_-15to-10,Standby
STANDBY_011,SI,1,-15to-10,1981-01-10T06:00:00,-11.7,95.3,14,SI_1_-15to-10,Standby
STANDBY_012,SI,1,-15to-10,2004-01-01T06:00:00,-11.1,42.6,15,SI_1_-15to-10,Standby
STANDBY_013,SI,1,-15to-10,2007-01-11T06:00:00,-10.8,54.1,16,SI_1_-15to-10,Standby
STANDBY_014,SI,1,-15to-10,2020-01-12T00:00:00,-13.4,81.3,17,SI_1_-15to-10,Standby
STANDBY_015,SI,1,-15to-10,2020-01-30T12:00:00,-14.4,85.3,18,SI_1_-15to-10,Standby
STANDBY_016,SI,1,-15to-10,1984-01-09T00:00:00,-12.1,62.4,19,SI_1_-15to-10,Standby
STANDBY_017,SI,1,-15to-10,2024-01-29T06:00:00,-13.7,105.6,20,SI_1_-15to-10,Standby
STANDBY_018,SI,1,-15to-10,2002-01-12T06:00:00,-14.6,57.1,21,SI_1_-15to-10,Standby
STANDBY_019,SI,1,-15to-10,2022-01-05T06:00:00,-14.5,51.9,22,SI_1_-15to-10,Standby
STANDBY_020,SI,1,-15to-10,2007-01-28T12:00:00,-10.1,56.4,23,SI_1_-15to-10,Standby
CTRL_001,SI,1,-20to-15,2000-01-13T00:00:00,-15.1,102.3,1,SI_1_-20to-15,Selected
CTRL_002,SI,1,-20to-15,2024-01-09T12:00:00,-19.9,112.3,2,SI_1_-20to-15,Selected
STANDBY_001,SI,1,-20to-15,2010-01-02T06:00:00,-16.6,106.2,3,SI_1_-20to-15,Standby
STANDBY_002,SI,1,-20to-15,1996-01-23T18:00:00,-18.4,54.8,4,SI_1_-20to-15,Standby
STANDBY_003,SI,1,-20to-15,1987-01-29T18:00:00,-17.6,53.7,5,SI_1_-20to-15,Standby
STANDBY_004,SI,1,-20to-15,1991-01-07T06:00:00,-15.4,54.6,6,SI_1_-20to-15,Standby
STANDBY_005,SI,1,-20to-15,2000-01-19T12:00:00,-18.3,83.7,7,SI_1_-20to-15,Standby
STANDBY_006,SI,1,-20to-15,1989-01-05T00:00:00,-17.3,79.0,8,SI_1_-20to-15,Standby
STANDBY_007,SI,1,-20to-15,2020-01-05T18:00:00,-16.6,97.5,9,SI_1_-20to-15,Standby
STANDBY_008,SI,1,-20to-15,2000-01-18T12:00:00,-15.1,70.2,10,SI_1_-20to-15,Standby
STANDBY_009,SI,1,-20to-15,2023-01-25T18:00:00,-18.9,104.2,11,SI_1_-20to-15,Standby
STANDBY_010,SI,1,-20to-15,2004-01-16T00:00:00,-15.8,69.1,12,SI_1_-20to-15,Standby
STANDBY_011,SI,1,-20to-15,2022-01-10T12:00:00,-19.4,81.5,13,SI_1_-20to-15,Standby
STANDBY_012,SI,1,-20to-15,1998-01-17T12:00:00,-17.5,53.8,14,SI_1_-20to-15,Standby
STANDBY_013,SI,1,-20to-15,2015-01-18T18:00:00,-19.3,96.4,15,SI_1_-20to-15,Standby
STANDBY_014,SI,1,-20to-15,1996-01-18T00:00:00,-17.8,103.4,16,SI_1_-20to-15,Standby
STANDBY_015,SI,1,-20to-15,2017-01-25T12:00:00,-15.6,53.1,17,SI_1_-20to-15,Standby
STANDBY_016,SI,1,-20to-15,2020-01-13T06:00:00,-16.8,78.3,18,SI_1_-20to-15,Standby
STANDBY_017,SI,1,-20to-15,2017-01-25T12:00:00,-15.7,44.4,19,SI_1_-20to-15,Standby
STANDBY_018,SI,1,-20to-15,2016-01-19T18:00:00,-17.8,109.5,20,SI_1_-20to-15,Standby
STANDBY_019,SI,1,-20to-15,2016-01-07T00:00:00,-16.1,40.1,21,SI_1_-20to-15,Standby
STANDBY_020,SI,1,-20to-15,2018-01-25T06:00:00,-17.4,103.4,22,SI_1_-20to-15,Standby
CTRL_001,SI,1,-25to-20,1990-01-28T12:00:00,-23.4,103.1,1,SI_1_-25to-20,Selected
STANDBY_001,SI,1,-25to-20,2024-01-04T00:00:00,-20.5,84.3,2,SI_1_-25to-20,Standby
STANDBY_002,SI,1,-25to-20,1988-01-15T06:00:00,-20.5,114.3,3,SI_1_-25to-20,Standby
STANDBY_003,SI,1,-25to-20,2014-01-16T06:00:00,-21.2,90.8,4,SI_1_-25to-20,Standby
STANDBY_004,SI,1,-25to-20,1992-01-21T00:00:00,-21.4,43.3,5,SI_1_-25to-20,Standby
STANDBY_005,SI,1,-25to-20,2023-01-09T12:00:00,-22.5,67.7,6,SI_1_-25to-20,Standby
STANDBY_006,SI,1,-25to-20,2010-01-30T06:00:00,-20.7,106.0,7,SI_1_-25to-20,Standby
STANDBY_007,SI,1,-25to-20,2012-01-23T00:00:00,-23.2,82.0,8,SI_1_-25to-20,Standby
STANDBY_008,SI,1,-25to-20,2005-01-10T06:00:00,-23.7,75.1,9,SI_1_-25to-20,Standby
STANDBY_009,SI,1,-25to-20,2011-01-14T18:00:00,-25.0,37.3,10,SI_1_-25to-20,Standby
STANDBY_010,SI,1,-25to-20,2010-01-20T12:00:00,-21.6,41.1,11,SI_1_-25to-20,Standby
STANDBY_011,SI,1,-25to-20,2024-01-08T18:00:00,-20.7,104.0,12,SI_1_-25to-20,Standby
STANDBY_012,SI,1,-25to-20,1990-01-21T00:00:00,-24.3,72.2,13,SI_1_-25to-20,Standby
STANDBY_013,SI,1,-25to-20,1981-01-25T06:00:00,-20.4,42.8,14,SI_1_-25to-20,Standby
STANDBY_014,SI,1,-25to-20,2017-01-06T18:00:00,-20.3,80.2,15,SI_1_-25to-20,Standby
STANDBY_015,SI,1,-25to-20,1988-01-25T06:00:00,-24.6,75.6,16,SI_1_-25to-20,Standby
STANDBY_016,SI,1,-25to-20,1998-01-15T06:00:00,-20.2,104.2,17,SI_1_-25to-20,Standby
STANDBY_017,SI,1,-25to-20,2007-01-15T18:00:00,-21.6,101.0,18,SI_1_-25to-20,Standby
STANDBY_018,SI,1,-25to-20,2016-01-29T06:00:00,-20.1,99.6,19,SI_1_-25to-20,Standby
STANDBY_019,SI,1,-25to-20,2011-01-21T18:00:00,-23.0,71.1,20,SI_1_-25to-20,Standby
STANDBY_020,SI,1,-25to-20,1995-01-17T06:00:00,-21.3,102.0,21,SI_1_-25to-20,Standby
CTRL_001,SI,2,-10to-5,1987-02-08T18:00:00,-6.2,39.1,1,SI_2_-10to-5,Selected
STANDBY_001,SI,2,-10to-5,1995-02-14T12:00:00,-6.3,69.9,2,SI_2_-10to-5,Standby
STANDBY_002,SI,2,-10to-5,2008-02-18T06:00:00,-6.1,104.6,3,SI_2_-10to-5,Standby
STANDBY_003,SI,2,-10to-5,1995-02-26T18:00:00,-9.0,81.6,4,SI_2_-10to-5,Standby
STANDBY_004,SI,2,-10to-5,2009-02-14T06:00:00,-8.4,101.1,5,SI_2_-10to-5,Standby
STANDBY_005,SI,2,-10to-5,2001-02-20T06:00:00,-5.5,51.6,6,SI_2_-10to-5,Standby
STANDBY_006,SI,2,-10to-5,2010-02-17T18:00:00,-5.3,69.7,7,SI_2_-10to-5,Standby
STANDBY_007,SI,2,-10to-5,1995-02-03T00:00:00,-7.8,115.5,8,SI_2_-10to-5,Standby
STANDBY_008,SI,2,-10to-5,1982-02-14T00:00:00,-8.7,60.1,9,SI_2_-10to-5,Standby
STANDBY_009,SI,2,-10to-5,1984-02-18T06:00:00,-6.0,50.1,10,SI_2_-10to-5,Standby
STANDBY_010,SI,2,-10to-5,1993-02-09T18:00:00,-5.5,71.1,11,SI_2_-10to-5,Standby
STANDBY_011,SI,2,-10to-5,2023-02-04T00:00:00,-9.8,48.2,12,SI_2_-10to-5,Standby
STANDBY_012,SI,2,-10to-5,1993-02-07T00:00:00,-5.4,54.7,13,SI_2_-10to-5,Standby
STANDBY_013,SI,2,-10to-5,1996-02-26T12:00:00,-9.9,107.5,14,SI_2_-10to-5,Standby
STANDBY_014,SI,2,-10to-5,2023-02-19T12:00:00,-8.7,50.2,15,SI_2_-10to-5,Standby
STANDBY_015,SI,2,-10to-5,2011-02-25T06:00:00,-5.5,106.3,16,SI_2_-10to-5,Standby
STANDBY_016,SI,2,-10to-5,2000-02-12T00:00:00,-9.7,114.2,17,SI_2_-10to-5,Standby
STANDBY_017,SI,2,-10to-5,1988-02-17T00:00:00,-8.8,82.1,18,SI_2_-10to-5,Standby
STANDBY_018,SI,2,-10to-5,2022-02-03T06:00:00,-7.9,43.3,19,SI_2_-10to-5,Standby
STANDBY_019,SI,2,-10to-5,1990-02-21T06:00:00,-6.0,78.9,20,SI_2_-10to-5,Standby
STANDBY_020,SI,2,-10to-5,2014-02-18T00:00:00,-6.4,119.3,21,SI_2_-10to-5,Standby
CTRL_001,SI,2,-15to-10,2013-02-15T00:00:00,-14.2,69.6,1,SI_2_-15to-10,Selected
CTRL_002,SI,2,-15to-10,2001-02-12T12:00:00,-13.2,69.0,2,SI_2_-15to-10,Selected
CTRL_003,SI,2,-15to-10,2005-02-09T00:00:00,-10.7,43.2,3,SI_2_-15to-10,Selected
CTRL_004,SI,2,-15to-10,2017-02-17T12:00:00,-12.1,77.7,4,SI_2_-15to-10,Selected
CTRL_005,SI,2,-15to-10,2017-02-17T00:00:00,-13.1,118.3,5,SI_2_-15to-10,Selected
CTRL_006,SI,2,-15to-10,2010-02-22T00:00:00,-15.0,101.5,6,SI_2_-15to-10,Selected
STANDBY_001,SI,2,-15to-10,2001-02-06T00:00:00,-12.9,96.5,7,SI_2_-15to-10,Standby
STANDBY_002,SI,2,-15to-10,2014-02-07T00:00:00,-12.6,88.9,8,SI_2_-15to-10,Standby
STANDBY_003,SI,2,-15to-10,2005-02-24T06:00:00,-11.3,89.7,9,SI_2_-15to-10,Standby
STANDBY_004,SI,2,-15to-10,2016-02-29T06:00:00,-13.4,100.8,10,SI_2_-15to-10,Standby
STANDBY_005,SI,2,-15to-10,1989-02-24T18:00:00,-12.1,48.3,11,SI_2_-15to-10,Standby
STANDBY_006,SI,2,-15to-10,2024-02-20T06:00:00,-10.3,87.6,12,SI_2_-15to-10,Standby
STANDBY_007,SI,2,-15to-10,1992-02-07T06:00:00,-14.8,52.4,13,SI_2_-15to-10,Standby
STANDBY_008,SI,2,-15to-10,2005-02-06T00:00:00,-10.2,44.3,14,SI_2_-15to-10,Standby
STANDBY_009,SI,2,-15to-10,2024-02-26T06:00:00,-10.1,92.4,15,SI_2_-15to-10,Standby
STANDBY_010,SI,2,-15to-10,2006-02-23T06:00:00,-12.9,100.9,16,SI_2_-15to-10,Standby
STANDBY_011,SI,2,-15to-10,2018-02-26T18:00:00,-10.4,72.9,17,SI_2_-15to-10,Standby
STANDBY_012,SI,2,-15to-10,2014-02-06T00:00:00,-12.0,82.9,18,SI_2_-15to-10,Standby
STANDBY_013,SI,2,-15to-10,2002-02-17T06:00:00,-14.9,99.1,19,SI_2_-15to-10,Standby
STANDBY_014,SI,2,-15to-10,1981-02-16T12:00:00,-12.1,111.5,20,SI_2_-15to-10,Standby
STANDBY_015,SI,2,-15to-10,1982-02-24T00:00:00,-12.4,53.6,21,SI_2_-15to-10,Standby
STANDBY_016,SI,2,-15to-10,1984-02-20T06:00:00,-12.7,43.5,22,SI_2_-15to-10,Standby
STANDBY_017,SI,2,-15to-10,2016-02-29T18:00:00,-11.1,115.1,23,SI_2_-15to-10,Standby
STANDBY_018,SI,2,-15to-10,1981-02-16T12:00:00,-12.0,72.9,24,SI_2_-15to-10,Standby
STANDBY_019,SI,2,-15to-10,1983-02-28T18:00:00,-14.2,62.1,25,SI_2_-15to-10,Standby
STANDBY_020,SI,2,-15to-10,2011-02-28T12:00:00,-10.9,65.3,26,SI_2_-15to-10,Standby
CTRL_001,SI,2,-20to-15,1994-02-28T00:00:00,-15.6,67.8,1,SI_2_-20to-15,Selected
CTRL_002,SI,2,-20to-15,1986-02-20T18:00:00,-16.7,90.2,2,SI_2_-20to-15,Selected
CTRL_003,SI,2,-20to-15,2013-02-02T18:00:00,-15.5,100.0,3,SI_2_-20to-15,Selected
STANDBY_001,SI,2,-20to-15,2012-02-10T00:00:00,-19.8,118.4,4,SI_2_-20to-15,Standby
STANDBY_002,SI,2,-20to-15,2005-02-25T06:00:00,-19.9,42.0,5,SI_2_-20to-15,Standby
STANDBY_003,SI,2,-20to-15,2006-02-21T12:00:00,-16.2,100.8,6,SI_2_-20to-15,Standby
STANDBY_004,SI,2,-20to-15,1981-02-13T06:00:00,-16.8,72.8,7,SI_2_-20to-15,Standby
STANDBY_005,SI,2,-20to-15,1981-02-04T06:00:00,-17.5,107.1,8,SI_2_-20to-15,Standby
STANDBY_006,SI,2,-20to-15,2015-02-20T00:00:00,-18.8,114.7,9,SI_2_-20to-15,Standby
STANDBY_007,SI,2,-20to-15,1987-02-04T18:00:00,-19.6,78.1,10,SI_2_-20to-15,Standby
STANDBY_008,SI,2,-20to-15,2006-02-21T18:00:00,-17.7,39.9,11,SI_2_-20to-15,Standby
STANDBY_009,SI,2,-20to-15,2013-02-14T00:00:00,-17.2,66.7,12,SI_2_-20to-15,Standby
STANDBY_010,SI,2,-20to-15,2019-02-22T06:00:00,-19.9,66.0,13,SI_2_-20to-15,Standby
STANDBY_011,SI,2,-20to-15,1991-02-14T12:00:00,-17.2,57.0,14,SI_2_-20to-15,Standby
STANDBY_012,SI,2,-20to-15,2007-02-07T12:00:00,-20.0,87.1,15,SI_2_-20to-15,Standby
STANDBY_013,SI,2,-20to-15,2005-02-18T18:00:00,-18.9,43.1,16,SI_2_-20to-15,Standby
STANDBY_014,SI,2,-20to-15,1986-02-13T18:00:00,-19.1,98.7,17,SI_2_-20to-15,Standby
STANDBY_015,SI,2,-20to-15,1995-02-17T18:00:00,-15.2,95.4,18,SI_2_-20to-15,Standby
STANDBY_016,SI,2,-20to-15,2001-02-26T00:00:00,-18.4,60.0,19,SI_2_-20to-15,Standby
STANDBY_017,SI,2,-20to-15,1986-02-27T12:00:00,-19.2,79.6,20,SI_2_-20to-15,Standby
STANDBY_018,SI,2,-20to-15,2021-02-16T12:00:00,-17.7,99.9,21,SI_2_-20to-15,Standby
STANDBY_019,SI,2,-20to-15,2016-02-24T06:00:00,-15.4,67.5,22,SI_2_-20to-15,Standby
STANDBY_020,SI,2,-20to-15,2009-02-21T06:00:00,-15.6,56.3,23,SI_2_-20to-15,Standby
CTRL_001,SI,2,-25to-20,2006-02-15T12:00:00,-24.6,104.7,1,SI_2_-25to-20,Selected
STANDBY_001,SI,2,-25to-20,1986-02-26T12:00:00,-23.8,74.3,2,SI_2_-25to-20,Standby
STANDBY_002,SI,2,-25to-20,2013-02-25T06:00:00,-23.1,77.8,3,SI_2_-25to-20,Standby
STANDBY_003,SI,2,-25to-20,1994-02-21T18:00:00,-22.1,104.1,4,SI_2_-25to-20,Standby
STANDBY_004,SI,2,-25to-20,1981-02-07T00:00:00,-23.4,98.0,5,SI_2_-25to-20,Standby
STANDBY_005,SI,2,-25to-20,1991-02-10T18:00:00,-22.0,59.5,6,SI_2_-25to-20,Standby
STANDBY_006,SI,2,-25to-20,1981-02-11T00:00:00,-20.3,86.3,7,SI_2_-25to-20,Standby
STANDBY_007,SI,2,-25to-20,1999-02-25T18:00:00,-21.7,103.6,8,SI_2_-25to-20,Standby
STANDBY_008,SI,2,-25to-20,2019-02-09T12:00:00,-22.5,103.4,9,SI_2_-25to-20,Standby
STANDBY_009,SI,2,-25to-20,2010-02-24T00:00:00,-22.2,89.3,10,SI_2_-25to-20,Standby
STANDBY_010,SI,2,-25to-20,2000-02-24T00:00:00,-22.4,87.5,11,SI_2_-25to-20,Standby
STANDBY_011,SI,2,-25to-20,2014-02-21T12:00:00,-20.4,90.7,12,SI_2_-25to-20,Standby
STANDBY_012,SI,2,-25to-20,2005-02-20T06:00:00,-24.4,54.3,13,SI_2_-25to-20,Standby
STANDBY_013,SI,2,-25to-20,1993-02-02T06:00:00,-23.9,78.6,14,SI_2_-25to-20,Standby
STANDBY_014,SI,2,-25to-20,2006-02-03T12:00:00,-24.1,75.8,15,SI_2_-25to-20,Standby
STANDBY_015,SI,2,-25to-20,2022-02-03T00:00:00,-24.7,98.2,16,SI_2_-25to-20,Standby
STANDBY_016,SI,2,-25to-20,2014-02-27T00:00:00,-22.4,84.1,17,SI_2_-25to-20,Standby
STANDBY_017,SI,2,-25to-20,1998-02-05T12:00:00,-22.7,72.6,18,SI_2_-25to-20,Standby
STANDBY_018,SI,2,-25to-20,1986-02-12T06:00:00,-23.8,102.5,19,SI_2_-25to-20,Standby
STANDBY_019,SI,2,-25to-20,1982-02-16T06:00:00,-23.4,96.2,20,SI_2_-25to-20,Standby
STANDBY_020,SI,2,-25to-20,1999-02-17T12:00:00,-22.5,93.3,21,SI_2_-25to-20,Standby
CTRL_001,SI,3,-10to-5,1997-03-25T00:00:00,-9.3,53.7,1,SI_3_-10to-5,Selected
CTRL_002,SI,3,-10to-5,1983-03-29T06:00:00,-5.9,46.7,2,SI_3_-10to-5,Selected
CTRL_003,SI,3,-10to-5,1997-03-09T18:00:00,-6.7,88.4,3,SI_3_-10to-5,Selected
CTRL_004,SI,3,-10to-5,2021-03-17T12:00:00,-6.2,60.4,4,SI_3_-10to-5,Selected
CTRL_005,SI,3,-10to-5,1982-03-28T06:00:00,-6.6,51.6,5,SI_3_-10to-5,Selected
STANDBY_001,SI,3,-10to-5,1996-03-14T18:00:00,-7.3,49.7,6,SI_3_-10to-5,Standby
STANDBY_002,SI,3,-10to-5,1997-03-29T00:00:00,-5.2,84.8,7,SI_3_-10to-5,Standby
STANDBY_003,SI,3,-10to-5,1993-03-23T06:00:00,-9.3,76.2,8,SI_3_-10to-5,Standby
STANDBY_004,SI,3,-10to-5,1984-03-15T12:00:00,-5.4,45.8,9,SI_3_-10to-5,Standby
STANDBY_005,SI,3,-10to-5,2020-03-02T06:00:00,-5.7,94.1,10,SI_3_-10to-5,Standby
STANDBY_006,SI,3,-10to-5,1998-03-04T06:00:00,-6.7,42.5,11,SI_3_-10to-5,Standby
STANDBY_007,SI,3,-10to-5,1998-03-28T00:00:00,-6.5,72.7,12,SI_3_-10to-5,Standby
STANDBY_008,SI,3,-10to-5,2011-03-27T12:00:00,-6.0,71.4,13,SI_3_-10to-5,Standby
STANDBY_009,SI,3,-10to-5,1992-03-19T18:00:00,-9.0,64.1,14,SI_3_-10to-5,Standby
STANDBY_010,SI,3,-10to-5,1981-03-01T18:00:00,-5.7,41.1,15,SI_3_-10to-5,Standby
STANDBY_011,SI,3,-10to-5,1998-03-29T06:00:00,-5.8,59.5,16,SI_3_-10to-5,Standby
STANDBY_012,SI,3,-10to-5,1989-03-31T12:00:00,-7.2,101.7,17,SI_3_-10to-5,Standby
STANDBY_013,SI,3,-10to-5,2002-03-03T06:00:00,-9.1,84.5,18,SI_3_-10to-5,Standby
STANDBY_014,SI,3,-10to-5,1982-03-26T06:00:00,-5.1,57.7,19,SI_3_-10to-5,Standby
STANDBY_015,SI,3,-10to-5,1989-03-13T18:00:00,-7.2,72.6,20,SI_3_-10to-5,Standby
STANDBY_016,SI,3,-10to-5,2016-03-30T00:00:00,-7.1,93.5,21,SI_3_-10to-5,Standby
STANDBY_017,SI,3,-10to-5,2004-03-26T18:00:00,-7.9,81.3,22,SI_3_-10to-5,Standby
STANDBY_018,SI,3,-10to-5,2002-03-20T06:00:00,-8.5,110.6,23,SI_3_-10to-5,Standby
STANDBY_019,SI,3,-10to-5,2012-03-19T06:00:00,-7.8,98.0,24,SI_3_-10to-5,Standby
STANDBY_020,SI,3,-10to-5,1990-03-13T06:00:00,-7.7,56.9,25,SI_3_-10to-5,Standby
CTRL_001,SI,3,-15to-10,2021-03-07T12:00:00,-13.4,108.8,1,SI_3_-15to-10,Selected
CTRL_002,SI,3,-15to-10,2010-03-15T00:00:00,-11.3,105.3,2,SI_3_-15to-10,Selected
CTRL_003,SI,3,-15to-10,2019-03-02T18:00:00,-12.2,59.5,3,SI_3_-15to-10,Selected
CTRL_004,SI,3,-15to-10,1995-03-14T12:00:00,-13.9,100.9,4,SI_3_-15to-10,Selected
CTRL_005,SI,3,-15to-10,1991-03-11T18:00:00,-10.8,101.3,5,SI_3_-15to-10,Selected
CTRL_006,SI,3,-15to-10,1999-03-13T00:00:00,-13.1,41.6,6,SI_3_-15to-10,Selected
STANDBY_001,SI,3,-15to-10,1991-03-11T18:00:00,-11.1,45.1,7,SI_3_-15to-10,Standby
STANDBY_002,SI,3,-15to-10,2013-03-27T12:00:00,-10.3,42.9,8,SI_3_-15to-10,Standby
STANDBY_003,SI,3,-15to-10,2006-03-19T12:00:00,-13.8,45.6,9,SI_3_-15to-10,Standby
STANDBY_004,SI,3,-15to-10,1996-03-30T06:00:00,-12.2,46.0,10,SI_3_-15to-10,Standby
STANDBY_005,SI,3,-15to-10,1993-03-23T18:00:00,-13.4,98.6,11,SI_3_-15to-10,Standby
STANDBY_006,SI,3,-15to-10,1998-03-01T18:00:00,-14.8,43.4,12,SI_3_-15to-10,Standby
STANDBY_007,SI,3,-15to-10,1995-03-04T12:00:00,-10.7,84.4,13,SI_3_-15to-10,Standby
STANDBY_008,SI,3,-15to-10,2000-03-19T06:00:00,-13.2,75.7,14,SI_3_-15to-10,Standby
STANDBY_009,SI,3,-15to-10,2011-03-31T12:00:00,-10.1,91.7,15,SI_3_-15to-10,Standby
STANDBY_010,SI,3,-15to-10,1985-03-25T06:00:00,-14.2,46.8,16,SI_3_-15to-10,Standby
STANDBY_011,SI,3,-15to-10,2018-03-24T18:00:00,-11.4,63.3,17,SI_3_-15to-10,Standby
STANDBY_012,SI,3,-15to-10,1982-03-05T18:00:00,-13.4,44.8,18,SI_3_-15to-10,Standby
STANDBY_013,SI,3,-15to-10,2017-03-22T12:00:00,-14.4,56.1,19,SI_3_-15to-10,Standby
STANDBY_014,SI,3,-15to-10,1984-03-30T06:00:00,-12.9,110.9,20,SI_3_-15to-10,Standby
STANDBY_015,SI,3,-15to-10,2014-03-19T12:00:00,-10.2,64.2,21,SI_3_-15to-10,Standby
STANDBY_016,SI,3,-15to-10,2001-03-16T00:00:00,-12.7,70.1,22,SI_3_-15to-10,Standby
STANDBY_017,SI,3,-15to-10,2011-03-31T06:00:00,-14.3,63.2,23,SI_3_-15to-10,Standby
STANDBY_018,SI,3,-15to-10,2008-03-25T00:00:00,-10.8,45.6,24,SI_3_-15to-10,Standby
STANDBY_019,SI,3,-15to-10,2010-03-31T00:00:00,-11.9,59.0,25,SI_3_-15to-10,Standby
STANDBY_020,SI,3,-15to-10,1989-03-06T18:00:00,-12.8,118.0,26,SI_3_-15to-10,Standby
CTRL_001,SI,3,-20to-15,1991-03-01T06:00:00,-16.2,66.9,1,SI_3_-20to-15,Selected
STANDBY_001,SI,3,-20to-15,1981-03-20T12:00:00,-17.3,84.1,2,SI_3_-20to-15,Standby
STANDBY_002,SI,3,-20to-15,1982-03-24T06:00:00,-18.2,116.6,3,SI_3_-20to-15,Standby
STANDBY_003,SI,3,-20to-15,2014-03-02T12:00:00,-15.3,118.5,4,SI_3_-20to-15,Standby
STANDBY_004,SI,3,-20to-15,2023-03-21T18:00:00,-18.8,74.8,5,SI_3_-20to-15,Standby
STANDBY_005,SI,3,-20to-15,2023-03-08T12:00:00,-18.1,78.8,6,SI_3_-20to-15,Standby
STANDBY_006,SI,3,-20to-15,2010-03-22T18:00:00,-18.9,97.9,7,SI_3_-20to-15,Standby
STANDBY_007,SI,3,-20to-15,1995-03-05T12:00:00,-16.0,78.9,8,SI_3_-20to-15,Standby
STANDBY_008,SI,3,-20to-15,1989-03-11T12:00:00,-17.7,64.5,9,SI_3_-20to-15,Standby
STANDBY_009,SI,3,-20to-15,1986-03-26T00:00:00,-16.9,117.0,10,SI_3_-20to-15,Standby
STANDBY_010,SI,3,-20to-15,2022-03-14T06:00:00,-19.5,74.4,11,SI_3_-20to-15,Standby
STANDBY_011,SI,3,-20to-15,2010-03-06T06:00:00,-16.8,77.1,12,SI_3_-20to-15,Standby
STANDBY_012,SI,3,-20to-15,2006-03-10T18:00:00,-19.3,108.2,13,SI_3_-20to-15,Standby
STANDBY_013,SI,3,-20to-15,2024-03-24T00:00:00,-16.9,77.6,14,SI_3_-20to-15,Standby
STANDBY_014,SI,3,-20to-15,1982-03-16T00:00:00,-18.5,116.0,15,SI_3_-20to-15,Standby
STANDBY_015,SI,3,-20to-15,1999-03-01T18:00:00,-17.8,51.7,16,SI_3_-20to-15,Standby
STANDBY_016,SI,3,-20to-15,1990-03-25T12:00:00,-17.0,59.3,17,SI_3_-20to-15,Standby
STANDBY_017,SI,3,-20to-15,2023-03-02T18:00:00,-15.4,59.3,18,SI_3_-20to-15,Standby
STANDBY_018,SI,3,-20to-15,1986-03-21T00:00:00,-17.0,109.1,19,SI_3_-20to-15,Standby
STANDBY_019,SI,3,-20to-15,1983-03-02T06:00:00,-19.8,78.8,20,SI_3_-20to-15,Standby
STANDBY_020,SI,3,-20to-15,1991-03-09T12:00:00,-18.1,54.6,21,SI_3_-20to-15,Standby
CTRL_001,SI,4,-10to-5,2016-04-24T00:00:00,-7.5,65.8,1,SI_4_-10to-5,Selected
CTRL_002,SI,4,-10to-5,2002-04-15T00:00:00,-8.7,84.3,2,SI_4_-10to-5,Selected
STANDBY_001,SI,4,-10to-5,1991-04-30T12:00:00,-5.6,106.5,3,SI_4_-10to-5,Standby
STANDBY_002,SI,4,-10to-5,1987-04-16T18:00:00,-7.5,87.8,4,SI_4_-10to-5,Standby
STANDBY_003,SI,4,-10to-5,1990-04-02T18:00:00,-9.8,42.5,5,SI_4_-10to-5,Standby
STANDBY_004,SI,4,-10to-5,2021-04-02T18:00:00,-8.6,76.9,6,SI_4_-10to-5,Standby
STANDBY_005,SI,4,-10to-5,2025-04-17T06:00:00,-8.9,98.9,7,SI_4_-10to-5,Standby
STANDBY_006,SI,4,-10to-5,2019-04-20T06:00:00,-7.4,62.7,8,SI_4_-10to-5,Standby
STANDBY_007,SI,4,-10to-5,1997-04-15T06:00:00,-5.6,109.9,9,SI_4_-10to-5,Standby
STANDBY_008,SI,4,-10to-5,2015-04-18T18:00:00,-8.6,89.3,10,SI_4_-10to-5,Standby
STANDBY_009,SI,4,-10to-5,2013-04-30T18:00:00,-7.8,45.9,11,SI_4_-10to-5,Standby
STANDBY_010,SI,4,-10to-5,1991-04-04T12:00:00,-7.4,90.6,12,SI_4_-10to-5,Standby
STANDBY_011,SI,4,-10to-5,2017-04-05T18:00:00,-5.8,46.3,13,SI_4_-10to-5,Standby
STANDBY_012,SI,4,-10to-5,1997-04-24T12:00:00,-8.7,94.7,14,SI_4_-10to-5,Standby
STANDBY_013,SI,4,-10to-5,2005-04-18T12:00:00,-6.8,89.7,15,SI_4_-10to-5,Standby
STANDBY_014,SI,4,-10to-5,1980-04-13T18:00:00,-8.1,96.8,16,SI_4_-10to-5,Standby
STANDBY_015,SI,4,-10to-5,1987-04-06T06:00:00,-5.7,85.2,17,SI_4_-10to-5,Standby
STANDBY_016,SI,4,-10to-5,1980-04-29T06:00:00,-8.7,80.9,18,SI_4_-10to-5,Standby
STANDBY_017,SI,4,-10to-5,2009-04-20T18:00:00,-5.2,54.7,19,SI_4_-10to-5,Standby
STANDBY_018,SI,4,-10to-5,1983-04-30T00:00:00,-5.6,63.9,20,SI_4_-10to-5,Standby
STANDBY_019,SI,4,-10to-5,1981-04-22T06:00:00,-8.4,68.1,21,SI_4_-10to-5,Standby
STANDBY_020,SI,4,-10to-5,1988-04-03T06:00:00,-6.8,100.0,22,SI_4_-10to-5,Standby
CTRL_001,SI,4,-15to-10,2012-04-05T18:00:00,-11.8,62.7,1,SI_4_-15to-10,Selected
CTRL_002,SI,4,-15to-10,2008-04-10T00:00:00,-14.1,66.7,2,SI_4_-15to-10,Selected
STANDBY_001,SI,4,-15to-10,2024-04-11T06:00:00,-14.7,85.3,3,SI_4_-15to-10,Standby
STANDBY_002,SI,4,-15to-10,1984-04-27T12:00:00,-13.1,56.7,4,SI_4_-15to-10,Standby
STANDBY_003,SI,4,-15to-10,1980-04-24T06:00:00,-13.4,113.7,5,SI_4_-15to-10,Standby
STANDBY_004,SI,4,-15to-10,2023-04-11T00:00:00,-12.1,46.4,6,SI_4_-15to-10,Standby
STANDBY_005,SI,4,-15to-10,1985-04-27T12:00:00,-10.6,102.8,7,SI_4_-15to-10,Standby
STANDBY_006,SI,4,-15to-10,1981-04-30T06:00:00,-11.4,79.0,8,SI_4_-15to-10,Standby
STANDBY_007,SI,4,-15to-10,1990-04-19T00:00:00,-14.2,69.7,9,SI_4_-15to-10,Standby
STANDBY_008,SI,4,-15to-10,2023-04-03T00:00:00,-11.9,72.0,10,SI_4_-15to-10,Standby
STANDBY_009,SI,4,-15to-10,2009-04-28T00:00:00,-13.1,102.8,11,SI_4_-15to-10,Standby
STANDBY_010,SI,4,-15to-10,2018-04-05T06:00:00,-12.8,52.2,12,SI_4_-15to-10,Standby
STANDBY_011,SI,4,-15to-10,2015-04-10T00:00:00,-12.8,115.2,13,SI_4_-15to-10,Standby
STANDBY_012,SI,4,-15to-10,1984-04-27T18:00:00,-11.0,91.3,14,SI_4_-15to-10,Standby
STANDBY_013,SI,4,-15to-10,2010-04-30T12:00:00,-14.5,43.9,15,SI_4_-15to-10,Standby
STANDBY_014,SI,4,-15to-10,1986-04-25T18:00:00,-14.7,86.3,16,SI_4_-15to-10,Standby
STANDBY_015,SI,4,-15to-10,1997-04-08T06:00:00,-13.7,63.8,17,SI_4_-15to-10,Standby
STANDBY_016,SI,4,-15to-10,1995-04-25T06:00:00,-14.4,64.5,18,SI_4_-15to-10,Standby
STANDBY_017,SI,4,-15to-10,2006-04-02T06:00:00,-12.1,45.0,19,SI_4_-15to-10,Standby
STANDBY_018,SI,4,-15to-10,1995-04-23T18:00:00,-13.5,102.8,20,SI_4_-15to-10,Standby
STANDBY_019,SI,4,-15to-10,2012-04-30T00:00:00,-10.4,41.7,21,SI_4_-15to-10,Standby
STANDBY_020,SI,4,-15to-10,1982-04-25T12:00:00,-14.0,110.7,22,SI_4_-15to-10,Standby
CTRL_001,SI,4,-25to-20,2025-04-21T12:00:00,-20.6,80.6,1,SI_4_-25to-20,Selected
STANDBY_001,SI,4,-25to-20,1986-04-20T00:00:00,-24.8,78.5,2,SI_4_-25to-20,Standby
STANDBY_002,SI,4,-25to-20,2017-04-25T00:00:00,-22.3,102.3,3,SI_4_-25to-20,Standby
STANDBY_003,SI,4,-25to-20,1998-04-29T06:00:00,-21.1,71.2,4,SI_4_-25to-20,Standby
STANDBY_004,SI,4,-25to-20,2007-04-25T00:00:00,-20.6,91.5,5,SI_4_-25to-20,Standby
STANDBY_005,SI,4,-25to-20,2006-04-17T12:00:00,-20.6,34.9,6,SI_4_-25to-20,Standby
STANDBY_006,SI,4,-25to-20,1989-04-26T00:00:00,-21.4,71.9,7,SI_4_-25to-20,Standby
STANDBY_007,SI,4,-25to-20,2017-04-05T00:00:00,-21.1,52.5,8,SI_4_-25to-20,Standby
STANDBY_008,SI,4,-25to-20,2017-04-20T06:00:00,-23.9,99.9,9,SI_4_-25to-20,Standby
STANDBY_009,SI,4,-25to-20,2005-04-30T18:00:00,-20.5,42.1,10,SI_4_-25to-20,Standby
STANDBY_010,SI,4,-25to-20,1989-04-20T06:00:00,-21.3,43.4,11,SI_4_-25to-20,Standby
STANDBY_011,SI,4,-25to-20,1993-04-14T12:00:00,-24.5,90.3,12,SI_4_-25to-20,Standby
STANDBY_012,SI,4,-25to-20,1985-04-29T06:00:00,-23.1,51.5,13,SI_4_-25to-20,Standby
STANDBY_013,SI,4,-25to-20,1992-04-20T18:00:00,-23.4,72.0,14,SI_4_-25to-20,Standby
STANDBY_014,SI,4,-25to-20,1993-04-11T00:00:00,-24.7,52.2,15,SI_4_-25to-20,Standby
STANDBY_015,SI,4,-25to-20,2020-04-12T06:00:00,-24.2,109.3,16,SI_4_-25to-20,Standby
STANDBY_016,SI,4,-25to-20,2018-04-07T18:00:00,-22.6,59.2,17,SI_4_-25to-20,Standby
STANDBY_017,SI,4,-25to-20,2010-04-10T00:00:00,-24.7,66.0,18,SI_4_-25to-20,Standby
STANDBY_018,SI,4,-25to-20,2001-04-27T06:00:00,-22.7,63.6,19,SI_4_-25to-20,Standby
STANDBY_019,SI,4,-25to-20,2001-04-19T06:00:00,-22.7,75.0,20,SI_4_-25to-20,Standby
STANDBY_020,SI,4,-25to-20,1993-04-01T00:00:00,-21.5,110.8,21,SI_4_-25to-20,Standby
CTRL_001,SI,5,-10to-5,2002-05-26T06:00:00,-6.0,79.3,1,SI_5_-10to-5,Selected
STANDBY_001,SI,5,-10to-5,2006-05-17T06:00:00,-8.8,87.1,2,SI_5_-10to-5,Standby
STANDBY_002,SI,5,-10to-5,2004-05-23T06:00:00,-8.2,44.4,3,SI_5_-10to-5,Standby
STANDBY_003,SI,5,-10to-5,2016-05-09T06:00:00,-9.1,81.2,4,SI_5_-10to-5,Standby
STANDBY_004,SI,5,-10to-5,1981-05-12T06:00:00,-8.6,46.1,5,SI_5_-10to-5,Standby
STANDBY_005,SI,5,-10to-5,2021-05-29T12:00:00,-10.0,101.0,6,SI_5_-10to-5,Standby
STANDBY_006,SI,5,-10to-5,2017-05-16T00:00:00,-5.4,82.2,7,SI_5_-10to-5,Standby
STANDBY_007,SI,5,-10to-5,2023-05-05T06:00:00,-6.9,115.0,8,SI_5_-10to-5,Standby
STANDBY_008,SI,5,-10to-5,2009-05-18T06:00:00,-7.1,101.4,9,SI_5_-10to-5,Standby
STANDBY_009,SI,5,-10to-5,2006-05-11T06:00:00,-7.5,65.7,10,SI_5_-10to-5,Standby
STANDBY_010,SI,5,-10to-5,2020-05-29T00:00:00,-6.6,67.2,11,SI_5_-10to-5,Standby
STANDBY_011,SI,5,-10to-5,1999-05-19T18:00:00,-6.0,64.8,12,SI_5_-10to-5,Standby
STANDBY_012,SI,5,-10to-5,2008-05-04T18:00:00,-7.5,59.0,13,SI_5_-10to-5,Standby
STANDBY_013,SI,5,-10to-5,2012-05-16T12:00:00,-5.4,74.1,14,SI_5_-10to-5,Standby
STANDBY_014,SI,5,-10to-5,2003-05-22T06:00:00,-7.9,88.7,15,SI_5_-10to-5,Standby
STANDBY_015,SI,5,-10to-5,2012-05-12T00:00:00,-9.4,98.2,16,SI_5_-10to-5,Standby
STANDBY_016,SI,5,-10to-5,1988-05-11T12:00:00,-6.9,82.2,17,SI_5_-10to-5,Standby
STANDBY_017,SI,5,-10to-5,1994-05-25T18:00:00,-8.9,47.9,18,SI_5_-10to-5,Standby
STANDBY_018,SI,5,-10to-5,1998-05-19T00:00:00,-6.0,113.4,19,SI_5_-10to-5,Standby
STANDBY_019,SI,5,-10to-5,1980-05-09T18:00:00,-8.9,42.0,20,SI_5_-10to-5,Standby
STANDBY_020,SI,5,-10to-5,2014-05-25T06:00:00,-8.1,110.2,21,SI_5_-10to-5,Standby
CTRL_001,SI,9,-5to0,1996-09-16T12:00:00,-3.4,53.2,1,SI_9_-5to0,Selected
STANDBY_001,SI,9,-5to0,1986-09-13T06:00:00,-3.5,85.5,2,SI_9_-5to0,Standby
STANDBY_002,SI,9,-5to0,2007-09-30T18:00:00,-3.0,84.1,3,SI_9_-5to0,Standby
STANDBY_003,SI,9,-5to0,1981-09-16T06:00:00,-2.1,46.7,4,SI_9_-5to0,Standby
STANDBY_004,SI,9,-5to0,2011-09-18T18:00:00,-1.5,55.4,5,SI_9_-5to0,Standby
STANDBY_005,SI,9,-5to0,2000-09-27T12:00:00,-3.9,78.1,6,SI_9_-5to0,Standby
STANDBY_006,SI,9,-5to0,1998-09-21T12:00:00,-4.8,97.3,7,SI_9_-5to0,Standby
STANDBY_007,SI,9,-5to0,2013-09-08T06:00:00,-1.4,33.5,8,SI_9_-5to0,Standby
STANDBY_008,SI,9,-5to0,1998-09-19T18:00:00,-4.9,72.2,9,SI_9_-5to0,Standby
STANDBY_009,SI,9,-5to0,1986-09-24T18:00:00,-2.5,53.1,10,SI_9_-5to0,Standby
STANDBY_010,SI,9,-5to0,2021-09-05T12:00:00,-4.6,51.8,11,SI_9_-5to0,Standby
STANDBY_011,SI,9,-5to0,1997-09-15T18:00:00,-0.7,74.0,12,SI_9_-5to0,Standby
STANDBY_012,SI,9,-5to0,2012-09-23T06:00:00,-4.6,88.8,13,SI_9_-5to0,Standby
STANDBY_013,SI,9,-5to0,1999-09-03T12:00:00,-4.4,70.5,14,SI_9_-5to0,Standby
STANDBY_014,SI,9,-5to0,2013-09-26T06:00:00,-0.5,65.2,15,SI_9_-5to0,Standby
STANDBY_015,SI,9,-5to0,2024-09-30T06:00:00,-1.3,51.5,16,SI_9_-5to0,Standby
STANDBY_016,SI,9,-5to0,2002-09-23T12:00:00,-3.0,40.7,17,SI_9_-5to0,Standby
STANDBY_017,SI,9,-5to0,2015-09-18T06:00:00,-2.2,75.5,18,SI_9_-5to0,Standby
STANDBY_018,SI,9,-5to0,2007-09-03T06:00:00,-1.5,32.3,19,SI_9_-5to0,Standby
STANDBY_019,SI,9,-5to0,2016-09-19T06:00:00,-1.1,86.7,20,SI_9_-5to0,Standby
STANDBY_020,SI,9,-5to0,1996-09-12T00:00:00,-4.5,109.6,21,SI_9_-5to0,Standby
CTRL_001,SI,10,-10to-5,2017-10-22T12:00:00,-8.0,118.7,1,SI_10_-10to-5,Selected
STANDBY_001,SI,10,-10to-5,1982-10-05T12:00:00,-9.7,48.3,2,SI_10_-10to-5,Standby
STANDBY_002,SI,10,-10to-5,1990-10-09T12:00:00,-8.2,43.5,3,SI_10_-10to-5,Standby
STANDBY_003,SI,10,-10to-5,2008-10-15T12:00:00,-5.8,40.6,4,SI_10_-10to-5,Standby
STANDBY_004,SI,10,-10to-5,1982-10-17T00:00:00,-8.9,81.1,5,SI_10_-10to-5,Standby
STANDBY_005,SI,10,-10to-5,1981-10-21T00:00:00,-6.8,101.9,6,SI_10_-10to-5,Standby
STANDBY_006,SI,10,-10to-5,1991-10-28T00:00:00,-7.7,84.4,7,SI_10_-10to-5,Standby
STANDBY_007,SI,10,-10to-5,1983-10-26T00:00:00,-7.4,69.8,8,SI_10_-10to-5,Standby
STANDBY_008,SI,10,-10to-5,1993-10-25T12:00:00,-8.7,72.6,9,SI_10_-10to-5,Standby
STANDBY_009,SI,10,-10to-5,2023-10-05T12:00:00,-9.3,103.6,10,SI_10_-10to-5,Standby
STANDBY_010,SI,10,-10to-5,2019-10-04T06:00:00,-5.5,101.1,11,SI_10_-10to-5,Standby
STANDBY_011,SI,10,-10to-5,1985-10-24T18:00:00,-6.2,99.2,12,SI_10_-10to-5,Standby
STANDBY_012,SI,10,-10to-5,2020-10-13T12:00:00,-5.1,84.7,13,SI_10_-10to-5,Standby
STANDBY_013,SI,10,-10to-5,1992-10-09T18:00:00,-6.7,48.2,14,SI_10_-10to-5,Standby
STANDBY_014,SI,10,-10to-5,1980-10-21T06:00:00,-7.5,95.3,15,SI_10_-10to-5,Standby
STANDBY_015,SI,10,-10to-5,2024-10-22T18:00:00,-6.0,75.0,16,SI_10_-10to-5,Standby
STANDBY_016,SI,10,-10to-5,1999-10-16T06:00:00,-9.5,71.2,17,SI_10_-10to-5,Standby
STANDBY_017,SI,10,-10to-5,2005-10-01T12:00:00,-5.4,118.0,18,SI_10_-10to-5,Standby
STANDBY_018,SI,10,-10to-5,2016-10-11T06:00:00,-6.8,103.4,19,SI_10_-10to-5,Standby
STANDBY_019,SI,10,-10to-5,2020-10-02T18:00:00,-9.7,45.6,20,SI_10_-10to-5,Standby
STANDBY_020,SI,10,-10to-5,2024-10-24T18:00:00,-7.6,105.2,21,SI_10_-10to-5,Standby
CTRL_001,SI,11,-10to-5,1984-11-01T18:00:00,-7.8,54.4,1,SI_11_-10to-5,Selected
CTRL_002,SI,11,-10to-5,2025-11-02T00:00:00,-8.0,49.8,2,SI_11_-10to-5,Selected
CTRL_003,SI,11,-10to-5,2012-11-27T00:00:00,-6.0,105.5,3,SI_11_-10to-5,Selected
STANDBY_001,SI,11,-10to-5,2016-11-12T12:00:00,-6.7,72.8,4,SI_11_-10to-5,Standby
STANDBY_002,SI,11,-10to-5,2019-11-07T00:00:00,-9.1,42.6,5,SI_11_-10to-5,Standby
STANDBY_003,SI,11,-10to-5,1986-11-02T18:00:00,-5.1,69.6,6,SI_11_-10to-5,Standby
STANDBY_004,SI,11,-10to-5,1996-11-17T12:00:00,-8.8,49.7,7,SI_11_-10to-5,Standby
STANDBY_005,SI,11,-10to-5,2003-11-27T18:00:00,-8.8,110.9,8,SI_11_-10to-5,Standby
STANDBY_006,SI,11,-10to-5,1999-11-18T18:00:00,-7.6,59.9,9,SI_11_-10to-5,Standby
STANDBY_007,SI,11,-10to-5,2005-11-15T12:00:00,-5.3,52.1,10,SI_11_-10to-5,Standby
STANDBY_008,SI,11,-10to-5,2009-11-27T06:00:00,-8.8,110.3,11,SI_11_-10to-5,Standby
STANDBY_009,SI,11,-10to-5,2005-11-07T06:00:00,-6.7,64.3,12,SI_11_-10to-5,Standby
STANDBY_010,SI,11,-10to-5,2004-11-14T12:00:00,-9.6,92.4,13,SI_11_-10to-5,Standby
STANDBY_011,SI,11,-10to-5,2007-11-04T00:00:00,-7.5,40.5,14,SI_11_-10to-5,Standby
STANDBY_012,SI,11,-10to-5,1992-11-10T06:00:00,-8.7,102.5,15,SI_11_-10to-5,Standby
STANDBY_013,SI,11,-10to-5,2015-11-24T00:00:00,-8.9,98.8,16,SI_11_-10to-5,Standby
STANDBY_014,SI,11,-10to-5,1999-11-14T12:00:00,-5.8,111.4,17,SI_11_-10to-5,Standby
STANDBY_015,SI,11,-10to-5,1987-11-13T00:00:00,-6.9,51.2,18,SI_11_-10to-5,Standby
STANDBY_016,SI,11,-10to-5,2012-11-20T00:00:00,-5.2,42.7,19,SI_11_-10to-5,Standby
STANDBY_017,SI,11,-10to-5,1992-11-03T06:00:00,-8.2,118.6,20,SI_11_-10to-5,Standby
STANDBY_018,SI,11,-10to-5,2006-11-12T06:00:00,-6.2,64.5,21,SI_11_-10to-5,Standby
STANDBY_019,SI,11,-10to-5,1989-11-23T18:00:00,-5.9,111.1,22,SI_11_-10to-5,Standby
STANDBY_020,SI,11,-10to-5,1989-11-19T18:00:00,-6.2,58.3,23,SI_11_-10to-5,Standby
CTRL_001,SI,12,-10to-5,2004-12-15T06:00:00,-5.3,67.8,1,SI_12_-10to-5,Selected
CTRL_002,SI,12,-10to-5,2015-12-28T12:00:00,-8.8,102.3,2,SI_12_-10to-5,Selected
STANDBY_001,SI,12,-10to-5,1981-12-09T18:00:00,-7.9,30.6,3,SI_12_-10to-5,Standby
STANDBY_002,SI,12,-10to-5,1981-12-09T06:00:00,-8.1,103.1,4,SI_12_-10to-5,Standby
STANDBY_003,SI,12,-10to-5,2009-12-11T00:00:00,-6.9,101.6,5,SI_12_-10to-5,Standby
STANDBY_004,SI,12,-10to-5,1992-12-13T06:00:00,-8.4,114.7,6,SI_12_-10to-5,Standby
STANDBY_005,SI,12,-10to-5,2021-12-25T18:00:00,-7.6,75.8,7,SI_12_-10to-5,Standby
STANDBY_006,SI,12,-10to-5,1985-12-16T00:00:00,-9.2,115.1,8,SI_12_-10to-5,Standby
STANDBY_007,SI,12,-10to-5,1986-12-08T00:00:00,-5.9,90.8,9,SI_12_-10to-5,Standby
STANDBY_008,SI,12,-10to-5,2004-12-03T18:00:00,-6.3,49.0,10,SI_12_-10to-5,Standby
STANDBY_009,SI,12,-10to-5,2000-12-30T18:00:00,-9.1,107.5,11,SI_12_-10to-5,Standby
STANDBY_010,SI,12,-10to-5,1999-12-11T18:00:00,-6.4,52.7,12,SI_12_-10to-5,Standby
STANDBY_011,SI,12,-10to-5,1985-12-18T00:00:00,-7.0,49.7,13,SI_12_-10to-5,Standby
STANDBY_012,SI,12,-10to-5,1998-12-11T06:00:00,-8.1,80.1,14,SI_12_-10to-5,Standby
STANDBY_013,SI,12,-10to-5,1993-12-29T12:00:00,-7.1,70.7,15,SI_12_-10to-5,Standby
STANDBY_014,SI,12,-10to-5,1993-12-02T18:00:00,-6.1,67.5,16,SI_12_-10to-5,Standby
STANDBY_015,SI,12,-10to-5,1984-12-28T00:00:00,-9.9,100.8,17,SI_12_-10to-5,Standby
STANDBY_016,SI,12,-10to-5,2010-12-28T00:00:00,-10.0,99.3,18,SI_12_-10to-5,Standby
STANDBY_017,SI,12,-10to-5,1997-12-23T06:00:00,-5.7,44.0,19,SI_12_-10to-5,Standby
STANDBY_018,SI,12,-10to-5,2008-12-25T18:00:00,-5.3,92.6,20,SI_12_-10to-5,Standby
STANDBY_019,SI,12,-10to-5,2006-12-15T18:00:00,-9.9,117.0,21,SI_12_-10to-5,Standby
STANDBY_020,SI,12,-10to-5,2007-12-29T00:00:00,-5.5,56.4,22,SI_12_-10to-5,Standby
CTRL_001,SI,12,-15to-10,2023-12-06T12:00:00,-10.1,106.6,1,SI_12_-15to-10,Selected
CTRL_002,SI,12,-15to-10,1996-12-24T12:00:00,-13.4,75.5,2,SI_12_-15to-10,Selected
CTRL_003,SI,12,-15to-10,2015-12-21T18:00:00,-11.6,66.8,3,SI_12_-15to-10,Selected
STANDBY_001,SI,12,-15to-10,1993-12-03T00:00:00,-11.4,62.1,4,SI_12_-15to-10,Standby
STANDBY_002,SI,12,-15to-10,2018-12-05T18:00:00,-10.8,91.7,5,SI_12_-15to-10,Standby
STANDBY_003,SI,12,-15to-10,1990-12-21T00:00:00,-12.2,52.0,6,SI_12_-15to-10,Standby
STANDBY_004,SI,12,-15to-10,2012-12-27T06:00:00,-11.9,86.8,7,SI_12_-15to-10,Standby
STANDBY_005,SI,12,-15to-10,1997-12-29T00:00:00,-12.6,82.3,8,SI_12_-15to-10,Standby
STANDBY_006,SI,12,-15to-10,2015-12-17T12:00:00,-11.5,100.3,9,SI_12_-15to-10,Standby
STANDBY_007,SI,12,-15to-10,1993-12-29T00:00:00,-11.9,63.8,10,SI_12_-15to-10,Standby
STANDBY_008,SI,12,-15to-10,1986-12-13T12:00:00,-12.3,92.1,11,SI_12_-15to-10,Standby
STANDBY_009,SI,12,-15to-10,2014-12-02T12:00:00,-13.7,101.2,12,SI_12_-15to-10,Standby
STANDBY_010,SI,12,-15to-10,1998-12-04T00:00:00,-11.5,73.6,13,SI_12_-15to-10,Standby
STANDBY_011,SI,12,-15to-10,2024-12-28T00:00:00,-13.0,55.4,14,SI_12_-15to-10,Standby
STANDBY_012,SI,12,-15to-10,2018-12-18T12:00:00,-10.7,120.0,15,SI_12_-15to-10,Standby
STANDBY_013,SI,12,-15to-10,2000-12-07T12:00:00,-15.0,83.5,16,SI_12_-15to-10,Standby
STANDBY_014,SI,12,-15to-10,2014-12-29T12:00:00,-13.1,76.1,17,SI_12_-15to-10,Standby
STANDBY_015,SI,12,-15to-10,1992-12-10T06:00:00,-12.5,76.5,18,SI_12_-15to-10,Standby
STANDBY_016,SI,12,-15to-10,2023-12-29T06:00:00,-10.8,101.7,19,SI_12_-15to-10,Standby
STANDBY_017,SI,12,-15to-10,2020-12-12T00:00:00,-13.5,60.5,20,SI_12_-15to-10,Standby
STANDBY_018,SI,12,-15to-10,1993-12-04T06:00:00,-12.6,91.1,21,SI_12_-15to-10,Standby
STANDBY_019,SI,12,-15to-10,2006-12-31T00:00:00,-13.3,98.8,22,SI_12_-15to-10,Standby
STANDBY_020,SI,12,-15to-10,1982-12-16T06:00:00,-12.5,107.8,23,SI_12_-15to-10,Standby
CTRL_001,WP,1,15to20,1995-01-07T12:00:00,17.5,141.4,1,WP_1_15to20,Selected
STANDBY_001,WP,1,15to20,1994-01-02T12:00:00,18.6,102.6,2,WP_1_15to20,Standby
STANDBY_002,WP,1,15to20,2025-01-25T00:00:00,17.5,148.5,3,WP_1_15to20,Standby
STANDBY_003,WP,1,15to20,2020-01-16T00:00:00,16.9,155.1,4,WP_1_15to20,Standby
STANDBY_004,WP,1,15to20,1991-01-07T12:00:00,17.8,113.3,5,WP_1_15to20,Standby
STANDBY_005,WP,1,15to20,2025-01-24T12:00:00,16.9,162.7,6,WP_1_15to20,Standby
STANDBY_006,WP,1,15to20,1991-01-26T06:00:00,16.8,134.5,7,WP_1_15to20,Standby
STANDBY_007,WP,1,15to20,1980-01-22T12:00:00,17.0,117.0,8,WP_1_15to20,Standby
STANDBY_008,WP,1,15to20,1993-01-20T00:00:00,16.0,164.6,9,WP_1_15to20,Standby
STANDBY_009,WP,1,15to20,1991-01-18T18:00:00,18.8,161.1,10,WP_1_15to20,Standby
STANDBY_010,WP,1,15to20,1998-01-15T18:00:00,18.1,171.2,11,WP_1_15to20,Standby
STANDBY_011,WP,1,15to20,2022-01-15T06:00:00,18.9,132.2,12,WP_1_15to20,Standby
STANDBY_012,WP,1,15to20,2002-01-30T00:00:00,19.2,156.6,13,WP_1_15to20,Standby
STANDBY_013,WP,1,15to20,2001-01-02T06:00:00,16.6,166.5,14,WP_1_15to20,Standby
STANDBY_014,WP,1,15to20,2005-01-20T18:00:00,18.6,175.6,15,WP_1_15to20,Standby
STANDBY_015,WP,1,15to20,2010-01-09T12:00:00,16.4,165.0,16,WP_1_15to20,Standby
STANDBY_016,WP,1,15to20,1997-01-14T00:00:00,19.7,113.9,17,WP_1_15to20,Standby
STANDBY_017,WP,1,15to20,1984-01-02T12:00:00,18.7,146.8,18,WP_1_15to20,Standby
STANDBY_018,WP,1,15to20,1983-01-18T06:00:00,15.9,164.4,19,WP_1_15to20,Standby
STANDBY_019,WP,1,15to20,2022-01-25T00:00:00,16.3,110.8,20,WP_1_15to20,Standby
STANDBY_020,WP,1,15to20,1980-01-10T18:00:00,16.6,146.4,21,WP_1_15to20,Standby
CTRL_001,WP,4,0to5,1992-04-14T12:00:00,3.8,158.2,1,WP_4_0to5,Selected
CTRL_002,WP,4,0to5,1983-04-12T00:00:00,4.4,118.8,2,WP_4_0to5,Selected
STANDBY_001,WP,4,0to5,2017-04-28T06:00:00,2.4,151.1,3,WP_4_0to5,Standby
STANDBY_002,WP,4,0to5,2010-04-24T06:00:00,1.9,135.4,4,WP_4_0to5,Standby
STANDBY_003,WP,4,0to5,2020-04-17T12:00:00,3.9,121.5,5,WP_4_0to5,Standby
STANDBY_004,WP,4,0to5,2015-04-30T12:00:00,4.3,117.7,6,WP_4_0to5,Standby
STANDBY_005,WP,4,0to5,2011-04-20T18:00:00,4.3,123.6,7,WP_4_0to5,Standby
STANDBY_006,WP,4,0to5,2000-04-20T12:00:00,1.6,174.4,8,WP_4_0to5,Standby
STANDBY_007,WP,4,0to5,1984-04-30T18:00:00,3.6,126.3,9,WP_4_0to5,Standby
STANDBY_008,WP,4,0to5,2020-04-01T06:00:00,1.5,154.6,10,WP_4_0to5,Standby
STANDBY_009,WP,4,0to5,1984-04-16T18:00:00,3.5,169.3,11,WP_4_0to5,Standby
STANDBY_010,WP,4,0to5,1983-04-26T00:00:00,2.7,106.6,12,WP_4_0to5,Standby
STANDBY_011,WP,4,0to5,1981-04-02T18:00:00,1.7,152.4,13,WP_4_0to5,Standby
STANDBY_012,WP,4,0to5,2013-04-27T00:00:00,3.4,136.4,14,WP_4_0to5,Standby
STANDBY_013,WP,4,0to5,2022-04-10T06:00:00,0.6,124.6,15,WP_4_0to5,Standby
STANDBY_014,WP,4,0to5,1992-04-14T12:00:00,1.9,147.5,16,WP_4_0to5,Standby
STANDBY_015,WP,4,0to5,2008-04-08T12:00:00,4.1,178.9,17,WP_4_0to5,Standby
STANDBY_016,WP,4,0to5,1990-04-17T00:00:00,1.3,118.9,18,WP_4_0to5,Standby
STANDBY_017,WP,4,0to5,1988-04-09T00:00:00,0.1,125.0,19,WP_4_0to5,Standby
STANDBY_018,WP,4,0to5,2011-04-10T12:00:00,2.8,146.3,20,WP_4_0to5,Standby
STANDBY_019,WP,4,0to5,2001-04-24T12:00:00,2.3,160.7,21,WP_4_0to5,Standby
STANDBY_020,WP,4,0to5,1984-04-19T18:00:00,0.8,126.7,22,WP_4_0to5,Standby
CTRL_001,WP,5,5to10,1991-05-28T18:00:00,6.1,146.3,1,WP_5_5to10,Selected
STANDBY_001,WP,5,5to10,1987-05-10T06:00:00,8.5,127.9,2,WP_5_5to10,Standby
STANDBY_002,WP,5,5to10,2022-05-11T06:00:00,5.0,152.7,3,WP_5_5to10,Standby
STANDBY_003,WP,5,5to10,1984-05-17T12:00:00,9.3,104.2,4,WP_5_5to10,Standby
STANDBY_004,WP,5,5to10,2012-05-06T00:00:00,9.8,160.3,5,WP_5_5to10,Standby
STANDBY_005,WP,5,5to10,1999-05-15T18:00:00,9.9,151.1,6,WP_5_5to10,Standby
STANDBY_006,WP,5,5to10,2004-05-01T12:00:00,6.4,147.3,7,WP_5_5to10,Standby
STANDBY_007,WP,5,5to10,1998-05-02T00:00:00,8.0,139.1,8,WP_5_5to10,Standby
STANDBY_008,WP,5,5to10,2000-05-26T18:00:00,6.7,161.9,9,WP_5_5to10,Standby
STANDBY_009,WP,5,5to10,2002-05-03T00:00:00,8.8,169.2,10,WP_5_5to10,Standby
STANDBY_010,WP,5,5to10,2004-05-27T18:00:00,7.6,154.9,11,WP_5_5to10,Standby
STANDBY_011,WP,5,5to10,2022-05-05T06:00:00,5.6,179.2,12,WP_5_5to10,Standby
STANDBY_012,WP,5,5to10,1999-05-26T18:00:00,6.4,110.9,13,WP_5_5to10,Standby
STANDBY_013,WP,5,5to10,2006-05-12T00:00:00,8.7,166.5,14,WP_5_5to10,Standby
STANDBY_014,WP,5,5to10,1998-05-29T12:00:00,7.8,136.1,15,WP_5_5to10,Standby
STANDBY_015,WP,5,5to10,2019-05-22T00:00:00,8.8,134.6,16,WP_5_5to10,Standby
STANDBY_016,WP,5,5to10,1994-05-05T00:00:00,6.0,119.5,17,WP_5_5to10,Standby
STANDBY_017,WP,5,5to10,2018-05-06T12:00:00,5.2,162.6,18,WP_5_5to10,Standby
STANDBY_018,WP,5,5to10,2013-05-03T06:00:00,8.5,168.0,19,WP_5_5to10,Standby
STANDBY_019,WP,5,5to10,1998-05-29T00:00:00,7.5,140.4,20,WP_5_5to10,Standby
STANDBY_020,WP,5,5to10,2003-05-05T18:00:00,7.4,152.7,21,WP_5_5to10,Standby
CTRL_001,WP,6,10to15,2008-06-06T00:00:00,10.2,100.1,1,WP_6_10to15,Selected
CTRL_002,WP,6,10to15,2009-06-15T00:00:00,10.3,176.9,2,WP_6_10to15,Selected
STANDBY_001,WP,6,10to15,1987-06-30T06:00:00,12.5,109.8,3,WP_6_10to15,Standby
STANDBY_002,WP,6,10to15,2009-06-20T06:00:00,14.2,174.5,4,WP_6_10to15,Standby
STANDBY_003,WP,6,10to15,2020-06-25T12:00:00,11.0,179.5,5,WP_6_10to15,Standby
STANDBY_004,WP,6,10to15,1981-06-25T00:00:00,12.0,174.4,6,WP_6_10to15,Standby
STANDBY_005,WP,6,10to15,1994-06-18T06:00:00,11.5,167.0,7,WP_6_10to15,Standby
STANDBY_006,WP,6,10to15,2016-06-21T18:00:00,11.0,125.2,8,WP_6_10to15,Standby
STANDBY_007,WP,6,10to15,2001-06-16T18:00:00,13.2,168.8,9,WP_6_10to15,Standby
STANDBY_008,WP,6,10to15,2005-06-26T18:00:00,10.1,134.3,10,WP_6_10to15,Standby
STANDBY_009,WP,6,10to15,2007-06-22T12:00:00,12.1,139.7,11,WP_6_10to15,Standby
STANDBY_010,WP,6,10to15,2003-06-10T18:00:00,13.1,112.0,12,WP_6_10to15,Standby
STANDBY_011,WP,6,10to15,2016-06-10T06:00:00,10.9,174.4,13,WP_6_10to15,Standby
STANDBY_012,WP,6,10to15,2024-06-27T00:00:00,14.1,163.4,14,WP_6_10to15,Standby
STANDBY_013,WP,6,10to15,1984-06-12T00:00:00,13.2,179.8,15,WP_6_10to15,Standby
STANDBY_014,WP,6,10to15,1983-06-04T00:00:00,13.1,178.9,16,WP_6_10to15,Standby
STANDBY_015,WP,6,10to15,2015-06-15T00:00:00,11.0,158.7,17,WP_6_10to15,Standby
STANDBY_016,WP,6,10to15,1991-06-26T00:00:00,13.8,111.5,18,WP_6_10to15,Standby
STANDBY_017,WP,6,10to15,1991-06-09T00:00:00,10.6,169.4,19,WP_6_10to15,Standby
STANDBY_018,WP,6,10to15,2000-06-30T18:00:00,11.0,148.9,20,WP_6_10to15,Standby
STANDBY_019,WP,6,10to15,1982-06-22T00:00:00,14.8,157.0,21,WP_6_10to15,Standby
STANDBY_020,WP,6,10to15,1981-06-02T00:00:00,12.6,139.8,22,WP_6_10to15,Standby
CTRL_001,WP,6,20to25,1988-06-26T18:00:00,21.7,140.7,1,WP_6_20to25,Selected
STANDBY_001,WP,6,20to25,2002-06-11T00:00:00,24.2,173.1,2,WP_6_20to25,Standby
STANDBY_002,WP,6,20to25,2004-06-09T12:00:00,24.5,153.0,3,WP_6_20to25,Standby
STANDBY_003,WP,6,20to25,1992-06-05T00:00:00,21.5,149.4,4,WP_6_20to25,Standby
STANDBY_004,WP,6,20to25,1991-06-26T00:00:00,23.8,157.7,5,WP_6_20to25,Standby
STANDBY_005,WP,6,20to25,1991-06-22T18:00:00,21.4,172.3,6,WP_6_20to25,Standby
STANDBY_006,WP,6,20to25,1989-06-06T12:00:00,23.7,165.5,7,WP_6_20to25,Standby
STANDBY_007,WP,6,20to25,2009-06-03T18:00:00,23.7,174.2,8,WP_6_20to25,Standby
STANDBY_008,WP,6,20to25,1996-06-16T18:00:00,23.3,149.5,9,WP_6_20to25,Standby
STANDBY_009,WP,6,20to25,1996-06-25T18:00:00,22.3,141.9,10,WP_6_20to25,Standby
STANDBY_010,WP,6,20to25,1991-06-19T12:00:00,24.9,163.0,11,WP_6_20to25,Standby
STANDBY_011,WP,6,20to25,2021-06-05T00:00:00,24.5,165.5,12,WP_6_20to25,Standby
STANDBY_012,WP,6,20to25,2018-06-25T12:00:00,20.3,179.1,13,WP_6_20to25,Standby
STANDBY_013,WP,6,20to25,2009-06-02T00:00:00,22.2,174.3,14,WP_6_20to25,Standby
STANDBY_014,WP,6,20to25,1995-06-07T18:00:00,24.8,166.4,15,WP_6_20to25,Standby
STANDBY_015,WP,6,20to25,2017-06-01T06:00:00,20.1,177.1,16,WP_6_20to25,Standby
STANDBY_016,WP,6,20to25,1986-06-14T12:00:00,24.9,146.4,17,WP_6_20to25,Standby
STANDBY_017,WP,6,20to25,1993-06-02T12:00:00,24.3,132.3,18,WP_6_20to25,Standby
STANDBY_018,WP,6,20to25,1980-06-04T00:00:00,20.7,156.0,19,WP_6_20to25,Standby
STANDBY_019,WP,6,20to25,1983-06-08T00:00:00,20.1,115.0,20,WP_6_20to25,Standby
STANDBY_020,WP,6,20to25,2011-06-07T12:00:00,21.3,175.4,21,WP_6_20to25,Standby
CTRL_001,WP,7,10to15,1993-07-31T18:00:00,13.4,116.2,1,WP_7_10to15,Selected
CTRL_002,WP,7,10to15,1998-07-22T18:00:00,13.5,126.1,2,WP_7_10to15,Selected
CTRL_003,WP,7,10to15,2004-07-14T00:00:00,14.2,158.2,3,WP_7_10to15,Selected
STANDBY_001,WP,7,10to15,1982-07-10T12:00:00,12.2,175.4,4,WP_7_10to15,Standby
STANDBY_002,WP,7,10to15,2025-07-30T18:00:00,10.6,170.3,5,WP_7_10to15,Standby
STANDBY_003,WP,7,10to15,2011-07-06T18:00:00,12.6,173.4,6,WP_7_10to15,Standby
STANDBY_004,WP,7,10to15,2009-07-19T00:00:00,11.7,169.9,7,WP_7_10to15,Standby
STANDBY_005,WP,7,10to15,2005-07-25T00:00:00,10.2,169.7,8,WP_7_10to15,Standby
STANDBY_006,WP,7,10to15,2008-07-02T18:00:00,11.4,120.4,9,WP_7_10to15,Standby
STANDBY_007,WP,7,10to15,2011-07-04T06:00:00,12.1,114.4,10,WP_7_10to15,Standby
STANDBY_008,WP,7,10to15,1986-07-23T12:00:00,10.7,103.3,11,WP_7_10to15,Standby
STANDBY_009,WP,7,10to15,2009-07-23T12:00:00,14.2,143.3,12,WP_7_10to15,Standby
STANDBY_010,WP,7,10to15,2008-07-30T06:00:00,14.0,146.3,13,WP_7_10to15,Standby
STANDBY_011,WP,7,10to15,2000-07-30T12:00:00,10.3,117.7,14,WP_7_10to15,Standby
STANDBY_012,WP,7,10to15,2003-07-16T06:00:00,12.6,167.5,15,WP_7_10to15,Standby
STANDBY_013,WP,7,10to15,1996-07-07T00:00:00,13.2,174.5,16,WP_7_10to15,Standby
STANDBY_014,WP,7,10to15,2023-07-11T18:00:00,11.1,156.7,17,WP_7_10to15,Standby
STANDBY_015,WP,7,10to15,2019-07-01T00:00:00,12.7,174.3,18,WP_7_10to15,Standby
STANDBY_016,WP,7,10to15,1999-07-05T12:00:00,11.8,118.6,19,WP_7_10to15,Standby
STANDBY_017,WP,7,10to15,2016-07-11T00:00:00,10.2,113.5,20,WP_7_10to15,Standby
STANDBY_018,WP,7,10to15,2020-07-21T18:00:00,14.5,111.9,21,WP_7_10to15,Standby
STANDBY_019,WP,7,10to15,1980-07-19T00:00:00,10.1,170.9,22,WP_7_10to15,Standby
STANDBY_020,WP,7,10to15,2007-07-18T18:00:00,10.3,167.7,23,WP_7_10to15,Standby
CTRL_001,WP,7,15to20,2012-07-22T06:00:00,15.0,177.6,1,WP_7_15to20,Selected
CTRL_002,WP,7,15to20,1981-07-04T00:00:00,18.4,153.5,2,WP_7_15to20,Selected
CTRL_003,WP,7,15to20,2000-07-31T00:00:00,16.3,113.5,3,WP_7_15to20,Selected
CTRL_004,WP,7,15to20,2007-07-21T12:00:00,18.9,115.8,4,WP_7_15to20,Selected
STANDBY_001,WP,7,15to20,2009-07-04T12:00:00,15.1,163.9,5,WP_7_15to20,Standby
STANDBY_002,WP,7,15to20,1999-07-24T00:00:00,17.5,177.6,6,WP_7_15to20,Standby
STANDBY_003,WP,7,15to20,2005-07-02T06:00:00,18.0,107.3,7,WP_7_15to20,Standby
STANDBY_004,WP,7,15to20,1993-07-30T18:00:00,18.4,167.4,8,WP_7_15to20,Standby
STANDBY_005,WP,7,15to20,2021-07-06T18:00:00,17.6,175.5,9,WP_7_15to20,Standby
STANDBY_006,WP,7,15to20,1985-07-17T06:00:00,15.2,155.5,10,WP_7_15to20,Standby
STANDBY_007,WP,7,15to20,1997-07-12T18:00:00,16.5,108.9,11,WP_7_15to20,Standby
STANDBY_008,WP,7,15to20,1996-07-05T18:00:00,15.3,127.2,12,WP_7_15to20,Standby
STANDBY_009,WP,7,15to20,2018-07-02T18:00:00,17.0,171.0,13,WP_7_15to20,Standby
STANDBY_010,WP,7,15to20,2003-07-10T06:00:00,18.6,166.0,14,WP_7_15to20,Standby
STANDBY_011,WP,7,15to20,2007-07-14T00:00:00,19.3,174.3,15,WP_7_15to20,Standby
STANDBY_012,WP,7,15to20,1993-07-02T00:00:00,16.2,144.8,16,WP_7_15to20,Standby
STANDBY_013,WP,7,15to20,2012-07-25T18:00:00,18.9,167.9,17,WP_7_15to20,Standby
STANDBY_014,WP,7,15to20,2021-07-15T18:00:00,18.7,159.2,18,WP_7_15to20,Standby
STANDBY_015,WP,7,15to20,2013-07-15T12:00:00,18.9,169.3,19,WP_7_15to20,Standby
STANDBY_016,WP,7,15to20,1985-07-01T12:00:00,17.7,154.5,20,WP_7_15to20,Standby
STANDBY_017,WP,7,15to20,1998-07-25T00:00:00,19.4,160.6,21,WP_7_15to20,Standby
STANDBY_018,WP,7,15to20,2017-07-06T12:00:00,16.4,152.9,22,WP_7_15to20,Standby
STANDBY_019,WP,7,15to20,2018-07-07T06:00:00,18.9,172.6,23,WP_7_15to20,Standby
STANDBY_020,WP,7,15to20,2023-07-12T12:00:00,19.7,163.5,24,WP_7_15to20,Standby
CTRL_001,WP,7,20to25,1982-07-21T12:00:00,23.7,165.5,1,WP_7_20to25,Selected
STANDBY_001,WP,7,20to25,1993-07-18T18:00:00,23.4,166.3,2,WP_7_20to25,Standby
STANDBY_002,WP,7,20to25,1982-07-19T12:00:00,20.8,175.4,3,WP_7_20to25,Standby
STANDBY_003,WP,7,20to25,2000-07-01T00:00:00,21.6,170.2,4,WP_7_20to25,Standby
STANDBY_004,WP,7,20to25,2014-07-30T12:00:00,23.9,149.1,5,WP_7_20to25,Standby
STANDBY_005,WP,7,20to25,2017-07-10T06:00:00,22.9,148.4,6,WP_7_20to25,Standby
STANDBY_006,WP,7,20to25,1983-07-03T06:00:00,21.1,169.2,7,WP_7_20to25,Standby
STANDBY_007,WP,7,20to25,2012-07-12T00:00:00,23.2,167.4,8,WP_7_20to25,Standby
STANDBY_008,WP,7,20to25,1986-07-21T18:00:00,22.0,172.2,9,WP_7_20to25,Standby
STANDBY_009,WP,7,20to25,2001-07-23T06:00:00,24.4,164.1,10,WP_7_20to25,Standby
STANDBY_010,WP,7,20to25,1995-07-02T18:00:00,20.5,124.5,11,WP_7_20to25,Standby
STANDBY_011,WP,7,20to25,2016-07-06T06:00:00,23.4,143.7,12,WP_7_20to25,Standby
STANDBY_012,WP,7,20to25,2008-07-01T00:00:00,21.5,125.6,13,WP_7_20to25,Standby
STANDBY_013,WP,7,20to25,1997-07-05T00:00:00,20.1,113.6,14,WP_7_20to25,Standby
STANDBY_014,WP,7,20to25,1997-07-17T18:00:00,21.9,113.9,15,WP_7_20to25,Standby
STANDBY_015,WP,7,20to25,2010-07-15T00:00:00,21.2,159.9,16,WP_7_20to25,Standby
STANDBY_016,WP,7,20to25,2024-07-10T06:00:00,23.0,141.3,17,WP_7_20to25,Standby
STANDBY_017,WP,7,20to25,2000-07-13T06:00:00,20.2,172.9,18,WP_7_20to25,Standby
STANDBY_018,WP,7,20to25,2010-07-28T00:00:00,24.2,134.0,19,WP_7_20to25,Standby
STANDBY_019,WP,7,20to25,2013-07-01T18:00:00,24.0,128.3,20,WP_7_20to25,Standby
STANDBY_020,WP,7,20to25,1980-07-13T06:00:00,22.1,165.0,21,WP_7_20to25,Standby
CTRL_001,WP,7,25to30,1980-07-18T18:00:00,26.8,178.1,1,WP_7_25to30,Selected
STANDBY_001,WP,7,25to30,2006-07-07T00:00:00,28.2,143.4,2,WP_7_25to30,Standby
STANDBY_002,WP,7,25to30,1995-07-30T00:00:00,26.1,179.6,3,WP_7_25to30,Standby
STANDBY_003,WP,7,25to30,1983-07-04T12:00:00,27.9,154.6,4,WP_7_25to30,Standby
STANDBY_004,WP,7,25to30,1981-07-04T18:00:00,29.3,157.5,5,WP_7_25to30,Standby
STANDBY_005,WP,7,25to30,1982-07-22T12:00:00,25.1,178.5,6,WP_7_25to30,Standby
STANDBY_006,WP,7,25to30,2011-07-01T06:00:00,27.0,134.3,7,WP_7_25to30,Standby
STANDBY_007,WP,7,25to30,1998-07-11T06:00:00,29.3,154.5,8,WP_7_25to30,Standby
STANDBY_008,WP,7,25to30,2009-07-17T12:00:00,26.9,175.1,9,WP_7_25to30,Standby
STANDBY_009,WP,7,25to30,1985-07-28T18:00:00,29.1,172.2,10,WP_7_25to30,Standby
STANDBY_010,WP,7,25to30,1987-07-09T06:00:00,25.4,170.8,11,WP_7_25to30,Standby
STANDBY_011,WP,7,25to30,1988-07-08T12:00:00,29.0,175.5,12,WP_7_25to30,Standby
STANDBY_012,WP,7,25to30,1990-07-28T00:00:00,28.5,170.4,13,WP_7_25to30,Standby
STANDBY_013,WP,7,25to30,2015-07-26T06:00:00,25.0,169.9,14,WP_7_25to30,Standby
STANDBY_014,WP,7,25to30,2011-07-01T06:00:00,29.0,162.7,15,WP_7_25to30,Standby
STANDBY_015,WP,7,25to30,1980-07-19T00:00:00,28.4,137.1,16,WP_7_25to30,Standby
STANDBY_016,WP,7,25to30,2005-07-28T06:00:00,25.3,174.0,17,WP_7_25to30,Standby
STANDBY_017,WP,7,25to30,2006-07-20T00:00:00,26.1,151.4,18,WP_7_25to30,Standby
STANDBY_018,WP,7,25to30,1982-07-23T18:00:00,26.8,155.7,19,WP_7_25to30,Standby
STANDBY_019,WP,7,25to30,1990-07-06T18:00:00,27.3,135.1,20,WP_7_25to30,Standby
STANDBY_020,WP,7,25to30,1983-07-28T18:00:00,25.3,147.1,21,WP_7_25to30,Standby
CTRL_001,WP,7,5to10,2011-07-12T12:00:00,6.3,117.9,1,WP_7_5to10,Selected
CTRL_002,WP,7,5to10,2010-07-02T00:00:00,9.5,141.6,2,WP_7_5to10,Selected
STANDBY_001,WP,7,5to10,2012-07-29T12:00:00,8.8,168.3,3,WP_7_5to10,Standby
STANDBY_002,WP,7,5to10,1996-07-09T06:00:00,9.9,150.0,4,WP_7_5to10,Standby
STANDBY_003,WP,7,5to10,1993-07-08T12:00:00,5.8,110.7,5,WP_7_5to10,Standby
STANDBY_004,WP,7,5to10,1987-07-06T18:00:00,7.3,178.1,6,WP_7_5to10,Standby
STANDBY_005,WP,7,5to10,2014-07-27T06:00:00,9.3,103.2,7,WP_7_5to10,Standby
STANDBY_006,WP,7,5to10,2025-07-11T12:00:00,9.3,106.6,8,WP_7_5to10,Standby
STANDBY_007,WP,7,5to10,2020-07-12T18:00:00,8.2,142.4,9,WP_7_5to10,Standby
STANDBY_008,WP,7,5to10,1993-07-21T06:00:00,8.1,175.0,10,WP_7_5to10,Standby
STANDBY_009,WP,7,5to10,2000-07-04T00:00:00,8.9,172.0,11,WP_7_5to10,Standby
STANDBY_010,WP,7,5to10,1984-07-10T00:00:00,7.2,159.5,12,WP_7_5to10,Standby
STANDBY_011,WP,7,5to10,1985-07-15T06:00:00,8.5,122.3,13,WP_7_5to10,Standby
STANDBY_012,WP,7,5to10,1998-07-27T00:00:00,9.6,166.3,14,WP_7_5to10,Standby
STANDBY_013,WP,7,5to10,2008-07-17T12:00:00,8.7,121.3,15,WP_7_5to10,Standby
STANDBY_014,WP,7,5to10,2020-07-02T12:00:00,7.9,157.5,16,WP_7_5to10,Standby
STANDBY_015,WP,7,5to10,2014-07-12T18:00:00,5.7,100.0,17,WP_7_5to10,Standby
STANDBY_016,WP,7,5to10,2024-07-28T18:00:00,8.9,156.7,18,WP_7_5to10,Standby
STANDBY_017,WP,7,5to10,1998-07-09T12:00:00,8.9,157.1,19,WP_7_5to10,Standby
STANDBY_018,WP,7,5to10,1983-07-30T18:00:00,6.3,106.7,20,WP_7_5to10,Standby
STANDBY_019,WP,7,5to10,2021-07-08T12:00:00,5.8,109.9,21,WP_7_5to10,Standby
STANDBY_020,WP,7,5to10,2022-07-18T06:00:00,9.9,161.4,22,WP_7_5to10,Standby
CTRL_001,WP,8,10to15,1985-08-10T06:00:00,12.6,166.2,1,WP_8_10to15,Selected
CTRL_002,WP,8,10to15,2003-08-04T00:00:00,10.3,116.0,2,WP_8_10to15,Selected
CTRL_003,WP,8,10to15,1980-08-22T12:00:00,13.6,155.9,3,WP_8_10to15,Selected
STANDBY_001,WP,8,10to15,2017-08-12T12:00:00,12.3,117.8,4,WP_8_10to15,Standby
STANDBY_002,WP,8,10to15,2005-08-10T06:00:00,11.5,170.6,5,WP_8_10to15,Standby
STANDBY_003,WP,8,10to15,1986-08-01T06:00:00,14.6,114.2,6,WP_8_10to15,Standby
STANDBY_004,WP,8,10to15,2024-08-14T06:00:00,10.6,135.4,7,WP_8_10to15,Standby
STANDBY_005,WP,8,10to15,1994-08-30T12:00:00,11.7,166.6,8,WP_8_10to15,Standby
STANDBY_006,WP,8,10to15,1986-08-26T12:00:00,12.3,136.5,9,WP_8_10to15,Standby
STANDBY_007,WP,8,10to15,1981-08-08T06:00:00,11.4,154.0,10,WP_8_10to15,Standby
STANDBY_008,WP,8,10to15,2006-08-15T18:00:00,13.1,152.6,11,WP_8_10to15,Standby
STANDBY_009,WP,8,10to15,2014-08-24T18:00:00,11.2,132.7,12,WP_8_10to15,Standby
STANDBY_010,WP,8,10to15,1998-08-13T06:00:00,10.1,171.5,13,WP_8_10to15,Standby
STANDBY_011,WP,8,10to15,1993-08-06T12:00:00,13.5,120.8,14,WP_8_10to15,Standby
STANDBY_012,WP,8,10to15,2023-08-21T18:00:00,13.1,114.1,15,WP_8_10to15,Standby
STANDBY_013,WP,8,10to15,1996-08-24T00:00:00,10.6,173.6,16,WP_8_10to15,Standby
STANDBY_014,WP,8,10to15,2009-08-03T00:00:00,12.0,148.7,17,WP_8_10to15,Standby
STANDBY_015,WP,8,10to15,2010-08-01T12:00:00,10.0,107.2,18,WP_8_10to15,Standby
STANDBY_016,WP,8,10to15,1998-08-09T12:00:00,13.8,154.8,19,WP_8_10to15,Standby
STANDBY_017,WP,8,10to15,2018-08-27T18:00:00,13.1,111.1,20,WP_8_10to15,Standby
STANDBY_018,WP,8,10to15,2005-08-19T18:00:00,13.6,132.4,21,WP_8_10to15,Standby
STANDBY_019,WP,8,10to15,2011-08-05T00:00:00,12.2,176.4,22,WP_8_10to15,Standby
STANDBY_020,WP,8,10to15,2014-08-14T18:00:00,10.3,146.8,23,WP_8_10to15,Standby
CTRL_001,WP,8,15to20,2017-08-25T12:00:00,18.9,163.2,1,WP_8_15to20,Selected
CTRL_002,WP,8,15to20,2019-08-01T00:00:00,17.1,173.0,2,WP_8_15to20,Selected
STANDBY_001,WP,8,15to20,1984-08-28T06:00:00,19.3,156.8,3,WP_8_15to20,Standby
STANDBY_002,WP,8,15to20,1985-08-29T12:00:00,19.3,158.8,4,WP_8_15to20,Standby
STANDBY_003,WP,8,15to20,2025-08-12T18:00:00,17.8,158.9,5,WP_8_15to20,Standby
STANDBY_004,WP,8,15to20,1989-08-21T00:00:00,16.9,177.8,6,WP_8_15to20,Standby
STANDBY_005,WP,8,15to20,2019-08-14T06:00:00,17.9,177.1,7,WP_8_15to20,Standby
STANDBY_006,WP,8,15to20,2007-08-11T18:00:00,19.1,169.9,8,WP_8_15to20,Standby
STANDBY_007,WP,8,15to20,2008-08-29T18:00:00,16.0,159.3,9,WP_8_15to20,Standby
STANDBY_008,WP,8,15to20,2004-08-04T12:00:00,19.9,108.0,10,WP_8_15to20,Standby
STANDBY_009,WP,8,15to20,1998-08-26T06:00:00,17.5,152.2,11,WP_8_15to20,Standby
STANDBY_010,WP,8,15to20,2014-08-29T06:00:00,15.7,147.5,12,WP_8_15to20,Standby
STANDBY_011,WP,8,15to20,1992-08-29T18:00:00,19.4,177.8,13,WP_8_15to20,Standby
STANDBY_012,WP,8,15to20,1987-08-10T00:00:00,17.8,151.2,14,WP_8_15to20,Standby
STANDBY_013,WP,8,15to20,2010-08-15T12:00:00,19.7,159.9,15,WP_8_15to20,Standby
STANDBY_014,WP,8,15to20,2016-08-14T00:00:00,15.4,125.4,16,WP_8_15to20,Standby
STANDBY_015,WP,8,15to20,2013-08-26T06:00:00,17.5,154.7,17,WP_8_15to20,Standby
STANDBY_016,WP,8,15to20,2023-08-11T18:00:00,16.0,126.1,18,WP_8_15to20,Standby
STANDBY_017,WP,8,15to20,2013-08-26T12:00:00,17.4,157.2,19,WP_8_15to20,Standby
STANDBY_018,WP,8,15to20,2009-08-23T12:00:00,18.3,133.8,20,WP_8_15to20,Standby
STANDBY_019,WP,8,15to20,2020-08-21T06:00:00,17.1,148.6,21,WP_8_15to20,Standby
STANDBY_020,WP,8,15to20,1980-08-29T06:00:00,15.4,162.2,22,WP_8_15to20,Standby
CTRL_001,WP,8,20to25,2013-08-28T06:00:00,23.3,146.6,1,WP_8_20to25,Selected
CTRL_002,WP,8,20to25,2014-08-26T12:00:00,22.9,135.6,2,WP_8_20to25,Selected
CTRL_003,WP,8,20to25,1984-08-21T06:00:00,22.3,170.5,3,WP_8_20to25,Selected
STANDBY_001,WP,8,20to25,1995-08-16T00:00:00,22.2,167.1,4,WP_8_20to25,Standby
STANDBY_002,WP,8,20to25,1989-08-25T12:00:00,21.4,179.9,5,WP_8_20to25,Standby
STANDBY_003,WP,8,20to25,1980-08-28T06:00:00,24.1,147.9,6,WP_8_20to25,Standby
STANDBY_004,WP,8,20to25,2008-08-06T18:00:00,20.8,164.8,7,WP_8_20to25,Standby
STANDBY_005,WP,8,20to25,2010-08-25T06:00:00,23.8,149.0,8,WP_8_20to25,Standby
STANDBY_006,WP,8,20to25,1981-08-25T00:00:00,21.1,164.0,9,WP_8_20to25,Standby
STANDBY_007,WP,8,20to25,2008-08-31T18:00:00,21.0,152.0,10,WP_8_20to25,Standby
STANDBY_008,WP,8,20to25,1982-08-03T12:00:00,23.8,163.0,11,WP_8_20to25,Standby
STANDBY_009,WP,8,20to25,1985-08-11T06:00:00,20.9,175.3,12,WP_8_20to25,Standby
STANDBY_010,WP,8,20to25,2008-08-05T18:00:00,20.7,159.6,13,WP_8_20to25,Standby
STANDBY_011,WP,8,20to25,1987-08-03T00:00:00,23.9,175.7,14,WP_8_20to25,Standby
STANDBY_012,WP,8,20to25,2014-08-22T00:00:00,20.7,158.2,15,WP_8_20to25,Standby
STANDBY_013,WP,8,20to25,1984-08-23T18:00:00,23.5,163.1,16,WP_8_20to25,Standby
STANDBY_014,WP,8,20to25,1997-08-29T00:00:00,22.4,151.0,17,WP_8_20to25,Standby
STANDBY_015,WP,8,20to25,2021-08-19T18:00:00,21.2,174.8,18,WP_8_20to25,Standby
STANDBY_016,WP,8,20to25,2022-08-19T06:00:00,21.3,175.2,19,WP_8_20to25,Standby
STANDBY_017,WP,8,20to25,2019-08-13T00:00:00,23.6,155.2,20,WP_8_20to25,Standby
STANDBY_018,WP,8,20to25,2024-08-25T18:00:00,21.7,163.9,21,WP_8_20to25,Standby
STANDBY_019,WP,8,20to25,2003-08-06T06:00:00,23.0,159.3,22,WP_8_20to25,Standby
STANDBY_020,WP,8,20to25,2020-08-14T18:00:00,24.9,170.1,23,WP_8_20to25,Standby
CTRL_001,WP,8,25to30,1997-08-10T06:00:00,27.5,168.4,1,WP_8_25to30,Selected
STANDBY_001,WP,8,25to30,2010-08-14T12:00:00,26.3,171.2,2,WP_8_25to30,Standby
STANDBY_002,WP,8,25to30,1993-08-08T18:00:00,26.5,176.2,3,WP_8_25to30,Standby
STANDBY_003,WP,8,25to30,1995-08-02T18:00:00,29.1,170.1,4,WP_8_25to30,Standby
STANDBY_004,WP,8,25to30,2025-08-04T12:00:00,28.3,175.0,5,WP_8_25to30,Standby
STANDBY_005,WP,8,25to30,1993-08-01T18:00:00,27.3,165.5,6,WP_8_25to30,Standby
STANDBY_006,WP,8,25to30,2016-08-27T18:00:00,27.3,174.4,7,WP_8_25to30,Standby
STANDBY_007,WP,8,25to30,2010-08-12T12:00:00,29.7,145.5,8,WP_8_25to30,Standby
STANDBY_008,WP,8,25to30,2019-08-14T12:00:00,28.4,167.8,9,WP_8_25to30,Standby
STANDBY_009,WP,8,25to30,2011-08-21T12:00:00,25.5,175.7,10,WP_8_25to30,Standby
STANDBY_010,WP,8,25to30,1982-08-07T18:00:00,27.9,164.1,11,WP_8_25to30,Standby
STANDBY_011,WP,8,25to30,1987-08-27T06:00:00,29.5,171.9,12,WP_8_25to30,Standby
STANDBY_012,WP,8,25to30,1989-08-17T00:00:00,29.6,175.8,13,WP_8_25to30,Standby
STANDBY_013,WP,8,25to30,2019-08-15T18:00:00,25.9,168.3,14,WP_8_25to30,Standby
STANDBY_014,WP,8,25to30,2006-08-10T12:00:00,29.3,158.4,15,WP_8_25to30,Standby
STANDBY_015,WP,8,25to30,2019-08-26T12:00:00,29.5,157.0,16,WP_8_25to30,Standby
STANDBY_016,WP,8,25to30,1984-08-20T18:00:00,25.0,177.9,17,WP_8_25to30,Standby
STANDBY_017,WP,8,25to30,1980-08-25T12:00:00,25.6,142.3,18,WP_8_25to30,Standby
STANDBY_018,WP,8,25to30,2006-08-31T00:00:00,27.5,171.8,19,WP_8_25to30,Standby
STANDBY_019,WP,8,25to30,2005-08-20T12:00:00,27.2,173.7,20,WP_8_25to30,Standby
STANDBY_020,WP,8,25to30,1997-08-24T00:00:00,25.3,147.7,21,WP_8_25to30,Standby
CTRL_001,WP,8,5to10,2011-08-25T06:00:00,5.9,144.3,1,WP_8_5to10,Selected
STANDBY_001,WP,8,5to10,2003-08-22T06:00:00,8.4,160.2,2,WP_8_5to10,Standby
STANDBY_002,WP,8,5to10,1980-08-19T18:00:00,7.5,164.1,3,WP_8_5to10,Standby
STANDBY_003,WP,8,5to10,2025-08-22T00:00:00,6.8,141.8,4,WP_8_5to10,Standby
STANDBY_004,WP,8,5to10,2005-08-12T18:00:00,8.0,164.9,5,WP_8_5to10,Standby
STANDBY_005,WP,8,5to10,1994-08-24T12:00:00,6.2,103.7,6,WP_8_5to10,Standby
STANDBY_006,WP,8,5to10,1997-08-16T06:00:00,5.0,128.1,7,WP_8_5to10,Standby
STANDBY_007,WP,8,5to10,2009-08-10T12:00:00,8.2,121.9,8,WP_8_5to10,Standby
STANDBY_008,WP,8,5to10,2006-08-24T06:00:00,5.8,144.5,9,WP_8_5to10,Standby
STANDBY_009,WP,8,5to10,1993-08-30T00:00:00,6.5,174.8,10,WP_8_5to10,Standby
STANDBY_010,WP,8,5to10,1992-08-27T18:00:00,5.2,109.4,11,WP_8_5to10,Standby
STANDBY_011,WP,8,5to10,2016-08-16T18:00:00,8.7,167.6,12,WP_8_5to10,Standby
STANDBY_012,WP,8,5to10,2018-08-27T12:00:00,5.9,149.7,13,WP_8_5to10,Standby
STANDBY_013,WP,8,5to10,1998-08-30T00:00:00,8.6,102.3,14,WP_8_5to10,Standby
STANDBY_014,WP,8,5to10,2015-08-27T00:00:00,5.1,165.1,15,WP_8_5to10,Standby
STANDBY_015,WP,8,5to10,2001-08-20T18:00:00,6.9,152.9,16,WP_8_5to10,Standby
STANDBY_016,WP,8,5to10,2010-08-10T12:00:00,7.5,169.1,17,WP_8_5to10,Standby
STANDBY_017,WP,8,5to10,2024-08-24T00:00:00,8.0,106.9,18,WP_8_5to10,Standby
STANDBY_018,WP,8,5to10,1988-08-25T18:00:00,8.1,167.5,19,WP_8_5to10,Standby
STANDBY_019,WP,8,5to10,1981-08-25T12:00:00,7.2,105.3,20,WP_8_5to10,Standby
STANDBY_020,WP,8,5to10,2020-08-10T06:00:00,7.6,167.7,21,WP_8_5to10,Standby
CTRL_001,WP,9,10to15,2007-09-11T00:00:00,11.4,102.6,1,WP_9_10to15,Selected
CTRL_002,WP,9,10to15,1990-09-25T00:00:00,14.1,163.5,2,WP_9_10to15,Selected
CTRL_003,WP,9,10to15,1987-09-19T18:00:00,12.7,175.6,3,WP_9_10to15,Selected
CTRL_004,WP,9,10to15,2022-09-23T18:00:00,14.4,167.5,4,WP_9_10to15,Selected
CTRL_005,WP,9,10to15,1998-09-07T06:00:00,11.3,171.5,5,WP_9_10to15,Selected
CTRL_006,WP,9,10to15,1999-09-25T00:00:00,11.8,102.5,6,WP_9_10to15,Selected
STANDBY_001,WP,9,10to15,2025-09-28T18:00:00,11.4,162.0,7,WP_9_10to15,Standby
STANDBY_002,WP,9,10to15,2010-09-18T12:00:00,13.0,160.3,8,WP_9_10to15,Standby
STANDBY_003,WP,9,10to15,1990-09-13T06:00:00,14.4,172.7,9,WP_9_10to15,Standby
STANDBY_004,WP,9,10to15,2001-09-02T18:00:00,13.0,127.7,10,WP_9_10to15,Standby
STANDBY_005,WP,9,10to15,2011-09-08T18:00:00,10.7,112.1,11,WP_9_10to15,Standby
STANDBY_006,WP,9,10to15,2015-09-02T18:00:00,14.1,164.2,12,WP_9_10to15,Standby
STANDBY_007,WP,9,10to15,2025-09-05T00:00:00,10.5,158.4,13,WP_9_10to15,Standby
STANDBY_008,WP,9,10to15,2011-09-15T06:00:00,13.1,117.0,14,WP_9_10to15,Standby
STANDBY_009,WP,9,10to15,1994-09-24T06:00:00,12.5,115.0,15,WP_9_10to15,Standby
STANDBY_010,WP,9,10to15,2013-09-29T12:00:00,13.2,177.0,16,WP_9_10to15,Standby
STANDBY_011,WP,9,10to15,2025-09-21T12:00:00,13.2,171.3,17,WP_9_10to15,Standby
STANDBY_012,WP,9,10to15,2016-09-01T18:00:00,11.8,110.7,18,WP_9_10to15,Standby
STANDBY_013,WP,9,10to15,2013-09-13T18:00:00,13.3,179.3,19,WP_9_10to15,Standby
STANDBY_014,WP,9,10to15,2015-09-23T06:00:00,10.8,113.1,20,WP_9_10to15,Standby
STANDBY_015,WP,9,10to15,1989-09-12T12:00:00,10.2,130.9,21,WP_9_10to15,Standby
STANDBY_016,WP,9,10to15,1982-09-27T12:00:00,10.5,128.9,22,WP_9_10to15,Standby
STANDBY_017,WP,9,10to15,2003-09-20T18:00:00,14.3,153.1,23,WP_9_10to15,Standby
STANDBY_018,WP,9,10to15,2007-09-07T12:00:00,12.4,176.8,24,WP_9_10to15,Standby
STANDBY_019,WP,9,10to15,1985-09-30T12:00:00,14.1,161.6,25,WP_9_10to15,Standby
STANDBY_020,WP,9,10to15,2025-09-23T06:00:00,13.0,159.2,26,WP_9_10to15,Standby
CTRL_001,WP,9,20to25,2017-09-25T00:00:00,24.9,153.9,1,WP_9_20to25,Selected
CTRL_002,WP,9,20to25,2011-09-17T18:00:00,21.7,174.4,2,WP_9_20to25,Selected
STANDBY_001,WP,9,20to25,2023-09-26T12:00:00,23.4,151.1,3,WP_9_20to25,Standby
STANDBY_002,WP,9,20to25,1982-09-29T12:00:00,23.6,156.5,4,WP_9_20to25,Standby
STANDBY_003,WP,9,20to25,2023-09-10T06:00:00,24.3,150.1,5,WP_9_20to25,Standby
STANDBY_004,WP,9,20to25,1980-09-05T06:00:00,24.5,165.6,6,WP_9_20to25,Standby
STANDBY_005,WP,9,20to25,1992-09-20T00:00:00,24.1,177.8,7,WP_9_20to25,Standby
STANDBY_006,WP,9,20to25,2004-09-10T06:00:00,24.4,178.4,8,WP_9_20to25,Standby
STANDBY_007,WP,9,20to25,2023-09-11T00:00:00,20.4,145.5,9,WP_9_20to25,Standby
STANDBY_008,WP,9,20to25,2021-09-11T00:00:00,21.6,170.9,10,WP_9_20to25,Standby
STANDBY_009,WP,9,20to25,1993-09-15T12:00:00,20.9,172.8,11,WP_9_20to25,Standby
STANDBY_010,WP,9,20to25,2010-09-12T00:00:00,22.9,160.8,12,WP_9_20to25,Standby
STANDBY_011,WP,9,20to25,1987-09-19T06:00:00,20.5,120.1,13,WP_9_20to25,Standby
STANDBY_012,WP,9,20to25,1987-09-04T12:00:00,20.2,175.4,14,WP_9_20to25,Standby
STANDBY_013,WP,9,20to25,2003-09-14T18:00:00,20.7,161.4,15,WP_9_20to25,Standby
STANDBY_014,WP,9,20to25,2014-09-18T12:00:00,23.8,173.3,16,WP_9_20to25,Standby
STANDBY_015,WP,9,20to25,1981-09-25T12:00:00,20.2,179.6,17,WP_9_20to25,Standby
STANDBY_016,WP,9,20to25,1995-09-09T00:00:00,24.3,156.1,18,WP_9_20to25,Standby
STANDBY_017,WP,9,20to25,2023-09-19T12:00:00,23.6,159.5,19,WP_9_20to25,Standby
STANDBY_018,WP,9,20to25,1984-09-08T18:00:00,20.0,137.5,20,WP_9_20to25,Standby
STANDBY_019,WP,9,20to25,1994-09-16T06:00:00,24.7,178.2,21,WP_9_20to25,Standby
STANDBY_020,WP,9,20to25,1998-09-15T12:00:00,22.5,179.8,22,WP_9_20to25,Standby
CTRL_001,WP,9,5to10,2016-09-19T18:00:00,6.2,105.5,1,WP_9_5to10,Selected
STANDBY_001,WP,9,5to10,2001-09-18T12:00:00,9.0,136.4,2,WP_9_5to10,Standby
STANDBY_002,WP,9,5to10,2017-09-07T06:00:00,6.3,163.5,3,WP_9_5to10,Standby
STANDBY_003,WP,9,5to10,1984-09-06T18:00:00,6.7,159.6,4,WP_9_5to10,Standby
STANDBY_004,WP,9,5to10,2022-09-08T18:00:00,8.4,145.2,5,WP_9_5to10,Standby
STANDBY_005,WP,9,5to10,2022-09-25T00:00:00,7.4,157.4,6,WP_9_5to10,Standby
STANDBY_006,WP,9,5to10,2009-09-13T12:00:00,6.5,103.5,7,WP_9_5to10,Standby
STANDBY_007,WP,9,5to10,1991-09-29T12:00:00,6.9,135.0,8,WP_9_5to10,Standby
STANDBY_008,WP,9,5to10,1984-09-15T12:00:00,7.9,162.6,9,WP_9_5to10,Standby
STANDBY_009,WP,9,5to10,1981-09-05T00:00:00,5.5,171.2,10,WP_9_5to10,Standby
STANDBY_010,WP,9,5to10,1998-09-19T06:00:00,5.3,109.1,11,WP_9_5to10,Standby
STANDBY_011,WP,9,5to10,1996-09-23T18:00:00,6.0,110.1,12,WP_9_5to10,Standby
STANDBY_012,WP,9,5to10,2007-09-23T12:00:00,6.1,160.7,13,WP_9_5to10,Standby
STANDBY_013,WP,9,5to10,1988-09-12T00:00:00,6.4,145.0,14,WP_9_5to10,Standby
STANDBY_014,WP,9,5to10,1988-09-07T06:00:00,6.3,115.5,15,WP_9_5to10,Standby
STANDBY_015,WP,9,5to10,2025-09-03T06:00:00,6.0,166.0,16,WP_9_5to10,Standby
STANDBY_016,WP,9,5to10,2013-09-30T00:00:00,6.7,103.4,17,WP_9_5to10,Standby
STANDBY_017,WP,9,5to10,2013-09-12T12:00:00,8.3,158.9,18,WP_9_5to10,Standby
STANDBY_018,WP,9,5to10,1985-09-28T12:00:00,5.1,105.4,19,WP_9_5to10,Standby
STANDBY_019,WP,9,5to10,1992-09-09T12:00:00,7.6,106.5,20,WP_9_5to10,Standby
STANDBY_020,WP,9,5to10,1993-09-11T06:00:00,8.1,118.9,21,WP_9_5to10,Standby
CTRL_001,WP,10,15to20,1994-10-02T06:00:00,15.1,109.6,1,WP_10_15to20,Selected
CTRL_002,WP,10,15to20,1996-10-28T12:00:00,17.3,160.4,2,WP_10_15to20,Selected
STANDBY_001,WP,10,15to20,1991-10-17T12:00:00,19.7,120.6,3,WP_10_15to20,Standby
STANDBY_002,WP,10,15to20,1996-10-26T06:00:00,18.0,170.4,4,WP_10_15to20,Standby
STANDBY_003,WP,10,15to20,1996-10-03T06:00:00,15.7,176.0,5,WP_10_15to20,Standby
STANDBY_004,WP,10,15to20,1990-10-14T12:00:00,16.5,174.1,6,WP_10_15to20,Standby
STANDBY_005,WP,10,15to20,1988-10-28T18:00:00,17.7,168.3,7,WP_10_15to20,Standby
STANDBY_006,WP,10,15to20,2018-10-06T00:00:00,16.0,172.5,8,WP_10_15to20,Standby
STANDBY_007,WP,10,15to20,1990-10-03T18:00:00,19.8,172.9,9,WP_10_15to20,Standby
STANDBY_008,WP,10,15to20,1985-10-26T12:00:00,15.4,175.6,10,WP_10_15to20,Standby
STANDBY_009,WP,10,15to20,2006-10-16T18:00:00,18.8,177.8,11,WP_10_15to20,Standby
STANDBY_010,WP,10,15to20,2017-10-31T18:00:00,17.4,160.4,12,WP_10_15to20,Standby
STANDBY_011,WP,10,15to20,1990-10-27T18:00:00,18.1,109.9,13,WP_10_15to20,Standby
STANDBY_012,WP,10,15to20,2011-10-13T18:00:00,19.6,165.7,14,WP_10_15to20,Standby
STANDBY_013,WP,10,15to20,2022-10-08T18:00:00,16.3,165.4,15,WP_10_15to20,Standby
STANDBY_014,WP,10,15to20,2002-10-21T00:00:00,15.0,126.8,16,WP_10_15to20,Standby
STANDBY_015,WP,10,15to20,2008-10-21T00:00:00,18.3,140.1,17,WP_10_15to20,Standby
STANDBY_016,WP,10,15to20,2006-10-29T00:00:00,15.3,164.9,18,WP_10_15to20,Standby
STANDBY_017,WP,10,15to20,2018-10-02T00:00:00,15.4,173.4,19,WP_10_15to20,Standby
STANDBY_018,WP,10,15to20,2000-10-03T18:00:00,19.6,127.3,20,WP_10_15to20,Standby
STANDBY_019,WP,10,15to20,1997-10-27T00:00:00,19.9,172.7,21,WP_10_15to20,Standby
STANDBY_020,WP,10,15to20,2012-10-28T12:00:00,16.9,136.0,22,WP_10_15to20,Standby
CTRL_001,WP,10,5to10,2008-10-27T12:00:00,5.6,128.0,1,WP_10_5to10,Selected
CTRL_002,WP,10,5to10,2018-10-08T12:00:00,6.4,165.8,2,WP_10_5to10,Selected
CTRL_003,WP,10,5to10,2008-10-21T18:00:00,7.9,108.5,3,WP_10_5to10,Selected
CTRL_004,WP,10,5to10,2003-10-21T18:00:00,7.0,142.5,4,WP_10_5to10,Selected
CTRL_005,WP,10,5to10,2000-10-31T00:00:00,6.0,115.9,5,WP_10_5to10,Selected
CTRL_006,WP,10,5to10,2015-10-25T06:00:00,5.4,111.5,6,WP_10_5to10,Selected
CTRL_007,WP,10,5to10,1998-10-24T06:00:00,8.0,158.6,7,WP_10_5to10,Selected
STANDBY_001,WP,10,5to10,2010-10-08T12:00:00,7.7,109.7,8,WP_10_5to10,Standby
STANDBY_002,WP,10,5to10,2011-10-25T12:00:00,6.0,103.2,9,WP_10_5to10,Standby
STANDBY_003,WP,10,5to10,2014-10-21T06:00:00,6.0,146.7,10,WP_10_5to10,Standby
STANDBY_004,WP,10,5to10,2003-10-07T00:00:00,5.7,144.1,11,WP_10_5to10,Standby
STANDBY_005,WP,10,5to10,2014-10-26T12:00:00,6.3,156.8,12,WP_10_5to10,Standby
STANDBY_006,WP,10,5to10,1998-10-23T06:00:00,6.0,108.3,13,WP_10_5to10,Standby
STANDBY_007,WP,10,5to10,2002-10-31T18:00:00,8.9,132.3,14,WP_10_5to10,Standby
STANDBY_008,WP,10,5to10,1988-10-19T06:00:00,9.3,159.1,15,WP_10_5to10,Standby
STANDBY_009,WP,10,5to10,2015-10-04T06:00:00,5.7,151.6,16,WP_10_5to10,Standby
STANDBY_010,WP,10,5to10,2008-10-28T18:00:00,9.1,121.2,17,WP_10_5to10,Standby
STANDBY_011,WP,10,5to10,2000-10-14T06:00:00,7.5,164.6,18,WP_10_5to10,Standby
STANDBY_012,WP,10,5to10,2003-10-05T06:00:00,5.7,114.4,19,WP_10_5to10,Standby
STANDBY_013,WP,10,5to10,1993-10-09T00:00:00,7.9,128.9,20,WP_10_5to10,Standby
STANDBY_014,WP,10,5to10,2004-10-03T12:00:00,7.1,173.1,21,WP_10_5to10,Standby
STANDBY_015,WP,10,5to10,1987-10-26T00:00:00,6.3,139.9,22,WP_10_5to10,Standby
STANDBY_016,WP,10,5to10,1993-10-16T06:00:00,6.7,121.7,23,WP_10_5to10,Standby
STANDBY_017,WP,10,5to10,2007-10-01T12:00:00,7.8,126.6,24,WP_10_5to10,Standby
STANDBY_018,WP,10,5to10,1991-10-02T06:00:00,9.9,103.7,25,WP_10_5to10,Standby
STANDBY_019,WP,10,5to10,2023-10-20T18:00:00,5.6,110.7,26,WP_10_5to10,Standby
STANDBY_020,WP,10,5to10,2005-10-05T06:00:00,9.7,167.6,27,WP_10_5to10,Standby
CTRL_001,WP,11,15to20,2011-11-15T00:00:00,15.5,140.1,1,WP_11_15to20,Selected
STANDBY_001,WP,11,15to20,1997-11-26T18:00:00,18.1,133.0,2,WP_11_15to20,Standby
STANDBY_002,WP,11,15to20,2014-11-17T12:00:00,19.7,124.2,3,WP_11_15to20,Standby
STANDBY_003,WP,11,15to20,2002-11-12T18:00:00,17.1,138.0,4,WP_11_15to20,Standby
STANDBY_004,WP,11,15to20,2022-11-05T06:00:00,19.6,131.8,5,WP_11_15to20,Standby
STANDBY_005,WP,11,15to20,2012-11-21T18:00:00,16.1,170.2,6,WP_11_15to20,Standby
STANDBY_006,WP,11,15to20,2015-11-21T06:00:00,15.5,117.1,7,WP_11_15to20,Standby
STANDBY_007,WP,11,15to20,2008-11-14T00:00:00,15.3,128.6,8,WP_11_15to20,Standby
STANDBY_008,WP,11,15to20,2020-11-25T12:00:00,18.5,116.2,9,WP_11_15to20,Standby
STANDBY_009,WP,11,15to20,1985-11-30T06:00:00,15.4,128.9,10,WP_11_15to20,Standby
STANDBY_010,WP,11,15to20,2012-11-10T06:00:00,16.9,171.2,11,WP_11_15to20,Standby
STANDBY_011,WP,11,15to20,2023-11-18T18:00:00,19.7,136.6,12,WP_11_15to20,Standby
STANDBY_012,WP,11,15to20,2021-11-10T06:00:00,19.0,116.5,13,WP_11_15to20,Standby
STANDBY_013,WP,11,15to20,2010-11-14T18:00:00,16.2,144.4,14,WP_11_15to20,Standby
STANDBY_014,WP,11,15to20,2013-11-26T12:00:00,15.8,122.7,15,WP_11_15to20,Standby
STANDBY_015,WP,11,15to20,2021-11-05T18:00:00,19.5,136.8,16,WP_11_15to20,Standby
STANDBY_016,WP,11,15to20,2011-11-02T18:00:00,18.2,134.0,17,WP_11_15to20,Standby
STANDBY_017,WP,11,15to20,1988-11-24T06:00:00,15.0,169.8,18,WP_11_15to20,Standby
STANDBY_018,WP,11,15to20,1995-11-14T18:00:00,16.9,136.2,19,WP_11_15to20,Standby
STANDBY_019,WP,11,15to20,1999-11-01T00:00:00,15.5,117.1,20,WP_11_15to20,Standby
STANDBY_020,WP,11,15to20,2012-11-09T06:00:00,16.7,168.5,21,WP_11_15to20,Standby
CTRL_001,WP,11,5to10,1981-11-20T00:00:00,7.7,172.4,1,WP_11_5to10,Selected
STANDBY_001,WP,11,5to10,1985-11-05T00:00:00,8.0,114.4,2,WP_11_5to10,Standby
STANDBY_002,WP,11,5to10,1995-11-13T06:00:00,6.8,142.6,3,WP_11_5to10,Standby
STANDBY_003,WP,11,5to10,1989-11-24T18:00:00,9.3,103.7,4,WP_11_5to10,Standby
STANDBY_004,WP,11,5to10,2022-11-22T18:00:00,5.8,144.6,5,WP_11_5to10,Standby
STANDBY_005,WP,11,5to10,1999-11-24T06:00:00,9.0,179.1,6,WP_11_5to10,Standby
STANDBY_006,WP,11,5to10,2021-11-10T00:00:00,9.2,132.8,7,WP_11_5to10,Standby
STANDBY_007,WP,11,5to10,1982-11-17T06:00:00,7.5,138.1,8,WP_11_5to10,Standby
STANDBY_008,WP,11,5to10,2006-11-10T18:00:00,5.0,134.5,9,WP_11_5to10,Standby
STANDBY_009,WP,11,5to10,2008-11-13T18:00:00,8.5,169.9,10,WP_11_5to10,Standby
STANDBY_010,WP,11,5to10,1989-11-01T18:00:00,7.2,158.9,11,WP_11_5to10,Standby
STANDBY_011,WP,11,5to10,2015-11-11T18:00:00,8.6,103.4,12,WP_11_5to10,Standby
STANDBY_012,WP,11,5to10,1995-11-12T12:00:00,5.7,167.8,13,WP_11_5to10,Standby
STANDBY_013,WP,11,5to10,1989-11-13T00:00:00,6.9,171.2,14,WP_11_5to10,Standby
STANDBY_014,WP,11,5to10,1982-11-02T18:00:00,6.0,133.0,15,WP_11_5to10,Standby
STANDBY_015,WP,11,5to10,2004-11-06T12:00:00,8.3,138.2,16,WP_11_5to10,Standby
STANDBY_016,WP,11,5to10,1996-11-29T00:00:00,9.7,104.4,17,WP_11_5to10,Standby
STANDBY_017,WP,11,5to10,1982-11-01T12:00:00,8.5,124.1,18,WP_11_5to10,Standby
STANDBY_018,WP,11,5to10,2014-11-09T18:00:00,6.6,166.0,19,WP_11_5to10,Standby
STANDBY_019,WP,11,5to10,2021-11-08T00:00:00,8.7,170.1,20,WP_11_5to10,Standby
STANDBY_020,WP,11,5to10,1985-11-28T06:00:00,5.9,171.9,21,WP_11_5to10,Standby
CTRL_001,WP,12,5to10,1988-12-21T12:00:00,6.7,159.7,1,WP_12_5to10,Selected
CTRL_002,WP,12,5to10,2014-12-19T12:00:00,7.2,151.7,2,WP_12_5to10,Selected
STANDBY_001,WP,12,5to10,2003-12-24T12:00:00,6.3,110.1,3,WP_12_5to10,Standby
STANDBY_002,WP,12,5to10,1989-12-17T12:00:00,6.6,119.3,4,WP_12_5to10,Standby
STANDBY_003,WP,12,5to10,2013-12-09T00:00:00,9.1,110.9,5,WP_12_5to10,Standby
STANDBY_004,WP,12,5to10,1994-12-03T00:00:00,6.3,175.2,6,WP_12_5to10,Standby
STANDBY_005,WP,12,5to10,1998-12-16T06:00:00,5.9,165.9,7,WP_12_5to10,Standby
STANDBY_006,WP,12,5to10,2005-12-04T12:00:00,8.0,107.3,8,WP_12_5to10,Standby
STANDBY_007,WP,12,5to10,2006-12-26T12:00:00,6.3,112.7,9,WP_12_5to10,Standby
STANDBY_008,WP,12,5to10,1996-12-07T12:00:00,8.7,148.2,10,WP_12_5to10,Standby
STANDBY_009,WP,12,5to10,1988-12-12T12:00:00,6.9,177.7,11,WP_12_5to10,Standby
STANDBY_010,WP,12,5to10,2007-12-05T06:00:00,9.1,135.7,12,WP_12_5to10,Standby
STANDBY_011,WP,12,5to10,2018-12-17T12:00:00,7.1,152.6,13,WP_12_5to10,Standby
STANDBY_012,WP,12,5to10,2008-12-26T00:00:00,5.6,129.0,14,WP_12_5to10,Standby
STANDBY_013,WP,12,5to10,1992-12-08T18:00:00,6.9,108.6,15,WP_12_5to10,Standby
STANDBY_014,WP,12,5to10,2014-12-28T12:00:00,7.6,141.2,16,WP_12_5to10,Standby
STANDBY_015,WP,12,5to10,2008-12-22T06:00:00,8.1,178.4,17,WP_12_5to10,Standby
STANDBY_016,WP,12,5to10,1985-12-24T18:00:00,6.9,155.9,18,WP_12_5to10,Standby
STANDBY_017,WP,12,5to10,2001-12-27T18:00:00,9.0,171.0,19,WP_12_5to10,Standby
STANDBY_018,WP,12,5to10,1993-12-14T12:00:00,9.0,176.5,20,WP_12_5to10,Standby
STANDBY_019,WP,12,5to10,1988-12-26T06:00:00,6.0,164.2,21,WP_12_5to10,Standby
STANDBY_020,WP,12,5to10,2003-12-28T12:00:00,7.4,101.5,22,WP_12_5to10,Standby
